Item,Description,Arabic Description / الوصف بالعربية,Reordercategory,Storeroom,Qty Reqired,Default Bin,parent code,Issue Unit,Catalog #,Commodity Group,Divisions
164782,"SAND COLLER,          ITEM NO. 692","مبرد رمل، رقم الصنف 692",NON_STOCK,RS-EGPC-INSURANCE,0,02U69A,7907200,EACH,A10361-1109,PUMP MISC,PU
164784,LINE SHAFT 1X120.0           ITEM NO. 646,عمود نقل الحركة 1X120.0 رقم الصنف 646,NON_STOCK,RS-EGPC-INSURANCE,0,,7907200,EACH,B00006FNAA2403,PUMP MISC,PU
164785,"COLUMN BOTTOM,         ITEM NO. 644","أسفل العمود، رقم البند 644",NON_STOCK,RS-EGPC-INSURANCE,0,,7907200,EACH,D00555F1-8510,PUMP MISC,PU
164792,"SHAFT, PUMP  ITEM NO 660","عمود المضخة، رقم الصنف 660",NON_STOCK,RS-EGPC-INSURANCE,0,,7907165,EACH,B42830F1062403,PUMP MISC,PU
164802,"NUT, ADJUSTING","صامولة، ضبط",NON_STOCK,RS-EGPC-INSURANCE,0,,7907159,EACH,H00461F0002130,PUMP MISC,PU
164830,"SUCTION, BELL","شفط، جرس",NON_STOCK,RS-EGPC-INSURANCE,0,,7907172,EACH,B00425F003 1123,PUMP MISC,PU
120295,"VALVE, COMPLETE H.P.","صمام، كامل HP",NON_STOCK,RS-EGPC-INSURANCE,0,,8009154,EACH,32153587,COMPRESSOR USA,MM
116493,"HOUSING, CLUSTER THERMOSTATE","وحدة تخزين، منظم حرارة عنقودي",NON_STOCK,RS-EGPC-INSURANCE,0,,6923117,EACH,A204478,ENGINE USA,MM
117021,"KIT, MAIN BEARING","طقم، محمل رئيسي",NON_STOCK,RS-EGPC-INSURANCE,0,,6923110,EACH,918-284,ENGINE USA,MM
119451,"SHAFT, OIL SEAL","عمود، مانع تسرب الزيت",NON_STOCK,RS-EGPC-INSURANCE,0,02U69B,8001104,EACH,C-141,COMPRESSOR USA,MM
119455,"CYLINDER BODY, 8-3/8"" BORE DUCTILE IRON            REF DWG #D-405","جسم أسطوانة، بقطر داخلي 8-3/8 بوصة، حديد مطاوع، رقم الرسم المرجعي D-405",NON_STOCK,RS-EGPC-INSURANCE,0,01E17D (8),8001104,EACH,D-377,COMPRESSOR USA,MM
119456,"PISTON, COMPLETE 8.3/8"" WITH RINGS ROD,PACKING     DWG NO. D-505 SUPERSEDED BY THE FOLLOWING:-         -C335, ARI COMP P","مكبس كامل 8.3/8 بوصة مع حلقات وقضيب توصيل وحشوة، الرسم رقم D-505، تم استبداله بما يلي: -C335، ARI COMP P",NON_STOCK,RS-EGPC-INSURANCE,0,02U69B,8001104,EACH,D-407,COMPRESSOR USA,MM
119458,"PISTON, COMPLETE 3-7/8"" WITH RINGS, ROD, PACKING","مكبس كامل، 3-7/8 بوصة مع حلقات، وقضيب، وحشوة",NON_STOCK,RS-EGPC-INSURANCE,0,02U69C,8001104,EACH,D-495,COMPRESSOR USA,MM
119459,"CYLINDER BODY, 3-7/8"" BORE DUCTILE IRON            REF. DWG #D-493","جسم أسطوانة، بقطر داخلي 3-7/8 بوصة، مصنوع من حديد مطاوع، رقم الرسم المرجعي D-493",NON_STOCK,RS-EGPC-INSURANCE,0,01E17D (8),8001104,EACH,D-485,COMPRESSOR USA,MM
119460,"UNLOADER ASSY., 8-3/8""","مجموعة تفريغ، 8-3/8 بوصة",NON_STOCK,RS-EGPC-INSURANCE,0,01E17E (8),8001104,EACH,D-505,COMPRESSOR USA,MM
119508,"""CRANK SHAFT ASSY. JGE/4STD",مجموعة عمود المرفق JGE/4STD,INSURANCE_SPARE,RS-EGPC-INSURANCE,0,01E17E (8),8001108,EACH,AD-1981,COMPRESSOR USA,MM
119514,FRAM GASKET,حشية إطار,NON_STOCK,RS-EGPC-INSURANCE,0,02U69C,0,EACH,C645,COMPRESSOR USA,MM
119553,PISTON ROD,قضيب المكبس,NON_STOCK,RS-EGPC-INSURANCE,0,,8025100,EACH,C-0887,COMPRESSOR USA,MM
164602,"IMPELLER, ITEM NO. 673                             BOTH IMPELLERS TO BE FULL IMPELLER DIAMETER","المروحة، رقم الصنف 673، يجب أن تكون كلتا المروحتين بقطر كامل.",NON_STOCK,RS-EGPC-INSURANCE,0,,7907128,EACH,B42910F000 1022,PUMP MISC,PU
164642,"RING, THRUST   ITEM NO. 725 , New Part no. A81090F000 2229","حلقة دفع، رقم القطعة 725، رقم القطعة الجديدة A81090F000 2229",NON_STOCK,RS-EGPC-INSURANCE,0,,7907134,EACH,A81090F0002229,PUMP MISC,PU
164701,COVE SEAL CHAMBER P/N.0D06534A02-1132 ITEM NO.184,"حجرة مانعة للتسرب، رقم القطعة 0D06534A02-1132، رقم الصنف 184",NON_STOCK,RS-EGPC-INSURANCE,0,,7907178,EACH,0D06534A02-1132,PUMP MISC,PU
164715,"HEAD SHAFT,    ITEM NO. 608","عمود رأس المحرك، رقم الصنف 608",NON_STOCK,RS-EGPC-INSURANCE,0,,7907200,EACH,B00006FRHA2403,PUMP MISC,PU
164717,THROTTLE BUSHING           ITEM NO. 617,"جلبة الخانق، رقم الصنف 617",NON_STOCK,RS-EGPC-INSURANCE,0,,7907200,EACH,IE254-1109,PUMP MISC,PU
164718,"PUMP SHAFT COUPLING,    ITEM NO. 649","وصلة عمود المضخة، رقم الصنف 649",NON_STOCK,RS-EGPC-INSURANCE,0,,7907200,EACH,IE116-5847,PUMP MISC,PU
164719,BEARING RETAINER        ITEM NO. 652,"حامل المحمل، رقم الصنف 652",NON_STOCK,RS-EGPC-INSURANCE,0,,7907200,EACH,B93790F0001123,PUMP MISC,PU
164720,"PUMP SHAFT,            ITEM NO. 660","عمود المضخة، رقم الصنف 660",NON_STOCK,RS-EGPC-INSURANCE,0,,7907200,EACH,C02350FFMN2216,PUMP MISC,PU
164721,"COLUMN INTER,          ITEM NO. 642","العمود الداخلي، البند رقم 642",NON_STOCK,RS-EGPC-INSURANCE,0,,7907200,EACH,D00556F1-8510,PUMP MISC,PU
164779,"COLUMN TOP,          ITEM NO. 641","رأس عمود، رقم الصنف 641",NON_STOCK,RS-EGPC-INSURANCE,0,,7907200,EACH,D00556F2-8510,PUMP MISC,PU
164780,"IMPELLER,          ITEM NO. 673","مروحة، رقم الصنف 673",NON_STOCK,RS-EGPC-INSURANCE,0,,7907200,EACH,B7943-1123,PUMP MISC,PU
164781,"SUCTION BELL BEARING,      ITEM NO.690","محمل جرس الشفط، رقم الصنف 690",NON_STOCK,RS-EGPC-INSURANCE,0,,7907200,EACH,B93323-1109,PUMP MISC,PU
116165,"PUMP, ASSY. OIL (STANDARD ROTATION)","مضخة، مجموعة زيت (دوران قياسي)",NON_STOCK,RS-EGPC-INSURANCE,0,,6923106,EACH,G-962-403,ENGINE USA,MM
116491,"NUT, CAMSHAFT GEAR","صامولة، ترس عمود الكامات",NON_STOCK,RS-EGPC-INSURANCE,0,02U56H,0,EACH,153048,ENGINE USA,MM
176018,"HEAD, ASSY.","رأس، مجموعة.",NON_STOCK,RS-EGPC-INSURANCE,0,,7103142,EACH,1CA7N0848,CATERPILLAR,MM
176020,"DAMPER,ASSY,VIBERAT","مخمد، مجموعة، اهتزاز",NON_STOCK,RS-EGPC-INSURANCE,0,01D20C (8),7103140,EACH,8N5443,CATERPILLAR,MM
176140,"PUMP, WATER GROUP","مضخة، مجموعة المياه",NON_STOCK,RS-EGPC-INSURANCE,0,,7103139,EACH,1CA3520203,CATERPILLAR,MM
176232,"PACKING, PUMP SHAFT 296-0010-00-3",حشوة عمود المضخة 296-0010-00-3,NON_STOCK,RS-EGPC-INSURANCE,0,,7308102,EACH,296-0010-50-0,PUMP CENTRIFUG,PU
164550,"SHAFT, HEAD ITEM NO. 379, P/No. 81-29 2205.","عمود، رأس رقم الصنف 379، رقم القطعة 81-29 2205.",NON_STOCK,RS-EGPC-INSURANCE,0,,7907124,EACH,81-29 2205,PUMP MISC,PU
165475,"SPOOL, PIECE 5 IN. X 3 FT. 11-9/16 IN. LONG REF.   NO. 382","بكرة، قطعة 5 بوصة × 3 قدم، طول 11-9/16 بوصة، رقم المرجع 382",NON_STOCK,RS-EGPC-INSURANCE,0,,7902230,EACH,999859-ZA,PUMP MISC,PU
165582,"HEADSHAFT, 1-15/16 IN. X 7 FT. 10-7/8 IN.          OLD P/N. 751183-CC                                 REF. NO. 167","عمود رأس، 1-15/16 بوصة × 7 أقدام و10-7/8 بوصة. رقم القطعة القديم: 751183-CC، رقم المرجع: 167",NON_STOCK,RS-EGPC-INSURANCE,0,,7902218,EACH,8012219,PUMP MISC,PU
165610,"BEARING, SUCTION ITEM # 41","محمل شفط، رقم الصنف 41",NON_STOCK,RS-EGPC-INSURANCE,0,,7912102,EACH,1006F015B08,PUMP MISC,PU
165613,"HOLD TILL 1/12/2026 , BOWL, INTERMEDIATE ITEM NO. 36 for FWP PUMP MOD 18RKMC3 S/N. 87979-80","يُحفظ حتى 1/12/2026، وعاء، قطعة متوسطة رقم 36 لمضخة FWP موديل 18RKMC3، الرقم التسلسلي 87979-80",NON_STOCK,RS-EGPC-INSURANCE,0,,7912102,EACH,LV 1055222045,PUMP MISC,PU
165615,"SHAFT, IMPELLER ITEM # 32 for PUMP MOD 18RKMC3 S/N. 87979-80","عمود، مروحة، رقم الصنف 32 لمضخة موديل 18RKMC3، الرقم التسلسلي 87979-80",NON_STOCK,RS-EGPC-INSURANCE,0,,7912102,EACH,LV9318X122104,PUMP MISC,PU
165617,"BELL, SUCTION ITEM # 40","جرس، قطعة شفط رقم 40",NON_STOCK,RS-EGPC-INSURANCE,0,,7912102,EACH,LV8155163045  0660  F,PUMP MISC,PU
165672,"HOLD TILL 1/12/2026, PIPE, BOTTOM PC. COLUMN   ITEM NO. 30 for FWP PUMP MOD 18RKMC3 S/N. 87979-80","يُحفظ حتى 1/12/2026، أنبوب، عمود سفلي، رقم الصنف 30 لمضخة FWP موديل 18RKMC3، الرقم التسلسلي 87979-80",NON_STOCK,RS-EGPC-INSURANCE,0,,7912102,EACH,LVX74009C,PUMP MISC,PU
165679,"PACKING, TEFLON ASBESTOS ITEM NO. 14 DWG.NO.       5360-01","عبوة من التفلون والأسبستوس، رقم الصنف 14، رقم الرسم 5360-01",NON_STOCK,RS-EGPC-INSURANCE,0,,7908202,EACH,42-77-0104-415,PUMP MISC,PU
165691,"IMO PUMP, DELAVAL A21NI-100 C.C.W-   ROTATION When FACTING SHAFT EXTENSION","مضخة IMO، DELAVAL A21NI-100 دوران عكس اتجاه عقارب الساعة عند تركيب امتداد عمود التوجيه",NON_STOCK,RS-EGPC-INSURANCE,0,,7909110,EACH,LH01001B04,PUMP MISC,PU
173509,"SHAFT,SLEEVE WITH COLLER","عمود، كم مع طوق",NON_STOCK,RS-EGPC-INSURANCE,0,,3003138,EACH,,BELT/TRANSMIT,PU
164470,"IMPELLER, 316 S.S. ITEM NO 673","مروحة، فولاذ مقاوم للصدأ 316، رقم الصنف 673",NON_STOCK,RS-EGPC-INSURANCE,0,,7907160,EACH,B5514-1203,PUMP MISC,PU
164474,"SHAFT, PUMP ITEM NO. 660 ,","عمود المضخة، رقم الصنف 660،",NON_STOCK,RS-EGPC-INSURANCE,0,,7907160,EACH,B55160F004 2159,PUMP MISC,PU
164478,"HOLD TILL 1/12/2026,  BELL, SUCTION STAINLESS STEEL 316 ITEM NO.689","يُحفظ حتى 1/12/2026، جرس، شفط، فولاذ مقاوم للصدأ 316، رقم الصنف 689",NON_STOCK,RS-EGPC-INSURANCE,0,,7907160,EACH,,PUMP MISC,PU
164503,"IMPELLER, ITEM NO. 101","المروحة، رقم الصنف 101",NON_STOCK,RS-EGPC-INSURANCE,0,,7907148,EACH,D00157A02 1203,PUMP MISC,PU
164506,"GASKET, SIDE PLATE TO CASING ITEM NO.360C","حشية، لوحة جانبية للهيكل، رقم الصنف 360C",NON_STOCK,RS-EGPC-INSURANCE,0,,7907148,EACH,70782 61 5127,PUMP MISC,PU
164513,"HOLD TILL 1/12/2026,  INT. BOWL 316 S.S. ITEM NO 670","يُحفظ حتى 1/12/2026، وعاء داخلي 316 SS رقم الصنف 670",NON_STOCK,RS-EGPC-INSURANCE,0,,7907160,EACH,,PUMP MISC,PU
110018,"BEARING, INBOARD,""TIMKEN"" P/N  :   5735/5760","محمل داخلي، ""تيمكين"" رقم القطعة: 5735/5760",NON_STOCK,RS-EGPC-INSURANCE,0,,3118208,EACH,5735/5760,BR/SL/S.PLG/FLT,PU
110025,"BEARING, THRUST,""TIMKEN"" P/N. H917810/H917840","محمل دفع، ""تيمكين"" رقم القطعة H917810/H917840",NON_STOCK,RS-EGPC-INSURANCE,0,,3118208,EACH,,BR/SL/S.PLG/FLT,PU
110192,"COOLER, OIL ITEM NO. 58.","مبرد زيت، رقم الصنف 58.",NON_STOCK,RS-EGPC-INSURANCE,0,,3110102,EACH,,BR/SL/S.PLG/FLT,PU
110193,"PLATE, RATCHET P/N  :   R133","صفيحة، سقاطة، رقم القطعة: R133",NON_STOCK,RS-EGPC-INSURANCE,0,,3118208,EACH,R133,BR/SL/S.PLG/FLT,PU
110194,"RING, HOLD DOWN P/N  :   R63","حلقة، اضغط لأسفل، رقم القطعة: R63",NON_STOCK,RS-EGPC-INSURANCE,0,,3118208,EACH,R63,BR/SL/S.PLG/FLT,PU
110195,"PUMP, OIL P/N  :   R118","مضخة زيت، رقم القطعة: R118",NON_STOCK,RS-EGPC-INSURANCE,0,,3118208,EACH,R118,BR/SL/S.PLG/FLT,PU
110196,"GASKET, KIT INCLUDES :-- SEAL OIL   P/NO. 412040 P /N  :   GK-M040",طقم الحشية يتضمن: -- مانع تسرب الزيت رقم القطعة 412040 رقم القطعة: GK-M040,NON_STOCK,RS-EGPC-INSURANCE,0,,3118208,EACH,GK-M040,BR/SL/S.PLG/FLT,PU
110197,"GEAR AND PINION,P/N  :   GSM200-5:6","ترس وترس صغير، رقم القطعة: GSM200-5:6",NON_STOCK,RS-EGPC-INSURANCE,0,,3118208,EACH,GSM200-5:6,BR/SL/S.PLG/FLT,PU
110255,"BUSHING,THRUST BEARING ITEM NO.499.                   P/N. 8241","جلبة، محمل دفع، رقم الصنف 499، رقم القطعة 8241",NON_STOCK,RS-EGPC-INSURANCE,0,,3101204,EACH,8241,BR/SL/S.PLG/FLT,PU
164860,DRIVE SHAFT ITEM 606,"عمود الدوران، رقم القطعة 606",NON_STOCK,RS-EGPC-INSURANCE,0,,7907161,EACH,C02181FDFA 2403,PUMP MISC,PU
164864,"GLAND 618   , See item 164752","الغدة 618، انظر البند 164752",NON_STOCK,RS-EGPC-INSURANCE,0,,7907134,EACH,B34660F000 1117,PUMP MISC,PU
164868,"DISCHARGE HEAD, ITEM 600","رأس التفريغ، رقم الصنف 600",NON_STOCK,RS-EGPC-INSURANCE,0,,7907134,EACH,D3126F021 8510,PUMP MISC,PU
119621,"PISTON, W/B STUD 6 1/4 K:K-HP","مكبس، مسمار تثبيت قاعدة العجلات 6 1/4 K:K-HP",NON_STOCK,RS-EGPC-INSURANCE,0,,8025100,EACH,C-1012,COMPRESSOR USA,MM
119622,"PISTON, W/B STD. 9 5/8 K","مكبس، قاعدة عجلات قياسية 9 5/8 كيلوجول",NON_STOCK,RS-EGPC-INSURANCE,0,01E15C (8),8025100,EACH,C-3173,COMPRESSOR USA,MM
119623,"PISTON, W/B STD. 14.1/8 K","مكبس، قاعدة عجلات قياسية 14.1/8 كيلو",NON_STOCK,RS-EGPC-INSURANCE,0,01E15C (8),8025100,EACH,C-2662,COMPRESSOR USA,MM
119624,LUBE OIL PUMP JGH,مضخة زيت التشحيم JGH,NON_STOCK,RS-EGPC-INSURANCE,0,01E15D (8),8025100,EACH,D-0752,COMPRESSOR USA,MM
119625,"CROSS HEAD LGT, DI, 74,9 JGE:K (Ariel Manufacture made in USA not substitute)","مصباح رأس متقاطع، DI، 74.9 JGE:K (صنع في الولايات المتحدة الأمريكية من قبل شركة أرييل، وليس بديلاً)",NON_STOCK,RS-EGPC-INSURANCE,0,01E15A (8),8025100,EACH,D-0868,COMPRESSOR USA,MM
119626,"CROSS HEAD MID, DI 131.8 JGE:K (Ariel Manufacture made in USA not substitute)","رأس كروس متوسط، DI 131.8 JGE:K (صنع في الولايات المتحدة الأمريكية من قبل شركة أرييل، وليس بديلاً)",NON_STOCK,RS-EGPC-INSURANCE,0,,8025100,EACH,D-0870,COMPRESSOR USA,MM
119627,"CROSS HEAD XHV, BZ, 193. H:E:K","رأس صليب XHV، BZ، 193. H:E:K",NON_STOCK,RS-EGPC-INSURANCE,0,01E15D (8),8025100,EACH,D-0949,COMPRESSOR USA,MM
164872,"BEARING, SLHSG UPPER                               ITEM NO 791D","محمل، SLHSG علوي، رقم الصنف 791D",NON_STOCK,RS-EGPC-INSURANCE,0,,7907174,EACH,A93350F000 1618,PUMP MISC,PU
164873,"HOLD TILL 1/12/2026,  H SHAFT, PUMP (1.68 X 181.12LG) ITEM NO 660 DRAWING NO B7342TBC1 NEW P/N. C07469FXBC2403","يُحفظ حتى 1/12/2026، عمود H، مضخة (1.68 × 181.12 طول) رقم الصنف 660، رقم الرسم B7342TBC1، رقم القطعة الجديد C07469FXBC2403",NON_STOCK,RS-EGPC-INSURANCE,0,,7907174,EACH,C07469FXBC 2403,PUMP MISC,PU
164875,"See item no. 164832, HOUSING, SL ITEM NO 794B DRAWING NO C5998","انظر البند رقم 164832، السكن، البند الفرعي رقم 794ب، الرسم رقم C5998",NON_STOCK,RS-EGPC-INSURANCE,0,,7907174,EACH,C59980F000 1123,PUMP MISC,PU
164876,"BEARING, SLHSG LOWER ITEM NO. 791E","محمل، SLHSG سفلي، رقم الصنف 791E",NON_STOCK,RS-EGPC-INSURANCE,0,,7907174,EACH,H00277F000 1618,PUMP MISC,PU
164877,"BELL, SUCTION                                      ITEM NO 689","بيل، جهاز شفط رقم 689",NON_STOCK,RS-EGPC-INSURANCE,0,,7907174,EACH,B11614F022 1123,PUMP MISC,PU
164883,COLUMN. BOTTOM ASSY NEW P/NO. C2408-7-30-8510 (these materials should be made in USA and don't substitute),عمود. مجموعة القاعدة الجديدة رقم القطعة C2408-7-30-8510 (يجب أن تكون هذه المواد مصنوعة في الولايات المتحدة الأمريكية ولا يمكن استبدالها),NON_STOCK,RS-EGPC-INSURANCE,0,,7907176,EACH,D01752FNBK8510,PUMP MISC,PU
164930,"COVER, BEARING (JOURNAL) INBOARD C.I.              ITEM NO. 164-A","غطاء، محمل (دفتر) داخلي CI رقم الصنف 164-أ",NON_STOCK,RS-EGPC-INSURANCE,0,,7902108,EACH,150398A39978,PUMP MISC,PU
173717,"SHAFT,VERTICAL HOLLOW","عمود، تجويف رأسي",NON_STOCK,RS-EGPC-INSURANCE,0,01B02E,3101208,EACH,6268_1,BR/SL/S.PLG/FLT,PU
173719,SEAL OIL,زيت مانع التسرب,NON_STOCK,RS-EGPC-INSURANCE,0,02U54C,3101208,EACH,802,BR/SL/S.PLG/FLT,PU
120306,"HEAD, AIR L.P","هيد، إير إل بي",NON_STOCK,RS-EGPC-INSURANCE,0,,8009149,EACH,32172207,COMPRESSOR USA,MM
120609,"PACKING, ASSY. FOR CYLINDER 7 IN.",مجموعة تغليف لأسطوانة 7 بوصة,NON_STOCK,RS-EGPC-INSURANCE,0,02U69D,8009138,EACH,MLH34657G1,COMPRESSOR USA,MM
133793,"GEAR, 19 TEETH FOR ""QLF"" PUMP SHAFT 031-0010-00-2","ترس ذو 19 سنًا لعمود مضخة ""QLF"" 031-0010-00-2",NON_STOCK,RS-EGPC-INSURANCE,0,02U58A,7308102,EACH,QL_310,PUMP CENTRIFUG,PU
133794,"GEAR, 22 TEETH FOR ""QLF2 & 2QLF2"" PUMP SHAFT       031-0020-00-2","ترس، 22 سنًا لعمود مضخة ""QLF2 و2QLF2"" 031-0020-00-2",NON_STOCK,RS-EGPC-INSURANCE,0,02U58A,7308102,EACH,QL2_31D,PUMP CENTRIFUG,PU
133795,"GEAR, 25 TEETH FOR ""QLF3 & 2QLF3"" PUMP SHAFT       031-0030-002","ترس، 25 سنًا لعمود مضخة ""QLF3 و2QLF3"" 031-0030-002",NON_STOCK,RS-EGPC-INSURANCE,0,02U58B,7308102,EACH,QL3_31D,PUMP CENTRIFUG,PU
133796,"GEAR, 28 TEETH FOR ""QLF4 & 2QLF4"" PUMP SHAFT.      031-0040-002","ترس، 28 سنًا لعمود مضخة ""QLF4 و2QLF4"". 031-0040-002",NON_STOCK,RS-EGPC-INSURANCE,0,02U58B,7308102,EACH,QL4_31D,PUMP CENTRIFUG,PU
133798,"RING, SEAL PACKING HOUSING 040-2470-00-3","حلقة، غلاف مانع للتسرب 040-2470-00-3",NON_STOCK,RS-EGPC-INSURANCE,0,03A16D (8),7308102,EACH,40-4N462,PUMP CENTRIFUG,PU
133800,"GLAND, PACKING FRONT 048-0020-00-2","غدة، واجهة التعبئة 048-0020-00-2",NON_STOCK,RS-EGPC-INSURANCE,0,02U58B,7308102,EACH,QLD-57F,PUMP CENTRIFUG,PU
133801,"GLAND, PACKING REAR 048-0030-00-3","غدة، حشوة خلفية 048-0030-00-3",NON_STOCK,RS-EGPC-INSURANCE,0,02U58B,7308102,EACH,QLD-57R,PUMP CENTRIFUG,PU
133802,"PACKING, SEPARATOR 097-0010-00-3","عبوة، فاصل 097-0010-00-3",NON_STOCK,RS-EGPC-INSURANCE,0,02U58B,7308102,EACH,QL-58ZD,PUMP CENTRIFUG,PU
133803,"RING, IMPELLER RETAINING 077-1250-21-3",حلقة تثبيت المروحة 077-1250-21-3,NON_STOCK,RS-EGPC-INSURANCE,0,02U58B,7308102,EACH,77SS125,PUMP CENTRIFUG,PU
133804,"RING, SEAL OIL RETAINING",حلقة مانعة للتسرب لحفظ الزيت,NON_STOCK,RS-EGPC-INSURANCE,0,02U58B,7308102,EACH,S79SS168,PUMP CENTRIFUG,PU
133805,"GASKET, REAR BEARING HOUSING & COVER               046-0070-00-3","حشية، غطاء وعلبة محمل خلفي 046-0070-00-3",NON_STOCK,RS-EGPC-INSURANCE,0,02U58C,7308102,EACH,GS-W263,PUMP CENTRIFUG,PU
133806,"GASKET, FRONT BEARING HOUSING & PACKING HOUSING    046-0010-00-3","حشية، غطاء محمل أمامي وغطاء حشو 046-0010-00-3",NON_STOCK,RS-EGPC-INSURANCE,0,02U58C,7308102,EACH,QL-W263,PUMP CENTRIFUG,PU
133809,"SEAL, OIL FRONT BEARING HOUSING 296-2020-00-3","مانع تسرب، غطاء محمل الزيت الأمامي 296-2020-00-3",NON_STOCK,RS-EGPC-INSURANCE,0,02U58C,7308102,EACH,QLF-296,PUMP CENTRIFUG,PU
133811,"RING, SEAL PRIMING VALVE PLATE 040-2260-003","حلقة، مانع تسرب، لوحة صمام التحضير 040-2260-003",NON_STOCK,RS-EGPC-INSURANCE,0,03A16D (8),7308102,EACH,40-4N200,PUMP CENTRIFUG,PU
133812,"GLAND, SLEEVE PACKING ADJUSTING 048-0040-00-2","غدة، غلاف، حشوة، تعديل 048-0040-00-2",NON_STOCK,RS-EGPC-INSURANCE,0,02U58C,7308102,EACH,ZSF-371,PUMP CENTRIFUG,PU
133814,"DIAPHRAGM, FRONT BEARING HOUSING  046-5010-00-3","غشاء، غلاف المحمل الأمامي 046-5010-00-3",NON_STOCK,RS-EGPC-INSURANCE,0,03A16E (8),7308102,EACH,QLF-674,PUMP CENTRIFUG,PU
165414,IMP. STD 6JKYH KEY 4.56 W/WR C954 NO-GALL ASSY.,مفتاح IMP. STD 6JKYH 4.56 W/WR C954 بدون تآكل.,NON_STOCK,RS-EGPC-INSURANCE,0,,7909131,EACH,82463530,PUMP MISC,PU
110421,"GEAR AND PINION, RATIO","التروس والتروس الصغيرة، النسبة",NON_STOCK,RS-EGPC-INSURANCE,0,,3123104,SET,,BR/SL/S.PLG/FLT,PU
160846,CORE ASSY. 1W6128                                  P/N. 7C0046,مجموعة أساسية. 1W6128 رقم القطعة 7C0046,NON_STOCK,RS-EGPC-INSURANCE,0,01D02B (8),7103139,EACH,7C0046,CATERPILLAR,MM
160878,"O-RING, SEAL 4.225"" ID. X 0.210"" DIA. BLACK G G B .","حلقة دائرية مانعة للتسرب، قطر داخلي 4.225 بوصة × قطر 0.210 بوصة، أسود G G B.",NON_STOCK,RS-EGPC-INSURANCE,0,03A02D (8),7103144,EACH,9F7283,CATERPILLAR,MM
160895,"O-RING, SEAL 2.225"" 10 X 0.210"" DIA. BLACK G B B","حلقة مانعة للتسرب، قطر 2.225 بوصة × 0.210 بوصة، لون أسود، G B B",NON_STOCK,RS-EGPC-INSURANCE,0,,7103144,EACH,3H2652,CATERPILLAR,MM
160951,CAMSHAFT                                           OLD P/N.OL288,"عمود الكامات القديم، رقم القطعة OL288",NON_STOCK,RS-EGPC-INSURANCE,0,,7103126,EACH,1CA1282398,CATERPILLAR,MM
161098,"HOUSING, OIL COOLER",غطاء مبرد الزيت,NON_STOCK,RS-EGPC-INSURANCE,0,,7103116,EACH,2N7479,CATERPILLAR,MM
161195,"PUMP, GROUP FUEL TRANSFER ONE SECTION GEAR","مضخة، مجموعة نقل الوقود، قسم واحد من التروس",NON_STOCK,RS-EGPC-INSURANCE,0,,7103140,EACH,1CA4N1101,CATERPILLAR,MM
161309,"RADIATOR, GROUP BASIC , New P/N: 4655061 Replacement for 8N4880 - RADIATOR GP","مشعاع، المجموعة الأساسية، رقم القطعة الجديد: 4655061، بديل للرقم 8N4880 - مشعاع GP",NON_STOCK,RS-EGPC-INSURANCE,0,,7103142,EACH,4655061,CATERPILLAR,MM
161332,"HEAD, ASSY. SERVICE FOR CYL. HEAD & VALVE          MECHANISM.                                         @ ACTIVE LOC. 45",خدمة رأس الأسطوانة ومجموعة الصمامات. @ الموقع النشط 45,NON_STOCK,RS-EGPC-INSURANCE,0,,7103132,EACH,1P4303,CATERPILLAR,MM
177521,"INSERT, COUPLING ITEM NO.2-003","أدخل، وصلة رقم 2-003",NON_STOCK,RS-EGPC-INSURANCE,0,,7907112,SET,9080-0003,PUMP MISC,PU
177530,"HOLD TILL 1/12/2026 , SIDEPLATE,SUCTION ITEM NO.176","يُحفظ حتى 1/12/2026، لوحة جانبية، قطعة شفط رقم 176",NON_STOCK,RS-EGPC-INSURANCE,0,,7907148,EACH,104-441 1203,PUMP MISC,PU
177538,"HEAD, DISCHARGE ITEM NO. 600","رأس، مخرج، رقم الصنف 600",NON_STOCK,RS-EGPC-INSURANCE,0,07C20B (8),7907150,EACH,,PUMP MISC,PU
133815,"STRAINER, RELIEF VALVE CONTROL 010-0080-00-1","مصفاة، صمام تحكم في تخفيف الضغط 010-0080-00-1",NON_STOCK,RS-EGPC-INSURANCE,0,02U58C,7308102,EACH,Z5-695,PUMP CENTRIFUG,PU
161660,GASKET,حشية,NON_STOCK,RS-EGPC-INSURANCE,0,02U58D,7314202,EACH,8150,PUMP CENTRIFUG,PU
161661,GASKET,حشية,NON_STOCK,RS-EGPC-INSURANCE,0,02U58D,7314202,EACH,13150,PUMP CENTRIFUG,PU
161662,SEAL,ختم,NON_STOCK,RS-EGPC-INSURANCE,0,02U58D,7314202,EACH,16150,PUMP CENTRIFUG,PU
165010,"SLEEVE, THROTTLE ITEM NO. 171-B","غلاف الخانق، رقم الصنف 171-ب",MIN_MAX,RS-EGPC-INSURANCE,0,,7902108,EACH,522.171B,PUMP MISC,PU
165236,"RING, BOWL WEAR 12.7/16 X 12.15/16 X 1.5/16","خاتم، وعاء متآكل 12.7/16 × 12.15/16 × 1.5/16",NON_STOCK,RS-EGPC-INSURANCE,0,,7906201,EACH,547927-1037,PUMP MISC,PU
165237,"RING, IMP WEAR 11.29/32 X 1.5/16","خاتم، مقاس 11.29/32 × 1.5/16 بوصة",NON_STOCK,RS-EGPC-INSURANCE,0,,7906201,EACH,547928-1165,PUMP MISC,PU
165238,"IMPELLER, 22 BKH 12.750"" DIA W/WR SKIRT","دفاعة، 22 BKH 12.750 بوصة قطر مع تنورة WR",NON_STOCK,RS-EGPC-INSURANCE,0,,7906201,EACH,547961-1165,PUMP MISC,PU
165290,"BOWL, OLS TOP STAGE ITEM NO. 20","وعاء، المرحلة العليا من OLS، رقم الصنف 20",NON_STOCK,RS-EGPC-INSURANCE,0,,7918104,EACH,2621953,PUMP MISC,PU
165371,"OILER, TRICO WITH GUARD NO. 3 REF.NO. 743","مزيتة، تريكو مع واقي رقم 3، رقم المرجع 743",NON_STOCK,RS-EGPC-INSURANCE,0,,7909114,EACH,3TRICO60537503,PUMP MISC,PU
165403,BRG. SLV 1.01 X 1.38 OD X 3.19 LG CC 40,BRG. SLV 1.01 × 1.38 OD × 3.19 LG CC 40,NON_STOCK,RS-EGPC-INSURANCE,0,,7909131,EACH,82093642,PUMP MISC,PU
165405,"RING, WEAR IMP. 6 JKY C954","خاتم، قابل للارتداء، رقم 6 JKY C954",NON_STOCK,RS-EGPC-INSURANCE,0,,7909131,EACH,82165408,PUMP MISC,PU
165406,"RING, WEAR BOWL 6JK C954","خاتم، وعاء قابل للارتداء 6JK C954",NON_STOCK,RS-EGPC-INSURANCE,0,,7909131,EACH,82128059,PUMP MISC,PU
165407,RING WEAR BWL 6KK-C 945,خاتم مستعمل BWL 6KK-C 945,NON_STOCK,RS-EGPC-INSURANCE,0,,7909131,EACH,82165499,PUMP MISC,PU
161663,"PACKING , Pump Type : Gear Pump , Pump S/No. : 150-344-7030UR , Pump Rotation  : Upper Drive - Right Hand Rotation (CW).","التعبئة، نوع المضخة: مضخة تروس، رقم المضخة التسلسلي: 150-344-7030UR، دوران المضخة: محرك علوي - دوران باتجاه اليمين (CW).",NON_STOCK,RS-EGPC-INSURANCE,0,,7314202,EACH,18150,PUMP CENTRIFUG,PU
161680,"SHAFT,BOTTOM 316_SS OLD P?N.8046451","عمود، الجزء السفلي 316_SS رقم القطعة القديم 8046451",NON_STOCK,RS-EGPC-INSURANCE,0,,7303104,EACH,8019634,PUMP CENTRIFUG,PU
161689,"HALE PRIMING PUMP TYPE SMV,QLF &2 QLF, S/N.39430   WITHOUT MOTOR, AND WITHOUT TANK.","مضخة تحضير HALE من النوع SMV، QLF و2 QLF، الرقم التسلسلي 39430 بدون محرك، وبدون خزان.",NON_STOCK,RS-EGPC-INSURANCE,0,02U58E,7308102,EACH,501-0270-50,PUMP CENTRIFUG,PU
161690,"GASKET,BOOSTER CONNECTION FLANGE","حشية، شفة توصيل معزز الضغط",NON_STOCK,RS-EGPC-INSURANCE,0,03A16D (8),7308102,EACH,10MM-W272,PUMP CENTRIFUG,PU
161693,"RING, PISTON SEAL (LARGE) PART NO.                 040-2390-00-40-4N362 FOR RELIEF VALVE TYPE QD P/N .538-0200-02",حلقة مانعة للتسرب للمكبس (كبيرة) رقم القطعة 040-2390-00-40-4N362 لصمام تخفيف الضغط من النوع QD رقم القطعة 0.538-0200-02,NON_STOCK,RS-EGPC-INSURANCE,0,03A16E (8),7308102,EACH,040-2390-00,PUMP CENTRIFUG,PU
161694,"VALVE,RELIEF WITH PM CONTROL VALVE                 538-0200-00-QD",صمام تخفيف الضغط مع صمام تحكم PM 538-0200-00-QD,NON_STOCK,RS-EGPC-INSURANCE,0,02U58E,7308102,EACH,538-0200-00,PUMP CENTRIFUG,PU
161695,"VALVE,CONTROL BACK PRESSURE","صمام، للتحكم في الضغط الخلفي",NON_STOCK,RS-EGPC-INSURANCE,0,02U58F,7314202,EACH,300710,PUMP CENTRIFUG,PU
161701,"VALVE,BALL (IRON BODY) 2""",صمام كروي (جسم حديدي) 2 بوصة,NON_STOCK,RS-EGPC-INSURANCE,0,02U58F,7308102,EACH,1231-1095-5,PUMP CENTRIFUG,PU
161704,"VALVE, BALL (DISH.) 1-1/2"" (OLD P/N 1231-1010-9)",صمام كروي (مقعّر) 1-1/2 بوصة (رقم القطعة القديم 1231-1010-9),NON_STOCK,RS-EGPC-INSURANCE,0,02U58F,7308102,EACH,1231-1010-7,PUMP CENTRIFUG,PU
161706,"PRIMING VALVE HALE TYPE PVT,ITEM NO. 480B","صمام تحضير من نوع HALE PVT، رقم الصنف 480B",NON_STOCK,RS-EGPC-INSURANCE,0,02U58G,7308102,EACH,,PUMP CENTRIFUG,PU
161717,"Centrifugal pump, close-coupled, electric motor with extended shaft directly to the pump, the pump casing& impeller mate","مضخة طرد مركزي، ذات اقتران مباشر، ومحرك كهربائي ذو عمود ممتد متصل مباشرة بالمضخة، وغلاف المضخة والمروحة متطابقان.",NON_STOCK,RS-EGPC-INSURANCE,0,,0,EACH,CM3-3 A-S-A-E-AQQE E-A-A-N,PUMP CENTRIFUG,PU
177539,"STAND, MOTOR ITEM NO. 602","حامل، محرك، رقم الصنف 602",NON_STOCK,RS-EGPC-INSURANCE,0,07C20B (8),7907150,EACH,,PUMP MISC,PU
177546,"BEARING, BOEL ITEM NO. 672","محمل، رقم صنف بويل 672",NON_STOCK,RS-EGPC-INSURANCE,0,,7907144,EACH,A7249-6132,PUMP MISC,PU
177547,"LOCK, TAPER IMPELLER ITEM NO. 677","قفل، مروحة مخروطية، رقم الصنف 677",NON_STOCK,RS-EGPC-INSURANCE,0,,7907144,EACH,H79100F0002229,PUMP MISC,PU
177548,"HEAD, DISCHARGE ITEM NO. 600","رأس، مخرج، رقم الصنف 600",NON_STOCK,RS-EGPC-INSURANCE,0,,7907128,EACH,d15530f011 9616,PUMP MISC,PU
177621,"HOUSING, BEARING RADIAL C.I. ITEM NO. 163-A",غلاف محمل شعاعي CI رقم الصنف 163-أ,INSURANCE_SPARE,RS-EGPC-INSURANCE,0,,7902108,EACH,4031-K11222-26,PUMP MISC,PU
165413,SHAFT PUMP STD KEY 1.00 1.00 LH 37.88 LG 6 GRV     316 SS,مفتاح قياسي لمضخة عمود الدوران 1.00 1.00 يسار 37.88 LG 6 GRV 316 SS,NON_STOCK,RS-EGPC-INSURANCE,0,,7909131,EACH,82463464,PUMP MISC,PU
103534,"CYLINDER, SNP 1 1/2","أسطوانة، SNP 1 1/2",NON_STOCK,RS-EGPC-INSURANCE,0,,4704103,EACH,23111,AUTO SHOP EQUIP,PU
103535,"DISC, CARBON, (DISCS MADE IN CHINA WILL NOT BE ACCEPTED).","قرص، كربون، (لن يتم قبول الأقراص المصنوعة في الصين).",NON_STOCK,RS-EGPC-INSURANCE,0,02U56F,4704103,EACH,63103,AUTO SHOP EQUIP,PU
103536,"BEARING, BUSHING","محمل، جلبة",NON_STOCK,RS-EGPC-INSURANCE,0,,4704103,EACH,161200,AUTO SHOP EQUIP,PU
103537,"ROTOR, & SHAFT",الدوار والعمود,NON_STOCK,RS-EGPC-INSURANCE,0,,4704103,EACH,263101,AUTO SHOP EQUIP,PU
110418,"RING, HOLD DOWN","اضغط على الزر، ثم استمر بالضغط",NON_STOCK,RS-EGPC-INSURANCE,0,,3123104,EACH,R113,BR/SL/S.PLG/FLT,MM
110419,GEART SET,مجموعة أدوات,NON_STOCK,RS-EGPC-INSURANCE,0,02U54C,3123106,EACH,,BR/SL/S.PLG/FLT,PU
110420,OIL PUMP,مضخة زيت,NON_STOCK,RS-EGPC-INSURANCE,0,,3123106,EACH,R 508,BR/SL/S.PLG/FLT,PU
161815,"HOUSING, CONNECTING ROD BEARING","غلاف، محمل ذراع التوصيل",NON_STOCK,RS-EGPC-INSURANCE,0,01D32D (8),7407102,EACH,444PN001,PUMP ROTARY/SL,MM
161816,"ROD, CONNECTING","قضيب، توصيل",NON_STOCK,RS-EGPC-INSURANCE,0,01D32D (8),7407102,EACH,551PN05,PUMP ROTARY/SL,MM
125525,"BEARING, OUTBOARD   (P/NO'S HM212011 & HM212049)",محمل خارجي (أرقام القطع HM212011 و HM212049),NON_STOCK,RS-EGPC-INSURANCE,0,,3118204,SET,,BR/SL/S.PLG/FLT,PU
132531,"BEARING, FOR BLOCK GROUP.","محمل، لمجموعة الكتل.",NON_STOCK,RS-EGPC-INSURANCE,0,,7103138,EACH,1CA4N6658,CATERPILLAR,MM
133789,"IMPELLER, FRONT  016-0010-00-2",مروحة أمامية 016-0010-00-2,NON_STOCK,RS-EGPC-INSURANCE,0,02U58A,7308102,EACH,QLF-16F-9-3/4,PUMP CENTRIFUG,PU
133790,"IMPELLER, REAR  016-0020-00-2",مروحة خلفية 016-0020-00-2,NON_STOCK,RS-EGPC-INSURANCE,0,02U58A,7308102,EACH,QLF-16R-9-314,PUMP CENTRIFUG,PU
177622,"HOUSING, BEARING THRUST C.I. ITEM NO. 163-B",غلاف محمل الدفع CI رقم الصنف 163-ب,INSURANCE_SPARE,RS-EGPC-INSURANCE,0,,7902108,EACH,4031K10048-34,PUMP MISC,PU
177695,"BOTTOM, CASE","الجزء السفلي، الغلاف",NON_STOCK,RS-EGPC-INSURANCE,0,,7902238,EACH,998510-VE,PUMP MISC,PU
161368,"KIT, GASKET VALVE GRINDING.                                   @ 6 EA AT D/CHARGE AREA",طقم تجليخ صمام الحشية. 6 قطع لكل قطعة في منطقة الشحن,NON_STOCK,RS-EGPC-INSURANCE,0,,7103142,EACH,1CA2894884,CATERPILLAR,MM
161454,"PUMP, FUEL TRANSFER","مضخة، نقل الوقود",NON_STOCK,RS-EGPC-INSURANCE,0,,7103139,EACH,1CA3775846,CATERPILLAR,MM
161514,"KIT, WATER PUMP REPAIR",طقم إصلاح مضخة المياه,NON_STOCK,RS-EGPC-INSURANCE,0,04R15B (8),7103146,EACH,677020,CATERPILLAR,MM
161610,"COVER, ASSY NO. 281-0053-006","غطاء، رقم التجميع 281-0053-006",NON_STOCK,RS-EGPC-INSURANCE,0,,7313105,EACH,281-0279-040,PUMP CENTRIFUG,PU
161659,"GEAR,PILOT","معدات، طيار",NON_STOCK,RS-EGPC-INSURANCE,0,02U58D,7314202,EACH,4150,PUMP CENTRIFUG,PU
120273,"VALVE, DISCHARGE SCREW H.P.","صمام، برغي تصريف HP",NON_STOCK,RS-EGPC-OBSOLETE,0,,8009120,EACH,30340517,COMPRESSOR USA,MM
114668,"SEAL, KIT SPOOL, D-85 HOIST CONTROL VALVE","مانع تسرب، بكرة طقم، صمام تحكم رافعة D-85",NON_STOCK,RS-EGPC-OBSOLETE,0,,6413202,KIT,,CRANES,MM
110222,"SLINGER, L.SP.P/N  :   AM072814","SLINGER, L.SP.P/N : AM072814",NON_STOCK,RS-EGPC-OBSOLETE,0,,3112102,EACH,AM 072814,BR/SL/S.PLG/FLT,PU
114662,"SEAL, KIT BANKING, A-35 SWING CONTROL VALVE","مانع تسرب، مجموعة تجميع، صمام تحكم متأرجح A-35",NON_STOCK,RS-EGPC-OBSOLETE,0,,6413202,EACH,,CRANES,MM
114663,"SEAL, KIT SPOOL, A-35 SWING CONTROL VALVE","مانع تسرب، بكرة طقم، صمام تحكم متأرجح A-35",NON_STOCK,RS-EGPC-OBSOLETE,0,,6413202,KIT,,CRANES,MM
110024,"BEARING INNER HORIZONTAL,""TIMKEN""  P/N. HH224310.H H224346 ITEM NO. 603","محمل داخلي أفقي، ""تيمكين"" رقم القطعة HH224310.H H224346 رقم الصنف 603",NON_STOCK,RS-EGPC-OBSOLETE,0,,3101204,EACH,HH224346,BR/SL/S.PLG/FLT,PU
119866,"PACKING,ASSY.COMPLETE.                             @ ACTIVE LOC 45",التعبئة والتجميع مكتملان. @ الموقع النشط 45,NON_STOCK,RS-EGPC-OBSOLETE,0,,8009136,EACH,MLH34657CG1,COMPRESSOR USA,MM
119708,"GASKET,OUTER HEAD.                                 @ ACTIVE LOC 45",حشية رأس الأسطوانة الخارجية. @ الموقع النشط 45,NON_STOCK,RS-EGPC-OBSOLETE,0,,8009134,EACH,30A11FO646X10,COMPRESSOR USA,MM
137270,IMP. (H) 8 INCH F.O.,إمب. (ح) 8 بوصة من,NON_STOCK,RS-EGPC-OBSOLETE,0,,7907143,EACH,A7722-1123,PUMP MISC,PU
133382,"PUMP,TRANSFER","مضخة، نقل",NON_STOCK,RS-EGPC-OBSOLETE,0,,7103135,EACH,1CA1W1695,CATERPILLAR,MM
131347,RADIATOR,المشعاع,NON_STOCK,RS-EGPC-OBSOLETE,0,,7103106,EACH,4L2114,CATERPILLAR,MM
132443,"GEAR, FOR PUMP GROUP","تروس، لمجموعة المضخة",NON_STOCK,RS-EGPC-OBSOLETE,0,,7103138,EACH,3N0350,CATERPILLAR,MM
137170,"RETAINER, BEARING ITEM NO. 652","حامل، رقم الصنف 652",NON_STOCK,RS-EGPC-OBSOLETE,0,,7907146,EACH,A6854-1011,PUMP MISC,PU
137171,"IMPELLER, ITEM NO. 673","مروحة، رقم الصنف 673",NON_STOCK,RS-EGPC-OBSOLETE,0,,7907146,EACH,B3325-1123,PUMP MISC,PU
177616,"COUPLING, PUMP SHAFT (these materials should be made in USA and don't substitute)","وصلة، عمود المضخة (يجب أن تكون هذه المواد مصنوعة في الولايات المتحدة الأمريكية ولا يمكن استبدالها)",NON_STOCK,RS-EGPC-OBSOLETE,0,,7907176,EACH,A0090F119 5914,PUMP MISC,PU
160951,CAMSHAFT                                           OLD P/N.OL288,"عمود الكامات القديم، رقم القطعة OL288",NON_STOCK,RS-EGPC-OBSOLETE,0,,7103126,EACH,1CA1282398,CATERPILLAR,MM
161079,"VALVE,CHECK.PRE_LUBE PUMP OIL","صمام، فحص. تشحيم مسبق لمضخة الزيت",NON_STOCK,RS-EGPC-OBSOLETE,0,,7103120,EACH,1N9924,CATERPILLAR,MM
165600,"COLLET,LOCK IMPELLER 1-15/16 IN.REF.NO.272","كوليت، قفل المروحة 1-15/16 بوصة، رقم المرجع 272",NON_STOCK,RS-EGPC-OBSOLETE,0,,7902208,EACH,750021-CB,PUMP MISC,PU
161693,"RING, PISTON SEAL (LARGE) PART NO.                 040-2390-00-40-4N362 FOR RELIEF VALVE TYPE QD P/N .538-0200-02",حلقة مانعة للتسرب للمكبس (كبيرة) رقم القطعة 040-2390-00-40-4N362 لصمام تخفيف الضغط من النوع QD رقم القطعة 0.538-0200-02,NON_STOCK,RS-EGPC-SURPLUS,0,,7308102,EACH,040-2390-00,PUMP CENTRIFUG,PU
110024,"BEARING INNER HORIZONTAL,""TIMKEN""  P/N. HH224310.H H224346 ITEM NO. 603","محمل داخلي أفقي، ""تيمكين"" رقم القطعة HH224310.H H224346 رقم الصنف 603",NON_STOCK,RS-EGPC-SURPLUS,0,,3101204,EACH,HH224346,BR/SL/S.PLG/FLT,PU
119452,"GASKET, TOP COVER",حشية الغطاء العلوي,NON_STOCK,RS-EGPC-SURPLUS,0,,8001104,EACH,C-277,COMPRESSOR USA,MM
110222,"SLINGER, L.SP.P/N  :   AM072814","SLINGER, L.SP.P/N : AM072814",NON_STOCK,RS-EGPC-SURPLUS,0,,3112102,EACH,AM 072814,BR/SL/S.PLG/FLT,PU
110239,"COIL,COOLING AND FITTING    P/N. 816 MNFG. AMARILLO, USA","ملف التبريد والتركيب، رقم القطعة 816، صنع في أماريلو، الولايات المتحدة الأمريكية",NON_STOCK,RS-EGPC-SURPLUS,0,,3101202,EACH,816,BR/SL/S.PLG/FLT,MM
103431,"VANE, DURA VAN       P/N. 093107","ريشة، دورا فان P/N. 093107",NON_STOCK,RS-EGPC-SURPLUS,0,,4704103,EACH,93107,AUTO SHOP EQUIP,PU
116163,"BEARING , CAMSHAFT-CENTER , INTERMEDIATE & REAR    (UPPER OR LOWER HALF)","محمل، عمود الكامات - المركز، المتوسط والخلفي (النصف العلوي أو السفلي)",INSURANCE_SPARE,RS-EGPC-SURPLUS,0,,6923108,EACH,200050B,ENGINE USA,MM
109872,"V-BELT, WATER PUMP MNFG.""WAUKESHA"" , USA @ ACTIVE AT LOCATION 45 ,","حزام على شكل حرف V، مصنع مضخة مياه ""واكيشا""، الولايات المتحدة الأمريكية @ نشط في الموقع 45،",NON_STOCK,RS-EGPC-SURPLUS,0,,6923114,EACH,3VX800,BELT/TRANSMIT,MM
103364,"BRUSH,P/N  :   131602-00","فرشاة، رقم القطعة: 131602-00",NON_STOCK,RS-EGPC-SURPLUS,0,,4700001,EACH,131602-00,AUTO SHOP EQUIP,MM
109843,"V-BELT, AUTOMOTIVE TYPE RAW EDGE-NEUTRAL CORD      OC:49.375 IN TW:0.406 IN    P/N. 9433752           ""GEN.MOT."" OR EQUI","حزام على شكل حرف V، نوع السيارات، حافة خام - سلك محايد، قطر الدائرة: 49.375 بوصة، عرض السلك: 0.406 بوصة، رقم القطعة: 9433752 ""GEN.MOT."" أو ما يعادله",NON_STOCK,RS-EGPC-SURPLUS,0,,0,EACH,9433752,BELT/TRANSMIT,PU
115930,"SPACER, 1.81X2.25X.82","فاصل، 1.81 × 2.25 × 0.82",NON_STOCK,RS-EGPC-SURPLUS,0,,6923122,EACH,153551A,ENGINE USA,MM
125034,"BELT, EVAPORATOR FAN DRIVE                         BROWING P/NO. A58","حزام، محرك مروحة المبخر، رقم القطعة A58",NON_STOCK,RS-EGPC-SURPLUS,0,,320302,EACH,SAUA-C 154C,BELT/TRANSMIT,PU
123488,"HOSE, 1/2"" ID C2A-2-WIRE BRAID SAE 100R2A MEETS FL AME RESISTANCE ACCEPTANCE (U.S. MSHA 2G) MFG. ""GAT ES"" PRODUCT NO. 46","خرطوم، قطر داخلي 1/2 بوصة، جديلة سلكية مزدوجة C2A-2، SAE 100R2A، يفي بمعايير مقاومة اللهب (MSHA 2G الأمريكية)، من إنتاج شركة ""GAT ES""، رقم المنتج 46",NON_STOCK,RS-EGPC-SURPLUS,0,,0,FEET,,HOSES & CONNECT,MM
119893,"VALVE, INLET, COMPLETE, FITTED ON 6"" CYLINDER S/N  Y6R4368/69.","صمام، مدخل، كامل، مثبت على أسطوانة 6 بوصة S/N Y6R4368/69.",NON_STOCK,RS-EGPC-SURPLUS,0,,8009138,EACH,MLR51559G1,COMPRESSOR USA,MM
114662,"SEAL, KIT BANKING, A-35 SWING CONTROL VALVE","مانع تسرب، مجموعة تجميع، صمام تحكم متأرجح A-35",NON_STOCK,RS-EGPC-SURPLUS,0,,6413202,KIT,,CRANES,MM
114663,"SEAL, KIT SPOOL, A-35 SWING CONTROL VALVE","مانع تسرب، بكرة طقم، صمام تحكم متأرجح A-35",NON_STOCK,RS-EGPC-SURPLUS,0,,6413202,KIT,,CRANES,MM
114668,"SEAL, KIT SPOOL, D-85 HOIST CONTROL VALVE","مانع تسرب، بكرة طقم، صمام تحكم رافعة D-85",NON_STOCK,RS-EGPC-SURPLUS,0,,6413202,KIT,,CRANES,MM
119763,"VLAVE, DISCHARDE, COMPLETE, FOR CYLINDER 15""       @ ACTIVE LOC 45","صمام تصريف كامل، لأسطوانة 15 بوصة @ موقع نشط 45",NON_STOCK,RS-EGPC-SURPLUS,0,,8009138,EACH,67CS2D,COMPRESSOR USA,MM
119993,"KEY, OIL PUMP DRINVE GEAR (WDRF-15)","مفتاح، ترس محرك مضخة الزيت (WDRF-15)",NON_STOCK,RS-EGPC-SURPLUS,0,,8009145,EACH,23A9C88,COMPRESSOR USA,MM
119934,"VALVE, INLET, COMPLETE, FOR CYLINDER 7""            @ ACTIVE LOC 45",صمام مدخل كامل للأسطوانة 7 بوصة عند موضع التشغيل 45,NON_STOCK,RS-EGPC-SURPLUS,0,,8009138,EACH,1R51561A,COMPRESSOR USA,MM
117021,"KIT, MAIN BEARING","طقم، محمل رئيسي",NON_STOCK,RS-EGPC-SURPLUS,0,,6923110,EACH,918-284,ENGINE USA,MM
120183,"GASKET, COVER VALVE FOR CYLINDER 11.5""",حشية غطاء صمام أسطوانة 11.5 بوصة,NON_STOCK,RS-EGPC-SURPLUS,0,,8009133,EACH,X1014T65-61U,COMPRESSOR USA,MM
120344,"SEAL, PISTON","ختم، مكبس",NON_STOCK,RS-EGPC-SURPLUS,0,,8009126,EACH,35275064,COMPRESSOR USA,MM
119866,"PACKING,ASSY.COMPLETE.                             @ ACTIVE LOC 45",التعبئة والتجميع مكتملان. @ الموقع النشط 45,NON_STOCK,RS-EGPC-SURPLUS,0,,8009136,EACH,MLH34657CG1,COMPRESSOR USA,MM
120050,"SEAL, OIL","مانع تسرب، زيت",NON_STOCK,RS-EGPC-SURPLUS,0,,8009133,EACH,W76556C,COMPRESSOR USA,MM
120467,"VALVE, BLOW-DOWN FOR VALVE INLET","صمام، صمام تفريغ لمدخل الصمام",NON_STOCK,RS-EGPC-SURPLUS,0,,8009159,EACH,39449095,COMPRESSOR USA,MM
119781,"BUSHING, MAIN BEARING REF. NO. 2-16","جلبة، محمل رئيسي، رقم المرجع 2-16",NON_STOCK,RS-EGPC-SURPLUS,0,,8009124,EACH,5834C1,COMPRESSOR USA,MM
132404,SERVICE GROUP,مجموعة الخدمات,NON_STOCK,RS-EGPC-SURPLUS,0,,7103126,EACH,3N4181,CATERPILLAR,MM
131524,"GASKET, KIT (SUPPLEMENT ENG. OVERHAUL) P/N : 5L2727",طقم حشيات (ملحق إصلاح المحرك) رقم القطعة: 5L2727,NON_STOCK,RS-EGPC-SURPLUS,0,,7103140,EACH,5L2727,CATERPILLAR,MM
125757,"ELEMENT, AIR FILTER P10-1240 FOR WAUKESHA ENGINE M ODEL L3711 S/N. 486689 AND 48711.@ STD. PKG. 6 --- -PA1637","عنصر فلتر الهواء P10-1240 لمحرك واكيشا طراز M L3711، الرقم التسلسلي 486689 و48711.@ العبوة القياسية 6 --- -PA1637",NON_STOCK,RS-EGPC-SURPLUS,0,,0,EACH,,BR/SL/S.PLG/FLT,MM
124945,"MECHANICAL SEAL, MODEL UK-3375 MAT. CODE NO 5N4A.  COMPLETE WITH FLANGE ASSY. S-11, GASKET S-18,      DRIVE COLLAR S-58,","مانع تسرب ميكانيكي، موديل UK-3375، رمز المادة 5N4A. كامل مع مجموعة الشفة S-11، والحشية S-18، وطوق القيادة S-58.",NON_STOCK,RS-EGPC-SURPLUS,0,,3002116,EACH,,BELT/TRANSMIT,PU
124951,"KIT, REPAIR CONSISTS OF:DRIVE KEY S-3,U-CUP S-4,   SEAT GASKET S-13,STA.FACE S-14,SLEEVE GASKET S-19 ,BUSHING S-24,FLG.G","طقم الإصلاح يتكون من: مفتاح التشغيل S-3، غطاء المقعد S-4، حشية المقعد S-13، غطاء المقعد S-14، حشية الغلاف S-19، جلبة S-24، حافة G",NON_STOCK,RS-EGPC-SURPLUS,0,,3002116,KIT,,BELT/TRANSMIT,PU
119708,"GASKET,OUTER HEAD.                                 @ ACTIVE LOC 45",حشية رأس الأسطوانة الخارجية. @ الموقع النشط 45,NON_STOCK,RS-EGPC-SURPLUS,0,,8009134,EACH,30A11FO646X10,COMPRESSOR USA,MM
125792,"SEAL, OIL FILTER ELEMENT CARTRIDGE 10 MICRON  ELLIOTT P/N :P3516E001 , new p/no. ASE.010.10","مانع تسرب، خرطوشة عنصر فلتر الزيت 10 ميكرون إليوت، رقم القطعة: P3516E001، رقم القطعة الجديد: ASE.010.10",NON_STOCK,RS-EGPC-SURPLUS,0,,8005056,EACH,ASE.010.10,BR/SL/S.PLG/FLT,MM
130941,"O-RING, 19.475 IN ID X 0.210 IN DIA BLACK G G P","حلقة دائرية، قطر داخلي 19.475 بوصة × قطر 0.210 بوصة، لون أسود، G G P",NON_STOCK,RS-EGPC-SURPLUS,0,,7103144,EACH,9H0846,CATERPILLAR,MM
133700,"SET,","تعيين،",NON_STOCK,RS-EGPC-SURPLUS,0,,7313106,EACH,224-029-016,PUMP CENTRIFUG,PU
133789,"IMPELLER, FRONT  016-0010-00-2",مروحة أمامية 016-0010-00-2,NON_STOCK,RS-EGPC-SURPLUS,0,,7308102,EACH,QLF-16F-9-3/4,PUMP CENTRIFUG,PU
133790,"IMPELLER, REAR  016-0020-00-2",مروحة خلفية 016-0020-00-2,NON_STOCK,RS-EGPC-SURPLUS,0,,7308102,EACH,QLF-16R-9-314,PUMP CENTRIFUG,PU
133793,"GEAR, 19 TEETH FOR ""QLF"" PUMP SHAFT 031-0010-00-2","ترس ذو 19 سنًا لعمود مضخة ""QLF"" 031-0010-00-2",NON_STOCK,RS-EGPC-SURPLUS,0,,7308102,EACH,QL_310,PUMP CENTRIFUG,PU
133794,"GEAR, 22 TEETH FOR ""QLF2 & 2QLF2"" PUMP SHAFT       031-0020-00-2","ترس، 22 سنًا لعمود مضخة ""QLF2 و2QLF2"" 031-0020-00-2",NON_STOCK,RS-EGPC-SURPLUS,0,,7308102,EACH,QL2_31D,PUMP CENTRIFUG,PU
133795,"GEAR, 25 TEETH FOR ""QLF3 & 2QLF3"" PUMP SHAFT       031-0030-002","ترس، 25 سنًا لعمود مضخة ""QLF3 و2QLF3"" 031-0030-002",NON_STOCK,RS-EGPC-SURPLUS,0,,7308102,EACH,QL3_31D,PUMP CENTRIFUG,PU
133796,"GEAR, 28 TEETH FOR ""QLF4 & 2QLF4"" PUMP SHAFT.      031-0040-002","ترس، 28 سنًا لعمود مضخة ""QLF4 و2QLF4"". 031-0040-002",NON_STOCK,RS-EGPC-SURPLUS,0,,7308102,EACH,QL4_31D,PUMP CENTRIFUG,PU
133112,"Hold From  1 / 1 / 2021 To  31 / 12 / 2021 ,O-RING, SEAL 0.375"" ID X 0.169"" DIA","يُحفظ من 1/1/2021 إلى 31/12/2021، حلقة مانعة للتسرب، قطر داخلي 0.375 بوصة × قطر 0.169 بوصة",NON_STOCK,RS-EGPC-SURPLUS,0,,7103144,EACH,25CA3S5496,CATERPILLAR,MM
131347,RADIATOR,المشعاع,NON_STOCK,RS-EGPC-SURPLUS,0,,7103106,EACH,4L2114,CATERPILLAR,MM
133809,"SEAL, OIL FRONT BEARING HOUSING 296-2020-00-3","مانع تسرب، غطاء محمل الزيت الأمامي 296-2020-00-3",NON_STOCK,RS-EGPC-SURPLUS,0,,7308102,EACH,QLF-296,PUMP CENTRIFUG,PU
133811,"RING, SEAL PRIMING VALVE PLATE 040-2260-003","حلقة، مانع تسرب، لوحة صمام التحضير 040-2260-003",NON_STOCK,RS-EGPC-SURPLUS,0,,7308102,EACH,40-4N200,PUMP CENTRIFUG,PU
133812,"GLAND, SLEEVE PACKING ADJUSTING 048-0040-00-2","غدة، غلاف، حشوة، تعديل 048-0040-00-2",NON_STOCK,RS-EGPC-SURPLUS,0,,7308102,EACH,ZSF-371,PUMP CENTRIFUG,PU
133814,"DIAPHRAGM, FRONT BEARING HOUSING  046-5010-00-3","غشاء، غلاف المحمل الأمامي 046-5010-00-3",NON_STOCK,RS-EGPC-SURPLUS,0,,7308102,EACH,QLF-674,PUMP CENTRIFUG,PU
133815,"STRAINER, RELIEF VALVE CONTROL 010-0080-00-1","مصفاة، صمام تحكم في تخفيف الضغط 010-0080-00-1",NON_STOCK,RS-EGPC-SURPLUS,0,,7308102,EACH,Z5-695,PUMP CENTRIFUG,PU
133445,"TUBE, ASSY","أنبوب، مجموعة",NON_STOCK,RS-EGPC-SURPLUS,0,,7103139,EACH,2W3454,CATERPILLAR,MM
131656,"SEAL, O-RING 2.475"" ID X 0.210"" DIA. YELLOW G B P","حلقة مانعة للتسرب، دائرية الشكل، قطر داخلي 2.475 بوصة × قطر 0.210 بوصة، لون أصفر، G B P",NON_STOCK,RS-EGPC-SURPLUS,0,,7103144,EACH,6L1649,CATERPILLAR,MM
132890,"HOSE,  p.f. grader mod. 120g s/n. 87v4286 engine s/no. 78p45102","خرطوم، آلة تسوية التربة طراز 120 غرام، الرقم التسلسلي 87v4286، الرقم التسلسلي للمحرك 78p45102",NON_STOCK,RS-EGPC-SURPLUS,0,,7103144,INCH,2P5943,CATERPILLAR,MM
137283,"BEARING, BOWL ITEM 672","محمل، وعاء، رقم الصنف 672",NON_STOCK,RS-EGPC-SURPLUS,0,,7907161,EACH,B99680F007 6111,PUMP MISC,PU
137285,"RETAINER, BEARING                                  ITEM NO 652 DRAWING NO A6862","حامل، رقم الصنف 652، رقم الرسم A6862",NON_STOCK,RS-EGPC-SURPLUS,0,,7907174,EACH,A68620F000 1123,PUMP MISC,PU
137286,"RING, THRUST                                       ITEM NO 725 DRAWING NO A7255","حلقة، عنصر الدفع رقم 725، الرسم رقم A7255",NON_STOCK,RS-EGPC-SURPLUS,0,,7907174,EACH,A72550F000 2229,PUMP MISC,PU
137287,"KEY, IMP.(375X1.87LG)                              ITEM NO 730E","مفتاح، مستورد (375 × 1.87 بوصة) رقم الصنف 730E",NON_STOCK,RS-EGPC-SURPLUS,0,,7907174,EACH,A84430FEBR 2426,PUMP MISC,PU
137288,"BEARING, SUCTION                                   ITEM NO 690","محمل شفط، رقم الصنف 690",NON_STOCK,RS-EGPC-SURPLUS,0,,7907174,EACH,B71500F002 5402,PUMP MISC,PU
137289,"BEARING, BOWL.                                     ITEM NO 672","محمل، وعاء. رقم الصنف 672",NON_STOCK,RS-EGPC-SURPLUS,0,,7907174,EACH,B71350F002 5402,PUMP MISC,PU
137290,IMPELLER (H) 7.                                    ITEM NO 673A DRAWING NO B5104,"المروحة (H) 7. رقم الصنف 673A، رقم الرسم B5104",NON_STOCK,RS-EGPC-SURPLUS,0,,7907174,EACH,B51040F000 1123,PUMP MISC,PU
137295,"BOWL, INT.            P/N. 11687F-2-2-1126         ITEM NO 670","وعاء داخلي، رقم القطعة 11687F-2-2-1126، رقم الصنف 670",NON_STOCK,RS-EGPC-SURPLUS,0,,7907174,EACH,B11687F022 1123,PUMP MISC,PU
137296,"NUT, COL/COL BLT (8)                               ITEM NO 735 A DRAWING NO 49507-110","صامولة، COL/COL BLT (8) رقم الصنف 735 أ، رقم الرسم 49507-110",NON_STOCK,RS-EGPC-SURPLUS,0,,7907174,EACH,A49507F110 2229,PUMP MISC,PU
161218,"COVER,","غطاء،",NON_STOCK,RS-EGPC-SURPLUS,0,,0,EACH,4N4536,CATERPILLAR,MM
132759,"SHAFT,","رمح،",NON_STOCK,RS-EGPC-SURPLUS,0,,7103139,EACH,8N9244,CATERPILLAR,MM
164602,"IMPELLER, ITEM NO. 673                             BOTH IMPELLERS TO BE FULL IMPELLER DIAMETER","المروحة، رقم الصنف 673، يجب أن تكون كلتا المروحتين بقطر كامل.",NON_STOCK,RS-EGPC-SURPLUS,0,,7907128,EACH,B42910F000 1022,PUMP MISC,PU
132888,"DAMPER, ASSY.",مجموعة المخمدات,NON_STOCK,RS-EGPC-SURPLUS,0,,7103138,EACH,1678126+1779024+1682100,CATERPILLAR,MM
131058,"RING, SEAL 3-17/32"" OD X 2-47/64"" ID X 3/16""","حلقة مانعة للتسرب، قطر خارجي 3-17/32 بوصة × قطر داخلي 2-47/64 بوصة × 3/16 بوصة",NON_STOCK,RS-EGPC-SURPLUS,0,,7103144,EACH,1CA1672207,CATERPILLAR,MM
161305,"CONNECTING ROD,  P/N. 8N1726","ذراع التوصيل، رقم القطعة 8N1726",NON_STOCK,RS-EGPC-SURPLUS,0,,7103139,EACH,1CA8N1726,CATERPILLAR,MM
161233,"ELBOW,  P/N. 4N7766","كوع، رقم القطعة 4N7766",NON_STOCK,RS-EGPC-SURPLUS,0,,7103139,EACH,4N7766,CATERPILLAR,MM
161262,"PLUNGER, BARREL ASSY. FUEL PUMP","مكبس، مجموعة أسطوانة، مضخة وقود",NON_STOCK,RS-EGPC-SURPLUS,0,,7103132,EACH,6N7527,CATERPILLAR,MM
161267,"BEARING, CRANKSHAFT MAIN , P/N : 3178766","محمل عمود المرفق الرئيسي، رقم القطعة: 3178766",NON_STOCK,RS-EGPC-SURPLUS,0,,7103140,EACH,1CA3178766,CATERPILLAR,MM
161332,"HEAD, ASSY. SERVICE FOR CYL. HEAD & VALVE          MECHANISM.                                         @ ACTIVE LOC. 45",خدمة رأس الأسطوانة ومجموعة الصمامات. @ الموقع النشط 45,NON_STOCK,RS-EGPC-SURPLUS,0,,7103132,EACH,1P4303,CATERPILLAR,MM
160895,"O-RING, SEAL 2.225"" 10 X 0.210"" DIA. BLACK G B B","حلقة مانعة للتسرب، قطر 2.225 بوصة × 0.210 بوصة، لون أسود، G B B",NON_STOCK,RS-EGPC-SURPLUS,0,,7103144,EACH,3H2652,CATERPILLAR,MM
137618,"BEARING, SERIES CASE REF.NO. 243","محمل، سلسلة علبة رقم المرجع 243",NON_STOCK,RS-EGPC-SURPLUS,0,,7902226,EACH,AX169968-PQ000,PUMP MISC,PU
161495,"TUBE, ASSY","أنبوب، مجموعة",NON_STOCK,RS-EGPC-SURPLUS,0,,7103139,EACH,2W2927,CATERPILLAR,MM
161520,"ADAPTER,","محول،",NON_STOCK,RS-EGPC-SURPLUS,0,,7103145,EACH,7W5435,CATERPILLAR,MM
132531,"BEARING, FOR BLOCK GROUP.","محمل، لمجموعة الكتل.",NON_STOCK,RS-EGPC-SURPLUS,0,,7103138,EACH,1CA4N6658,CATERPILLAR,MM
165427,LIP SEAL PUMP END                                  P/N. 2796A216DIAA001-NITRILE,"مانع تسرب طرفي لمضخة، رقم القطعة: 2796A216DIAA001-نيتريل",NON_STOCK,RS-EGPC-SURPLUS,0,,7909125,EACH,60609898,PUMP MISC,PU
165428,LIP SEAL COUPLING END                              P/N. 2769A11ZDIACP01-NITRILE,"وصلة طرفية مانعة للتسرب، رقم القطعة 2769A11ZDIACP01-نيتريل",NON_STOCK,RS-EGPC-SURPLUS,0,,7909125,EACH,60609773,PUMP MISC,PU
165429,THRUST BEARING                                     P/NO. 012A05311GA002,محمل الدفع رقم القطعة 012A05311GA002,NON_STOCK,RS-EGPC-SURPLUS,0,,7909125,EACH,60548732,PUMP MISC,PU
137202,"BEARING, BOWL ITEM NO. 672","محمل، وعاء، رقم الصنف 672",NON_STOCK,RS-EGPC-SURPLUS,0,,7907158,EACH,A91110F000 1618,PUMP MISC,PU
137204,"BEARING, SUCTION BOWL ITEM NO. 690","محمل، وعاء شفط، رقم الصنف 690",NON_STOCK,RS-EGPC-SURPLUS,0,,7907134,EACH,B7285-1-5401,PUMP MISC,PU
137415,"COLLET, 1-1/4"" 316 S.S.","كوليت، 1-1/4 بوصة، فولاذ مقاوم للصدأ 316",NON_STOCK,RS-EGPC-SURPLUS,0,,7920102,EACH,5009-61,PUMP MISC,PU
137423,"COUPLING, HALF PUMP REF.NO. 329","وصلة، نصف مضخة، رقم المرجع 329",NON_STOCK,RS-EGPC-SURPLUS,0,,7918102,EACH,2619182-056,PUMP MISC,PU
137425,"BOWL, STANDARD REF.NO. 10","وعاء، رقم المرجع القياسي 10",NON_STOCK,RS-EGPC-SURPLUS,0,,7918102,EACH,4604684-041,PUMP MISC,PU
133382,"PUMP,TRANSFER","مضخة، نقل",NON_STOCK,RS-EGPC-SURPLUS,0,,7103135,EACH,1CA1W1695,CATERPILLAR,MM
133798,"RING, SEAL PACKING HOUSING 040-2470-00-3","حلقة، غلاف مانع للتسرب 040-2470-00-3",NON_STOCK,RS-EGPC-SURPLUS,0,,7308102,EACH,40-4N462,PUMP CENTRIFUG,PU
132481,"METER, GROUP HOUR BASIC ELECTRICE","عداد، مجموعة ساعات، أساسيات الكهرباء",NON_STOCK,RS-EGPC-SURPLUS,0,,7103132,EACH,4N3700,CATERPILLAR,MM
165672,"HOLD TILL 1/12/2026, PIPE, BOTTOM PC. COLUMN   ITEM NO. 30 for FWP PUMP MOD 18RKMC3 S/N. 87979-80","يُحفظ حتى 1/12/2026، أنبوب، عمود سفلي، رقم الصنف 30 لمضخة FWP موديل 18RKMC3، الرقم التسلسلي 87979-80",NON_STOCK,RS-EGPC-SURPLUS,0,,7912102,EACH,LVX74009C,PUMP MISC,PU
165691,"IMO PUMP, DELAVAL A21NI-100 C.C.W-   ROTATION When FACTING SHAFT EXTENSION","مضخة IMO، DELAVAL A21NI-100 دوران عكس اتجاه عقارب الساعة عند تركيب امتداد عمود التوجيه",NON_STOCK,RS-EGPC-SURPLUS,0,,7909110,EACH,LH01001B04,PUMP MISC,PU
164642,"RING, THRUST   ITEM NO. 725 , New Part no. A81090F000 2229","حلقة دفع، رقم القطعة 725، رقم القطعة الجديدة A81090F000 2229",NON_STOCK,RS-EGPC-SURPLUS,0,,7907134,EACH,A81090F0002229,PUMP MISC,PU
165656,"U-JOINT, SPICER REPAIR KITS",مجموعة إصلاح وصلات U-JOINT و SPICER,NON_STOCK,RS-EGPC-SURPLUS,0,,7902224,EACH,5-185,PUMP MISC,PU
164658,"RING, OIL ITEM NO. 114, MATL 1102 ,  hold purchasing for six months till August,2015 ref PU e-mail dated 1/2/2015","حلقة، زيت، رقم الصنف 114، المادة 1102، تعليق الشراء لمدة ستة أشهر حتى أغسطس 2015، مرجع البريد الإلكتروني PU بتاريخ 1/2/2015",NON_STOCK,RS-EGPC-SURPLUS,0,,7907152,EACH,A00017A14,PUMP MISC,PU
165663,"BEARING, INTERMEDIATE ITEM #35","محمل، عنصر وسيط رقم 35",NON_STOCK,RS-EGPC-SURPLUS,0,,7912102,EACH,LV0695070215 1160 F,PUMP MISC,PU
137235,"BUSHING - SEAL CHAMBER,       ITEM NO. 125","جلبة - حجرة مانعة للتسرب، رقم الصنف 125",NON_STOCK,RS-EGPC-SURPLUS,0,,7907178,EACH,B02079A01 1001,PUMP MISC,PU
137236,LOCK NUT BEARING,محمل صامولة القفل,NON_STOCK,RS-EGPC-SURPLUS,0,,7907178,EACH,8601-0012,PUMP MISC,PU
137521,SCREW CAP SOCKET/HD. 25-20 UNC X .50 X .50 4RQD    316 SS,رأس لولبي سداسي/رأس. 25-20 UNC × 0.50 × 0.50 4RQD 316 SS,NON_STOCK,RS-EGPC-SURPLUS,0,,7909131,EACH,809630-00,PUMP MISC,PU
137522,"RING, WEAR IMP. 6JK C954","خاتم، قابل للارتداء، رقم القطعة 6JK C954",NON_STOCK,RS-EGPC-SURPLUS,0,,7909131,EACH,82120726,PUMP MISC,PU
137523,BRG SLV. 1.01 ID X 1.38 OD X 3.00 LG-CC 40,BRG SLV. 1.01 ID X 1.38 OD X 3.00 LG-CC 40,NON_STOCK,RS-EGPC-SURPLUS,0,,7909131,EACH,82258757,PUMP MISC,PU
137528,RETAINER BRG. FLGREG 4 1.13 LB OR F/CAR C C 958,حامل تثبيت FLGREG 4 1.13 رطل أو F/CAR C C 958,NON_STOCK,RS-EGPC-SURPLUS,0,,7909131,EACH,82463472,PUMP MISC,PU
161195,"PUMP, GROUP FUEL TRANSFER ONE SECTION GEAR","مضخة، مجموعة نقل الوقود، قسم واحد من التروس",NON_STOCK,RS-EGPC-SURPLUS,0,,7103140,EACH,1CA4N1101,CATERPILLAR,MM
133940,"Centrifugal pump, close-coupled, electric motor with extended shaft directly to the pump, the pump casing& impeller mate","مضخة طرد مركزي، ذات اقتران مباشر، ومحرك كهربائي ذو عمود ممتد متصل مباشرة بالمضخة، وغلاف المضخة والمروحة متطابقان.",NON_STOCK,RS-EGPC-SURPLUS,0,,0,EACH,97568450,PUMP CENTRIFUG,PU
165430,RADIAL BEARING                                     P/N. 0128A311SC3A001,"محمل شعاعي، رقم القطعة: 0128A311SC3A001",NON_STOCK,RS-EGPC-SURPLUS,0,,7909125,EACH,60509437,PUMP MISC,PU
137580,"SEAL, OIL COVER WIPER                              @ CRRECT P/N. REF EGG 6139/89","مانع تسرب، ماسحة غطاء الزيت @ رقم القطعة الصحيح: EGG 6139/89",NON_STOCK,RS-EGPC-SURPLUS,0,,7909118,EACH,21823X1189,PUMP MISC,PU
137170,"RETAINER, BEARING ITEM NO. 652","حامل، رقم الصنف 652",NON_STOCK,RS-EGPC-SURPLUS,0,,7907146,EACH,A6854-1011,PUMP MISC,PU
137171,"IMPELLER, ITEM NO. 673","مروحة، رقم الصنف 673",NON_STOCK,RS-EGPC-SURPLUS,0,,7907146,EACH,B3325-1123,PUMP MISC,PU
137604,"CASE, BOTTOM","الغطاء، الجزء السفلي",NON_STOCK,RS-EGPC-SURPLUS,0,,7902304,EACH,AX209794-JX000,PUMP MISC,PU
165445,"NUT, COUPLING","صامولة، وصلة",NON_STOCK,RS-EGPC-SURPLUS,0,,7909110,EACH,200D164CX1,PUMP MISC,PU
165449,"GASKET, OUTER SPIRAL WOUND                         NEW P/NO 2450D36DX1-S-316-1",حشية حلزونية خارجية جديدة رقم القطعة 2450D36DX1-S-316-1,NON_STOCK,RS-EGPC-SURPLUS,0,,7909110,EACH,2450D363DX1-S-316-9,PUMP MISC,PU
165458,"NUT, SHAFT","صامولة، عمود",NON_STOCK,RS-EGPC-SURPLUS,0,,7909110,EACH,362S126AX1B-20,PUMP MISC,PU
165460,"SHAFT, (NEW P/N. 8X23JSG10XG3-15)                  P/NO. 8X23JSG10XG3-15","عمود، (رقم القطعة الجديد 8X23JSG10XG3-15) رقم القطعة 8X23JSG10XG3-15",NON_STOCK,RS-EGPC-SURPLUS,0,,7909110,EACH,8X23JSG10XG3-15,PUMP MISC,PU
165475,"SPOOL, PIECE 5 IN. X 3 FT. 11-9/16 IN. LONG REF.   NO. 382","بكرة، قطعة 5 بوصة × 3 قدم، طول 11-9/16 بوصة، رقم المرجع 382",NON_STOCK,RS-EGPC-SURPLUS,0,,7902230,EACH,999859-ZA,PUMP MISC,PU
137562,"CAP, 1/2 IN. AIR MAZE BREATHER                     OLD P/N. B-19919-GC","غطاء، نصف بوصة، جهاز تنفس AIR MAZE، رقم القطعة القديم: B-19919-GC",NON_STOCK,RS-EGPC-SURPLUS,0,,7909110,EACH,62009477,PUMP MISC,PU
137032,"O-RING, VALVE","حلقة مانعة للتسرب، صمام",NON_STOCK,RS-EGPC-SURPLUS,0,,7916102,KIT,22-09212,PUMP MISC,PU
161663,"PACKING , Pump Type : Gear Pump , Pump S/No. : 150-344-7030UR , Pump Rotation  : Upper Drive - Right Hand Rotation (CW).","التعبئة، نوع المضخة: مضخة تروس، رقم المضخة التسلسلي: 150-344-7030UR، دوران المضخة: محرك علوي - دوران باتجاه اليمين (CW).",NON_STOCK,RS-EGPC-SURPLUS,0,,7314202,EACH,18150,PUMP CENTRIFUG,PU
161466,FUEL ING.LINE NO 3,خط وقود رقم 3,NON_STOCK,RS-EGPC-SURPLUS,0,,7103139,EACH,4P3923,CATERPILLAR,MM
165070,"RING, THRUST IMPELLER AND SLEEVE ITEM NO. 252","حلقة، دافعة دفع، وغطاء، رقم الصنف 252",NON_STOCK,RS-EGPC-SURPLUS,0,,7902106,EACH,1125478,PUMP MISC,PU
164557,"RING, WEAR BOWL ITEM NO. 680","خاتم، وعاء قابل للارتداء، رقم الصنف 680",NON_STOCK,RS-EGPC-SURPLUS,0,,7907146,EACH,B3333-4-1117,PUMP MISC,PU
133800,"GLAND, PACKING FRONT 048-0020-00-2","غدة، واجهة التعبئة 048-0020-00-2",NON_STOCK,RS-EGPC-SURPLUS,0,,7308102,EACH,QLD-57F,PUMP CENTRIFUG,PU
133801,"GLAND, PACKING REAR 048-0030-00-3","غدة، حشوة خلفية 048-0030-00-3",NON_STOCK,RS-EGPC-SURPLUS,0,,7308102,EACH,QLD-57R,PUMP CENTRIFUG,PU
133802,"PACKING, SEPARATOR 097-0010-00-3","عبوة، فاصل 097-0010-00-3",NON_STOCK,RS-EGPC-SURPLUS,0,,7308102,EACH,QL-58ZD,PUMP CENTRIFUG,PU
133803,"RING, IMPELLER RETAINING 077-1250-21-3",حلقة تثبيت المروحة 077-1250-21-3,NON_STOCK,RS-EGPC-SURPLUS,0,,7308102,EACH,77SS125,PUMP CENTRIFUG,PU
133804,"RING, SEAL OIL RETAINING",حلقة مانعة للتسرب لحفظ الزيت,NON_STOCK,RS-EGPC-SURPLUS,0,,7308102,EACH,S79SS168,PUMP CENTRIFUG,PU
133805,"GASKET, REAR BEARING HOUSING & COVER               046-0070-00-3","حشية، غطاء وعلبة محمل خلفي 046-0070-00-3",NON_STOCK,RS-EGPC-SURPLUS,0,,7308102,EACH,GS-W263,PUMP CENTRIFUG,PU
133806,"GASKET, FRONT BEARING HOUSING & PACKING HOUSING    046-0010-00-3","حشية، غطاء محمل أمامي وغطاء حشو 046-0010-00-3",NON_STOCK,RS-EGPC-SURPLUS,0,,7308102,EACH,QL-W263,PUMP CENTRIFUG,PU
164558,"RING, WEAR IMPELLER ITEM NO.681","حلقة، دافع قابل للتآكل، رقم الصنف 681",NON_STOCK,RS-EGPC-SURPLUS,0,,7907146,EACH,B3331-1117,PUMP MISC,PU
137456,"BEARING, SLEEVE ITEM NO. 15","محمل، جلبة، رقم الصنف 15",NON_STOCK,RS-EGPC-SURPLUS,0,,7918104,EACH,98623196,PUMP MISC,PU
137190,"RETAINER, BEARING ITEM NO. 652","حامل، رقم الصنف 652",NON_STOCK,RS-EGPC-SURPLUS,0,,7907128,EACH,A68600F0001018,PUMP MISC,PU
137193,"BEARING, SUCTION BELL ITEM NO. 690","محمل، جرس شفط، رقم الصنف 690",NON_STOCK,RS-EGPC-SURPLUS,0,,7907128,EACH,B71740F002 6132,PUMP MISC,PU
165610,"BEARING, SUCTION ITEM # 41","محمل شفط، رقم الصنف 41",NON_STOCK,RS-EGPC-SURPLUS,0,,7912102,EACH,1006F015B08,PUMP MISC,PU
161368,"KIT, GASKET VALVE GRINDING.                                   @ 6 EA AT D/CHARGE AREA",طقم تجليخ صمام الحشية. 6 قطع لكل قطعة في منطقة الشحن,NON_STOCK,RS-EGPC-SURPLUS,0,,7103142,EACH,1CA2894884,CATERPILLAR,MM
164920,"O-RING, BUSHING ITEM NO.208-T","حلقة دائرية، جلبة رقم 208-T",PLANNED_WO,RS-EGPC-SURPLUS,0,,7902108,EACH,412.208T,PUMP MISC,PU
165613,"HOLD TILL 1/12/2026 , BOWL, INTERMEDIATE ITEM NO. 36 for FWP PUMP MOD 18RKMC3 S/N. 87979-80","يُحفظ حتى 1/12/2026، وعاء، قطعة متوسطة رقم 36 لمضخة FWP موديل 18RKMC3، الرقم التسلسلي 87979-80",NON_STOCK,RS-EGPC-SURPLUS,0,,7912102,EACH,LV 1055222045,PUMP MISC,PU
164451,"SHAFT, ITEM NO. 122","عمود، رقم الصنف 122",NON_STOCK,RS-EGPC-SURPLUS,0,,7907112,EACH,R79-115-2210,PUMP MISC,PU
165600,"COLLET,LOCK IMPELLER 1-15/16 IN.REF.NO.272","كوليت، قفل المروحة 1-15/16 بوصة، رقم المرجع 272",NON_STOCK,RS-EGPC-SURPLUS,0,,7902208,EACH,750021-CB,PUMP MISC,PU
164883,COLUMN. BOTTOM ASSY NEW P/NO. C2408-7-30-8510 (these materials should be made in USA and don't substitute),عمود. مجموعة القاعدة الجديدة رقم القطعة C2408-7-30-8510 (يجب أن تكون هذه المواد مصنوعة في الولايات المتحدة الأمريكية ولا يمكن استبدالها),NON_STOCK,RS-EGPC-SURPLUS,0,,7907176,EACH,D01752FNBK8510,PUMP MISC,PU
137128,"GASKET, NECH. SEAL (CRANE PART)  REF.NO.360 Q","حشية، مانع تسرب NECH (جزء رافعة) رقم المرجع 360 Q",NON_STOCK,RS-EGPC-SURPLUS,0,,7907116,EACH,90890 0201,PUMP MISC,PU
137520,RING THRUST SPLIT IMP. STD F/1.00 SHF 316 SS,حلقة دفع منقسمة مقاومة قياسية F/1.00 SHF 316 SS,NON_STOCK,RS-EGPC-SURPLUS,0,,7909131,EACH,82079369,PUMP MISC,PU
177570,"GASKET, END COVER ITEM NO. 360  MAT.5130","حشية غطاء طرفي، رقم الصنف 360، رقم المادة 5130",NON_STOCK,RS-EGPC-SURPLUS,0,,7907140,EACH,A00046A02 5130,PUMP MISC,PU
165615,"SHAFT, IMPELLER ITEM # 32 for PUMP MOD 18RKMC3 S/N. 87979-80","عمود، مروحة، رقم الصنف 32 لمضخة موديل 18RKMC3، الرقم التسلسلي 87979-80",NON_STOCK,RS-EGPC-SURPLUS,0,,7912102,EACH,LV9318X122104,PUMP MISC,PU
165617,"BELL, SUCTION ITEM # 40","جرس، قطعة شفط رقم 40",NON_STOCK,RS-EGPC-SURPLUS,0,,7912102,EACH,LV8155163045  0660  F,PUMP MISC,PU
161464,FUEL ING.LINE NO 1,خط وقود رقم 1,NON_STOCK,RS-EGPC-SURPLUS,0,,7103139,EACH,4P9661,CATERPILLAR,MM
161465,FUEL ING.LINE NO 2,خط وقود رقم 2,NON_STOCK,RS-EGPC-SURPLUS,0,,7103139,EACH,1CA1917942,CATERPILLAR,MM
164802,"NUT, ADJUSTING","صامولة، ضبط",NON_STOCK,RS-EGPC-SURPLUS,0,,7907159,EACH,H00461F0002130,PUMP MISC,PU
161402,"V-BELT,SET","حزام على شكل حرف V، مجموعة",NON_STOCK,RS-EGPC-SURPLUS,0,,7103104,EACH,258268,BELT/TRANSMIT,MM
164794,"SUCTION, BELL ITEM NO 689","شفط، رقم الصنف 689 من بيل",NON_STOCK,RS-EGPC-SURPLUS,0,,7907165,EACH,B42870F002 1123,PUMP MISC,PU
165168,"TIP, 0 DEGREE","طرف، 0 درجة",NON_STOCK,RS-EGPC-SURPLUS,0,,7919402,EACH,,PUMP MISC,PU
161660,GASKET,حشية,NON_STOCK,RS-EGPC-SURPLUS,0,,7314202,EACH,8150,PUMP CENTRIFUG,PU
165477,"COUPLING, HALF DRIVER, 1.1/8"" BORE, REF NO 529.","وصلة، نصف محرك، فتحة 1.1/8 بوصة، رقم المرجع 529.",NON_STOCK,RS-EGPC-SURPLUS,0,,7902230,EACH,170292-RX,PUMP MISC,PU
161661,GASKET,حشية,NON_STOCK,RS-EGPC-SURPLUS,0,,7314202,EACH,13150,PUMP CENTRIFUG,PU
161662,SEAL,ختم,NON_STOCK,RS-EGPC-SURPLUS,0,,7314202,EACH,16150,PUMP CENTRIFUG,PU
161694,"VALVE,RELIEF WITH PM CONTROL VALVE                 538-0200-00-QD",صمام تخفيف الضغط مع صمام تحكم PM 538-0200-00-QD,NON_STOCK,RS-EGPC-SURPLUS,0,,7308102,EACH,538-0200-00,PUMP CENTRIFUG,PU
161695,"VALVE,CONTROL BACK PRESSURE","صمام، للتحكم في الضغط الخلفي",NON_STOCK,RS-EGPC-SURPLUS,0,,7314202,EACH,300710,PUMP CENTRIFUG,PU
161454,"PUMP, FUEL TRANSFER","مضخة، نقل الوقود",NON_STOCK,RS-EGPC-SURPLUS,0,,7103139,EACH,1CA3775846,CATERPILLAR,MM
173654,"DISC PACK, STAINLESS FOR COUPLING ""THOMAS""  SERIES 71 SIZE 562","مجموعة أقراص من الفولاذ المقاوم للصدأ لوصلة ""توماس"" سلسلة 71 مقاس 562",NON_STOCK,RS-EGPC-SURPLUS,0,,7902107,EACH,329291,BR/SL/S.PLG/FLT,PU
164979,"SHAFT, PROTECTING SLV.STG.","عمود، حماية SLV.STG.",MIN_MAX,RS-EGPC-SURPLUS,0,,7902102,EACH,2187221,PUMP MISC,PU
161701,"VALVE,BALL (IRON BODY) 2""",صمام كروي (جسم حديدي) 2 بوصة,NON_STOCK,RS-EGPC-SURPLUS,0,,7308102,EACH,1231-1095-5,PUMP CENTRIFUG,PU
161724,"GASKET, GLAND","حشية، غدة",NON_STOCK,RS-EGPC-SURPLUS,0,,7321102,EACH,815B0118113R20501,PUMP CENTRIFUG,PU
165434,"SETSCREW, ALLEN CUP PT.","مسمار تثبيت، رأس ألين",NON_STOCK,RS-EGPC-SURPLUS,0,,7909110,EACH,109A2A10-318,PUMP MISC,PU
161079,"VALVE,CHECK.PRE_LUBE PUMP OIL","صمام، فحص. تشحيم مسبق لمضخة الزيت",NON_STOCK,RS-EGPC-SURPLUS,0,,7103120,EACH,1N9924,CATERPILLAR,MM
165284,"IMPELLER, REF.NO. 8","دافع، رقم المرجع 8",NON_STOCK,RS-EGPC-SURPLUS,0,,7918102,EACH,96669330,PUMP MISC,PU
176214,SUCTION & DISCHARGE VALVE,صمام السحب والتفريغ,NON_STOCK,RS-EGPC-SURPLUS,0,,7313114,EACH,,PUMP CENTRIFUG,PU
176218,PLUNGER + PACKING ASSEMBLY,مجموعة المكبس والتغليف,NON_STOCK,RS-EGPC-SURPLUS,0,,7313122,SET,3050934100F,PUMP CENTRIFUG,PU
177522,"GASKET, MECHANICAL SEAL ITEM NO.360Q  (OLD P/N. 70782-25_5128 (70782-25)","حشية، مانع تسرب ميكانيكي، رقم الصنف 360Q (رقم القطعة القديم 70782-25_5128 (70782-25))",NON_STOCK,RS-EGPC-SURPLUS,0,,7907114,EACH,70782 25 5127,PUMP MISC,PU
164709,"GASKET, END COVER ITEM NO. 360  MATL 5130,  hold purchasing for six months till August,2015 ref PU e-mail dated 1/2/201","حشية غطاء طرفي، رقم الصنف 360، المادة 5130، يُرجى تعليق الشراء لمدة ستة أشهر حتى أغسطس 2015، مرجع البريد الإلكتروني PU بتاريخ 1/2/2015",NON_STOCK,RS-EGPC-SURPLUS,0,,7907152,EACH,A00046A03,PUMP MISC,PU
173702,"SEAL, CAP HS.","ختم، غطاء HS.",NON_STOCK,RS-EGPC-SURPLUS,0,,3112100,EACH,BM 108877,BR/SL/S.PLG/FLT,PU
177726,"GASKET, DISCHARGE VALVE ACCESSORY CYLINDER 11.5""","حشية، أسطوانة ملحقة بصمام التفريغ 11.5 بوصة",NON_STOCK,RS-EGPC-SURPLUS,0,,8009134,EACH,30A11F0514X10,COMPRESSOR USA,MM
161680,"SHAFT,BOTTOM 316_SS OLD P?N.8046451","عمود، الجزء السفلي 316_SS رقم القطعة القديم 8046451",NON_STOCK,RS-EGPC-SURPLUS,0,,7303104,EACH,8019634,PUMP CENTRIFUG,PU
164839,"HEAD, SHAFT (1.68 IN. X 145 IN. LG.)               NEW P/N. B00020FRP-2216","رأس، عمود (1.68 بوصة × 145 بوصة طولًا) رقم القطعة الجديد B00020FRP-2216",NON_STOCK,RS-EGPC-SURPLUS,0,,7907159,EACH,B00020FRFA2216,PUMP MISC,PU
161690,"GASKET,BOOSTER CONNECTION FLANGE","حشية، شفة توصيل معزز الضغط",NON_STOCK,RS-EGPC-SURPLUS,0,,7308102,EACH,10MM-W272,PUMP CENTRIFUG,PU
175873,SEAL  @O.A.R,سيل @OAR,NON_STOCK,RS-EGPC-SURPLUS,0,,7103152,EACH,4K7463,CATERPILLAR,MM
177614,"IMPELLER, ITEM 673","المروحة، رقم الصنف 673",NON_STOCK,RS-EGPC-SURPLUS,0,,7907161,EACH,B75420F000 1123,PUMP MISC,PU
164703,LOCK WASHER IMPELLER       ITEM NO. 199 A,"حلقة قفل المروحة، رقم الصنف 199 أ",NON_STOCK,RS-EGPC-SURPLUS,0,,7907178,EACH,B10585 3 3211,PUMP MISC,PU
164707,RING WEAR SEAL CHAMBER      ITEM NO. 230,"حجرة ختم التآكل الحلقي، رقم الصنف 230",NON_STOCK,RS-EGPC-SURPLUS,0,,7907178,EACH,,PUMP MISC,PU
114316,"Rope, Wire, offshore crane Aux. Hoist, 3/4 in, 400 ft, Bridon Endurance, Dyform 34 LR, WSC, Galvanized,","حبل، سلك، رافعة بحرية مساعدة، 3/4 بوصة، 400 قدم، بريدون إندورانس، دايفورم 34 LR، WSC، مجلفن.",NON_STOCK,RS-EGPC-SURPLUS,0,,0,EACH,,CRANES,MM
119480,"""STEEL GASKET",حشية فولاذية,NON_STOCK,RS-EGPC-SURPLUS,0,,8001108,EACH,A-0458,COMPRESSOR USA,MM
119594,"SIGHT GLASS , P/N A-5374","زجاج الرؤية، رقم القطعة A-5374",INSURANCE_SPARE,RS-EGPC-SURPLUS,0,,8025100,EACH,A-5374,COMPRESSOR USA,MM
288586,Vacuum Switch,مفتاح المكنسة الكهربائية,INSURANCE_SPARE,RS-GUPCO,0,02/L16D,0,EACH,ZVS12,AUTO SHOP EQUIP,MM
288587,ALGAE-X Magnetic fuel Conditioner (P/N LG-X1500) used for Automated Fuel Filtration System Model : STS 6000-4GPM-S  Seri,مُكيّف الوقود المغناطيسي ALGAE-X (رقم القطعة LG-X1500) يُستخدم في نظام ترشيح الوقود الآلي طراز: STS 6000-4GPM-S,PLANNED_WO,RS-GUPCO,0,,0,EACH,LG-X1500,AUTO SHOP EQUIP,MM
288215,"Steady Brgs., P/NO. B00266B02, P/F:  GOULDS Vertical Pumps Model CV 3171 Group M Size 3X4-13 in CD4MCUN With 316SS Colum","محامل ثابتة، رقم القطعة B00266B02، رقم الصنف: مضخات غولدز العمودية، طراز CV 3171، المجموعة M، المقاس 3X4-13 بوصة CD4MCUN، مع عمود من الفولاذ المقاوم للصدأ 316",INSURANCE_SPARE,RS-GUPCO,1,,7907024,EACH,B00266B02 0000,PUMP MISC,PU
288217,"Coupling Half, P/NO. 91765-99, P/F:  GOULDS Vertical Pumps Model CV 3171 Group M Size 3X4-13 in CD4MCUN With 316SS Colum","نصف وصلة، رقم القطعة 91765-99، رقم الصنف: مضخات غولدز العمودية، طراز CV 3171، المجموعة M، المقاس 3X4-13 بوصة، CD4MCUN، مع عمود من الفولاذ المقاوم للصدأ 316",INSURANCE_SPARE,RS-GUPCO,1,02/V27E,7907024,EACH,91765-99,PUMP MISC,PU
288583,ALGAE-X Smart Filtration Controller (P/N SFC4GPM) used for Automated Fuel Filtration System Model : STS 6000-4GPM-S,"وحدة التحكم الذكية في الترشيح ALGAE-X (رقم القطعة SFC4GPM) المستخدمة في نظام ترشيح الوقود الآلي، طراز: STS 6000-4GPM-S",INSURANCE_SPARE,RS-GUPCO,0,02L16E,0,EACH,SFC4GPM,AUTO SHOP EQUIP,MM
125544,"CAP, THRU. L.S ITEM NO. 2,PT.NO.40030-0083","غطاء، من خلال. رقم الصنف 2، رقم القطعة 40030-0083",PLANNED_WO,RS-GUPCO,0,,3116102,EACH,40030-0083,BR/SL/S.PLG/FLT,PU
288395,Mechanical flow meter with flow switch P/N ZFMM07 used for Automated Fuel Filtration System Model : STS 6000-4GPM-S  Ser,"مقياس تدفق ميكانيكي مزود بمفتاح تدفق رقم القطعة ZFMM07، يُستخدم في نظام ترشيح الوقود الآلي، طراز: STS 6000-4GPM-S",PLANNED_WO,RS-GUPCO,0,,0,EACH,ZFMM07,METERS & GAUGE,MM
283735,"HEAVY DUTY AIR SANDER ( IR )  Part No. 4667A21   McMASTER-CARR  CATALOG 96 Page 1878 , letter ( J )   HEAVY DUTY","صنفرة هوائية شديدة التحمل (IR) رقم القطعة 4667A21، كتالوج ماكماستر-كار 96، الصفحة 1878، الحرف (J) شديدة التحمل",PLANNED_WO,RS-GUPCO,0,,0,EACH,4667A21,TOOLS,MM
165348,"BUSHING, STUFFING BOX","جلبة، صندوق حشو",INSURANCE_SPARE,RS-GUPCO,0,02/V48B,7909110,EACH,421D88AXG2-20,PUMP MISC,PU
110019,"Hold till July 2027 , BEARING, TAPER for CRANKSHAFT ,TIMKEN  29685/29620","يُحفظ حتى يوليو 2027، محمل مخروطي لعمود المرفق، تيمكين 29685/29620",INSURANCE_SPARE,RS-GUPCO,0,,7321122,EACH,29685-29620,BR/SL/S.PLG/FLT,PU
282151,"Bearing Intermediate, item 672 used for goulds pump model 4x9 AHC, 12 STG., Ref. S/N. 314064 (these materials should be","محمل وسيط، رقم الصنف 672، يُستخدم لمضخة غولدز طراز 4x9 AHC، 12 مجموعة، الرقم التسلسلي المرجعي 314064 (يجب أن تكون هذه المواد",INSURANCE_SPARE,RS-GUPCO,0,02T07A,7907177,EACH,A97520F0026132,PUMP MISC,PU
282155,"Column Bottom Assy., item 644 used for goulds pump model 4x9 AHC, 12 STG., Ref. S/N. 314064 (these materials should be m","مجموعة قاعدة العمود، رقم الصنف 644، تُستخدم لمضخة غولدز طراز 4x9 AHC، 12 مجموعة، رقم المرجع التسلسلي 314064 (يجب أن تكون هذه المواد",PLANNED_WO,RS-GUPCO,0,,7907177,EACH,C24020F760 9722,PUMP MISC,PU
282158,"Retainer Bearing item 652, used for goulds pump model 4x9 AHC, 12 STG., Ref. S/N. 314064 )these materials should be made","محمل التثبيت (رقم القطعة 652)، يُستخدم لمضخة غولدز طراز 4x9 AHC، 12 مجموعة، الرقم التسلسلي المرجعي 314064. يجب تصنيع هذه المواد",PLANNED_WO,RS-GUPCO,0,,7907177,EACH,B94240F000 1203,PUMP MISC,PU
282230,"Repair Kit FOR METASTREAM COUPLING TYPE,  MODEL TSCS0110, P/N: 1729190 FOR BINGHAM PUMP,SIZE 3X6X9E. SER.NO.1B615","طقم إصلاح لوصلة ميتاستريم، طراز TSCS0110، رقم القطعة: 1729190، لمضخة بينغهام، مقاس 3×6×9E، الرقم التسلسلي: 1B615",INSURANCE_SPARE,RS-GUPCO,0,02/V65E,0,EACH,87117447,PUMP MISC,PU
278299,CYLINDER BLOCK GROUP P/NO. 1527642 USED FOR F.P. DIESEL ENGINE MODEL D-3406,"مجموعة كتلة الأسطوانات رقم القطعة 1527642، تُستخدم لمحرك ديزل FP طراز D-3406",INSURANCE_SPARE,RS-GUPCO,0,01D16,0,EACH,1527642,CATERPILLAR,MM
282718,"Washer, Product, P/NO. 96705645, FOR  IR  Ingersoll Rand","غسالة، منتج، رقم القطعة 96705645، لشركة إنجرسول راند",PLANNED_WO,RS-GUPCO,0,,0,EACH,96705645,COMPRESSOR USA,MM
133431,"SEAL, LIP FOR CLUTCH ASSY.","مانع تسرب، شفة لمجموعة القابض.",PLANNED_WO,RS-GUPCO,0,,7103140,EACH,6V5340,CATERPILLAR,MM
283834,Shutoff GP- Electrical P/N:2W-8198 Should contain:*2EA Stud-P/N:9X-2649,"صمام إغلاق كهربائي - رقم القطعة: 2W-8198، يجب أن يحتوي على: قطعتين من مسمار التثبيت - رقم القطعة: 9X-2649",INSURANCE_SPARE,RS-GUPCO,0,04/M14F,0,EACH,2W-8198,CATERPILLAR,MM
283835,Centeral &  Lower structure gasket kit used for caterpillar diesel engine model D-3412,طقم حشيات الهيكل المركزي والسفلي المستخدم لمحرك ديزل كاتربيلر طراز D-3412,PLANNED_WO,RS-GUPCO,0,,0,EACH,1CA8C8714,CATERPILLAR,MM
283836,Fuel system gasket kit used for caterpillar diesel engine model D-3412,طقم حشيات نظام الوقود المستخدم لمحرك ديزل كاتربيلر طراز D-3412,INSURANCE_SPARE,RS-GUPCO,0,03/A08C,0,EACH,1CA6V1167,CATERPILLAR,MM
283837,Oil cooler & lines gasket kit used for caterpillar diesel engine model D-3412,"طقم حشيات مبرد الزيت وخطوطه، يُستخدم لمحرك ديزل كاتربيلر طراز D-3412",PLANNED_WO,RS-GUPCO,0,,0,EACH,1CA6V1185,CATERPILLAR,MM
282619,"SCREW , CAP HEX HEAD   M6  X 25 LONG, P/NO. 96702246, FOR  IR  Ingersoll Rand model EP-100","برغي، رأس سداسي M6 × 25، رقم القطعة 96702246، لجهاز IR Ingersoll Rand موديل EP-100",PLANNED_WO,RS-GUPCO,0,,0,EACH,96702246,COMPRESSOR USA,MM
132958,"BEARING, ASSY. FOR CLUTCH ASSY.",مجموعة محمل لمجموعة القابض.,PLANNED_WO,RS-GUPCO,0,,7103140,EACH,5P381,CATERPILLAR,MM
283838,Single cylinder head gasket kit used for caterpillar diesel engine model D-3412,طقم حشية رأس أسطوانة واحدة يستخدم لمحرك ديزل كاتربيلر طراز D-3412,PLANNED_WO,RS-GUPCO,0,,0,EACH,1CA2899183,CATERPILLAR,MM
283839,Water lines group gasket kit used for caterpillar diesel engine model D-3412,طقم حشيات مجموعة خطوط المياه المستخدم لمحرك ديزل كاتربيلر طراز D-3412,PLANNED_WO,RS-GUPCO,0,,0,EACH,1CA6V2544,CATERPILLAR,MM
283840,Water pump repair gasket kit used for caterpillar diesel engine model D-3412,طقم إصلاح حشيات مضخة المياه المستخدم لمحرك ديزل كاتربيلر طراز D-3412,PLANNED_WO,RS-GUPCO,0,,0,EACH,1CA6V2543,CATERPILLAR,MM
283841,Water pump rebuild kit used for caterpillar diesel engine model D-3412,طقم إصلاح مضخة المياه المستخدم لمحرك ديزل كاتربيلر طراز D-3412,INSURANCE_SPARE,RS-GUPCO,0,04/M16A,0,EACH,1CA1293068,CATERPILLAR,MM
288209,"Bearing Lock Nut, P/NO. 8601-0008, P/F:  GOULDS Vertical Pumps Model CV 3171 Group M Size 3X4-13 in CD4MCUN With 316SS C","صامولة قفل المحمل، رقم القطعة 8601-0008، رقم القطعة: مضخات غولدز العمودية، طراز CV 3171، المجموعة M، المقاس 3X4-13 بوصة، CD4MCUN، مع فولاذ مقاوم للصدأ 316",PLANNED_WO,RS-GUPCO,0,,7907024,EACH,8601-0008,PUMP MISC,PU
288210,"Casing Bushing, P/NO. B00590B03, P/F:  GOULDS Vertical Pumps Model CV 3171 Group M Size 3X4-13 in CD4MCUN With 316SS Col","جلبة غلاف، رقم القطعة B00590B03، رقم القطعة: مضخات غولدز العمودية، طراز CV 3171، المجموعة M، المقاس 3X4-13 بوصة، CD4MCUN، مصنوعة من الفولاذ المقاوم للصدأ 316.",PLANNED_WO,RS-GUPCO,0,,7907024,EACH,B00590B03,PUMP MISC,PU
288211,"Strainer, P/NO. Strainer, P/F:  GOULDS Vertical Pumps Model CV 3171 Group M Size 3X4-13 in CD4MCUN With 316SS Column use","مصفاة، رقم القطعة: مصفاة، رقم القطعة: مضخات غولدز العمودية، طراز CV 3171، المجموعة M، المقاس 3×4-13 بوصة، CD4MCUN، مع عمود من الفولاذ المقاوم للصدأ 316.",INSURANCE_SPARE,RS-GUPCO,0,02/V05e,7907024,EACH,C01948B 3216,PUMP MISC,PU
288214,"Grease Fitting, P/NO. 9008-01646, P/F:  GOULDS Vertical Pumps Model CV 3171 Group M Size 3X4-13 in CD4MCUN With 316SS Co","وصلة تشحيم، رقم القطعة 9008-01646، من إنتاج: مضخات غولدز العمودية، طراز CV 3171، المجموعة M، مقاس 3×4-13 بوصة، CD4MCUN، مصنوعة من الفولاذ المقاوم للصدأ 316",PLANNED_WO,RS-GUPCO,0,,7907024,EACH,9008-01646,PUMP MISC,PU
288219,"Sleeve, Coupling, P/NO. A01381A06, P/F:  GOULDS Vertical Pumps Model CV 3171 Group M Size 3X4-13 in CD4MCUN With 316SS C","وصلة، رقم القطعة A01381A06، رقم المنتج: مضخات غولدز العمودية، طراز CV 3171، المجموعة M، المقاس 3×4-13 بوصة، CD4MCUN، مع فولاذ مقاوم للصدأ 316",INSURANCE_SPARE,RS-GUPCO,0,02/V27F,7907024,EACH,A01381A06,PUMP MISC,PU
288220,"Nut, Pipe, P/NO. 9112, P/F:  GOULDS Vertical Pumps Model CV 3171 Group M Size 3X4-13 in CD4MCUN With 316SS Column used a","صامولة، أنبوب، رقم القطعة 9112، رقم الصنف: مضخات غولدز العمودية، طراز CV 3171، المجموعة M، مقاس 3×4-13 بوصة، CD4MCUN، مع عمود من الفولاذ المقاوم للصدأ 316.",INSURANCE_SPARE,RS-GUPCO,0,02/V27G,7907024,EACH,9112,PUMP MISC,PU
288223,"Labrinth seal, P/NO. A05376E00, P/F:  GOULDS Vertical Pumps Model CV 3171 Group M Size 3X4-13 in CD4MCUN With 316SS Colu","مانع تسرب لابريث، رقم القطعة A05376E00، رقم المنتج: مضخات غولدز العمودية، طراز CV 3171، المجموعة M، المقاس 3X4-13 بوصة CD4MCUN، مصنوع من الفولاذ المقاوم للصدأ 316",PLANNED_WO,RS-GUPCO,0,,7907024,EACH,A05376E00,PUMP MISC,PU
288224,"Lip Seal, P/NO. A01535B, P/F:  GOULDS Vertical Pumps Model CV 3171 Group M Size 3X4-13 in CD4MCUN With 316SS Column used","مانع تسرب شفوي، رقم القطعة A01535B، رقم الصنف: مضخات غولدز العمودية، طراز CV 3171، المجموعة M، مقاس 3×4-13 بوصة، CD4MCUN، مع عمود من الفولاذ المقاوم للصدأ 316.",PLANNED_WO,RS-GUPCO,0,,7907024,EACH,A01535B 0000,PUMP MISC,PU
288225,"STDY BRG SEAL, P/NO. 8690-48118, Item: 333H, SKF part no.: 16054 , Dimensions: (1.625 X 2.125 X 0.25) , P/F: GOULDS V","مانع تسرب حامل قياسي، رقم القطعة 8690-48118، الصنف: 333H، رقم قطعة SKF: 16054، الأبعاد: (1.625 × 2.125 × 0.25)، P/F: GOULDS V",INSURANCE_SPARE,RS-GUPCO,1,,7907024,EACH,8690-48118,PUMP MISC,PU
288199,"Adapter, P/NO. D02036E00, P/F:  GOULDS Vertical Pumps Model CV 3171 Group M Size 3X4-13 in CD4MCUN With 316SS Column use","محول، رقم القطعة D02036E00، رقم الصنف: مضخات غولدز العمودية، طراز CV 3171، المجموعة M، المقاس 3X4-13 بوصة CD4MCUN، للاستخدام مع عمود من الفولاذ المقاوم للصدأ 316",INSURANCE_SPARE,RS-GUPCO,0,01/E25D,7907024,EACH,D02036E00,PUMP MISC,PU
288200,"Ball Bearing, SKF P/NO. 3308A-2RS1 used for GOULDS Vertical Pumps Model CV 3171 Group M Size 3X4-13 in CD4MCUN With 316S","محمل كروي، SKF رقم القطعة 3308A-2RS1، يُستخدم في مضخات GOULDS العمودية طراز CV 3171 المجموعة M، مقاس 3X4-13 بوصة CD4MCUN، مصنوع من الفولاذ المقاوم للصدأ 316S",INSURANCE_SPARE,RS-GUPCO,0,02G63E,7907024,EACH,3308A,BR/SL/S.PLG/FLT,PU
288212,"Suprt. Plate, P/NO. Suprtpltio, P/F:  GOULDS Vertical Pumps Model CV 3171 Group M Size 3X4-13 in CD4MCUN With 316SS Colu","لوحة الدعم، رقم القطعة: لوحة الدعم، رقم القطعة: مضخات غولدز العمودية، طراز CV 3171، المجموعة M، المقاس 3X4-13 بوصة، CD4MCUN، مع لون 316SS",INSURANCE_SPARE,RS-GUPCO,0,01/E27E,7907024,EACH,Suprtpltio,PUMP MISC,PU
288213,"Column (Head), P/NO. B00253B02, P/F:  GOULDS Vertical Pumps Model CV 3171 Group M Size 3X4-13 in CD4MCUN With 316SS Colu","عمود (رأس)، رقم القطعة B00253B02، رقم الصنف: مضخات غولدز العمودية، طراز CV 3171، المجموعة M، المقاس 3X4-13 بوصة CD4MCUN، مع عمود من الفولاذ المقاوم للصدأ 316",INSURANCE_SPARE,RS-GUPCO,0,07/YARD,7907024,EACH,B00253B02,PUMP MISC,PU
288218,"Coupling Half, P/NO. 91765-16, P/F:  GOULDS Vertical Pumps Model CV 3171 Group M Size 3X4-13 in CD4MCUN With 316SS Colum","نصف وصلة، رقم القطعة 91765-16، رقم الصنف: مضخات غولدز العمودية، طراز CV 3171، المجموعة M، المقاس 3X4-13 بوصة، CD4MCUN، مع عمود من الفولاذ المقاوم للصدأ 316",INSURANCE_SPARE,RS-GUPCO,1,02/V27F,7907024,EACH,91765-16,PUMP MISC,PU
288222,"Elbow, Disch., P/NO. B01466E00, P/F:  GOULDS Vertical Pumps Model CV 3171 Group M Size 3X4-13 in CD4MCUN With 316SS Colu","كوع، مخرج، رقم القطعة B01466E00، نوع المنتج: مضخات غولدز العمودية، طراز CV 3171، المجموعة M، مقاس 3×4-13 بوصة، CD4MCUN، مع لون من الفولاذ المقاوم للصدأ 316",INSURANCE_SPARE,RS-GUPCO,0,02/V27G,7907024,EACH,B01466E00,PUMP MISC,PU
237458,"OIL FILTER  ( P.No. #  2654403   ) used for PERKINS Diesel Generator Engine  Model : 1006TAG  ,","فلتر زيت (رقم القطعة 2654403) يستخدم لمحرك مولد ديزل بيركنز طراز: 1006TAG،",PLANNED_WO,RS-GUPCO,0,,0,EACH,2654403,WELDING EQUIP,MM
283158,"BELT  (P.No.  2614B658) used for PERKINS Diesel Generator Engine  Model : 1006TAG  , Serail No. : YD51440","حزام (رقم القطعة 2614B658) يُستخدم لمحرك مولد ديزل بيركنز، طراز: 1006TAG، الرقم التسلسلي: YD51440",PLANNED_WO,RS-GUPCO,0,,0,EACH,2614B658,BELT/TRANSMIT,MM
282154,"Strainer , P/N : B44360F008AA11, item 698 used for goulds pump model 4x9 AHC, 12 STG., Ref. S/N. 314064 (these materials","مصفاة، رقم القطعة: B44360F008AA11، رقم الصنف: 698، تُستخدم لمضخة غولدز طراز 4x9 AHC، 12 مجموعة، رقم المرجع: 314064 (هذه المواد",PLANNED_WO,RS-GUPCO,0,,7907177,EACH,B44360F008AA11,PUMP MISC,PU
282612,"NUT , HEX FINSHED 0.75 UNC  2B, P/NO. 95922928, FOR  IR  Ingersoll Rand model EP-100","صامولة سداسية الشكل، مقاس 0.75 UNC 2B، رقم القطعة 95922928، لطراز IR Ingersoll Rand EP-100",PLANNED_WO,RS-GUPCO,0,,0,EACH,95922928,COMPRESSOR USA,MM
282617,"SCREW , CAP HEX HEAD  .75 X  2.5 LONG, P/NO. 95929105, FOR  IR  Ingersoll Rand model EP-100","برغي، رأس سداسي، 0.75 × 2.5 بوصة، رقم القطعة 95929105، لجهاز IR Ingersoll Rand موديل EP-100",PLANNED_WO,RS-GUPCO,0,,0,EACH,95929105,COMPRESSOR USA,MM
288226,"Gskt. Adap. /Csng, P/NO. 70782-28, P/F:  GOULDS Vertical Pumps Model CV 3171 Group M Size 3X4-13 in CD4MCUN With 316SS C","محول حشية / غطاء، رقم القطعة 70782-28، رقم الصنف: مضخات غولدز العمودية، طراز CV 3171، المجموعة M، المقاس 3X4-13 بوصة، CD4MCUN، مع فولاذ مقاوم للصدأ 316",PLANNED_WO,RS-GUPCO,0,,7907024,EACH,70782-28,PUMP MISC,PU
288227,"Retg. Rng. Ball Brg., P/NO. 58101-354, P/F:  GOULDS Vertical Pumps Model CV 3171 Group M Size 3X4-13 in CD4MCUN With 316","حلقة تثبيت كروية، رقم القطعة 58101-354، رقم الصنف: مضخات غولدز العمودية، طراز CV 3171، المجموعة M، المقاس 3×4-13 بوصة، CD4MCUN، مع 316",INSURANCE_SPARE,RS-GUPCO,0,02/V25B,7907024,EACH,58101-354,PUMP MISC,PU
288328,"ITT GOULDS Bowl assembly, Model VIT-FF, Size 16BHC, 2-Stg, S/No. 305420.","مجموعة وعاء ITT GOULDS، طراز VIT-FF، حجم 16BHC، 2-Stg، رقم التسلسل 305420.",STRATEGIC_WO,RS-GUPCO,0,,7907158,EACH,~,PUMP MISC,PU
288582,Leak Detector ( Float Switch) (P/N ZFS10NC) used for Automated Fuel Filtration System Model : STS 6000-4GPM-S  Serial No,"كاشف تسرب (مفتاح عائم) (رقم القطعة ZFS10NC) يُستخدم في نظام ترشيح الوقود الآلي، طراز: STS 6000-4GPM-S، الرقم التسلسلي",INSURANCE_SPARE,RS-GUPCO,0,02L16E,0,EACH,ZFS10NC,AUTO SHOP EQUIP,MM
125545,"CAP, THRU. H.S. ITEM NO. 3,PT.NO.40030-0084","غطاء، من خلال. رقم الصنف 3، رقم القطعة 40030-0084",PLANNED_WO,RS-GUPCO,0,,3116102,EACH,40030-0084,BR/SL/S.PLG/FLT,PU
283892,"""Manually operated Lever hoist in accordance with",رافعة يدوية التشغيل وفقًا لـ,PLANNED_WO,RS-GUPCO,8,01A32,0,EACH,~,CORDG & CHAIN,MM
283893,"""Manually operated Lever hoist in accordance with BSEN 13157:2004+A1:2009",رافعة يدوية التشغيل وفقًا للمعيار BSEN 13157:2004+A1:2009,PLANNED_WO,RS-GUPCO,5,,0,EACH,,CORDG & CHAIN,MM
288584,Gear pump-Motor Assembly (P/N ZPMP4) used for Automated Fuel Filtration System Model : STS 6000-4GPM-S  Serial No. : K-1,"مجموعة مضخة التروس والمحرك (رقم القطعة ZPMP4) المستخدمة في نظام ترشيح الوقود الآلي، طراز: STS 6000-4GPM-S، الرقم التسلسلي: K-1",PLANNED_WO,RS-GUPCO,0,,0,EACH,ZPMP4,AUTO SHOP EQUIP,MM
282149,"Bowl Intermediate, item 670 used for goulds pump model 4x9 AHC, 12 STG., Ref. S/N. 314064 (these materials should be mad","وعاء متوسط، رقم الصنف 670، يُستخدم لمضخة غولدز طراز 4x9 AHC، 12 مجموعة، الرقم المرجعي 314064 (يجب تصنيع هذه المواد",PLANNED_WO,RS-GUPCO,0,,7907177,EACH,C40130F002 1123,PUMP MISC,PU
292232,"Reservoir,Oil , P/N:208997A , For Engine Model: F3521G , S/N:5283702784","خزان زيت، رقم القطعة: 208997A، لمحرك طراز: F3521G، الرقم التسلسلي: 5283702784",INSURANCE_SPARE,RS-GUPCO,0,02R51B,0,EACH,208997A,ENGINE USA,MM
292239,"Radiator Fan Belts Used For Ecodyne Draft Air Cooler , Radiator  Model No.:ES-48-1FS, P/N:1320-Blt-EHX17-850 ,","أحزمة مروحة الرادياتير المستخدمة في مبرد الهواء Ecodyne Draft، رقم موديل الرادياتير: ES-48-1FS، رقم القطعة: 1320-Blt-EHX17-850،",INSURANCE_SPARE,RS-GUPCO,0,03R45B,0,SET,1320-Blt-EHX17-850,BELT/TRANSMIT,MM
293374,Shaft As. Rocker Arm P/N 4N-1106,"عمود ذراع التأرجح، رقم القطعة 4N-1106",INSURANCE_SPARE,RS-GUPCO,0,04/M22B,0,EACH,1CA4N1106,CATERPILLAR,MM
291644,"CONNECTOR FOR AIREND  COMP. EP60 , P/N 95989695","موصل لوحدة ضغط الهواء EP60، رقم القطعة 95989695",INSURANCE_SPARE,RS-GUPCO,0,,0,EACH,95989695,COMPRESSOR USA,MM
291641,"CONNECTOR ,1.00  TUBE X1.31 SAE FOR EP60 , P/N 39111752","موصل، أنبوب 1.00 × 1.31 SAE لـ EP60، رقم القطعة 39111752",PLANNED_WO,RS-GUPCO,0,,0,EACH,95938148,COMPRESSOR USA,MM
292236,"Manifold , Water , Rear -Assembly , P/N:D205477B , Used For Engine Model: F3521G , S/N:5283702784","مشعب الماء، مجموعة خلفية، رقم القطعة: D205477B، يُستخدم لمحرك طراز: F3521G، الرقم التسلسلي: 5283702784",INSURANCE_SPARE,RS-GUPCO,0,02Q46,0,EACH,D205477B,ENGINE USA,MM
292305,"Separator, Moisture is used for Ingersoll Rand-Air Compressor Model EP-60 , P/N 39906334","يُستخدم فاصل الرطوبة مع ضاغط الهواء من طراز Ingersoll Rand-Air EP-60، رقم القطعة 39906334",INSURANCE_SPARE,RS-GUPCO,0,02/W21E,0,EACH,38430005,COMPRESSOR USA,MM
291645,"CONNECTOR FOR AIREND  COMP. EP60 , P/N 96739701","موصل لوحدة ضغط الهواء EP60، رقم القطعة 96739701",PLANNED_WO,RS-GUPCO,0,,0,EACH,96739701,COMPRESSOR USA,MM
291638,"SCREW,SOCKET HEAD FOR AIR END EP60 , P/N 39178637","برغي، رأس مقبس لوحدة ضغط الهواء EP60، رقم القطعة 39178637",PLANNED_WO,RS-GUPCO,0,,0,EACH,39178637,COMPRESSOR USA,MM
291639,"WASHER, SPRING LOCK FOR SCREW,SOCKET HEAD FOR AIR END EP60 , P/N 96721097","غسالة، قفل زنبركي للمسمار، رأس مقبس لوحدة ضغط الهواء EP60، رقم القطعة 96721097",PLANNED_WO,RS-GUPCO,0,02/W19B,0,EACH,96721097,COMPRESSOR USA,MM
291643,"ELBOW FOR AIREND  COMP. EP60 , P/N 39311618","كوع لمكونات وحدة ضغط الهواء EP60، رقم القطعة 39311618",PLANNED_WO,RS-GUPCO,0,,0,EACH,39311618,COMPRESSOR USA,MM
292233,"Valve ,3way NC Sol.,025npt , P/N:211194C Used For Engine Model: F3521G , S/N:5283702784","صمام ثلاثي الاتجاهات مغلق عادةً، مقاس 025NPT، رقم القطعة: 211194C، يُستخدم لمحرك طراز: F3521G، الرقم التسلسلي: 5283702784",INSURANCE_SPARE,RS-GUPCO,0,02R51B,0,EACH,211194C,ENGINE USA,MM
293375,Multiple Cylinder Head Gasket Kit  P/N 6V-1785,"طقم حشيات رأس الأسطوانة المتعددة، رقم القطعة 6V-1785",INSURANCE_SPARE,RS-GUPCO,0,04K09,0,EACH,1CA6V1785,CATERPILLAR,MM
293422,"Bearing retainer item no. 187, used for sulzer bingham pump type CDA, size 8X10X18, S/No. 2H 319/21","حامل محمل، رقم الصنف 187، يُستخدم لمضخة سولزر بينغهام من النوع CDA، المقاس 8×10×18، الرقم التسلسلي 2H 319/21",INSURANCE_SPARE,RS-GUPCO,0,,7902112,EACH,571.344,PUMP MISC,PU
293423,"Cross head oil seal (408) used for Milroyal (D), Pump code MD 46 (55) S(F) 3, 2N350/ND.VV2 plunger end liquid type N.","مانع تسرب الزيت ذو الرأس المتقاطع (408) المستخدم في Milroyal (D)، رمز المضخة MD 46 (55) S(F) 3، 2N350/ND.VV2 نوع السائل ذو نهاية المكبس N.",INSURANCE_SPARE,RS-GUPCO,0,,0,EACH,4380235000N,PUMP CENTRIFUG,PU
294336,"Retainer BRG FLG 82.63 OR, Mat. C958, P/No. 82299751","حامل BRG FLG 82.63 OR، المادة C958، رقم القطعة 82299751",PLANNED_WO,RS-GUPCO,0,,7909108,EACH,,PUMP MISC,PU
294011,"Bit tool premium carbide tipped, style AR-8  Right hand, grade C-5, 1/2X1/2X3.5 LG, EDP no. 70127, STD package = 10","أداة حفر ذات رأس من الكربيد الممتاز، طراز AR-8، يمين، درجة C-5، 1/2 × 1/2 × 3.5 بوصة، رقم EDP 70127، العبوة القياسية = 10",MIN_MAX,RS-GUPCO,0,,0,PACKAGE,70127,TOOLS,PU
291633,"TUBE ,SCAVENGE FOR AIR COMP. EP60 , P/N 39906110","أنبوب، ضاغط هواء EP60، رقم القطعة 39906110",PLANNED_WO,RS-GUPCO,0,,0,EACH,22173207,COMPRESSOR USA,MM
291634,"ELBOW FOR AIR COMP. EP60 , P/N 39308655","كوع ضاغط هواء EP60، رقم القطعة 39308655",PLANNED_WO,RS-GUPCO,0,02U40,0,EACH,39308655,COMPRESSOR USA,MM
291640,"CONNECTOR 1.5 TUBE X1.5 NPT , FOR EP60 , P/N 95937553","موصل أنبوب 1.5 × 1.5 NPT، لـ EP60، رقم القطعة 95937553",PLANNED_WO,RS-GUPCO,0,02/W19B,0,EACH,95937553,COMPRESSOR USA,MM
292148,"GEAR, SET, P/N 88115753 , PARTS FOR ROTARY AIR COMPRESSOR MODEL SSR EP60 (DRIVE MOTOR 75 HP) (INGERSOLL RAND GENUINE PAR","مجموعة تروس، رقم القطعة 88115753، قطع غيار لضاغط هواء دوار طراز SSR EP60 (محرك قيادة 75 حصان) (قطع غيار أصلية من إنجرسول راند)",INSURANCE_SPARE,RS-GUPCO,0,02U 40 E,0,EACH,88115753,COMPRESSOR USA,MM
291642,"Elbow,1.00 Tube X1.31 SAE for EP60 , P/N 95938171","كوع، أنبوب 1.00 × 1.31 SAE لـ EP60، رقم القطعة 95938171",PLANNED_WO,RS-GUPCO,0,,0,EACH,95938171,COMPRESSOR USA,MM
292235,"Manifold , Water ,Center Assembly , P/N:D205477A ,  Used For Engine Model: F3521G , S/N:5283702784","مشعب، ماء، مجموعة مركزية، رقم القطعة: D205477A، يُستخدم لمحرك طراز: F3521G، الرقم التسلسلي: 5283702784",INSURANCE_SPARE,RS-GUPCO,0,02Q44,0,EACH,D205477A,ENGINE USA,MM
291635,"CONNECTOR FOR AIR COMP. EP60 , P/N 95962601","موصل لضاغط الهواء EP60، رقم القطعة 95962601",INSURANCE_SPARE,RS-GUPCO,0,02/W19A,0,EACH,95962601,COMPRESSOR USA,MM
291636,"CONNECTOR FOR AIR COMP. EP60 , P/N 95937488","موصل لضاغط الهواء EP60، رقم القطعة 95937488",INSURANCE_SPARE,RS-GUPCO,0,02/W19A,0,EACH,95937488,COMPRESSOR USA,MM
291637,"BATT ,INTAKE , P/N 39898390","بطارية، مدخل، رقم القطعة 39898390",MIN_MAX,RS-GUPCO,0,,0,EACH,39898390,COMPRESSOR USA,MM
292245,"Thermostat ,160 F , P/N:496816 , Used For Temperature Control Valve For Engine Model: F3521G, S/N:5283702784","منظم حرارة، 160 فهرنهايت، رقم القطعة: 496816، يُستخدم كصمام تحكم في درجة الحرارة لمحرك طراز: F3521G، الرقم التسلسلي: 5283702784",PLANNED_WO,RS-GUPCO,0,,0,EACH,496816,ENGINE USA,MM
291700,"Hose , hydraulic 1.5 nominal X41.75 INCH for EP60 , P/N 39573100 , CERTIFICATE ARE REQUIRED","خرطوم هيدروليكي 1.5 بوصة اسمي × 41.75 بوصة لـ EP60، رقم القطعة 39573100، يلزم وجود شهادة.",MIN_MAX,RS-GUPCO,0,,0,EACH,85562536,COMPRESSOR USA,MM
293376,Rocker Arm GP   P/N 4N-1718,ذراع التأرجح GP P/N 4N-1718,INSURANCE_SPARE,RS-GUPCO,0,04/M22D,0,EACH,4N-1718,CATERPILLAR,MM
294502,"MOTOR SPRT 10"" H 4000#, P/NO. D01212B 1000.","MOTOR SPRT 10"" H 4000#, P/NO. D01212B 1000.",PLANNED_WO,RS-GUPCO,0,,7907124,EACH,D01212B 1000,PUMP MISC,PU
293373,Dowel  P/N 4N-0955,وتد رقم القطعة 4N-0955,PLANNED_WO,RS-GUPCO,0,04/M22B,0,EACH,10CA4N0955,CATERPILLAR,MM
291672,Valve As-check (fuel trans pump inlet & outlet) P/N 169-2130 for Caterpillar Diesel Engine Model (3406c) serial number 1,صمام فحص (مدخل ومخرج مضخة نقل الوقود) رقم القطعة 169-2130 لمحرك ديزل كاتربيلر طراز (3406c) الرقم التسلسلي 1,INSURANCE_SPARE,RS-GUPCO,0,04M20B,0,EACH,169-2130,CATERPILLAR,MM
292342,"Piston 10:1 comp.ratio , part no. 205504 Z , used for engine model:F3521G  S/N:5283702784","مكبس بنسبة انضغاط 10:1، رقم القطعة 205504 Z، يُستخدم لمحرك طراز: F3521G، الرقم التسلسلي: 5283702784",INSURANCE_SPARE,RS-GUPCO,0,01C15B,0,EACH,205504 Z,ENGINE USA,MM
294566,"Cylinder Head Assembly Engine Model:L7042GSI, P/No: AA204702R (Waukeash  GENUINE PART , MADE IN USA, DO NOT SUBSTITUTE)","مجموعة رأس الأسطوانة، طراز المحرك: L7042GSI، رقم القطعة: AA204702R (قطعة أصلية من Waukeash، صنع في الولايات المتحدة الأمريكية، لا تستبدلها)",MIN_MAX,RS-GUPCO,0,01C11H,0,EACH,AA204702R,ENGINE USA,MM
295077,"Vertical industrial turbine Pump complete without Electrical Motor, The pump consists of discharge head, flanged columns","مضخة توربينية صناعية عمودية كاملة بدون محرك كهربائي، تتكون المضخة من رأس تصريف وأعمدة ذات حواف",STRATEGIC_WO,RS-GUPCO,0,,0,EACH,,PUMP MISC,PU
294010,"Square tool bits ,Style AL 0° lead Angle ,turning tool premium carbide tipped for turning to a square shoulder.","رؤوس أدوات مربعة، طراز AL بزاوية ميل 0 درجة، أداة خراطة ذات طرف كربيد ممتاز للخراطة إلى كتف مربع.",MIN_MAX,RS-GUPCO,0,,0,EACH,70245,TOOLS,PU
294012,"Bit tool premium carbide tipped, style AL-8 (Left hand), grade C-5, 1/2X1/2X3.5 LG, EDP no. 70227, Morse cutting tool","أداة قطع ذات رأس من الكربيد الممتاز، طراز AL-8 (يسار)، درجة C-5، 1/2 × 1/2 × 3.5 بوصة، رقم EDP 70227، أداة قطع مورس",MIN_MAX,RS-GUPCO,0,,0,PACKAGE,70227,TOOLS,PU
145432,"CAM SHAFT, ASSY.   ( 6N5673 )                      FOR  4N963  CAM SHAFT GROUP","عمود الكامات، مجموعة (6N5673) لمجموعة عمود الكامات 4N963",INSURANCE_SPARE,RS-GUPCO,0,01D26E (1),7113408,EACH,1CA2W7980,CATERPILLAR,MM
293372,Clamp Housing   P/N 9N-2039,غطاء المشبك رقم القطعة 9N-2039,PLANNED_WO,RS-GUPCO,0,,0,EACH,1CA9N2039,CATERPILLAR,MM
302066,"Hollow bar, 316 stainless steel material, 2.5""ID X 5.00""OD X 12.00"" L","قضيب مجوف، مصنوع من الفولاذ المقاوم للصدأ 316، القطر الداخلي 2.5 بوصة × القطر الخارجي 5.00 بوصة × الطول 12.00 بوصة",MIN_MAX,RS-GUPCO,0,,0,EACH,~,METALS& PLASTIC,PU
302064,"Hollow bar, 316 stainless steel material, 5.00""ID X 7.00""OD X 12.00"" L","قضيب مجوف، مصنوع من الفولاذ المقاوم للصدأ 316، القطر الداخلي 5.00 بوصة × القطر الخارجي 7.00 بوصة × الطول 12.00 بوصة",MIN_MAX,RS-GUPCO,0,01A20H,0,EACH,~,METALS& PLASTIC,PU
302063,"Hollow bar, 316 stainless steel material, 7.00""ID X 9.00""OD X 12.00"" L","قضيب مجوف، مصنوع من الفولاذ المقاوم للصدأ 316، القطر الداخلي 7.00 بوصة × القطر الخارجي 9.00 بوصة × الطول 12.00 بوصة",MIN_MAX,RS-GUPCO,0,01A20H,0,EACH,~,METALS& PLASTIC,PU
302062,"Hollow bar,316 Stainless steel material, 200mm ID X 275mm OD X 508mm L","قضيب مجوف، مصنوع من الفولاذ المقاوم للصدأ 316، القطر الداخلي 200 مم × القطر الخارجي 275 مم × الطول 508 مم",MIN_MAX,RS-GUPCO,0,01A22H,0,EACH,~,METALS& PLASTIC,PU
302065,"Hollow bar, 316 stainless steel material, 3""ID X 6.00""OD X 12.00"" L","قضيب مجوف، مصنوع من الفولاذ المقاوم للصدأ 316، القطر الداخلي 3 بوصات × القطر الخارجي 6 بوصات × الطول 12 بوصة",MIN_MAX,RS-GUPCO,0,,0,EACH,~,METALS& PLASTIC,PU
302990,"Elbow GP-Exhaust ,  1/EA P.N: 8N1184 ELBOW , 1/EA P.N: 9L5839 COUPLING , 10/EA P.N: 5L8854 RING","كوع عادم GP، قطعة واحدة، رقم القطعة: 8N1184، كوع، قطعة واحدة، رقم القطعة: 9L5839، وصلة، 10 قطع، رقم القطعة: 5L8854، حلقة",INSURANCE_SPARE,RS-GUPCO,0,,0,EACH,142-6073,CATERPILLAR,MM
302353,"Temperature Switch 117°C , P/N : 100003445 ,  is used for  Comp Air Portable Diesel air compressor Model DLT 1302,","مفتاح درجة الحرارة 117 درجة مئوية، رقم القطعة: 100003445، يستخدم لضاغط الهواء المحمول الذي يعمل بالديزل من طراز Comp Air DLT 1302،",INSURANCE_SPARE,RS-GUPCO,0,02V08C,0,EACH,100003445,COMPRESSOR OTHR,MM
302354,"Seal of Temperature Switch , P/N : A93189460 ,  is used for  Comp Air Portable Diesel air compressor Model DLT 1302,","يُستخدم ختم مفتاح درجة الحرارة، رقم القطعة: A93189460، لضاغط الهواء المحمول الذي يعمل بالديزل من طراز Comp Air DLT 1302.",INSURANCE_SPARE,RS-GUPCO,0,02V08B,0,EACH,A93189460,COMPRESSOR OTHR,MM
302355,"Radiator Level Switch , P/N : 100003913 ,  is used for  Comp Air Portable Diesel air compressor Model DLT 1302,","مفتاح مستوى الرادياتير، رقم القطعة: 100003913، يستخدم لضاغط الهواء المحمول الذي يعمل بالديزل من طراز Comp Air DLT 1302،",INSURANCE_SPARE,RS-GUPCO,0,02V08B,0,EACH,100003913,COMPRESSOR OTHR,MM
302356,"Fuel Tank Float Switch , P/N : A10544874 ,  is used for  Comp Air Portable Diesel air compressor Model DLT 1302,","مفتاح عائم خزان الوقود، رقم القطعة: A10544874، يستخدم لضاغط الهواء المحمول الذي يعمل بالديزل من طراز Comp Air DLT 1302،",INSURANCE_SPARE,RS-GUPCO,0,02V08C,0,EACH,A10544874,COMPRESSOR OTHR,MM
302357,"Fuel Preliminary Filter Element  , P/N : 100005216 ,  is used for  Comp Air Portable Diesel air compressor Model DLT 130","عنصر فلتر الوقود الأولي، رقم القطعة: 100005216، يُستخدم لضاغط الهواء المحمول الذي يعمل بالديزل من طراز Comp Air DLT 130",MIN_MAX,RS-GUPCO,0,02G59A,0,EACH,100005216,BR/SL/S.PLG/FLT,MM
302358,"Fuel Preliminary Filter Drain Pan , P/N : 100005217 ,   is used for  Comp Air Portable Diesel air compressor Model DLT 1","حوض تصريف فلتر الوقود الأولي، رقم القطعة: 100005217، يُستخدم مع ضاغط الهواء المحمول الذي يعمل بالديزل من طراز Comp Air DLT 1",MIN_MAX,RS-GUPCO,0,02G59A,0,EACH,100005217,BR/SL/S.PLG/FLT,MM
302359,"Air Filter Insert , P/N : 100005026 ,  is used for  Comp Air Portable Diesel air compressor Model DLT 1302,","يُستخدم فلتر الهواء الداخلي، رقم القطعة: 100005026، لضاغط الهواء المحمول الذي يعمل بالديزل من طراز Comp Air DLT 1302.",MIN_MAX,RS-GUPCO,0,02G59D,0,EACH,100005026,BR/SL/S.PLG/FLT,MM
302388,"Safety Cartridge , P/N : 100005027  ,   is used for  Comp Air Portable Diesel air compressor Model DLT 1302,","خرطوشة الأمان، رقم القطعة: 100005027، تُستخدم لضاغط الهواء المحمول الذي يعمل بالديزل من طراز Comp Air DLT 1302،",INSURANCE_SPARE,RS-GUPCO,0,02G59H,0,EACH,100005027,BR/SL/S.PLG/FLT,MM
302360,"Pressure Control Device , P/N : 100007925 ,  is used for  Comp Air Portable Diesel air compressor Model DLT 1302,","جهاز التحكم بالضغط، رقم القطعة: 100007925، يستخدم لضاغط الهواء المحمول الذي يعمل بالديزل من طراز Comp Air DLT 1302،",INSURANCE_SPARE,RS-GUPCO,0,02V08C,0,EACH,100007925,COMPRESSOR OTHR,MM
302361,"Solenoid Valve 24V on-Load , P/N : 100007925 ,  is used for  Comp Air Portable Diesel air compressor Model DLT 1302,","صمام الملف اللولبي 24 فولت تحت الحمل، رقم القطعة: 100007925، يستخدم لضاغط الهواء المحمول الذي يعمل بالديزل من طراز Comp Air DLT 1302،",INSURANCE_SPARE,RS-GUPCO,0,02V08C,0,EACH,100007926,COMPRESSOR OTHR,MM
302362,"Solenoid Valve 3/2- Way , P/N : A10243174 ,  is used for  Comp Air Portable Diesel air compressor Model DLT 1302,","صمام الملف اللولبي 3/2 اتجاه، رقم القطعة: A10243174، يستخدم لضاغط الهواء المحمول الذي يعمل بالديزل من طراز Comp Air DLT 1302،",INSURANCE_SPARE,RS-GUPCO,0,02V08C,0,EACH,A10243174,COMPRESSOR OTHR,MM
302363,"Water Separator for after cooler assembly, P/N : 100009863 ,  is used for  Comp Air Portable Diesel air compressor Model","فاصل الماء لمجموعة التبريد اللاحق، رقم القطعة: 100009863، يُستخدم مع ضاغط الهواء المحمول الذي يعمل بالديزل من طراز Comp Air",INSURANCE_SPARE,RS-GUPCO,0,02V08H,0,EACH,ZS1088151,COMPRESSOR OTHR,MM
302365,"First Filter Element  for after cooler assembly , P/N : A51131374 , is used for  Comp Air Portable Diesel air compressor","عنصر الترشيح الأول لمجموعة المبرد اللاحق، رقم القطعة: A51131374، يُستخدم لضاغط الهواء المحمول الذي يعمل بالديزل من شركة Comp Air",INSURANCE_SPARE,RS-GUPCO,0,02G59B,0,EACH,A51131374,BR/SL/S.PLG/FLT,MM
302366,"Condensate Separator  for after cooler assembly , P/N : 100012396 , is used for  Comp Air Portable Diesel air compressor","فاصل المكثفات لمجموعة التبريد اللاحق، رقم القطعة: 100012396، يُستخدم لضاغط الهواء المحمول الذي يعمل بالديزل من شركة Comp Air",INSURANCE_SPARE,RS-GUPCO,0,02V08C,0,EACH,100012396,COMPRESSOR OTHR,MM
302367,"Second Filter Element  for after cooler assembly , P/N : A51131474 ,   is used for  Comp Air Portable Diesel air compres","عنصر الترشيح الثاني لمجموعة المبرد اللاحق، رقم القطعة: A51131474، يُستخدم لضاغط الهواء المحمول الذي يعمل بالديزل من شركة Comp Air",INSURANCE_SPARE,RS-GUPCO,0,02G59C,0,EACH,A51131474,BR/SL/S.PLG/FLT,MM
302369,"Compressor Oil Coolant , P/N : scwo 4000-20 ,  is used for  Comp Air Portable Diesel air compressor Model DLT 1302,","سائل تبريد زيت الضاغط، رقم القطعة: scwo 4000-20، يستخدم لضاغط الهواء المحمول الذي يعمل بالديزل من طراز Comp Air DLT 1302،",MIN_MAX,RS-GUPCO,0,09YARD,0,EACH,scwo 4000-20,COMPRESSOR OTHR,MM
302370,"Pipe Seal R. for (Air/oil) separator P/N : 100004702 , is used for  Comp Air Portable Diesel air compressor Model DLT 13","مانع تسرب الأنابيب R لفاصل (الهواء/الزيت) رقم القطعة: 100004702، يُستخدم مع ضاغط الهواء المحمول الذي يعمل بالديزل من طراز Comp Air DLT 13",MIN_MAX,RS-GUPCO,0,03B21B,0,EACH,100004702,COMPRESSOR OTHR,MM
302371,"Air-Oil Separator Element , P/N : 100004873 , is used for  Comp Air Portable Diesel air compressor Model","عنصر فاصل الهواء والزيت، رقم القطعة: 100004873، يُستخدم في ضاغط الهواء المحمول الذي يعمل بالديزل من طراز Comp Air",INSURANCE_SPARE,RS-GUPCO,0,02G59C,0,EACH,100004873,BR/SL/S.PLG/FLT,MM
302372,"Pressure Maintaining Valve, P/N : 100003539 , is used for  Comp Air Portable Diesel air compressor","صمام الحفاظ على الضغط، رقم القطعة: 100003539، يُستخدم مع ضاغط الهواء المحمول الذي يعمل بالديزل من شركة كومب إير",INSURANCE_SPARE,RS-GUPCO,0,02V08C,0,EACH,100003539,COMPRESSOR OTHR,MM
302373,"Blow-Down valve  , P/N : 100006290 ,  is used for  Comp Air Portable Diesel air compressor Model DLT 1302,","صمام تصريف الضغط، رقم القطعة: 100006290، يستخدم لضاغط الهواء المحمول الذي يعمل بالديزل من طراز Comp Air DLT 1302،",INSURANCE_SPARE,RS-GUPCO,0,,0,EACH,100006290,COMPRESSOR OTHR,MM
302374,"SP. Cartridge Fuel Filter , P/N : 100004745 ,  is used for  Comp Air Portable Diesel air compressor","فلتر وقود خرطوشة SP، رقم القطعة: 100004745، يُستخدم لضاغط هواء ديزل محمول من شركة Comp Air",MIN_MAX,RS-GUPCO,0,02V08C,0,EACH,100004745,COMPRESSOR OTHR,MM
302375,"Engine Oil Filter Cartridge P/N : 100004746 ,   is used for  Comp Air Portable Diesel air compressor Model DLT 1302,","خرطوشة فلتر زيت المحرك رقم القطعة: 100004746، تُستخدم لضاغط الهواء المحمول الذي يعمل بالديزل من طراز Comp Air DLT 1302،",MIN_MAX,RS-GUPCO,0,02G59H,0,EACH,100004746,BR/SL/S.PLG/FLT,MM
302376,"Oil Pressure Switch 0.9 Bar , P/N : 100005064 , is used for  Comp Air Portable Diesel air compressor","مفتاح ضغط الزيت 0.9 بار، رقم القطعة: 100005064، يُستخدم مع ضاغط الهواء المحمول الذي يعمل بالديزل من شركة كومب إير",INSURANCE_SPARE,RS-GUPCO,0,02V08C,0,EACH,100005064,COMPRESSOR OTHR,MM
302377,"Thermometer Probe  P/N : 100005065 ,  is used for  Comp Air Portable Diesel air compressor Model DLT 1302,","مسبار مقياس الحرارة رقم القطعة: 100005065، يستخدم لضاغط الهواء المحمول الذي يعمل بالديزل من طراز Comp Air DLT 1302،",INSURANCE_SPARE,RS-GUPCO,0,02V08C,0,EACH,100005065,COMPRESSOR OTHR,MM
302378,"Positioning Cylinder , P/N : 100004997 ,   is used for  Comp Air Portable Diesel air compressor Model DLT 1302,","أسطوانة تحديد المواقع، رقم القطعة: 100004997، تُستخدم لضاغط الهواء المحمول الذي يعمل بالديزل من طراز Comp Air DLT 1302،",INSURANCE_SPARE,RS-GUPCO,0,02V08C,0,EACH,100004997,COMPRESSOR OTHR,MM
302379,"Compressor Oil filter Cartridge , P/N : A04425274 ,  is used for  Comp Air Portable Diesel air compressor Model DLT 1302","خرطوشة فلتر زيت الضاغط، رقم القطعة: A04425274، تُستخدم لضاغط الهواء المحمول الذي يعمل بالديزل من طراز Comp Air DLT 1302",MIN_MAX,RS-GUPCO,0,02G59H,0,EACH,A04425274,BR/SL/S.PLG/FLT,MM
304381,Crown As-Piston used for Diesel Engine CAT 3406 S/N: 1DZ-12976 Arr.150-2982,"مكبس كراون آز المستخدم في محرك الديزل كات 3406، الرقم التسلسلي: 1DZ-12976، رقم المجموعة: 150-2982",UNDER_CLASSIFICATION,RS-GUPCO,0,,0,EACH,125-8869,CATERPILLAR,MM
304380,Cylinder Head GP used for Diesel Engine CAT 3406 S/N: 2GG-00728 Arr.150-2981 & S/N: 1DZ-12976 Arr. 150-2982,"رأس أسطوانة GP مستخدم لمحرك ديزل CAT 3406، الرقم التسلسلي: 2GG-00728، رقم التجهيز: 150-2981، والرقم التسلسلي: 1DZ-12976، رقم التجهيز: 150-2982",UNDER_CLASSIFICATION,RS-GUPCO,0,,0,EACH,7W-2203,CATERPILLAR,MM
304382,Skirt As-Piston used for Diesel Engine CAT 3406 S/N: 1DZ-12976 Arr.150-2982,"غطاء مكبس يستخدم لمحرك ديزل CAT 3406، الرقم التسلسلي: 1DZ-12976، رقم التجميع: 150-2982",UNDER_CLASSIFICATION,RS-GUPCO,0,,0,EACH,130-0241,CATERPILLAR,MM
304383,Bearing Con.Rod Standard used for Diesel Engine CAT 3406 S/N: 2GG-00728 Arr.150-2981 & S/N: 1DZ-12976 Arr. 150-2982,"محمل ذراع التوصيل القياسي المستخدم لمحرك الديزل CAT 3406، الرقم التسلسلي: 2GG-00728، رقم التجميع: 150-2981، والرقم التسلسلي: 1DZ-12976، رقم التجميع: 150-2982",UNDER_CLASSIFICATION,RS-GUPCO,0,,0,EACH,1CA3285573,CATERPILLAR,MM
304386,Clamp Turbine used for Diesel Engine CAT 3406 S/N: 1DZ-12976 Arr. 150-2982,"توربين ذو مشبك يستخدم لمحرك ديزل CAT 3406، الرقم التسلسلي: 1DZ-12976، رقم التجهيز: 150-2982",UNDER_CLASSIFICATION,RS-GUPCO,0,,0,EACH,130-5470,CATERPILLAR,MM
305030,"DISC PACK, For THOMAS Flexible Disc Coupling, Series 63, Size 375","مجموعة أقراص، لوصلة القرص المرنة من توماس، السلسلة 63، المقاس 375",MIN_MAX,RS-GUPCO,0,02T03B,0,SET,69984225,PUMP MISC,PU
304391,Clamp Compressor Used for Diesel Engine CAT 3406 S/N: 2GG-00728 Arr.150-2981,"ضاغط مشبك يستخدم لمحرك ديزل CAT 3406، الرقم التسلسلي: 2GG-00728، رقم التجهيز: 150-2981",UNDER_CLASSIFICATION,RS-GUPCO,0,,0,EACH,2S-1304,CATERPILLAR,MM
304393,Injection Nozzle As used for Diesel Engine CAT 3406 S/N: 1DZ-12976 Arr. 150-2982,"فوهة حقن الوقود المستخدمة في محرك الديزل CAT 3406، الرقم التسلسلي: 1DZ-12976، رقم التجميع: 150-2982",UNDER_CLASSIFICATION,RS-GUPCO,0,,0,EACH,130-5187,CATERPILLAR,MM
304398,Cylinder Head Gaskets Kit used for Diesel Engine CAT 3406 S/N: 2GG-00728 Arr.150-2981 & S/N: 1DZ-12976 Arr. 150-2982,"طقم حشيات رأس الأسطوانة المستخدم لمحرك الديزل CAT 3406، الرقم التسلسلي: 2GG-00728، رقم التجهيز: 150-2981، والرقم التسلسلي: 1DZ-12976، رقم التجهيز: 150-2982",UNDER_CLASSIFICATION,RS-GUPCO,0,,0,EACH,233-9473,CATERPILLAR,MM
304752,Blow-off valve solenoid is used for Atlas Copco Rotary Air compressor Model GA37+ P/N: 1622369480,يستخدم صمام الملف اللولبي لتفريغ الضغط في ضاغط الهواء الدوار من أطلس كوبكو طراز GA37+ رقم القطعة: 1622369480,PLANNED_WO,RS-GUPCO,0,,0,EACH,1622369480,COMPRESSOR OTHR,MM
303912,"V-belts , P/N: 4N-8220 for caterpillar diesel engine 3406 TA ,Engine S/N: 6TB21792 , Ar./N:4W-3799","أحزمة على شكل حرف V، رقم القطعة: 4N-8220 لمحرك ديزل كاتربيلر 3406 TA، الرقم التسلسلي للمحرك: 6TB21792، رقم القطعة: 4W-3799",MIN_MAX,RS-GUPCO,0,03R47A,0,EACH,4N-8220 DF,BELT/TRANSMIT,MM
303614,"Rebuild kit for Pattioni Pagani rotary blades vacuum pump Model MEC 9000 P LF DX D80 LONGLIFE, serail No. 435503 year 20","طقم إصلاح لمضخة تفريغ الهواء ذات الشفرات الدوارة من باتيوني باجاني، طراز MEC 9000 P LF DX D80 LONGLIFE، الرقم التسلسلي 435503، سنة الصنع 20",SURPLUS,RS-GUPCO,0,,0,KIT,~,PUMP D.WELL/VAC,PU
304385,Cartridge GP Turbocharger used for Diesel Engine CAT 3406 S/N: 1DZ-12976 Arr. 150-2982,"شاحن توربيني من نوع Cartridge GP يُستخدم لمحرك ديزل CAT 3406، الرقم التسلسلي: 1DZ-12976، رقم التجهيز: 150-2982",UNDER_CLASSIFICATION,RS-GUPCO,0,,0,EACH,141-1468,CATERPILLAR,MM
116175,"ARM, ROCKER-EXHAUST.","ذراع، صمام العادم.",PLANNED_WO,RS-GUPCO,0,02Q50G (1),6923106,EACH,CA204066J,ENGINE USA,MM
119515,"""CROSS HEAD PIN.","""دبوس رأس متقاطع"".",INSURANCE_SPARE,RS-GUPCO,0,02W30D (1),8001108,EACH,B-0773,COMPRESSOR USA,MM
119517,"""CROSSHEAD NUT # 6",صامولة رأس متقاطع رقم 6,INSURANCE_SPARE,RS-GUPCO,0,02W30E (1),8001108,EACH,B-0780,COMPRESSOR USA,MM
119518,"""CROSSHEAD NUT # 22",صامولة رأس متقاطع رقم 22,INSURANCE_SPARE,RS-GUPCO,0,02W30E (1),8001108,EACH,B-0784,COMPRESSOR USA,MM
119519,"""SLEEVE BEARING BX X-HEAD",محمل جلبة رأسية BX X,INSURANCE_SPARE,RS-GUPCO,0,02W30F (1),8001108,EACH,B-0787,COMPRESSOR USA,MM
119520,"""GASKET RET.","""حشية مانعة للتسرب.""",MIN_MAX,RS-GUPCO,0,03B24E,8001108,EACH,B-0832,COMPRESSOR USA,MM
119513,"""VALVE CAP.",غطاء الصمام,INSURANCE_SPARE,RS-GUPCO,0,02W30D (1),8001108,EACH,B-0457,COMPRESSOR USA,MM
119446,"""GASKET, CYLINDER TO CROSSHEAD","حشية، من الأسطوانة إلى رأس الأسطوانة",MIN_MAX,RS-GUPCO,0,03B24,8001104,EACH,B-3515,COMPRESSOR USA,MM
119499,"""O-RING VT.","""حلقة دائرية فيرمونت.""",INSURANCE_SPARE,RS-GUPCO,0,03B31D (1),8001108,EACH,A-3509,COMPRESSOR USA,MM
119500,"""O-RING ""O-RING",حلقة دائرية,INSURANCE_SPARE,RS-GUPCO,0,03B31B (1),8001108,EACH,A-3512,COMPRESSOR USA,MM
119501,"""CHECK VALVE",صمام عدم الرجوع,MIN_MAX,RS-GUPCO,0,02U12,8001108,EACH,A-3689,COMPRESSOR USA,MM
119502,"""CHECK VALVE",صمام عدم الرجوع,INSURANCE_SPARE,RS-GUPCO,0,02U12,8001108,EACH,A-18496-K,COMPRESSOR USA,MM
119504,"""GASKET RET.","""حشية مانعة للتسرب.""",INSURANCE_SPARE,RS-GUPCO,0,03B31D (1),8001108,EACH,A-3875,COMPRESSOR USA,MM
119506,"""SPRKT R/R. CHAIN.","""SPRKT R/R. CHAIN.""",INSURANCE_SPARE,RS-GUPCO,0,02W30A (1),8001108,EACH,A-3918,COMPRESSOR USA,MM
119509,"""ECCENTRIC VERINER CAP.","""غطاء فيرينر غريب الأطوار""",INSURANCE_SPARE,RS-GUPCO,0,02/U12F(1),8001108,EACH,B-0030,COMPRESSOR USA,MM
119510,"""VALVE CAP.",غطاء الصمام,INSURANCE_SPARE,RS-GUPCO,0,,8001108,EACH,B-0357,COMPRESSOR USA,MM
119511,"""DSCH. VALVE RETAINER","""حامل صمام DSCH""",MIN_MAX,RS-GUPCO,0,02U12,8001108,EACH,B-7060,COMPRESSOR USA,MM
119512,"Hold Till 1/12/2026 PRIMING PUMP ASSY. @  REF. MR 147/99(Areil Manufacture made in USA not substitute)."" B-0425","يُحفظ حتى 1/12/2026، مجموعة مضخة التحضير، رقم المرجع: MR 147/99 (صنع في الولايات المتحدة الأمريكية، من إنتاج شركة أريل، وليس بديلاً). B-0425",INSURANCE_SPARE,RS-GUPCO,0,02W30C (1),8001108,EACH,B-0425,COMPRESSOR USA,MM
116154,"ASM., CAMSHAFT",مجموعة عمود الكامات,INSURANCE_SPARE,RS-GUPCO,0,01M02D,6923122,EACH,A205623E,ENGINE USA,MM
120501,"HOSE, 25X43 P/N. 39578406  (INGERSOLL RAND GENUINE PARTS , MADE IN USA AND PROVIDE ORGINE CERTIFICATE , DO NOT SUBSTITUT","خرطوم، 25 × 43، رقم القطعة 39578406 (قطع غيار أصلية من إنجرسول راند، صنع في الولايات المتحدة الأمريكية، مع شهادة المنشأ، لا تستخدم بديلًا).",MIN_MAX,RS-GUPCO,0,,8009166,EACH,24278905,COMPRESSOR USA,MM
165676,"RING, LANTERN ITEM NO. 402","خاتم، فانوس، رقم الصنف 402",SURPLUS,RS-GUPCO,0,02V21A (1),7912102,EACH,LV6775055208 9649 F,PUMP MISC,PU
165677,"RING, SEPARATOR ITEM NO. 403","حلقة فاصلة، رقم الصنف 403",INSURANCE_SPARE,RS-GUPCO,0,02V21H (1),7912102,EACH,,PUMP MISC,PU
165678,"COUPLING, ASSY., FLANGED ITEM NO. 205","وصلة، مجموعة، ذات حواف، رقم الصنف 205",INSURANCE_SPARE,RS-GUPCO,0,02V37G(1),7912102,SET,LV257562899,PUMP MISC,PU
165614,"IMPELLER, TRIMMED",مروحة مشذبة,INSURANCE_SPARE,RS-GUPCO,0,01E32C,7912102,EACH,,PUMP MISC,PU
164631,"IMPELLER, 6M DYNAMIC TWO PLANE ITEM NO. 673,       12.25 INCH. TRIMMING OUTER DIAMETER                PT.NO. B55140F0001","مروحة، 6 أمتار ديناميكية ثنائية المستوى، رقم الصنف 673، قطر خارجي للتشذيب 12.25 بوصة، رقم القطعة B55140F0001",PLANNED_WO,RS-GUPCO,0,,7907160,EACH,,PUMP MISC,PU
161042,"GASKET, 1-7/8"" OD X 57/64"" ID X 0.194""             PRECOMBUSTION CHAMBER","حشية، قطر خارجي 1-7/8 بوصة × قطر داخلي 57/64 بوصة × 0.194 بوصة، غرفة احتراق مسبق",MIN_MAX,RS-GUPCO,0,04H15A,7103144,EACH,1CA5M2667,CATERPILLAR,MM
120399,"SWITCH, TEMPERATUR, P/NO: 39416128 PARTS FOR UP5 22 COMPRESSOR, MODEL: UP5E-22-8.5, S/N: 2230936  (INGERSOLL RAND GENUIN","مفتاح تحكم في درجة الحرارة، رقم القطعة: 39416128، قطع غيار لضاغط UP5 22، الموديل: UP5E-22-8.5، الرقم التسلسلي: 2230936 (أصلي من إنجرسول راند)",INSURANCE_SPARE,RS-GUPCO,0,02W49E(1),8009168,EACH,39416128,COMPRESSOR USA,MM
120519,"COOLER OIL/AFTERCOOLER  (INGERSOLL RAND GENUINE PARTS , MADE IN USA AND PROVIDE ORGINE CERTIFICATE , DO NOT SUBSTITUTE)","زيت التبريد/المبرد اللاحق (قطع غيار أصلية من إنجرسول راند، صنع في الولايات المتحدة الأمريكية، مع توفير شهادة المنشأ، لا تستبدلها)",INSURANCE_SPARE,RS-GUPCO,0,01/E23E,8009168,EACH,39899893,COMPRESSOR USA,MM
120518,"TUBE AFTERCOOLER  (INGERSOLL RAND GENUINE PARTS , MADE IN USA AND PROVIDE ORGINE CERTIFICATE , DO NOT SUBSTITUTE)","مبرد أنبوبي (قطع غيار أصلية من إنجرسول راند، صنع في الولايات المتحدة الأمريكية، مع تقديم شهادة المنشأ، لا تستبدلها)",INSURANCE_SPARE,RS-GUPCO,0,02W41B (1),8009168,EACH,39896543,COMPRESSOR USA,MM
120400,"SWITCH, HIGH AIR FOR VALVE INLET P/N. 37952264 (OLD P/N. 39419668) (INGERSOLL RAND GENUINE PARTS , MADE IN USA AND PROVI","مفتاح ضغط هواء عالٍ لمدخل الصمام، رقم القطعة 37952264 (رقم القطعة القديم 39419668) (قطع غيار أصلية من إنجرسول راند، صنع في الولايات المتحدة الأمريكية)",MIN_MAX,RS-GUPCO,0,,8009159,EACH,39419668,COMPRESSOR USA,MM
120029,GAUGE DELTA  P,مقياس دلتا P,INSURANCE_SPARE,RS-GUPCO,0,02W58B (1),8010100,EACH,W1233172,COMPRESSOR USA,MM
116043,"CONNECTION, EXHAUST","اتصال، عادم",INSURANCE_SPARE,RS-GUPCO,0,01C19D,6923128,EACH,169999H,ENGINE USA,MM
103441,"BUSHING, SLEEVE      P/N. 161400","جلبة، كم، رقم القطعة 161400",PLANNED_WO,RS-GUPCO,0,,4704104,EACH,161400,AUTO SHOP EQUIP,PU
103442,"ROTOR, AND SHAFT,P/N  :   263801","الدوار والعمود، رقم القطعة: 263801",PLANNED_WO,RS-GUPCO,0,,4704104,EACH,263801,AUTO SHOP EQUIP,PU
103447,"O-RING,P/N  :   711934","حلقة دائرية، رقم القطعة: 711934",PLANNED_WO,RS-GUPCO,0,,4704104,EACH,711934,AUTO SHOP EQUIP,PU
115788,IDLER BEARING,محمل وسيط,INSURANCE_SPARE,RS-GUPCO,0,,6923116,EACH,KH134513A,ENGINE USA,MM
120387,"ORIFICE, SCAVENGE 056 P/N. 39303276  (INGERSOLL RAND GENUINE PARTS , MADE IN USA AND PROVIDE ORGINE CERTIFICATE , DO NOT","فتحة، كاسحة 056 رقم القطعة 39303276 (قطع غيار أصلية من إنجرسول راند، صنع في الولايات المتحدة الأمريكية، مع شهادة المنشأ، لا تقم بـ",MIN_MAX,RS-GUPCO,0,02U18,8009166,EACH,39303276,COMPRESSOR USA,MM
120493,"VALVE, MINIMUM PRESSURE P/N. 39475645  (INGERSOLL RAND GENUINE PARTS , MADE IN USA AND PROVIDE ORGINE CERTIFICATE , DO N","صمام، ضغط أدنى، رقم القطعة 39475645 (قطع غيار أصلية من إنجرسول راند، صنع في الولايات المتحدة الأمريكية، مع تقديم شهادة المنشأ).",INSURANCE_SPARE,RS-GUPCO,0,02U20F,8009166,EACH,99289852,COMPRESSOR USA,MM
116271,CONDUIT ASM. THERMOCOUPLE,مجموعة أنابيب مزدوجة حرارية,PLANNED_WO,RS-GUPCO,0,,6923116,EACH,D211359G,ENGINE USA,MM
116196,"GUIDE, VALVE LIFTER","دليل، رافع الصمام",INSURANCE_SPARE,RS-GUPCO,0,02Q19C (1),6923122,EACH,205034A,ENGINE USA,MM
116440,"CABLE, MAGNETO, FOR 12 CYLINDERS,  P/N     393014-2","كابل مغناطيسي لـ 12 أسطوانة، رقم القطعة 393014-2",MIN_MAX,RS-GUPCO,0,02/Q18,3601100,EACH,393014-2,ENGINE USA,MM
115771,"HIGH,TENSION WIRE, ALTRONUC COMPANY, DO NOT SUBSTITUTE.","أسلاك الضغط العالي، شركة ألترونك، لا تستبدلها.",OBSOLETE,RS-GUPCO,0,02P33B(1),3601100,EACH,GH13F921-22,ENGINE USA,MM
115840,"LOW TENSION WIRE 3 PIN (GH129103-20 ), ALTRONUC COMPANY, DO NOT SUBSTITUTE.","سلك جهد منخفض 3 دبابيس (GH129103-20)، شركة ALTRONUC، لا تستبدله.",MIN_MAX,RS-GUPCO,0,02P33D,6923116,EACH,593027-30,ENGINE USA,MM
115971,"ELBOW, CRANKCASE WATER INLET","كوع، مدخل ماء علبة المرافق",MIN_MAX,RS-GUPCO,0,02P15,6923106,EACH,164464T,ENGINE USA,MM
119479,"""DIST. BOX VALVE",صمام صندوق التوزيع,INSURANCE_SPARE,RS-GUPCO,0,,8001108,EACH,A-0304,COMPRESSOR USA,MM
119482,"""V-PACKING","""V-PACKING",INSURANCE_SPARE,RS-GUPCO,0,,8001108,EACH,A-0472,COMPRESSOR USA,MM
120515,"ELEMENT SEPARATOR, P/N. 39894597 NEW P/N. 54601513  (INGERSOLL RAND GENUINE PARTS , MADE IN USA AND PROVIDE ORGINE CERTI","فاصل عنصر، رقم القطعة 39894597، جديد، رقم القطعة 54601513 (قطع غيار أصلية من إنجرسول راند، صنع في الولايات المتحدة الأمريكية، مع شهادة أصالة).",MIN_MAX,RS-GUPCO,0,,8009166,EACH,54601513,COMPRESSOR USA,MM
120401,"SSR UULTRA- COOLANT, 5 GAL, (INGERSOLL RAND GENUINE PARTS , MADE IN USA AND PROVIDE ORGINE CERTIFICATE , DO NOT SUBSTITU","سائل تبريد SSR فائق الصلابة، 5 جالون، (قطع غيار أصلية من إنجرسول راند، صنع في الولايات المتحدة الأمريكية، مع شهادة منشأ، لا تستبدله)",MIN_MAX,RS-GUPCO,0,09YARD,8009159,EACH,38459582,COMPRESSOR USA,MM
119483,"""UNL. PISTON RING","""حلقة مكبس جامعة نبراسكا",INSURANCE_SPARE,RS-GUPCO,0,02U12B,8001108,EACH,A-0495,COMPRESSOR USA,MM
119485,"""F.F. S/D. TRABON ELECT.","""FF S/D. TRABON ELECT.",INSURANCE_SPARE,RS-GUPCO,0,,8001108,EACH,A-0505,COMPRESSOR USA,MM
119486,"PACKING BACK-UP RING P/N A-0518 for Ariel Gas Compressor 5-1/2 inch bore cylinders, Frame S/N F-10743","حلقة دعم التعبئة رقم القطعة A-0518 لأسطوانات ضاغط غاز أرييل ذات تجويف 5.5 بوصة، رقم تسلسل الإطار F-10743",INSURANCE_SPARE,RS-GUPCO,0,02W28F (1),8001108,EACH,A-0518,COMPRESSOR USA,MM
119487,"""SPRKT R/R. CHAIN IDLER",بكرة شد سلسلة SPRKT R/R,INSURANCE_SPARE,RS-GUPCO,0,02W28F (1),8001108,EACH,A-0523,COMPRESSOR USA,MM
119492,"""PACKING BACK-UP","""التغليف الاحتياطي",INSURANCE_SPARE,RS-GUPCO,0,02W28F (1),8001108,EACH,A-0643,COMPRESSOR USA,MM
119493,"""DIST. BOX VALVE",صمام صندوق التوزيع,INSURANCE_SPARE,RS-GUPCO,0,,8001108,EACH,A-0686,COMPRESSOR USA,MM
119494,"""O-RING VT.","""حلقة دائرية فيرمونت.""",INSURANCE_SPARE,RS-GUPCO,0,,8001108,EACH,A-0687,COMPRESSOR USA,MM
119495,"""UNL. PISTON RING","""حلقة مكبس جامعة نبراسكا",INSURANCE_SPARE,RS-GUPCO,0,02W28G (1),8001108,EACH,A-0688,COMPRESSOR USA,MM
119497,"""O-RING",حلقة دائرية,INSURANCE_SPARE,RS-GUPCO,0,03B31C (1),8001108,EACH,A-3507,COMPRESSOR USA,MM
119498,"""O-RING VT.","""حلقة دائرية فيرمونت.""",INSURANCE_SPARE,RS-GUPCO,0,03B31C (1),8001108,EACH,A-3508,COMPRESSOR USA,MM
119440,"""VALVE, DISCHARGE H.P.","صمام، تصريف HP",MIN_MAX,RS-GUPCO,0,02U10D,8019102,EACH,B-1629-H,COMPRESSOR USA,MM
161050,"GASKET, TURBOCHARGER 5.32"" X 3.63"" W/3.75"" X 2.75 ""OPENING WITH FOUR 0.438"" DIA. BOLT HOLES",حشية شاحن توربيني 5.32 بوصة × 3.63 بوصة مع فتحة 3.75 بوصة × 2.75 بوصة مزودة بأربعة ثقوب براغي قطرها 0.438 بوصة,MIN_MAX,RS-GUPCO,0,04H03C (1),7103144,EACH,7M7273,CATERPILLAR,MM
161051,"SERVICE GROUP, FUEL VALVE","مجموعة الخدمات، صمام الوقود",MIN_MAX,RS-GUPCO,0,04H15C,7103116,EACH,1CA7M7431,CATERPILLAR,MM
161052,"VALVE, INLET                                       @SEE P.C.7103124,7103126 & 7103128","صمام، مدخل @انظر PC7103124 و7103126 و7103128",INSURANCE_SPARE,RS-GUPCO,0,04J01D (1),7103116,EACH,1CA7M7817,CATERPILLAR,MM
161053,"INDICATOR, HEAT                                    29A INDICATOR, 1W0697 * 29B SEAL, 6V3507 *","مؤشر، مؤشر حرارة 29A، 1W0697 * مانع تسرب 29B، 6V3507 *",PLANNED_WO,RS-GUPCO,0,,7103144,EACH,200-5235,CATERPILLAR,MM
161054,"CLAMP, V TURBINE","مشبك، توربين على شكل حرف V",PLANNED_WO,RS-GUPCO,0,,7103144,EACH,7M9917,CATERPILLAR,MM
161057,"INSERT, VALVE","إدخال، صمام",INSURANCE_SPARE,RS-GUPCO,0,04H03E (1),7103116,EACH,1CA8M4014,CATERPILLAR,MM
161060,"NOZZLE, FOR TURBOCHARGER","فوهة، لشاحن توربيني",INSURANCE_SPARE,RS-GUPCO,0,04K08B (1),7103128,EACH,8M7853,CATERPILLAR,MM
110370,"ELEMENT AIR FILTER  (INGERSOLL RAND GENUINE PARTS , MADE IN USA AND PROVIDE ORGINE CERTIFICATE , DO NOT SUBSTITUTE)","فلتر هواء عنصر (قطع غيار أصلية من إنجرسول راند، صنع في الولايات المتحدة الأمريكية، مع توفير شهادة المنشأ، لا تستبدله)",INSURANCE_SPARE,RS-GUPCO,0,,8009168,EACH,39588462,BR/SL/S.PLG/FLT,MM
120473,"HOSE  (INGERSOLL RAND GENUINE PARTS , MADE IN USA AND PROVIDE ORGINE CERTIFICATE , DO NOT SUBSTITUTE)","خرطوم (قطع غيار أصلية من إنجرسول راند، صنع في الولايات المتحدة الأمريكية، مع توفير شهادة المنشأ، لا تستبدله)",INSURANCE_SPARE,RS-GUPCO,0,03B21A (1),8009168,EACH,39572003,COMPRESSOR USA,MM
116272,BOX. JUNCTION ASSEMBLY,صندوق. مجموعة وصلات,INSURANCE_SPARE,RS-GUPCO,0,-1,6923116,EACH,A211554D,ENGINE USA,MM
116214,CONN. STRGTINSUL CONDUIT,قناة كونين سترغتينسول,INSURANCE_SPARE,RS-GUPCO,0,-1,6923116,EACH,207855B,ENGINE USA,MM
119565,"PISTON RING, 14-1/8:T(Ariel Manufacture made in USA not substitute)","حلقة مكبس، 14-1/8:T (صنع في الولايات المتحدة الأمريكية بواسطة شركة أرييل، وليست بديلاً عنها)",INSURANCE_SPARE,RS-GUPCO,0,02W34B (1),8025100,EACH,A-1886,COMPRESSOR USA,MM
119422,"Cylinder Body  5-1/2 H-HP,ION-N 1725","جسم الأسطوانة 5-1/2 H-HP، ION-N 1725",MIN_MAX,RS-GUPCO,0,01E21H,0,EACH,D-9592-K,COMPRESSOR USA,MM
160981,"GEAR, FOR MAGNETO DRIVE OLD P.N. 6L3547","ترس، لمحرك مغناطيسي، رقم القطعة القديم 6L3547",INSURANCE_SPARE,RS-GUPCO,0,04H19D (1),7103126,EACH,8N1364,CATERPILLAR,MM
119612,"Piston rod gas packing rebuild kit P.No.:B-1584-K , Ref.group.no. G1032 for Ariel G.Comp. Model JGE/4 , Frame serial no.","طقم إصلاح حشوة غاز قضيب المكبس، رقم القطعة: B-1584-K، رقم المجموعة المرجعية: G1032، لطراز Ariel G.Comp. JGE/4، رقم الهيكل التسلسلي.",MIN_MAX,RS-GUPCO,0,02U16D,8025100,EACH,B-8581-K,COMPRESSOR USA,MM
119570,"STL. GASKET, 4.861 * 4.543 * 30 (Ariel Manufacture made in USA not substitute)","حشية فولاذية، 4.861 * 4.543 * 30 (صنع في الولايات المتحدة الأمريكية من قبل شركة آرييل، وليست بديلاً عنها)",MIN_MAX,RS-GUPCO,0,02U16B,8025100,EACH,A-2126,COMPRESSOR USA,MM
119571,"PISTON RING, 9-5/8K:KT : T: C:D (Ariel Manufacture made in USA not substitute)","حلقة مكبس، 9-5/8K:KT : T: C:D (صنع في الولايات المتحدة الأمريكية من قبل شركة أرييل، وليست بديلاً عنها)",INSURANCE_SPARE,RS-GUPCO,0,02U49F,8025100,EACH,A-2128,COMPRESSOR USA,MM
119572,WAFER BAND (Ariel Manufacture made in USA not substitute),"شريط رقائقي (صنع في الولايات المتحدة الأمريكية بواسطة شركة آرييل، وليس بديلاً)",INSURANCE_SPARE,RS-GUPCO,0,02U49F,8025100,EACH,A-2130,COMPRESSOR USA,MM
119583,"THUMB SCREW, NYLON (Ariel Manufacture made in USA not substitute)","برغي إبهام، نايلون (صنع في الولايات المتحدة الأمريكية من قبل شركة أرييل، وليس بديلاً عنه)",INSURANCE_SPARE,RS-GUPCO,0,03B29B (1),8025100,EACH,A-2695,COMPRESSOR USA,MM
119577,STL. GASKET (Ariel Manufacture made in USA not substitute),"حشية فولاذية (صنع في الولايات المتحدة الأمريكية بواسطة شركة آرييل، وليست بديلاً عنها)",INSURANCE_SPARE,RS-GUPCO,0,02U16B,8025100,EACH,A-2331,COMPRESSOR USA,MM
119580,"O-RING,  VT (Ariel Manufacture made in USA not substitute)","حلقة دائرية، VT (صنع في الولايات المتحدة الأمريكية بواسطة شركة أرييل، وليست بديلاً)",MIN_MAX,RS-GUPCO,0,03B24F,8025100,EACH,A-2336,COMPRESSOR USA,MM
119578,A-2333  (Ariel Manufacture made in USA not substitute),"A-2333 (صنع في الولايات المتحدة الأمريكية بواسطة شركة أرييل، وليس بديلاً)",INSURANCE_SPARE,RS-GUPCO,0,,8025100,EACH,A-2333,COMPRESSOR USA,MM
119579,WEAR BAND  (Ariel Manufacture made in USA not substitute),"سوار الارتداء (صنع في الولايات المتحدة الأمريكية بواسطة شركة آرييل، وليس بديلاً عنه)",INSURANCE_SPARE,RS-GUPCO,0,02U16B,8025100,EACH,A-2335,COMPRESSOR USA,MM
116470,"dont reorder till update description , LOW,TENSION WIRE 2X3 PIN, ALTRONUC COMPANY DO NOT SUBSTITUTE","لا تعيد الطلب حتى يتم تحديث الوصف، سلك منخفض الجهد 2×3 دبوس، شركة ألترونك لا تستبدله",INSURANCE_SPARE,RS-GUPCO,0,02Q22,6923128,EACH,593-022-18,ENGINE USA,MM
110298,"ELEMENT, OIL FILTER, FOR WAUKESHA ENGINE MODEL L5108G S/N 288-946  WAUKESHA PART NO.167602B (DO NOT SUBSTITUTE ORIGINAL","عنصر فلتر الزيت، لمحرك واكيشا طراز L5108G، الرقم التسلسلي 288-946، رقم قطعة واكيشا 167602B (لا تستبدل القطعة الأصلية).",MIN_MAX,RS-GUPCO,0,01C20H,0,EACH,168660B,BR/SL/S.PLG/FLT,MM
110551,"BEARING, idler,  2-15/16""  link-belt  p/no.p347","محمل، بكرة وسيطة، حزام ربط 2-15/16 بوصة، رقم القطعة p347",INSURANCE_SPARE,RS-GUPCO,0,,0,EACH,p347,COOLERS,MM
115877,"SLINGER, OIL","سلينجر، زيت",INSURANCE_SPARE,RS-GUPCO,0,,6923106,EACH,153042,ENGINE USA,MM
161064,"BEARING, SLEEVE","محمل، جلبة",INSURANCE_SPARE,RS-GUPCO,0,04K12B (1),7103126,EACH,9M1277,CATERPILLAR,MM
160982,"SHAFT, ASSY. FOR MAGNETO DRIVE","عمود، مجموعة لمحرك مغناطيسي",INSURANCE_SPARE,RS-GUPCO,0,04H19E (1),7103126,EACH,6L3706,CATERPILLAR,MM
119181,"THERMOCOUPLE, K-TYPE, PRE-TURBINE","مزدوج حراري، من النوع K، قبل التوربين",PLANNED_WO,RS-GUPCO,0,,6923123,EACH,295962B,ENGINE USA,MM
115959,"ELBOW, EXHAUST.","الكوع، العادم.",INSURANCE_SPARE,RS-GUPCO,0,02Q06D(1),6923106,EACH,168325,ENGINE USA,MM
115767,"GASKET, SET HEAD.","حشية، رأس التثبيت.",PLANNED_WO,RS-GUPCO,0,,6923110,EACH,G-977-51,ENGINE USA,MM
116156,"NUT, HEX 1.5-12UNF",صامولة سداسية 1.5-12UNF,INSURANCE_SPARE,RS-GUPCO,0,02Q17C (1),6923122,EACH,207329,ENGINE USA,MM
115787,LOCK,قفل,INSURANCE_SPARE,RS-GUPCO,0,02Q48E (1),6923122,EACH,B881A,ENGINE USA,MM
120450,"PLATE, RETAINER P/N. 39109129  (INGERSOLL RAND GENUINE PARTS , MADE IN USA AND PROVIDE ORGINE CERTIFICATE , DO NOT SUBST","لوحة تثبيت، رقم القطعة 39109129 (قطع غيار أصلية من إنجرسول راند، صنع في الولايات المتحدة الأمريكية، مع شهادة المنشأ، لا تستبدلها)",INSURANCE_SPARE,RS-GUPCO,0,02 U 180,8009166,EACH,39109129,COMPRESSOR USA,MM
120470,"VALVE THERMO  (INGERSOLL RAND GENUINE PARTS , MADE IN USA AND PROVIDE ORGINE CERTIFICATE , DO NOT SUBSTITUTE)","صمام حراري (قطع غيار أصلية من إنجرسول راند، صنع في الولايات المتحدة الأمريكية، مع تقديم شهادة المنشأ، لا تستبدلها)",INSURANCE_SPARE,RS-GUPCO,0,02W47G(1),8009168,EACH,39566237,COMPRESSOR USA,MM
120535,"SLEEVE SHAFT, P/N. 54429782  (INGERSOLL RAND GENUINE PARTS , MADE IN USA AND PROVIDE ORGINE CERTIFICATE , DO NOT SUBSTIT","عمود جلبة، رقم القطعة 54429782 (قطع غيار أصلية من إنجرسول راند، صنع في الولايات المتحدة الأمريكية، مع شهادة منشأ، لا تستبدلها).",INSURANCE_SPARE,RS-GUPCO,0,02U 22 E,8009166,EACH,54429782,COMPRESSOR USA,MM
119558,"O-RING,  VT","حلقة دائرية، فيرمونت",MIN_MAX,RS-GUPCO,0,03B24F,8025100,EACH,A-0032,COMPRESSOR USA,MM
119616,SUC. VALVE (N.P/N. B-2704-S),صمام شفط (NP/N. B-2704-S),MIN_MAX,RS-GUPCO,0,02U43C,8025100,EACH,B-2704-S,COMPRESSOR USA,MM
119613,"Piston rod oil packing Rebuild kit P.No.:(B-1687-K) ,Ref.Group No.:G1032 (For Ariel G.Comp. Model JGE/4 ,Frame serial No","طقم إصلاح حشوة زيت قضيب المكبس، رقم القطعة: (B-1687-K)، رقم المجموعة المرجعية: G1032 (لـ Ariel G.Comp. موديل JGE/4، رقم الهيكل التسلسلي:",MIN_MAX,RS-GUPCO,0,03B39,8025100,EACH,B-6470-K,COMPRESSOR USA,MM
119566,"WEAR BAND, 14-1/8K:C (Ariel Manufacture made in USA not substitute)","سوار قابل للارتداء، 14-1/8 قيراط:C (صنع في الولايات المتحدة الأمريكية من قبل شركة آرييل، وليس بديلاً عنه)",INSURANCE_SPARE,RS-GUPCO,0,02W34C (1),8025100,EACH,A-1891,COMPRESSOR USA,MM
119609,PISTON  COLLAR,طوق المكبس,INSURANCE_SPARE,RS-GUPCO,0,02U16F,8025100,EACH,B-1248,COMPRESSOR USA,MM
119610,PISTON NUT (Ariel Manufacture made in USA not substitute),"صامولة المكبس (صنع في الولايات المتحدة الأمريكية بواسطة شركة أرييل، وليست بديلاً عنها)",INSURANCE_SPARE,RS-GUPCO,0,02U16F,8025100,EACH,B-1249,COMPRESSOR USA,MM
119552,"PISTON RD, 5.50 ST. ""45.438 LG","طريق بيستون، 5.50 شارع ""45.438 إل جي",INSURANCE_SPARE,RS-GUPCO,0,01E23C,8025100,EACH,C-0876,COMPRESSOR USA,MM
119619,DIS. VALVE,صمام تفكيك,MIN_MAX,RS-GUPCO,0,02U16H,8025100,EACH,B-1944-L,COMPRESSOR USA,MM
120338,"SPACER, BEARING P/N. 35262716,  (INGERSOLL RAND GENUINE PARTS , MADE IN USA AND PROVIDE ORGINE CERTIFICATE , DO NOT SUBS","فاصل، محمل، رقم القطعة 35262716، (قطع غيار أصلية من إنجرسول راند، صنع في الولايات المتحدة الأمريكية، مع شهادة منشأ، لا تقبل ببدائل).",PLANNED_WO,RS-GUPCO,0,,8009166,EACH,35262716,COMPRESSOR USA,MM
120451,"GEAR SET, P/N. 39109848  (INGERSOLL RAND GENUINE PARTS , MADE IN USA AND PROVIDE ORGINE CERTIFICATE , DO NOT SUBSTITUTE)","مجموعة تروس، رقم القطعة 39109848 (قطع غيار أصلية من إنجرسول راند، صنع في الولايات المتحدة الأمريكية، مع تقديم شهادة المنشأ، لا تستبدلها)",MIN_MAX,RS-GUPCO,0,,8009166,EACH,39109848,COMPRESSOR USA,MM
120495,"VALVE, CHECK 3"" P/N. 39477674  (INGERSOLL RAND GENUINE PARTS , MADE IN USA AND PROVIDE ORGINE CERTIFICATE , DO NOT SUBST","صمام فحص 3 بوصة، رقم القطعة 39477674 (قطع غيار أصلية من إنجرسول راند، صنع في الولايات المتحدة الأمريكية، مع شهادة منشأ، لا تستبدلها).",PLANNED_WO,RS-GUPCO,2,,8009166,EACH,39477674,COMPRESSOR USA,MM
120391,"GASKET, DISCHARGE ELBOW P/N. 39326228  (INGERSOLL RAND GENUINE PARTS , MADE IN USA AND PROVIDE ORGINE CERTIFICATE , DO N","حشية، كوع تصريف، رقم القطعة 39326228 (قطع غيار أصلية من إنجرسول راند، صنع في الولايات المتحدة الأمريكية، مع تقديم شهادة المنشأ).",PLANNED_WO,RS-GUPCO,0,,8009166,EACH,39326228,COMPRESSOR USA,MM
103438,"OUTBOARD HEAD AND BUSHING ASSY.,P/N  :   033804","مجموعة رأس المحرك الخارجي وجلبة التثبيت، رقم القطعة: 033804",INSURANCE_SPARE,RS-GUPCO,0,02L12C,4704104,EACH,33804,AUTO SHOP EQUIP,PU
161044,"BODY, FUEL VALVE (MODEL-D398) For caterpillar D398",جسم صمام الوقود (موديل D398) لجرارات كاتربيلر D398,PLANNED_WO,RS-GUPCO,10,04H15A,7103104,EACH,1CA7M4603,CATERPILLAR,MM
161048,"RETAINER, FOR CONNECTING ROD & PISTON","مثبت، لقضيب التوصيل والمكبس",PLANNED_WO,RS-GUPCO,0,04H03C (1),7103144,EACH,10CA7M4926,CATERPILLAR,MM
161049,"GASKET, LIQUID 8 OZ CAN.","حشية، سائل، علبة 8 أونصة.",PLANNED_WO,RS-GUPCO,0,,7103144,EACH,1854590,CATERPILLAR,MM
115859,COIL IGNITION used for Waukesha gas engine F3524 G series 4,ملف إشعال يستخدم لمحرك غاز واكيشا F3524 من سلسلة G 4,MIN_MAX,RS-GUPCO,0,02P29B,6923123,EACH,69694G,ENGINE USA,MM
119562,"O-RING, VT (Ariel Manufacture made in USA not substitute)","حلقة دائرية، VT (صنع في الولايات المتحدة الأمريكية بواسطة شركة أرييل، وليست بديلاً)",MIN_MAX,RS-GUPCO,0,03B24F,8025100,EACH,A-0745,COMPRESSOR USA,MM
115907,"GOVERNOR, OVERSPEED ASSY.",مجموعة منظم السرعة الزائدة.,INSURANCE_SPARE,RS-GUPCO,0,02Q65H (1),6923108,EACH,N153005A,ENGINE USA,MM
120540,"TUBE SEPERATOR  (INGERSOLL RAND GENUINE PARTS , MADE IN USA AND PROVIDE ORGINE CERTIFICATE , DO NOT SUBSTITUTE)","فاصل الأنابيب (قطع غيار أصلية من إنجرسول راند، صنع في الولايات المتحدة الأمريكية، مع تقديم شهادة المنشأ، لا تستبدلها)",INSURANCE_SPARE,RS-GUPCO,0,02W39D (1),8009168,EACH,88158068,COMPRESSOR USA,MM
116265,"GASKET, OIL COOLER",حشية مبرد الزيت,MIN_MAX,RS-GUPCO,0,02R04B (1),6923129,EACH,209089,ENGINE USA,MM
116168,"GEAR, MAG DRIVE","تروس، محرك مغناطيسي",INSURANCE_SPARE,RS-GUPCO,0,02Q48D (1),6923122,EACH,200426 J,ENGINE USA,MM
115790,WASHR 1.515X2.75X5/16,غسالة 1.515 × 2.75 × 5/16,INSURANCE_SPARE,RS-GUPCO,0,02Q49F (1),6923122,EACH,B2108B,ENGINE USA,MM
115988,"ELBOW, WATER BY PASS- R.H","الكوع، تحويل مسار الماء - الجانب الأيمن",MIN_MAX,RS-GUPCO,0,02/P17,6923106,EACH,167424,ENGINE USA,MM
119415,"Piston 5-1/2"" H,  Old P/NO. C-0620 ,New P/NO C-0833  (Areil Manufacture made in USA not substitute","مكبس بارتفاع 5.5 بوصة، رقم القطعة القديم C-0620، رقم القطعة الجديد C-0833 (صنع في الولايات المتحدة الأمريكية، ليس بديلاً عن مكبس أريل الأصلي).",MIN_MAX,RS-GUPCO,0,02U10,8025102,EACH,C-0833,COMPRESSOR USA,MM
119416,"""PISTON ROD 4.50 ST.X 31.955 LG",ذراع مكبس 4.50 ST.X 31.955 LG,MIN_MAX,RS-GUPCO,0,01E23TOP,8025102,EACH,C-0627,COMPRESSOR USA,MM
119525,"""PISTON NUT","""صامولة المكبس""",MIN_MAX,RS-GUPCO,0,02U14,8025100,EACH,B-0847,COMPRESSOR USA,MM
119524,"""PISTON COLLAR",طوق المكبس,MIN_MAX,RS-GUPCO,0,02U14,8025100,EACH,B-0846,COMPRESSOR USA,MM
116270,"THRMCPL, TYPEK, 16 FT","THRMCPL، TYPEK، 16 قدمًا",INSURANCE_SPARE,RS-GUPCO,0,,6923116,EACH,211288S,ENGINE USA,MM
119461,"THERMOWELL AND THERMOCOUPLE FOR COMP . CYLINDER DISCHARGE TEMP 75W0250 ST 260 C,304,34/""""PROCESS 4"""" STEM (Areil Manufac","بئر حراري ومزدوجة حرارية لدرجة حرارة تفريغ أسطوانة الضغط 75W0250 ST 260 C,304,34/""""العملية 4"""" STEM (Areil Manufac",MIN_MAX,RS-GUPCO,0,,8001108,EACH,Q5/802502150,COMPRESSOR USA,MM
119462,"""THERMOWELL AND THERMOCOUPLE FOR ENGINE WATER COOLANT TEMP., OIL TEM. & INTAKE MANIFOLD TEMP.","""بئر حراري ومزدوج حراري لقياس درجة حرارة سائل تبريد المحرك، ودرجة حرارة الزيت، ودرجة حرارة مشعب السحب.""",INSURANCE_SPARE,RS-GUPCO,0,02U10E,8001108,EACH,211040,COMPRESSOR USA,MM
116243,COUPLING FLEX MASTER 3 TUE,وصلة مرنة ماستر 3 الثلاثاء,MIN_MAX,RS-GUPCO,0,,6923123,EACH,208706U,ENGINE USA,MM
116438,SHIELDED PRIMARY HARNESS,حزام أمان أساسي محمي,INSURANCE_SPARE,RS-GUPCO,0,02R32C,6923116,EACH,295497,ENGINE USA,MM
116442,SHIELDED PICKUP HARNESS,حزام التقاط محمي,INSURANCE_SPARE,RS-GUPCO,0,02R32G,6923116,EACH,485066,ENGINE USA,MM
116415,"O-RING 2.12X2. 38X.12, V1","حلقة دائرية 2.12 × 2.38 × 0.12، الإصدار 1",MIN_MAX,RS-GUPCO,0,03H27F,6923123,EACH,304745G,ENGINE USA,MM
120496,"VALVE MPCV  (INGERSOLL RAND GENUINE PARTS , MADE IN USA AND PROVIDE ORGINE CERTIFICATE , DO NOT SUBSTITUTE)","صمام MPCV (قطع غيار أصلية من إنجرسول راند، صنع في الولايات المتحدة الأمريكية، مع توفير شهادة المنشأ، لا تستبدلها)",INSURANCE_SPARE,RS-GUPCO,0,,8009168,EACH,39490693,COMPRESSOR USA,MM
120524,"VALVE SAFETY  (INGERSOLL RAND GENUINE PARTS , MADE IN USA AND PROVIDE ORGINE CERTIFICATE , DO NOT SUBSTITUTE)","صمام أمان (قطع غيار أصلية من إنجرسول راند، صنع في الولايات المتحدة الأمريكية، مع توفير شهادة المنشأ، لا تستبدلها)",INSURANCE_SPARE,RS-GUPCO,0,02W39A(1),8009168,EACH,39102736,COMPRESSOR USA,MM
120479,"VALVE SOLONIOD 3-WAY  (INGERSOLL RAND GENUINE PARTS , MADE IN USA AND PROVIDE ORGINE CERTIFICATE , DO NOT SUBSTITUTE)","صمام سولونويد ثلاثي الاتجاهات (قطع غيار أصلية من إنجرسول راند، صنع في الولايات المتحدة الأمريكية، مع تقديم شهادة المنشأ، لا تستبدلها)",PLANNED_WO,RS-GUPCO,0,,8009168,EACH,24271529,COMPRESSOR USA,MM
110337,"ELEMENT, AIR FILTER P/N. 39708466  (INGERSOLL RAND GENUINE PARTS , MADE IN USA AND PROVIDE ORGINE CERTIFICATE , DO NOT S","عنصر فلتر الهواء، رقم القطعة 39708466 (قطع غيار أصلية من إنجرسول راند، صنع في الولايات المتحدة الأمريكية، مع شهادة المنشأ، لا تقم باستبدالها).",MIN_MAX,RS-GUPCO,0,,8009166,EACH,39708466,BR/SL/S.PLG/FLT,MM
110167,STARTER ASSY I-R P/N  :   SS825GC03R25,مجموعة بادئ التشغيل IR P/N : SS825GC03R25,MIN_MAX,RS-GUPCO,0,01A03B,6923116,EACH,SS825GC03R25,BR/SL/S.PLG/FLT,MM
120532,"MAINTENANCE KIT  (INGERSOLL RAND GENUINE PARTS , MADE IN USA AND PROVIDE ORGINE CERTIFICATE , DO NOT SUBSTITUTE)","طقم الصيانة (قطع غيار أصلية من إنجرسول راند، صنع في الولايات المتحدة الأمريكية، مع شهادة المنشأ، لا تستبدلها)",INSURANCE_SPARE,RS-GUPCO,0,03P01H,8009168,EACH,42448456,COMPRESSOR USA,MM
161067,"O-RING, SEAL 3.350""ID X 0.210"" DIA. YELLOW G W W","حلقة مانعة للتسرب، قطر داخلي 3.350 بوصة × قطر 0.210 بوصة، لون أصفر G W W",MIN_MAX,RS-GUPCO,0,,7103144,EACH,1CA9M4217,CATERPILLAR,MM
161068,"SPRING, VALVE INNER FOR CYL.HEAD & VALVE MECHANIS M","زنبرك، صمام داخلي لرأس الأسطوانة وآلية الصمام M",MIN_MAX,RS-GUPCO,0,04H3,7103126,EACH,10CA9M5349,CATERPILLAR,MM
161069,"SPRING, VALVE","زنبرك، صمام",MIN_MAX,RS-GUPCO,0,04H13,7103116,EACH,5CA9M5350,CATERPILLAR,MM
116169,GEAR CAMSHAFT,عمود الكامات للتروس,INSURANCE_SPARE,RS-GUPCO,0,02P05H,6923122,EACH,200526D,ENGINE USA,MM
161336,"LINER, CYLINDER FOR CYLINDER BLOCK",بطانة أسطوانة كتلة الأسطوانات,PLANNED_WO,RS-GUPCO,0,,7103132,EACH,1CA1105800,CATERPILLAR,MM
161339,"O-RING, SEAL 2.225"" ID X O.210"" DIA","حلقة دائرية، ختم مقاس 2.225 بوصة معرف × O.210 بوصة قطر",INSURANCE_SPARE,RS-GUPCO,0,03A10H (1),7103144,EACH,3P0649,CATERPILLAR,MM
161340,"ORING, SEAL 1.975"" ID X 0.210"" DIA (Old Part no. 3P-0650) (New Part no 113-5304)","حلقة مانعة للتسرب، قطر داخلي 1.975 بوصة × قطر 0.210 بوصة (رقم القطعة القديم 3P-0650) (رقم القطعة الجديد 113-5304)",INSURANCE_SPARE,RS-GUPCO,0,03A04D,7103144,EACH,1135304,CATERPILLAR,MM
161341,"O-RING, SEAL 2.350"" ID X 0.210"" DIA","حلقة مانعة للتسرب، قطر داخلي 2.350 بوصة × قطر 0.210 بوصة",MIN_MAX,RS-GUPCO,0,03A04H,7103144,EACH,1CA3P0651,CATERPILLAR,MM
161343,"O-RING, SEAL 2.850"" ID X 0.210"" DIA","حلقة مانعة للتسرب، قطر داخلي 2.850 بوصة × قطر 0.210 بوصة",INSURANCE_SPARE,RS-GUPCO,0,03A 04 A,7103144,EACH,3P0655,CATERPILLAR,MM
161344,"O-RING, SEAL 2.600 IN. X 0.210 IN. DIA","حلقة مانعة للتسرب، قطرها 2.600 بوصة × 0.210 بوصة",PLANNED_WO,RS-GUPCO,0,,7103144,EACH,3P0656,CATERPILLAR,MM
161345,"JOINT, ASSY. TUBE","وصلة، أنبوب تجميع",MIN_MAX,RS-GUPCO,0,04J24E,7103120,SET,1CA3P1774,CATERPILLAR,MM
161346,"SEAL, FOR JOINT ASSY.,","مانع تسرب، لتجميع الوصلات،",PLANNED_WO,RS-GUPCO,0,,7103120,EACH,3P1796,CATERPILLAR,MM
161338,"GUIDE, FOR CYLINDER HEAD & VALVE MECHANISM",دليل لرأس الأسطوانة وآلية الصمامات,PLANNED_WO,RS-GUPCO,0,,7103132,EACH,5CA1487425,CATERPILLAR,MM
120472,"HOSE  (INGERSOLL RAND GENUINE PARTS , MADE IN USA AND PROVIDE ORGINE CERTIFICATE , DO NOT SUBSTITUTE)","خرطوم (قطع غيار أصلية من إنجرسول راند، صنع في الولايات المتحدة الأمريكية، مع توفير شهادة المنشأ، لا تستبدله)",INSURANCE_SPARE,RS-GUPCO,0,03B21A (1),8009168,EACH,39571922,COMPRESSOR USA,MM
120504,"SENSOR, TEMP THERMISTOR P/N. 39586227 P/N. 37952439  (INGERSOLL RAND GENUINE PARTS , MADE IN USA AND PROVIDE ORGINE CERT","مستشعر، مقاوم حراري، رقم القطعة 39586227، رقم القطعة 37952439 (قطع غيار أصلية من إنجرسول راند، صنع في الولايات المتحدة الأمريكية، مع شهادة أصالة)",MIN_MAX,RS-GUPCO,0,,8009166,EACH,37952439,COMPRESSOR USA,MM
120444,"BREATHER, FILTER P/N. 39112362  (INGERSOLL RAND GENUINE PARTS , MADE IN USA AND PROVIDE ORGINE CERTIFICATE , DO NOT SUBS","فلتر تنفس، رقم القطعة 39112362 (قطع غيار أصلية من إنجرسول راند، صنع في الولايات المتحدة الأمريكية، مع شهادة منشأ، لا تقبل ببدائل).",INSURANCE_SPARE,RS-GUPCO,0,02W47B (1),8009166,EACH,39111893 & 39106240,COMPRESSOR USA,MM
120541,"TUBE OIL COOLER OUT  (INGERSOLL RAND GENUINE PARTS , MADE IN USA AND PROVIDE ORGINE CERTIFICATE , DO NOT SUBSTITUTE)","أنبوب تبريد الزيت الخارجي (قطع غيار أصلية من إنجرسول راند، صنع في الولايات المتحدة الأمريكية، مع توفير شهادة المنشأ، لا تستبدلها)",INSURANCE_SPARE,RS-GUPCO,0,02W39D(1),8009168,EACH,88158316,COMPRESSOR USA,MM
120542,"TUBE OIL COOLER IN  (INGERSOLL RAND GENUINE PARTS , MADE IN USA AND PROVIDE ORGINE CERTIFICATE , DO NOT SUBSTITUTE)","مبرد زيت أنبوبي (قطع غيار أصلية من إنجرسول راند، صنع في الولايات المتحدة الأمريكية، مع تقديم شهادة المنشأ، لا تستبدلها)",INSURANCE_SPARE,RS-GUPCO,0,02W39E (1),8009168,EACH,88158324,COMPRESSOR USA,MM
110371,"TUBE OIL FILTER  (INGERSOLL RAND GENUINE PARTS , MADE IN USA AND PROVIDE ORGINE CERTIFICATE , DO NOT SUBSTITUTE)","فلتر زيت أنبوبي (قطع غيار أصلية من إنجرسول راند، صنع في الولايات المتحدة الأمريكية، مع شهادة المنشأ، لا تستبدله)",INSURANCE_SPARE,RS-GUPCO,0,02/F64E (1),8009168,EACH,88158076,BR/SL/S.PLG/FLT,MM
120539,"TUBE  (INGERSOLL RAND GENUINE PARTS , MADE IN USA AND PROVIDE ORGINE CERTIFICATE , DO NOT SUBSTITUTE)","أنبوب (قطع غيار أصلية من إنجرسول راند، صنع في الولايات المتحدة الأمريكية، مع تقديم شهادة المنشأ، لا تستبدله)",INSURANCE_SPARE,RS-GUPCO,0,02W39D (1),8009168,EACH,88158290,COMPRESSOR USA,MM
120471,"HOSE  (INGERSOLL RAND GENUINE PARTS , MADE IN USA AND PROVIDE ORGINE CERTIFICATE , DO NOT SUBSTITUTE)","خرطوم (قطع غيار أصلية من إنجرسول راند، صنع في الولايات المتحدة الأمريكية، مع توفير شهادة المنشأ، لا تستبدله)",INSURANCE_SPARE,RS-GUPCO,0,03B21A (1),8009168,EACH,39571872,COMPRESSOR USA,MM
120481,"O-RING  (INGERSOLL RAND GENUINE PARTS , MADE IN USA AND PROVIDE ORGINE CERTIFICATE , DO NOT SUBSTITUTE)","حلقة دائرية (قطع غيار أصلية من إنجرسول راند، صنع في الولايات المتحدة الأمريكية، مع شهادة المنشأ، لا تستبدلها)",INSURANCE_SPARE,RS-GUPCO,0,02W45A (1),8009168,EACH,39588082,COMPRESSOR USA,MM
120395,O-RING,حلقة دائرية,INSURANCE_SPARE,RS-GUPCO,0,,8009168,EACH,39404157,COMPRESSOR USA,MM
161078,"GEAR, FLYWHEEL","ترس، دولاب الموازنة",PLANNED_WO,RS-GUPCO,0,,7103120,EACH,1CA1N5742,CATERPILLAR,MM
119569,"O-RING, VT (Ariel Manufacture made in USA not substitute)","حلقة دائرية، VT (صنع في الولايات المتحدة الأمريكية بواسطة شركة أرييل، وليست بديلاً)",MIN_MAX,RS-GUPCO,0,03B24F,8025100,EACH,A-2124,COMPRESSOR USA,MM
109712,"CARTRIDGE J.C. TYPE 1B                             SIZE 3-3/4"" MAT.CODE XF50-1D1 DWG.NO.CF-SP-45339   COMPLETE WITH GLAN","خرطوشة من النوع JC 1B، مقاس 3-3/4 بوصة، رمز المادة XF50-1D1، رقم الرسم CF-SP-45339، كاملة مع رأس غليون",INSURANCE_SPARE,RS-GUPCO,0,,3003134,EACH,90629297,BELT/TRANSMIT,PU
120537,"HOUSING SEAL CF90 P/N. 88142427  (INGERSOLL RAND GENUINE PARTS , MADE IN USA AND PROVIDE ORGINE CERTIFICATE , DO NOT SUB","مانع تسرب الغلاف CF90 رقم القطعة 88142427 (قطع غيار أصلية من إنجرسول راند، صنع في الولايات المتحدة الأمريكية، مع شهادة المنشأ، لا تستخدم بديلًا).",MIN_MAX,RS-GUPCO,0,02U24A,8009166,EACH,88142427,COMPRESSOR USA,MM
120538,"HOUSING SEAL CF90 P/N. 88142450 (INGERSOLL RAND GENUINE PARTS , MADE IN USA AND PROVIDE ORGINE CERTIFICATE , DO NOT SUBS","مانع تسرب الغلاف CF90 رقم القطعة 88142450 (قطع غيار أصلية من إنجرسول راند، صنع في الولايات المتحدة الأمريكية، مع شهادة منشأ، لا تقبل ببدائل).",MIN_MAX,RS-GUPCO,0,03B35A,8009166,EACH,88142450,COMPRESSOR USA,MM
116396,"GASKET, SPIRAL EXHAUST","حشية، عادم حلزوني",INSURANCE_SPARE,RS-GUPCO,0,02R28C (1),0,EACH,294093N,ENGINE USA,MM
116376,"O-RING, 94X1.19 X 12, EP","حلقة دائرية، 94 × 1.19 × 12، EP",INSURANCE_SPARE,RS-GUPCO,0,03H25H (1),0,EACH,290221B,ENGINE USA,MM
110464,"IDLER SHAFT: FT: 2.437"" DIAX 20"" LONG WITH 5/8""    SQ. KEY 4 1/2"" LONG ONE END","عمود وسيط: قطره 2.437 بوصة، طوله 20 بوصة، مزود بمفتاح مربع 5/8 بوصة، طول أحد طرفيه 4 1/2 بوصة.",INSURANCE_SPARE,RS-GUPCO,0,02/F13E (1),0,EACH,,COOLERS,MM
110465,"BEARING, DODGE, ""E"", 4 BOLT BASE, P/N.023029,      P4BE3004. F/3"" SHAFT FOR LAYSHAFT, USERCD 4615.    ITEM 409546250","محمل، دودج، ""E""، قاعدة بأربعة مسامير، رقم القطعة 023029، P4BE3004. عمود F/3 بوصة لعمود نقل الحركة، USERCD 4615. رقم الصنف 409546250",INSURANCE_SPARE,RS-GUPCO,0,02G45,0,EACH,23029,COOLERS,MM
116441,SHIELDED INPUT HARNESS,حزمة إدخال محمية,INSURANCE_SPARE,RS-GUPCO,0,02R32G(1),6923116,EACH,485065,ENGINE USA,MM
120502,"HOSE 1.25X33 LONG P/N. 39572458 (INGERSOLL RAND GENUINE PARTS , MADE IN USA AND PROVIDE ORGINE CERTIFICATE , DO NOT SUBS","خرطوم 1.25 × 33 بوصة، رقم القطعة 39572458 (قطع غيار أصلية من إنجرسول راند، صنع في الولايات المتحدة الأمريكية، مع شهادة المنشأ، لا تقبل ببدائل).",MIN_MAX,RS-GUPCO,0,03P01H,8009166,EACH,24278970,COMPRESSOR USA,MM
165616,"HOLD TILL 1/12/2026, IMPELLER, MAX. DIA. ITEM NO. 38 32 for FWP PUMP MOD 18RKMC3 S/N. 87979-80","يُحفظ حتى 1/12/2026، دافعة، أقصى قطر، رقم الصنف 38 32 لمضخة FWP موديل 18RKMC3، الرقم التسلسلي 87979-80",INSURANCE_SPARE,RS-GUPCO,0,,7912102,EACH,,PUMP MISC,PU
165665,"HOLD TILL 1/12/2026, PIPE, TOP PC COLUMN ITEM NO. 21 for FWP PUMP MOD 18RKMC3 S/N. 87979-80","يُحفظ حتى 1/12/2026، أنبوب، عمود علوي، رقم الصنف 21 لمضخة FWP موديل 18RKMC3، الرقم التسلسلي 87979-80",INSURANCE_SPARE,RS-GUPCO,0,,7912102,EACH,LV79R5669 A01,PUMP MISC,PU
165668,"LINESHAFT, BOTTOM PC. ITEM NO. 23B for FWP PUMP MOD 18RKMC3 S/N. 87979-80","عمود نقل الحركة، الجزء السفلي. رقم الصنف 23B لمضخة FWP موديل 18RKMC3، الرقم التسلسلي 87979-80",INSURANCE_SPARE,RS-GUPCO,0,01L03E,7912102,EACH,LV729S290104,PUMP MISC,PU
165669,"LINESHAFT, TOP PC. ITEM NO. 23T","عمود نقل الحركة، الجزء العلوي. رقم الصنف 23T",INSURANCE_SPARE,RS-GUPCO,0,01/L03-D,7912102,EACH,LV7295627 2582F,PUMP MISC,PU
165670,"SPIDER, ITEM NO. 25","العنكبوت، رقم الصنف 25",INSURANCE_SPARE,RS-GUPCO,0,02V37D (1),7912102,EACH,LV7705119232 1050 F,PUMP MISC,PU
165673,"STUD, FOR SPLIT GLAND ITEM NO. 8","مسمار، للغدة المنقسمة، رقم الصنف 8",INSURANCE_SPARE,RS-GUPCO,0,,7912102,EACH,11FM4R0003,PUMP MISC,PU
165675,"BOX, STUFFING ITEM NO. 17","صندوق، حشو، رقم الصنف 17",INSURANCE_SPARE,RS-GUPCO,0,,7912102,EACH,LV 8135129010,PUMP MISC,PU
116274,"HOLD TILL 1/3/2027 , DUCT, AIR-R.H., REAR MOUNT P/N. A211424B SUPERCEDED BY P/N. 1 EA 15837GL - 1 EA 15837GN ( 1 EA 169","يُحفظ حتى 1/3/2027، قناة تهوية، هواء يمين، تركيب خلفي، رقم القطعة A211424B، تم استبدالها برقم القطعة 15837GL - 15837GN (169 قطعة)",INSURANCE_SPARE,RS-GUPCO,0,,6923106,EACH,A211424B,ENGINE USA,MM
120489,"VALVE, SOLONIOD 2-WAY  (INGERSOLL RAND GENUINE PARTS , MADE IN USA AND PROVIDE ORGINE CERTIFICATE , DO NOT SUBSTITUTE)","صمام، ملف لولبي ثنائي الاتجاه (قطع غيار أصلية من إنجرسول راند، صنع في الولايات المتحدة الأمريكية، مع تقديم شهادة المنشأ، لا تستبدلها)",INSURANCE_SPARE,RS-GUPCO,0,02U20E,8009168,EACH,39492558,COMPRESSOR USA,MM
110431,"DRIVE SHAFT 3.437"" DIA. X 82"" LONG",عمود الدوران بقطر 3.437 بوصة وطول 82 بوصة,INSURANCE_SPARE,RS-GUPCO,0,01M01E,3225200,EACH,,COOLERS,MM
110441,"FLOATING SHAFT 2.937"" DIA X 83"" 1/4"" LONG",عمود عائم بقطر 2.937 بوصة وطول 83 و1/4 بوصة,INSURANCE_SPARE,RS-GUPCO,0,01M01E,3225200,EACH,,COOLERS,MM
110442,"FAN SHAFT 2.937"" DIA X 135-1/2"" LONG",عمود المروحة: قطر 2.937 بوصة × طول 135.5 بوصة,INSURANCE_SPARE,RS-GUPCO,0,01M06,3225200,EACH,~,COOLERS,MM
110443,"CUST DRIVE SHAFT 2.937"" DIA X 36"" LONG",عمود إدارة مخصص بقطر 2.937 بوصة وطول 36 بوصة,INSURANCE_SPARE,RS-GUPCO,0,01M01E,3225200,EACH,,COOLERS,MM
110444,"CPLG. DODGE MAKE PX140 MODL 2 15/16"" BORE 3/4"" X   3/8"" DWY EACH END","CPLG. DODGE MAKE PX140 MODL 2 15/16"" BORE 3/4"" X 3/8"" DWY CHE HE END",INSURANCE_SPARE,RS-GUPCO,0,01B06C,3225200,EACH,~,COOLERS,MM
116437,BY PASS EXH. R.B.,مخرج جانبي RB,INSURANCE_SPARE,RS-GUPCO,0,03/P05H,6923129,EACH,C295635C,ENGINE USA,MM
120531,"SHAFT SEAL KIT  (INGERSOLL RAND GENUINE PARTS , MADE IN USA AND PROVIDE ORGINE CERTIFICATE , DO NOT SUBSTITUTE)","طقم مانع تسرب العمود (قطع غيار أصلية من إنجرسول راند، صنع في الولايات المتحدة الأمريكية، مع تقديم شهادة المنشأ، لا تستبدلها)",INSURANCE_SPARE,RS-GUPCO,0,02W39B (1),8009168,EACH,42412197,COMPRESSOR USA,MM
160912,"O-RING, 0.351"" ID X 0.072"" DIA BLACK G","حلقة دائرية، قطر داخلي 0.351 بوصة × قطر 0.072 بوصة، لون أسود G",INSURANCE_SPARE,RS-GUPCO,0,03A08D (1),7103144,EACH,50CA3J7354,CATERPILLAR,MM
161295,"PIN, PISTON FOR CONNECTING ROD & PISTON",دبوس ومكبس لذراع التوصيل والمكبس,OBSOLETE,RS-GUPCO,0,04N18B (1),7103132,EACH,1CA7N9805,CATERPILLAR,MM
120480,"RELIVE VALVE  (INGERSOLL RAND GENUINE PARTS , MADE IN USA AND PROVIDE ORGINE CERTIFICATE , DO NOT SUBSTITUTE)","صمام ريلايف (قطع غيار أصلية من إنجرسول راند، صنع في الولايات المتحدة الأمريكية، مع توفير شهادة المنشأ، لا تستبدلها)",INSURANCE_SPARE,RS-GUPCO,0,02W45A (1),8009168,EACH,39588017,COMPRESSOR USA,MM
109875,"V-BELT SET , (ST = 3 EA) ,","مجموعة أحزمة على شكل حرف V، (ST = 3 EA)",INSURANCE_SPARE,RS-GUPCO,0,03C24A,7103121,SET,8L4526,BELT/TRANSMIT,MM
115933,OIL STARINER HOUSING,غلاف ستارينر الزيتي,MIN_MAX,RS-GUPCO,0,,6923123,EACH,153707R,ENGINE USA,MM
110462,"FAN: 120"" DIA, 5 BLADES, LEFT HAND, MOORE MADE 9   ANGLE AT CLEVIS 2 15/16"" BORE WITH 3/4"" 3/8""       KEYWAY, ADJUSTABLE","مروحة: قطر 120 بوصة، 5 شفرات، يسارية، من صنع مور، زاوية 9 عند الوصلة، فتحة 2 15/16 بوصة مع مجرى مفتاح 3/4 بوصة 3/8 بوصة، قابلة للتعديل",INSURANCE_SPARE,RS-GUPCO,0,01B08B,0,EACH,~,COOLERS,MM
110463,"FAN: 120"" DIA, 5 BLADES, LEFT HAND, MOORE MADE 9  ANGLE AT CLEVES 2 11/16"" BORE WITH 5/8"" X 5/16"" KE YWAY, ADJUSTABLE PI","مروحة: قطر 120 بوصة، 5 شفرات، يسارية، مصنوعة من قبل مور، زاوية 9 عند الشقوق، فتحة 2 11/16 بوصة مع وصلة 5/8 بوصة × 5/16 بوصة، قابلة للتعديل",INSURANCE_SPARE,RS-GUPCO,0,01B12H,0,EACH,~,COOLERS,MM
115782,"MAGNETO, FOR 12 CYLINERS,  P/N 12A33H-G,","مغناطيس، لـ 12 أسطوانة، رقم القطعة 12A33H-G،",MIN_MAX,RS-GUPCO,2,,3601100,EACH,12A33H-G,ENGINE USA,MM
161118,"VALVE, INTAKE FOR HEAD ASSY.","صمام، مدخل لمجموعة رأس المحرك.",MIN_MAX,RS-GUPCO,0,04H07F,7103126,EACH,1W8606,CATERPILLAR,MM
161119,"VALVE, EXHAUST FOR HEAD ASSY. (2W3211)",صمام عادم لمجموعة رأس المحرك (2W3211),MIN_MAX,RS-GUPCO,0,04H05A,7103126,EACH,1CA2W3211,CATERPILLAR,MM
161182,"PUMP, ASSY. OIL.                                   (PUMP GRP 5N7868* BRACKET 5N7856* BRACKET 5N7857*  SEAL-O-RING,3P0656","مضخة، مجموعة زيت. (مجموعة المضخة 5N7868*، حامل 5N7856*، حامل 5N7857*، حلقة مانعة للتسرب، 3P0656)",PLANNED_WO,RS-GUPCO,0,,7103128,EACH,3N7722,CATERPILLAR,MM
161185,"GOVERNOR, CONTROL GROUP AIR ACTUATED","مُحكِّم، مجموعة تحكم تعمل بالهواء",MIN_MAX,RS-GUPCO,0,04J04C,7103128,EACH,3N9125,CATERPILLAR,MM
161187,"RING, SEAL FOR CRANKSHAFT",حلقة مانعة للتسرب لعمود المرفق,PLANNED_WO,RS-GUPCO,0,,7103128,EACH,1CA3N9160,CATERPILLAR,MM
161188,"MOTOR, GROUP INCLUDE :- 1- MOTOR G P/NO.4W5107 2- FLANGE P/NO. 5N7131 3- FLANGE P/NO. 5N7135 4- GASKET P/NO. 8N8451 5- G","مجموعة المحرك تتضمن: 1- محرك G رقم القطعة 4W5107، 2- شفة رقم القطعة 5N7131، 3- شفة رقم القطعة 5N7135، 4- حشية رقم القطعة 8N8451، 5- G",MIN_MAX,RS-GUPCO,0,01D02B,7103128,EACH,3N9411,CATERPILLAR,MM
161014,"END, SPHERICAL BEARING ROD",نهاية قضيب محمل كروي,INSURANCE_SPARE,RS-GUPCO,0,,7103126,EACH,7L4186,CATERPILLAR,MM
161015,"COUPLING, ASSY.","وصلة، مجموعة.",MIN_MAX,RS-GUPCO,0,04H19A,7103126,EACH,1CA7L4196,CATERPILLAR,MM
161000,"TUBE, TURBO DRAIN-RIGHT HAND",أنبوب تصريف توربو - يمين,PLANNED_WO,RS-GUPCO,0,,7103116,EACH,7L7001,CATERPILLAR,MM
161019,"BAFFLE, FOR CRANKSHAFT","حاجز، لعمود المرفق",INSURANCE_SPARE,RS-GUPCO,0,04H07A (1),7103126,EACH,1ca8l3972,CATERPILLAR,MM
161023,"COVER, CYLINDER BLOCK WATER PASSAGE","غطاء، ممر الماء في كتلة الأسطوانة",INSURANCE_SPARE,RS-GUPCO,0,04H19,7103116,EACH,1CA8L4857,CATERPILLAR,MM
161025,"CORE ASSY.,","مجموعة أساسية،",PLANNED_WO,RS-GUPCO,0,,7103120,EACH,8L5351,CATERPILLAR,MM
161026,"SWITCH, MAGNETIC FOR IGNITION CONVERTER GROUP",مفتاح مغناطيسي لمجموعة محول الإشعال,MIN_MAX,RS-GUPCO,0,04H19F,7103126,EACH,1CA8L5849,CATERPILLAR,MM
161512,"NOZZLE VALVE, FUEL, ASS. P/NO: 4W7017, FOR: CAT ENGINE MODEL: CAT 3406 GEN. SET, ENGINE S/N:2WB05095, ENG. ARR. NO.:4W38","صمام فوهة الوقود، رقم القطعة: 4W7017، لمحرك كاتربيلر، طراز: CAT 3406، مولد كهربائي، الرقم التسلسلي للمحرك: 2WB05095، رقم مجموعة المحرك: 4W38",INSURANCE_SPARE,RS-GUPCO,0,04/J05,7103165,EACH,4W7017,CATERPILLAR,MM
161028,"ELBOW, EXHAUST ""RH"" FOR MANIFOLD",كوع العادم الأيمن للمشعب,INSURANCE_SPARE,RS-GUPCO,0,04H19,7103128,EACH,8L9727,CATERPILLAR,MM
161029,"GASKET, ELBOW EXHAUST FOR MANIFOLD","حشية، كوع عادم للمشعب",INSURANCE_SPARE,RS-GUPCO,0,04H17A,7103128,EACH,1CA8L9757,CATERPILLAR,MM
161030,"ELBOW, EXHAUST ""L.H"" FOR MANIFOLD",كوع العادم الأيسر للمشعب,INSURANCE_SPARE,RS-GUPCO,0,04J18E (1),7103128,EACH,8L9771,CATERPILLAR,MM
161033,"NOZZLE, ASSY. FOR LINES GROUP","فوهة، مجموعة أنابيب",INSURANCE_SPARE,RS-GUPCO,0,4,7103142,EACH,1CA9L6884,CATERPILLAR,MM
161293,"GASKET, FOR MANIFOLD                               @ 12 EA AT D/CHARGE AREA","حشية للمشعب، سعرها 12 قطعة في منطقة الشحن.",PLANNED_WO,RS-GUPCO,0,,7103142,EACH,10CA1299452,CATERPILLAR,MM
161111,"ELBOW, WATER TRANSFER","الكوع، نقل الماء",INSURANCE_SPARE,RS-GUPCO,0,04K11H (1),7103116,EACH,2N8915,CATERPILLAR,MM
161296,"PIN, CONNECTING ROD","دبوس، ذراع توصيل",INSURANCE_SPARE,RS-GUPCO,0,04N18B (1),7103116,EACH,7N9810,CATERPILLAR,MM
161299,"RING, GROUP PISTON","حلقة، مكبس المجموعة",INSURANCE_SPARE,RS-GUPCO,0,04N20A (1),7103142,EACH,1CA8N0822,CATERPILLAR,MM
161301,"VALVE, FOR CYLINDER HEAD & VALVE MECHANISM","صمام، لرأس الأسطوانة وآلية الصمام",PLANNED_WO,RS-GUPCO,0,04/J01E,7103132,EACH,1CA8N0875,CATERPILLAR,MM
109679,"MECH.SEAL J.C TYPE 8B1 SIZE 2 1/4"" MAT.CODE XD1O581,DRW NO. H-SP-3227& CF-SP-47048, (The stationary face is silicon carb","مانع تسرب ميكانيكي من نوع JC 8B1، مقاس 2 1/4 بوصة، رمز المادة XD1O581، رقم الرسم H-SP-3227 و CF-SP-47048، (السطح الثابت مصنوع من كربونات السيليكون)",INSURANCE_SPARE,RS-GUPCO,0,02E13B (1),7907174,EACH,89230293,BELT/TRANSMIT,PU
161007,"CAP, RADIATOR PRESS. VALVE 4 PSI.","غطاء، صمام ضغط الرادياتير 4 رطل لكل بوصة مربعة.",INSURANCE_SPARE,RS-GUPCO,0,04H11F (1),7103144,EACH,1CA6L9850,CATERPILLAR,MM
161008,"HEAD, CYLINDER",رأس الأسطوانة,MIN_MAX,RS-GUPCO,0,01C01A,7103116,EACH,1CA7L0138,CATERPILLAR,MM
161010,SEAL,ختم,INSURANCE_SPARE,RS-GUPCO,0,03A06C,7103120,EACH,7L0486,CATERPILLAR,MM
161011,GASKET,حشية,INSURANCE_SPARE,RS-GUPCO,0,,7103120,EACH,7L0487,CATERPILLAR,MM
161012,"ADAPTER, FOR IGNITION",محول للإشعال,MIN_MAX,RS-GUPCO,0,04H21D,7103126,EACH,7L0918,CATERPILLAR,MM
161195,"PUMP, GROUP FUEL TRANSFER ONE SECTION GEAR","مضخة، مجموعة نقل الوقود، قسم واحد من التروس",PLANNED_WO,RS-GUPCO,0,,7103140,EACH,1CA4N1101,CATERPILLAR,MM
161272,"CORE, OIL COOLER",قلب مبرد الزيت,MIN_MAX,RS-GUPCO,0,01D20A (1),7103116,EACH,1CA4W5549,CATERPILLAR,MM
110166,PINION GEAR P/N  :  SS825R-13-25,رقم قطعة ترس التدوير: SS825R-13-25,MIN_MAX,RS-GUPCO,0,02G78,6923123,EACH,SS825R-13-25,BR/SL/S.PLG/FLT,MM
116467,"COIL,INTEGRAL,SHIELD","ملف، متكامل، درع",INSURANCE_SPARE,RS-GUPCO,0,02R36D,6923128,EACH,60615F,ENGINE USA,MM
116460,ADAPTER SHIELD,واقي المحول,INSURANCE_SPARE,RS-GUPCO,0,02R36D,6923128,EACH,593-120-5,ENGINE USA,MM
161255,"CRANKSHAFT, ASSY. P/N : 6N3907","عمود المرفق، مجموعة. رقم القطعة: 6N3907",INSURANCE_SPARE,RS-GUPCO,0,,7103138,EACH,6N3907,CATERPILLAR,MM
161360,"CLAMP, 3.50 TO 5.12"" ID","مشبك، قطر داخلي من 3.50 إلى 5.12 بوصة",INSURANCE_SPARE,RS-GUPCO,0,04J24F,7103144,EACH,5P1717,CATERPILLAR,MM
160923,"BOLT, 3/8 IN. X 2-1/4 IN. NC THRD.","مسمار، 3/8 بوصة × 2-1/4 بوصة، خيط غير ملولب.",INSURANCE_SPARE,RS-GUPCO,0,04H23F(1),7103144,EACH,25CA0L2070,CATERPILLAR,MM
115906,"DEVICE, ASSY. ROTATING                             (SS. NO. 151814B)","جهاز، مجموعة دوارة (رقم التسلسل 151814B)",INSURANCE_SPARE,RS-GUPCO,0,,6923125,EACH,C151814B,ENGINE USA,MM
109749,"GOVERNOR, (WOODWARD UG-8 LD)","الحاكم، (وودوارد يو جي-8 إل دي)",INSURANCE_SPARE,RS-GUPCO,0,01A05B (1),6923106,EACH,8520-0038,BELT/TRANSMIT,MM
161277,"PUMP,GROUP FUEL INJECTION BASIC","مضخة، مجموعة حقن الوقود الأساسية",MIN_MAX,RS-GUPCO,0,04J14G,7103138,EACH,7N1219,CATERPILLAR,MM
161282,"LINE, ASSY. FOR LINES GROUP","خط، مجموعة خطوط",PLANNED_WO,RS-GUPCO,0,04/J09E(1),7103152,EACH,1CA7N2871,CATERPILLAR,MM
161283,"LINE, ASSY. FOR LINES GROUP","خط، مجموعة خطوط",PLANNED_WO,RS-GUPCO,0,04/J09E,7103152,EACH,1CA7N2872,CATERPILLAR,MM
161287,"PISTON, ASSEM. P/N: 7N4515 P/F CATERPILLAR  ., D398","مكبس، مجموعة. رقم القطعة: 7N4515 P/F كاتربيلر، D398",INSURANCE_SPARE,RS-GUPCO,0,04N06C (1),7103116,EACH,1CA7N4515,CATERPILLAR,MM
161288,"LINER, CYLINDER",بطانة الأسطوانة,MIN_MAX,RS-GUPCO,0,01D10H,7103116,EACH,1CA8N9174,CATERPILLAR,MM
161291,"ROTATOR, VALVE","دوار، صمام",MIN_MAX,RS-GUPCO,0,04J18,7103116,EACH,1CA7N7639,CATERPILLAR,MM
161270,"GUIDE, HEAD","المرشد، رئيس",INSURANCE_SPARE,RS-GUPCO,0,04/J11C(1),7103116,EACH,1CA6N8847,CATERPILLAR,MM
160927,"VALVE, WHISTLE","صمام، صفارة",INSURANCE_SPARE,RS-GUPCO,0,04H21C,7103144,EACH,1CA7E3701,CATERPILLAR,MM
160934,"ARM ASSY., VALVE ROCKER CYL.HEAD & VALVE MECHANIS M","مجموعة ذراع الصمام، رأس أسطوانة ذراع الصمام، وآلية الصمام M",INSURANCE_SPARE,RS-GUPCO,0,04G05A (1),7103126,EACH,4L3855,CATERPILLAR,MM
120468,"GASKET, GEAR CASE MOTOR P/N. 39454558  (INGERSOLL RAND GENUINE PARTS , MADE IN USA AND PROVIDE ORGINE CERTIFICATE , DO N","حشية، علبة تروس المحرك، رقم القطعة 39454558 (قطع غيار أصلية من إنجرسول راند، صنع في الولايات المتحدة الأمريكية، مع شهادة المنشأ).",INSURANCE_SPARE,RS-GUPCO,0,03 B37 D,8009166,EACH,39454558,COMPRESSOR USA,MM
120449,"INDICATOR AIR FILTER P/N. 39124722  (INGERSOLL RAND GENUINE PARTS , MADE IN USA AND PROVIDE ORGINE CERTIFICATE , DO NOT","مؤشر فلتر الهواء، رقم القطعة 39124722 (قطع غيار أصلية من إنجرسول راند، صنع في الولايات المتحدة الأمريكية، مع شهادة المنشأ).",INSURANCE_SPARE,RS-GUPCO,0,02W47B (1),8009166,EACH,39124722,COMPRESSOR USA,MM
120494,"GASKET INLET VALVE P/N. 39476304  (INGERSOLL RAND GENUINE PARTS , MADE IN USA AND PROVIDE ORGINE CERTIFICATE , DO NOT SU","حشية صمام المدخل، رقم القطعة 39476304 (قطع غيار أصلية من إنجرسول راند، صنع في الولايات المتحدة الأمريكية، مع شهادة المنشأ، لا تستخدمها).",MIN_MAX,RS-GUPCO,0,03B37E (1),8009166,EACH,39476304,COMPRESSOR USA,MM
120521,"ORIFICE, FAN 28""  (INGERSOLL RAND GENUINE PARTS , MADE IN USA AND PROVIDE ORGINE CERTIFICATE , DO NOT SUBSTITUTE)","فتحة، مروحة 28 بوصة (قطع غيار أصلية من إنجرسول راند، صنع في الولايات المتحدة الأمريكية، مع تقديم شهادة المنشأ، لا تستبدلها)",INSURANCE_SPARE,RS-GUPCO,0,01E21A,8009166,EACH,39905500,COMPRESSOR USA,MM
115831,ROD EXTENSION,وصلة تمديد القضيب,INSURANCE_SPARE,RS-GUPCO,0,02Q58D (1),6923116,EACH,BG21600,ENGINE USA,MM
161383,"BOLT, 1/2"" NC THRD X 1-1/4""","مسمار، 1/2 بوصة NC THRD × 1-1/4 بوصة",PLANNED_WO,RS-GUPCO,0,04K08E(1),7103144,EACH,50CA0S1595,CATERPILLAR,MM
161384,"BOLT,1/2 IN.NC THRD X 2-3/4 IN.","مسمار، 1/2 بوصة، سن لولبي غير متصل × 2-3/4 بوصة.",PLANNED_WO,RS-GUPCO,0,,7103144,EACH,10CA0S1599,CATERPILLAR,MM
161385,"BOLT,1/2 IN. NF THRD X 2-1/2 IN.","مسمار، 1/2 بوصة، سن لولبي طبيعي × 2-1/2 بوصة.",PLANNED_WO,RS-GUPCO,0,,7103144,EACH,0S1604,CATERPILLAR,MM
161394,"GASKET, TURBO OIL SUPPLY FLANGE TYPE WITH 1-1/15""  DIA CENTER OPENING & 2-13/32"" DIA BOLT HOLES       2-1/16 IN. C-TO-C","حشية، نوع شفة تزويد زيت التوربو بفتحة مركزية قطرها 1-1/15 بوصة وفتحات براغي قطرها 2-13/32 بوصة، بمسافة 2-1/16 بوصة بين المركزين",PLANNED_WO,RS-GUPCO,0,04P15C (1),7103144,EACH,1S4810,CATERPILLAR,MM
161397,"CABLE, ASSY.","كابل، مجموعة.",INSURANCE_SPARE,RS-GUPCO,0,04/K10G,7103144,EACH,4W8832,CATERPILLAR,MM
160930,"TUBE, ROCKER SHAFT OIL",أنبوب زيت عمود الكامات,INSURANCE_SPARE,RS-GUPCO,0,04H02E (1),7103120,EACH,4L7892,CATERPILLAR,MM
119468,"HOLD Till update description  , INTAKE MAN PRESSURE GAUGE FOR PANEL P/N. 4PSHL-30V-30 SUPERCEDED BY P/N. 4PMHL-30V-30 ,","انتظر حتى يتم تحديث الوصف، مقياس ضغط مدخل الهواء للوحة رقم القطعة 4PSHL-30V-30 تم استبداله برقم القطعة 4PMHL-30V-30.",INSURANCE_SPARE,RS-GUPCO,0,02W28D,8001108,EACH,4PSHL-30V-30,COMPRESSOR USA,MM
119418,"""DIGITAL TEMP GAUGE FOR PANEL",مقياس حرارة رقمي للوحة,INSURANCE_SPARE,RS-GUPCO,0,02U10B,8001108,EACH,DPYH-1392U-K,COMPRESSOR USA,MM
161363,"KIT,  GASKET BASIC ENGINE OVERHAUL                 CONSIST OF: PT.NO.5P8766,5P9117,5P8767,5P8768(6EA ),5P9568,6V2983,6N1","طقم إصلاح المحرك الأساسي، يتضمن الحشيات، ويتكون من: أرقام القطع 5P8766، 5P9117، 5P8767، 5P8768 (6 قطع)، 5P9568، 6V2983، 6N1",SURPLUS,RS-GUPCO,0,03/P03E,7103132,EACH,5P3990,CATERPILLAR,MM
161141,"PINION, ASSY.",مجموعة التروس,INSURANCE_SPARE,RS-GUPCO,0,04/J14D,7103128,EACH,3N4049,CATERPILLAR,MM
161369,ROD END,طرف القضيب,INSURANCE_SPARE,RS-GUPCO,0,04 J23B,7103117,EACH,1CA5P6672,CATERPILLAR,MM
161371,"KIT, GASKET SINGLE CYLINDER LINER , P/N : 1609874","طقم، حشية بطانة أسطوانة مفردة، رقم القطعة: 1609874",MIN_MAX,RS-GUPCO,0,03A06F,7103140,EACH,1CA1609874,CATERPILLAR,MM
161372,"KIT, GASKET SINGLE CYLINDER LINER","طقم، حشية بطانة أسطوانة واحدة",INSURANCE_SPARE,RS-GUPCO,0,03/A10A,7103132,EACH,1CA5P8768,CATERPILLAR,MM
161374,"BOLT,","مسمار،",PLANNED_WO,RS-GUPCO,0,04P19A (1),7103144,EACH,100CA0S1571,CATERPILLAR,MM
161376,"BOLT, 1/2"" NC THRD X 1-3/4""","مسمار، 1/2 بوصة NC THRD × 1-3/4 بوصة",PLANNED_WO,RS-GUPCO,0,,7103144,EACH,50CA0S1587,CATERPILLAR,MM
161378,"BOLT, 3/8"" NC THRD X 1-1/4""","مسمار، 3/8 بوصة NC THRD × 1-1/4 بوصة",PLANNED_WO,RS-GUPCO,0,,7103144,EACH,100CA0S1588,CATERPILLAR,MM
161379,"BOLT, 3/8"" NC THRD X 2""","مسمار، 3/8 بوصة NC THRD × 2 بوصة",PLANNED_WO,RS-GUPCO,0,04K08D(1),7103144,EACH,100CA0S1590,CATERPILLAR,MM
161381,"BOLT, 5/8 IN.NC THRD 1-1/4 IN.","بولت، 5/8 بوصة.NC ثرد 1-1/4 بوصة.",INSURANCE_SPARE,RS-GUPCO,0,~,7103144,EACH,0S1592,CATERPILLAR,MM
161082,"GASKET, WATER REGULATOR HOUSING","حشية، غلاف منظم المياه",MIN_MAX,RS-GUPCO,0,04H13E,7103116,EACH,1CA2N0741,CATERPILLAR,MM
116262,THERMOSTATE 160F (208627),منظم حرارة 160 فهرنهايت (208627),MIN_MAX,RS-GUPCO,0,,6923128,EACH,211887,ENGINE USA,MM
116260,TURBOCHARGER,شاحن توربيني,INSURANCE_SPARE,RS-GUPCO,0,01C09A,6923128,EACH,209227A,ENGINE USA,MM
110360,OIL FILTER OIL FILTER,فلتر زيت فلتر زيت,MIN_MAX,RS-GUPCO,0,,8001108,EACH,A-0661,BR/SL/S.PLG/FLT,MM
115984,REGULATOR BREATHER ASSY.,مجموعة منظم التنفس,INSURANCE_SPARE,RS-GUPCO,0,02P17A,6923121,EACH,C166990E,ENGINE USA,MM
160891,"RETAINER,","مثبت،",INSURANCE_SPARE,RS-GUPCO,0,04F19D (1),7103144,EACH,8E6259,CATERPILLAR,MM
160898,"GASKET, FLANGE TYPE 1-3/8"" DIA. CENTER HOLE WITH   TWO 13/32"" DIA BOLT HOLES 2-1/2"" C TO C X 1/32""","حشية، من نوع الفلنجة، قطر الفتحة المركزية 1-3/8 بوصة، مع فتحتين للمسامير بقطر 13/32 بوصة، والمسافة بين مركزي الفتحتين 2-1/2 بوصة × 1/32 بوصة.",MIN_MAX,RS-GUPCO,0,,7103144,EACH,4H5952,CATERPILLAR,MM
160899,"ARM, EXHAUST","ذراع، عادم",INSURANCE_SPARE,RS-GUPCO,0,04F07F (1),7103116,EACH,4H9811,CATERPILLAR,MM
160900,"RING, SEAL KIT 6.500"" ID X 0.192"" DIA RUBBER","حلقة، طقم مانع تسرب، قطر داخلي 6.500 بوصة × قطر 0.192 بوصة، مطاط",MIN_MAX,RS-GUPCO,0,03A06B,7103144,EACH,1CA5P8970,CATERPILLAR,MM
160903,"SHAFT, VALVE ROCKER","عمود، ذراع صمام متأرجح",INSURANCE_SPARE,RS-GUPCO,0,04F01B (1),7103116,EACH,6H3217,CATERPILLAR,MM
160908,"PUMP, PRIMING  For caterpillar D398",مضخة تحضيرية لـ كاتربيلر D398,PLANNED_WO,RS-GUPCO,0,04H23B,7103116,EACH,1CA9H2256,CATERPILLAR,MM
160910,"SEAL, LIP TYPE 3.756"" OD X 1/2"" DIA SHAFT","مانع تسرب، نوع الشفة، قطر خارجي 3.756 بوصة × قطر عمود 1/2 بوصة",INSURANCE_SPARE,RS-GUPCO,0,04G14D (1),7103144,EACH,1J3540,CATERPILLAR,MM
160911,"NUT, 1 IN NC THRD","صامولة، 1 بوصة NC THRD",INSURANCE_SPARE,RS-GUPCO,0,04G14E (1),7103144,EACH,2J3507,CATERPILLAR,MM
161354,"KIT, GASKET COMPLETE ENGINE OVERHAUL","طقم إصلاح كامل للمحرك، يشمل الحشية",MIN_MAX,RS-GUPCO,0,03P05B,7103128,EACH,6V9250,CATERPILLAR,MM
161355,"GASKET KIT, COMPLETE ENGINE OVERHAUL","طقم حشيات، إصلاح كامل للمحرك",PLANNED_WO,RS-GUPCO,0,,7103116,EACH,5P0770,CATERPILLAR,MM
161099,"RADIATOR,","المشعاع،",INSURANCE_SPARE,RS-GUPCO,0,,7103116,PACKAGE,3N2458,CATERPILLAR,MM
109795,"V-BELT, C-190                                      FOR GAS COMPRESSOR OCT GAS LIFT                    PURCHASE FROM FORE","حزام على شكل حرف V، طراز C-190، لضاغط غازي، يُباع من قبل شركة فور.",INSURANCE_SPARE,RS-GUPCO,0,,0,EACH,~,BELT/TRANSMIT,MM
115942,"SCREW, ROCKER-ARM ADJUSTING",برغي ضبط ذراع التأرجح,MIN_MAX,RS-GUPCO,0,02P25G,6923106,EACH,A211820,ENGINE USA,MM
115990,"HOSE, FLEX - AUXILIARY WATER PUMP TO INTERCOOLER",خرطوم مرن - مضخة مياه مساعدة إلى المبرد البيني,MIN_MAX,RS-GUPCO,0,03P05C,6923108,EACH,A168007M,ENGINE USA,MM
161226,"TURBOCHARGER, GROUP",مجموعة الشواحن التوربينية,INSURANCE_SPARE,RS-GUPCO,0,01D08A,7103138,EACH,1CA4N6700,CATERPILLAR,MM
116429,THERMOCOUPLE  P/N. A295987L CONSIST OF.:           P/N. A295987L   P/N. 194929,المزدوجة الحرارية رقم القطعة A295987L تتكون من: رقم القطعة A295987L ورقم القطعة 194929,MIN_MAX,RS-GUPCO,0,02Q18H,8001108,EACH,295987L+194929,ENGINE USA,MM
120396,"O-RING, SWITCH P/N. 39404165  (INGERSOLL RAND GENUINE PARTS , MADE IN USA AND PROVIDE ORGINE CERTIFICATE , DO NOT SUBSTI","حلقة مانعة للتسرب، مفتاح رقم القطعة 39404165 (قطع غيار أصلية من إنجرسول راند، صنع في الولايات المتحدة الأمريكية، مع شهادة منشأ، لا تستبدلها).",INSURANCE_SPARE,RS-GUPCO,0,,8009166,EACH,39404165,COMPRESSOR USA,MM
120520,"HOSE, (HYDRAULIC) 2.5X33.3 P/N. 39905450 (INGERSOLL RAND GENUINE PARTS , MADE IN USA AND PROVIDE ORGINE CERTIFICATE , DO","خرطوم هيدروليكي 2.5 × 33.3، رقم القطعة 39905450 (قطع غيار أصلية من إنجرسول راند، صنع في الولايات المتحدة الأمريكية، مع شهادة المنشأ).",MIN_MAX,RS-GUPCO,0,03P01H,8009166,EACH,24201592,COMPRESSOR USA,MM
120548,"O-RING, HOSE P/N. 95028502 (INGERSOLL RAND GENUINE PARTS, DO NOT SUBSTITUTE).","حلقة دائرية، خرطوم رقم القطعة 95028502 (قطع غيار أصلية من إنجرسول راند، لا تستبدلها).",PLANNED_WO,RS-GUPCO,0,,8009166,EACH,95028502,COMPRESSOR USA,MM
120514,"Hold Till 1/12/2026   OIL INJECTION ORIFICE P/N. 39890652 (INGERSOLL RAND GENUINE PARTS , MADE IN USA AND PROVIDE ORGINE","يُحفظ حتى 1/12/2026، فتحة حقن الزيت، رقم القطعة 39890652 (قطع غيار أصلية من إنجرسول راند، صنع في الولايات المتحدة الأمريكية، مع ضمان المنشأ).",INSURANCE_SPARE,RS-GUPCO,0,02/W43G,8009166,EACH,39890652,COMPRESSOR USA,MM
119549,TACH/HOURMETER FOR PANEL                           P/N. PTHO-2100,عداد دورات المحرك/عداد ساعات التشغيل للوحة رقم القطعة PTHO-2100,MIN_MAX,RS-GUPCO,0,,8001108,EACH,PTHO-2100,COMPRESSOR USA,MM
119531,ANNUNICATOR FOR PANEL                              P/N. DD-40NT-0,مُذيع للوحة P/N. DD-40NT-0,PLANNED_WO,RS-GUPCO,0,,8001108,EACH,DD-40NT-0,COMPRESSOR USA,MM
116475,IGNITION MODULE,وحدة الإشعال,INSURANCE_SPARE,RS-GUPCO,0,02Q22C,6923128,EACH,740610A,ENGINE USA,MM
116030,"PUMP, AUXILIARY WATER","مضخة، مياه إضافية",INSURANCE_SPARE,RS-GUPCO,0,01C15A (1),6923128,EACH,169561A,ENGINE USA,MM
116310,PUMP WATER MAIN (D257060),مضخة خط المياه الرئيسي (D257060),INSURANCE_SPARE,RS-GUPCO,0,01C19B,6923128,EACH,J257060,ENGINE USA,MM
120543,"RING RETAINER  (INGERSOLL RAND GENUINE PARTS , MADE IN USA AND PROVIDE ORGINE CERTIFICATE , DO NOT SUBSTITUTE)","حلقة تثبيت (قطع غيار أصلية من إنجرسول راند، صنع في الولايات المتحدة الأمريكية، مع تقديم شهادة المنشأ، لا تستبدلها)",INSURANCE_SPARE,RS-GUPCO,0,02W39E (1),8009168,EACH,92095348,COMPRESSOR USA,MM
116275,"DUCT, AIR-L.H., REAR MOUNT P/N. A211424C           SUPERCEDED BY P/N.A211424F WITH                    1 EA 15837GL  - 1","قناة تهوية، يسار، تركيب خلفي، رقم القطعة A211424C، تم استبدالها برقم القطعة A211424F، مع قطعة واحدة 15837GL - 1",INSURANCE_SPARE,RS-GUPCO,0,01C15B (1),6923106,EACH,,ENGINE USA,MM
116219,"SHIELD, RAIN","درع، مطر",PLANNED_WO,RS-GUPCO,0,,6923106,EACH,A208272A,ENGINE USA,MM
115916,"TUBE, 6"" O.D","أنبوب، قطر خارجي 6 بوصات",PLANNED_WO,RS-GUPCO,0,02P27,6923106,EACH,158376E,ENGINE USA,MM
110308,"ELEMENT, PRECLEANER","عنصر، منظف مسبق",INSURANCE_SPARE,RS-GUPCO,0,03G46D,6923106,EACH,208349,BR/SL/S.PLG/FLT,MM
115881,"TUBE, BREATHER","أنبوب، جهاز تنفس",INSURANCE_SPARE,RS-GUPCO,0,02P07D (1),6923106,EACH,117327,ENGINE USA,MM
116032,"PIPE, AIR INTAKE","أنبوب، مدخل الهواء",INSURANCE_SPARE,RS-GUPCO,0,02Q45F (1),6923106,EACH,169584,ENGINE USA,MM
116033,"FLANGE, AIR HORN","شفة، بوق هوائي",INSURANCE_SPARE,RS-GUPCO,0,02Q45F (1),6923106,EACH,169586,ENGINE USA,MM
115879,"LOCK, CAMSHAFT GEAR NUT",قفل صامولة تروس عمود الكامات,INSURANCE_SPARE,RS-GUPCO,0,02P29G,6923122,EACH,153049,ENGINE USA,MM
120403,"SWITCH PRESSURE  (INGERSOLL RAND GENUINE PARTS , MADE IN USA AND PROVIDE ORGINE CERTIFICATE , DO NOT SUBSTITUTE)","مفتاح الضغط (قطع غيار أصلية من إنجرسول راند، صنع في الولايات المتحدة الأمريكية، مع شهادة المنشأ، لا تستبدلها)",INSURANCE_SPARE,RS-GUPCO,0,02W49E (1),8009168,EACH,39439740,COMPRESSOR USA,MM
161170,"MANIFOLD, ASSY. W/C EXHAUST.","مشعب العادم، مجموعة العادم.",INSURANCE_SPARE,RS-GUPCO,0,01D08D (1),7103128,EACH,3N5805,CATERPILLAR,MM
161199,"COVER, WATER PUMP INLET",غطاء مدخل مضخة المياه,INSURANCE_SPARE,RS-GUPCO,0,04L17H (1),7103139,EACH,4N3065,CATERPILLAR,MM
161200,"MOTOR, GROUP BASIC FOR ELECTRIC STARTING MOTOR","محرك، مجموعة أساسية لمحرك بدء التشغيل الكهربائي",MIN_MAX,RS-GUPCO,0,01D04A,7103132,EACH,1CA2071560,CATERPILLAR,MM
120516,"VALVE, OIL TEMP BYPASS Element P/N. 22477525 (150 F  160 F) (INGERSOLL RAND GENUINE PARTS , MADE IN USA AND PROVIDE ORG","صمام تجاوز درجة حرارة الزيت، رقم القطعة 22477525 (150 فهرنهايت - 160 فهرنهايت) (قطع غيار أصلية من إنجرسول راند، صنع في الولايات المتحدة الأمريكية)",MIN_MAX,RS-GUPCO,0,,8009166,EACH,22477525,COMPRESSOR USA,MM
110143,"COUPLING, DODGE PARAFLEX MAKE PX120 MODEL 2 15/16 ""BORE WITH 3/4""X3/8"" KEYWAY ONE SIDE AND 2 11/16""   BORE WITH 5/8""X5/1","وصلة، من صنع دودج بارافليكس، طراز PX120، بفتحة 2 15/16 بوصة مع مجرى مفتاح 3/4 بوصة × 3/8 بوصة من جانب واحد، وفتحة 2 11/16 بوصة مع مجرى مفتاح 5/8 بوصة × 5/1 بوصة من جانب واحد.",INSURANCE_SPARE,RS-GUPCO,0,,0,EACH,~,BR/SL/S.PLG/FLT,MM
120402,"GASKET, GEAR CASE P/N. 39437637  (INGERSOLL RAND GENUINE PARTS , MADE IN USA AND PROVIDE ORGINE CERTIFICATE , DO NOT SUB","حشية علبة التروس، رقم القطعة 39437637 (قطع غيار أصلية من إنجرسول راند، صنع في الولايات المتحدة الأمريكية، مع شهادة المنشأ، لا تقبل ببدائل).",MIN_MAX,RS-GUPCO,0,03B37C,8009166,EACH,39437637,COMPRESSOR USA,MM
110010,"BEARING,CYLINDRICAL ROLLER STEEL CAGE TYPE STRAIGH T INNER RACE TYPE WITH SELF CONTAINED OUTER RACE A ND ROLLER ASSY MED",محمل أسطواني من نوع قفص فولاذي مستقيم ذو حلقة داخلية على شكل حرف T مع حلقة خارجية مدمجة ومجموعة بكرات متوسطة الحجم,PLANNED_WO,RS-GUPCO,0,,3101200,EACH,NU321,BR/SL/S.PLG/FLT,PU
161186,"GUIDE, VALVE.","دليل، صمام.",PLANNED_WO,RS-GUPCO,0,,7103122,EACH,1CA4N3664,CATERPILLAR,MM
161203,"CONTROL, GROUP GOVERNOR","الرقابة، حاكم المجموعة",INSURANCE_SPARE,RS-GUPCO,0,04J06,7103142,EACH,4N3829,CATERPILLAR,MM
161206,GASKET,حشية,INSURANCE_SPARE,RS-GUPCO,0,04J06E,7103139,EACH,4N3955,CATERPILLAR,MM
161208,"VANE, KIT SERVICE REPAIR",خدمة إصلاح ريشة المروحة ومجموعة أدواتها,INSURANCE_SPARE,RS-GUPCO,0,04L13B (1),7103138,KIT,4N4380,CATERPILLAR,MM
161209,"MOTOR, GROUP AIR STARTING , P/N : 1077859","محرك، مجموعة بدء التشغيل بالهواء، رقم القطعة: 1077859",INSURANCE_SPARE,RS-GUPCO,0,01D04A,7103138,PACKAGE,1077859,CATERPILLAR,MM
161223,"ROD, VALVE PUSH FOR MECHANISM GROUP","قضيب، صمام دفع لمجموعة الآلية",INSURANCE_SPARE,RS-GUPCO,0,04J08E,7103140,EACH,1CA4W5998,CATERPILLAR,MM
161224,"INSERT, FOR HEAD ASSY.","أدخل، لمجموعة الرأس.",INSURANCE_SPARE,RS-GUPCO,0,04/J19A,7103142,EACH,5CA4N5893,CATERPILLAR,MM
161225,"V-BELT, SET FOR DRIVE GROUP ""CATERPILLR""            SET= 2 EA","طقم سير على شكل حرف V لمجموعة القيادة ""كاتربيلر"" (الطقم = قطعتان)",MIN_MAX,RS-GUPCO,0,03C30B,7103138,SET,1CA4N6373,BELT/TRANSMIT,MM
161107,"METER, ASSY. SERVICE","عداد، مجموعة خدمة",INSURANCE_SPARE,RS-GUPCO,0,04J06F,7103128,EACH,2N8378,CATERPILLAR,MM
161108,"GUIDE, FOR OIL COOLER & OIL LINES",دليل لمبرد الزيت وخطوط الزيت,INSURANCE_SPARE,RS-GUPCO,0,04K11F (1),7103128,EACH,2N8519,CATERPILLAR,MM
161109,"ELBOW, WATER PUMP INLET","كوع، مدخل مضخة الماء",INSURANCE_SPARE,RS-GUPCO,0,04J06D (1),7103116,EACH,2N8827,CATERPILLAR,MM
161110,"SEAL, COUPLING","مانع تسرب، وصلة",PLANNED_WO,RS-GUPCO,0,,7103116,EACH,1CAA2N8866,CATERPILLAR,MM
161113,"TUBE, ASSY. FOR TANK GROUP","أنبوب، مجموعة خزان",INSURANCE_SPARE,RS-GUPCO,0,01 d02e,7103126,EACH,2N9262,CATERPILLAR,MM
161114,"TUBE, ASSY. FOR TANK GROUP","أنبوب، مجموعة خزان",INSURANCE_SPARE,RS-GUPCO,0,04K09C (1),7103126,EACH,2N9265,CATERPILLAR,MM
161115,"RETAINER, VALVE SPRING FOR HEAD ASSY.","مثبت، زنبرك الصمام لمجموعة رأس الأسطوانة.",MIN_MAX,RS-GUPCO,0,04H07C,7103126,EACH,2N9297,CATERPILLAR,MM
161116,"GUIDE, VALVE INLET FOR HEAD ASSY.",دليل مدخل الصمام لمجموعة الرأس.,INSURANCE_SPARE,RS-GUPCO,0,~,7103126,EACH,2N9298,CATERPILLAR,MM
161117,"GUIDE, VALVE EXHAUST FOR HEAD ASSY.",دليل صمام العادم لمجموعة رأس المحرك.,INSURANCE_SPARE,RS-GUPCO,0,~,7103126,EACH,1CA2N9299,CATERPILLAR,MM
109865,"V-BELT, SET WAUKESHA (SET=2EA)                     MNFG.""WAUKESHA"" USA","حزام على شكل حرف V، طقم من شركة واكيشا (طقم من قطعتين) من إنتاج شركة واكيشا الأمريكية",MIN_MAX,RS-GUPCO,0,,6923108,SET,3VX710,BELT/TRANSMIT,MM
120463,"AIREND ASSEMBLY, P/N. 36017028 , New P/N. 42476119  (INGERSOLL RAND GENUINE PARTS , MADE IN USA AND PROVIDE ORGINE CERTI","مجموعة ضغط الهواء، رقم القطعة 36017028، رقم القطعة الجديد 42476119 (قطع غيار أصلية من إنجرسول راند، صنع في الولايات المتحدة الأمريكية، مع شهادة أصالة).",INSURANCE_SPARE,RS-GUPCO,0,02W47E(1),8009168,EACH,39248117,COMPRESSOR USA,MM
120465,"GASKET, SILICON P/N. 39249651  (INGERSOLL RAND GENUINE PARTS , MADE IN USA AND PROVIDE ORGINE CERTIFICATE , DO NOT SUBST","حشية سيليكون، رقم القطعة 39249651 (قطع غيار أصلية من إنجرسول راند، صنع في الولايات المتحدة الأمريكية، مع شهادة منشأ، لا تستبدلها).",INSURANCE_SPARE,RS-GUPCO,0,03B23F (1),8009166,EACH,39249651,COMPRESSOR USA,MM
161228,"GAS KET, FOR HEAD GROUP 3571148542621","حشية غاز، لمجموعة الرأس 3571148542621",PLANNED_WO,RS-GUPCO,0,,7103140,EACH,10CA4N7253,CATERPILLAR,MM
161230,"LUBRICATOR, AIR MOTOR","مُزَلِّق، محرك هوائي",INSURANCE_SPARE,RS-GUPCO,0,04J10A,7103128,EACH,1CA1196284,CATERPILLAR,MM
161231,"CARTRIDGE ASSY.,","مجموعة الخرطوشة،",INSURANCE_SPARE,RS-GUPCO,0,04L03H (1),7103139,EACH,4N7601,CATERPILLAR,MM
161232,"PUMP, GROUP WATER BASIC","مضخة، مجموعة مياه أساسية",INSURANCE_SPARE,RS-GUPCO,0,,7103142,EACH,3520200,CATERPILLAR,MM
160856,"NUT, HEX. 3/8 IN NC THRD. 16.","صامولة سداسية، 3/8 بوصة، سن لولبي NC، 16.",MIN_MAX,RS-GUPCO,0,04H10B,7103144,EACH,100CA6V8801,CATERPILLAR,MM
164859,PUMP SHAFT ITEM 660.,"عمود المضخة، رقم الصنف 660.",INSURANCE_SPARE,RS-GUPCO,0,01N05E(1),7907161,EACH,B78260F004 2216,PUMP MISC,PU
164882,"hold till 01/01/2027 , WEAR RING, BOWL (these materials should be made in USA and don't substitute)","يُحفظ حتى 01/01/2027، خاتم الارتداء، الوعاء (يجب أن تكون هذه المواد مصنوعة في الولايات المتحدة الأمريكية ولا تقبل بدائل).",INSURANCE_SPARE,RS-GUPCO,0,02T04A,7907176,EACH,B44070F0031128,PUMP MISC,PU
164885,"hold till 01/01/2027 , TAPER, LOCK IMP. (these materials should be made in USA and don't substitute)","يُحفظ حتى 01/01/2027، مدبب، قفل محسّن. (يجب أن تكون هذه المواد مصنوعة في الولايات المتحدة الأمريكية ولا تقبل بدائل).",INSURANCE_SPARE,RS-GUPCO,0,02T04A,7907176,EACH,H00331F0002229,PUMP MISC,PU
164889,"IMPELLER,STAGE 1 ITEM#NO.113-A BORE I/D 3.187""     EYE.O.D 6.006 IN                                   NEW P/N. 5122467&D","مروحة، المرحلة 1، رقم الصنف 113-أ، القطر الداخلي 3.187 بوصة، القطر الخارجي للعين 6.006 بوصة، رقم القطعة الجديد 5122467&D",MIN_MAX,RS-GUPCO,0,,7902110,EACH,5122467,PUMP MISC,PU
164890,"IMPELLER, STAGE 2 ITEM NO. 113-B.BORE I/D 3.192""   @RECEIVED FROM A/G. AND REJECTED BY USER DEPT.","دافع، المرحلة 2 رقم الصنف 113-ب. القطر الداخلي 3.192 بوصة @تم استلامه من A/G. ورفضه قسم المستخدم.",PLANNED_WO,RS-GUPCO,0,,7902110,EACH,1854534,PUMP MISC,PU
164891,"IMPLLER.STAGE 3 ITEM NO.113-C,BORE I/D 3.217""      EYE O.D 5.130 IN                                   NEW P/N 5122468&DR","مُشَغِّل، المرحلة 3، رقم الصنف 113-C، القطر الداخلي 3.217 بوصة، القطر الخارجي للعين 5.130 بوصة، رقم القطعة الجديد 5122468&DR",INSURANCE_SPARE,RS-GUPCO,0,02T04C,7902110,EACH,5122468,PUMP MISC,PU
164892,"IMPELLER STAGE 4 ITEM NO.113-D,BORE I/D 3.187""     EYE O.D 5.130 IN                                   NEW P/N. 5122469&D","مروحة المرحلة الرابعة، رقم الصنف 113-D، القطر الداخلي 3.187 بوصة، القطر الخارجي للفتحة 5.130 بوصة، رقم القطعة الجديد 5122469&D",MIN_MAX,RS-GUPCO,0,,7902110,EACH,5122469,PUMP MISC,PU
165060,"SLEEVE, SHAFT BTWN. 1 AND 2 ITEM NO. 213           MATERIAL 440A 450/525 B","كم، عمود بين 1 و2، رقم الصنف 213، المادة 440A 450/525 B",PLANNED_WO,RS-GUPCO,0,,7902106,EACH,521-011,PUMP MISC,PU
165061,"SLEEVE, SHAFT CENTER ITEM NO. 214","جلبة، مركز العمود، رقم الصنف 214",PLANNED_WO,RS-GUPCO,0,,7902106,EACH,520-012,PUMP MISC,PU
165063,"IMPELLER, STAGE 1 ITEM NO. 220","دافعة، المرحلة 1، رقم الصنف 220",PLANNED_WO,RS-GUPCO,0,,7902106,EACH,6480B36404,PUMP MISC,PU
165064,"RING, IMP. SERIES EYE,AISI 347 W/WALLEX 50         ITEM # 225, MTL.9703   DWG.NO. A15281-03","حلقة، سلسلة إمب. عين، AISI 347 مع والكس 50، رقم الصنف 225، MTL.9703، رقم الرسم A15281-03",MIN_MAX,RS-GUPCO,0,02T10,7902107,EACH,2219846,PUMP MISC,PU
165065,"IMPELLER, STAGE 2 ITEM NO. 237","دافعة، المرحلة 2، رقم الصنف 237",PLANNED_WO,RS-GUPCO,0,,7902106,EACH,230-237,PUMP MISC,PU
161189,"ELBOW, WATER PUMP INLET.","كوع، مدخل مضخة المياه.",INSURANCE_SPARE,RS-GUPCO,0,04L24B (1),7103128,EACH,3N9564,CATERPILLAR,MM
161002,"PIPE, WATER DIVIDER, OIL COOLER AND LINES","الأنابيب، ومقسم المياه، ومبرد الزيت، والخطوط",PLANNED_WO,RS-GUPCO,0,,7103120,EACH,6L8938,CATERPILLAR,MM
165657,"BEARING, STUFFING BOX ITEM NO. 401","محمل، صندوق حشو، رقم الصنف 401",PLANNED_WO,RS-GUPCO,0,,7912102,EACH,LV0695103208 9649 F,PUMP MISC,PU
160935,"PLATE, THRUST CYLINDER BLOCK AND COVER","الصفيحة، كتلة أسطوانة الدفع والغطاء",PLANNED_WO,RS-GUPCO,0,,7103126,EACH,1CA4L4653,CATERPILLAR,MM
160937,"TEE, OIL COOLER & OIL LINE","وصلة على شكل حرف T، مبرد الزيت وخط الزيت",INSURANCE_SPARE,RS-GUPCO,0,04G01C (1),7103116,EACH,4L6725,CATERPILLAR,MM
161040,"O-RING, SEAL 0.799"" X 0.103"" DIA. BLACK P G G","حلقة مانعة للتسرب، قطرها 0.799 بوصة × 0.103 بوصة، لون أسود P G G",OBSOLETE,RS-GUPCO,0,03A07H (1),7103144,EACH,4M8303,CATERPILLAR,MM
161263,"VANE, KIT ROTOR FOR SERVICE REPAIR                 KIT = 5 EA","مجموعة ريشة، دوار للصيانة والإصلاح = 5 قطع",MIN_MAX,RS-GUPCO,0,04J14A,7103142,KIT,6N7533,CATERPILLAR,MM
161266,"TURBOCHARGER, GROUP BASIC","شاحن توربيني، المجموعة الأساسية",INSURANCE_SPARE,RS-GUPCO,0,01D18E (1),7103128,EACH,6N8636,CATERPILLAR,MM
110369,"OIL FILTER ELEMENT, P/N. 39911631  (INGERSOLL RAND GENUINE PARTS , MADE IN USA AND PROVIDE ORGINE CERTIFICATE , DO NOT S","عنصر فلتر الزيت، رقم القطعة 39911631 (قطع غيار أصلية من إنجرسول راند، صنع في الولايات المتحدة الأمريكية، مع شهادة المنشأ، لا تقم بـ",INSURANCE_SPARE,RS-GUPCO,0,,8009168,EACH,39446489,BR/SL/S.PLG/FLT,MM
110378,"ELEMENT SEPARATOR TANK , P.NO. 39895610   , New P/N. 22089551 PARTS FOR ROTARY AIR COMPRESSOR , MODEL SSR EP60 , S/NO. C","خزان فاصل العناصر، رقم القطعة 39895610، رقم القطعة الجديد 22089551، قطع غيار لضاغط هواء دوار، موديل SSR EP60، الرقم التسلسلي C",PLANNED_WO,RS-GUPCO,0,,8009168,EACH,39900923,BR/SL/S.PLG/FLT,MM
161084,"PUMP, WATER , P/N : 2N-0955","مضخة مياه، رقم القطعة: 2N-0955",MIN_MAX,RS-GUPCO,0,04H13H,7103128,EACH,2N-0955,CATERPILLAR,MM
161172,"HOUSING, ASSY. REGULATOR","غلاف، مجموعة منظم",INSURANCE_SPARE,RS-GUPCO,0,04L14E (1),7103126,EACH,1CA3N6066,CATERPILLAR,MM
161281,"SPRING, RING P/N: IB892527022                      CATREPILLER NO: 7N2388","زنبرك، حلقة، رقم القطعة: IB892527022، رقم كاتربيلر: 7N2388",INSURANCE_SPARE,RS-GUPCO,0,04M03E (1),0,EACH,,CATERPILLAR,MM
161718,"Centrifugal pump, close-coupled, electric motor with extended shaft directly to the pump, the pump casing & impeller mat","مضخة طرد مركزي، موصولة مباشرة بمحرك كهربائي ذي عمود ممتد متصل مباشرة بالمضخة، وغلاف المضخة، وحصيرة المروحة.",MIN_MAX,RS-GUPCO,0,,0,EACH,CM5-3- A-S-A-E-AQQE E-A-A-N,PUMP CENTRIFUG,PU
120512,"COOLER, P/N. 39892492  (INGERSOLL RAND GENUINE PARTS , MADE IN USA AND PROVIDE ORGINE CERTIFICATE , DO NOT SUBSTITUTE)","مبرد، رقم القطعة 39892492 (قطع غيار أصلية من إنجرسول راند، صنع في الولايات المتحدة الأمريكية، مع تقديم شهادة المنشأ، لا تستبدلها)",MIN_MAX,RS-GUPCO,0,01E23H,8009166,EACH,39916853,COMPRESSOR USA,MM
120522,"FAN, 28"" P/N. 39921978  (INGERSOLL RAND GENUINE PARTS , MADE IN USA AND PROVIDE ORGINE CERTIFICATE , DO NOT SUBSTITUTE)","مروحة، 28 بوصة، رقم القطعة 39921978 (قطع غيار أصلية من إنجرسول راند، صنع في الولايات المتحدة الأمريكية، مع تقديم شهادة المنشأ، لا تستبدلها)",INSURANCE_SPARE,RS-GUPCO,0,02W41G (1),8009166,EACH,39921978,COMPRESSOR USA,MM
120453,"HOSE SYNFLEX, 18 P/N. 39137518 (INGERSOLL RAND GENUINE PARTS , MADE IN USA AND PROVIDE ORGINE CERTIFICATE , DO NOT SUBST","خرطوم سينفلكس، 18 قطعة، رقم القطعة 39137518 (قطع غيار أصلية من إنجرسول راند، صنع في الولايات المتحدة الأمريكية، مع شهادة المنشأ، لا تستبدل",INSURANCE_SPARE,RS-GUPCO,0,03B23E (1),8009166,EACH,39137518,COMPRESSOR USA,MM
120500,"HOSE, 2""X38 , P/N. 39572219 (New P/N. 85563245)  (INGERSOLL RAND GENUINE PARTS , MADE IN USA AND PROVIDE ORGINE CERTIFIC","خرطوم، 2 بوصة × 38، رقم القطعة 39572219 (رقم القطعة الجديد 85563245) (قطع غيار أصلية من إنجرسول راند، صنع في الولايات المتحدة الأمريكية، مع شهادة منشأ)",MIN_MAX,RS-GUPCO,0,03 PO I D,8009166,EACH,39572219,COMPRESSOR USA,MM
120491,"SEPARATOR MOISTURE, P/N. 39586292  (INGERSOLL RAND GENUINE PARTS , MADE IN USA AND PROVIDE ORGINE CERTIFICATE , DO NOT S","فاصل الرطوبة، رقم القطعة 39586292 (قطع غيار أصلية من إنجرسول راند، صنع في الولايات المتحدة الأمريكية، مع شهادة المنشأ، لا تقم بـ",INSURANCE_SPARE,RS-GUPCO,0,02U20H,8009166,EACH,22309272,COMPRESSOR USA,MM
120490,"TRAP CONDENSATE, P/N. 39530159 P/N. 39586672  (INGERSOLL RAND GENUINE PARTS , MADE IN USA AND PROVIDE ORGINE CERTIFICATE","مصيدة المكثفات، رقم القطعة 39530159، رقم القطعة 39586672 (قطع غيار أصلية من إنجرسول راند، صنع في الولايات المتحدة الأمريكية، مع شهادة المنشأ)",OBSOLETE,RS-GUPCO,0,,8009166,EACH,39530159,COMPRESSOR USA,MM
120456,"VALVE 25NPT (LOAD SOLENLID) P/N. 39146741 (INGERSOLL RAND GENUINE PARTS, DO NOT SUBSTITUTE).","صمام 25NPT (غطاء تحميل) رقم القطعة 39146741 (قطع غيار أصلية من إنجرسول راند، لا تستبدلها).",MIN_MAX,RS-GUPCO,0,02U18E,8009166,EACH,22228019,COMPRESSOR USA,MM
120486,"VALVE 3WAY (SUMP SOLENOID) P/N. 39497672  (INGERSOLL RAND GENUINE PARTS , MADE IN USA AND PROVIDE ORGINE CERTIFICATE , D","صمام ثلاثي الاتجاهات (صمام لولبي لحوض الزيت) رقم القطعة 39497672 (قطع غيار أصلية من إنجرسول راند، صنع في الولايات المتحدة الأمريكية، مع شهادة منشأ)",MIN_MAX,RS-GUPCO,0,02U20D,8009166,EACH,39497672,COMPRESSOR USA,MM
120487,"BLOWDOWN (MODULATE SOLENLID) P/N. 39497680  (INGERSOLL RAND GENUINE PARTS , MADE IN USA AND PROVIDE ORGINE CERTIFICATE ,","صمام تخفيف الضغط (غطاء صمام منظم) رقم القطعة 39497680 (قطع غيار أصلية من إنجرسول راند، صنع في الولايات المتحدة الأمريكية، مع تقديم شهادة المنشأ)",INSURANCE_SPARE,RS-GUPCO,0,02W45C (1),8009166,EACH,39497680,COMPRESSOR USA,MM
120517,"TRANSDUCER PRESSURE P/N. 39853809  (INGERSOLL RAND GENUINE PARTS , MADE IN USA AND PROVIDE ORGINE CERTIFICATE , DO NOT S","محول ضغط، رقم القطعة 39853809 (قطع غيار أصلية من إنجرسول راند، صنع في الولايات المتحدة الأمريكية، مع شهادة المنشأ، لا تقم باستبدالها).",MIN_MAX,RS-GUPCO,0,03/B37F,8009166,EACH,39853809,COMPRESSOR USA,MM
120438,"ORIFICE .063 P/N. 37081528  (INGERSOLL RAND GENUINE PARTS , MADE IN USA AND PROVIDE ORGINE CERTIFICATE , DO NOT SUBSTITU","فتحة 0.063، رقم القطعة 37081528 (قطع غيار أصلية من إنجرسول راند، صنع في الولايات المتحدة الأمريكية، مع شهادة المنشأ، لا تستبدلها).",INSURANCE_SPARE,RS-GUPCO,0,02W49G (1),8009166,EACH,37081528,COMPRESSOR USA,MM
161085,"COVER, ASSY.","غطاء، مجموعة.",INSURANCE_SPARE,RS-GUPCO,0,04K21B (1),7103126,EACH,2N2306,CATERPILLAR,MM
161086,"SOLENOID, RACK SHUT-OFF 24-32 VOLT","ملف لولبي، إيقاف تشغيل الرف 24-32 فولت",MIN_MAX,RS-GUPCO,0,04H13H,7103132,EACH,1CA1023506,CATERPILLAR,MM
161087,"GAUGE, ENGINE OIL PRESSURE FOR INSTRUMENT PANEL",مقياس ضغط زيت المحرك للوحة العدادات,PLANNED_WO,RS-GUPCO,0,,7103132,PACKAGE,2N2414,CATERPILLAR,MM
161090,"GASKET, FOR WATER COOLED MANIFOLD",حشية لمشعب تبريد الماء,MIN_MAX,RS-GUPCO,0,04H11A,7103126,EACH,2N3236,CATERPILLAR,MM
161091,"GASKET, OIL FILTER",حشية فلتر الزيت,MIN_MAX,RS-GUPCO,0,04H11,7103116,EACH,2N3584,CATERPILLAR,MM
161092,"SEAL, RUBBER, CYLINDER HEAD",مانع تسرب مطاطي لرأس الأسطوانة,MIN_MAX,RS-GUPCO,0,03A06D,7103116,EACH,5CA2N3597,CATERPILLAR,MM
161093,"COVER, CYLINDER HEAD",غطاء رأس الأسطوانة,INSURANCE_SPARE,RS-GUPCO,0,04J04B (1),7103116,EACH,2N3598,CATERPILLAR,MM
161094,"CARBURATOR, ASSY. NATURAL GAS RIGHT HAND.","مجموعة المكربن، غاز طبيعي، جهة اليمين.",INSURANCE_SPARE,RS-GUPCO,1,04/J04G (1),7103128,EACH,1CA9Y5306,CATERPILLAR,MM
161095,"TUBE,ASSY.PISTON COOLING JET.","أنبوب، مجموعة، مكبس، فوهة تبريد.",INSURANCE_SPARE,RS-GUPCO,0,04K15A (1),7103128,EACH,2N4541,CATERPILLAR,MM
161096,"TUBE,","أنبوب،",MIN_MAX,RS-GUPCO,0,04H09A,7103128,EACH,1CA2N4897,CATERPILLAR,MM
161097,"TUBE,","أنبوب،",MIN_MAX,RS-GUPCO,0,04H09B,7103116,EACH,2N7242,CATERPILLAR,MM
161106,"TUBE, ASSY. WATER PUMP OUTLET","أنبوب، مجموعة مخرج مضخة المياه",INSURANCE_SPARE,RS-GUPCO,0,04/S18E,7103128,EACH,1CA2N8371,CATERPILLAR,MM
116255,"PAD, PRE CLEANER","وسادة، منظف مسبق",PLANNED_WO,RS-GUPCO,0,,6923128,EACH,209365,ENGINE USA,MM
116042,"GASKET, CARUBRATOR","حشية، مكربن",INSURANCE_SPARE,RS-GUPCO,0,03H27G (1),6923128,EACH,169905,ENGINE USA,MM
116446,"O-RING, OIL FILTER ,","حلقة مانعة للتسرب، فلتر زيت،",PLANNED_WO,RS-GUPCO,6,03H27TOP,6923108,EACH,493029,ENGINE USA,MM
164766,"NUT, ADJUSTING","صامولة، ضبط",INSURANCE_SPARE,RS-GUPCO,0,02S02A,7907166,EACH,H00459F0002242,PUMP MISC,PU
164767,"COUPLING, COLUMN",وصلة عمودية,MIN_MAX,RS-GUPCO,0,02S03B,7907166,EACH,B12234F0056531,PUMP MISC,PU
164768,"SHAFT, LINE SIXE 1"" X 120 LENGTH ITEM 646","عمود، خط ستة 1 بوصة × طول 120، رقم الصنف 646",MIN_MAX,RS-GUPCO,2,,7907166,EACH,B00002FNAA2216,PUMP MISC,PU
164769,"SHAFT, HEAD SIZE 1"" X 131 LENGTH","عمود، مقاس الرأس 1 بوصة × طول 131",INSURANCE_SPARE,RS-GUPCO,0,01N01C,7907166,EACH,B12221F0005924,PUMP MISC,PU
164770,"O-RING,","حلقة دائرية،",PLANNED_WO,RS-GUPCO,0,,7907166,EACH,C60000F214 5302,PUMP MISC,PU
164771,"CAPSCREW, FOR PUMP COUPLING                        OLD P/N. 49585-45-2298                             NEW P/N. A49585F04","برغي غطاء، لوصلة المضخة، رقم القطعة القديم: 49585-45-2298، رقم القطعة الجديد: A49585F04",PLANNED_WO,RS-GUPCO,0,,7907166,EACH,A49585F045 2433,PUMP MISC,PU
164774,"GASKET, CASE","حشية، غلاف",PLANNED_WO,RS-GUPCO,0,,7907121,EACH,70782 28 5127,PUMP MISC,PU
164775,"IMPELLER,W/O RING",مروحة بدون حلقة,INSURANCE_SPARE,RS-GUPCO,0,02/S03,7907121,EACH,R101-499-0013,PUMP MISC,PU
164776,"IMPELER, W/O RING",مروحة بدون حلقة,INSURANCE_SPARE,RS-GUPCO,0,02/S03D,7907119,EACH,OB10542 1203,PUMP MISC,PU
164893,"IMPELLER, STAGE 5 ITEM NO. 113.E,BORE I/D 3.192""   EYE O.D 5.130 IN                                   NEW P/N. 5122470&D","مروحة، المرحلة 5، رقم الصنف 113.E، القطر الداخلي 3.192 بوصة، القطر الخارجي للعين 5.130 بوصة، رقم القطعة الجديد 5122470&D",INSURANCE_SPARE,RS-GUPCO,0,02T04C,7902110,EACH,5122470,PUMP MISC,PU
164894,"IMPELLER,STAGE 6 ITEM NO.113-F, BORE I/D 3,217""    NEW P/N 5122471&DRAWING NO.B52111                  THE OUTER DIAM,OF","مروحة، المرحلة 6، رقم الصنف 113-F، القطر الداخلي 3.217 بوصة، رقم القطعة الجديد 5122471 ورقم الرسم B52111، القطر الخارجي لـ",MIN_MAX,RS-GUPCO,0,,7902110,EACH,5122471,PUMP MISC,PU
164895,"LOCKNUT, SHAFT SLEEVE ITEM NO. 121-B               DWG.#A41232","صامولة قفل، جلبة عمود، رقم الصنف 121-ب، الرسم رقم A41232",MIN_MAX,RS-GUPCO,0,,7902110,EACH,923.121S,PUMP MISC,PU
164896,"SHAFT, PUMP ITEM NO. 210 THE OUTER DIAMETER'S      AT STAGES ARE:                                     - AT STAGE 1, THE","عمود المضخة، رقم الصنف 210، الأقطار الخارجية في المراحل هي: - في المرحلة 1،",MIN_MAX,RS-GUPCO,0,,7902110,EACH,210-210,PUMP MISC,PU
164897,"RING, OIL ITEM NO. 126","حلقة، زيت، رقم الصنف 126",PLANNED_WO,RS-GUPCO,0,,7902110,EACH,644-126,PUMP MISC,PU
161157,"LINE, NO. 3, FUEL VALVE","الخط رقم 3، صمام الوقود",PLANNED_WO,RS-GUPCO,0,,7103116,EACH,1CA1W9203,CATERPILLAR,MM
161159,"LINE, NO. 5, FUEL VALVE","الخط رقم 5، صمام الوقود",PLANNED_WO,RS-GUPCO,0,,7103116,EACH,1CA1W9205,CATERPILLAR,MM
160938,"STUD, BLOCK","مسمار، كتلة",INSURANCE_SPARE,RS-GUPCO,0,04G01E (1),7103116,EACH,4L6788,CATERPILLAR,MM
160929,"PUSH ROD,","قضيب الدفع،",PLANNED_WO,RS-GUPCO,0,04H21D(1),7103116,EACH,1CA4L7820,CATERPILLAR,MM
160932,"GASKET, INTAKE MANIFOLD FOR WATER COOLER",حشية مشعب السحب لمبرد الماء,MIN_MAX,RS-GUPCO,0,04H16A,7103126,EACH,4L8097,CATERPILLAR,MM
160939,"TUBE ASSY.,FOR OIL COLLOER AND OIL LINES","مجموعة أنابيب، لألوان الزيت وخطوط الزيت",PLANNED_WO,RS-GUPCO,1,04H16F,7103126,EACH,4L8116,CATERPILLAR,MM
160940,"GASKET, FOR OIL COOLER AND OIL LINES",حشية لمبرد الزيت وخطوط الزيت,MIN_MAX,RS-GUPCO,0,04H18A,7103126,EACH,1CA4L8121,CATERPILLAR,MM
160941,"PISTON, FOR OIL COOLER AND OIL LINES","مكبس، لمبرد الزيت وخطوط الزيت",INSURANCE_SPARE,RS-GUPCO,0,04H04A (1),7103128,EACH,4L8138,CATERPILLAR,MM
160943,"GASKET, PORT COVER FOR OIL COOLER & OIL LINES.","حشية، غطاء منفذ لمبرد الزيت وخطوط الزيت.",MIN_MAX,RS-GUPCO,0,04H19G(1),7103128,EACH,10CA4L8606,CATERPILLAR,MM
160944,"PUMP, GROUP FRESH WATER","مضخة، مجموعة مياه عذبة",MIN_MAX,RS-GUPCO,0,01C03C,7103126,EACH,1CA0R0804,CATERPILLAR,MM
160946,"ELEMENT, ASSY. SERVICE FOR AIR CLEANER.","عنصر، مجموعة خدمة لجهاز تنقية الهواء.",INSURANCE_SPARE,RS-GUPCO,0,04H18,7103132,EACH,4L9851,CATERPILLAR,MM
160947,"ELEMENT, GROUP SERVICE FOR AIR CLEANER             EQUIV.(AF333), (THIS ITEM TO BE SUPPLIED FROM ORIGINAL MANUFACTURER &","عنصر، خدمة مجموعة لتنقية الهواء (AF333)، (يتم توريد هذا المنتج من الشركة المصنعة الأصلية و",MIN_MAX,RS-GUPCO,0,05/D06,7103126,EACH,1CA4L9853,CATERPILLAR,MM
160950,"PANEL, INSTRUMENT","لوحة التحكم، جهاز القياس",MIN_MAX,RS-GUPCO,0,04H18D,7103116,EACH,1CA5L2574,CATERPILLAR,MM
160868,"GASKET, WATER PASSAGE COVER",حشية غطاء ممر الماء,MIN_MAX,RS-GUPCO,0,04H12A,7103116,EACH,1F4419,CATERPILLAR,MM
160869,"GASKET, CYLINDER BLOCK & COVERS.","الحشية، كتلة الأسطوانة والأغطية.",INSURANCE_SPARE,RS-GUPCO,0,04H24A (1),7103116,EACH,1CA1F9223,CATERPILLAR,MM
160872,"WASHER, COVER CYL. HEAD COVER FOR 1/2 IN DIA STUD .","غسالة، غطاء رأس الأسطوانة لمسمار قطره 1/2 بوصة.",INSURANCE_SPARE,RS-GUPCO,0,04H24C (1),7103144,EACH,3F9780,CATERPILLAR,MM
160874,"O-RING, SEAL 3.975"" ID X 0.210"" DIA. BLACK G P G","حلقة مانعة للتسرب، قطر داخلي 3.975 بوصة × قطر 0.210 بوصة، أسود، G P G",PLANNED_WO,RS-GUPCO,2,03A04H,7103144,EACH,10CA4F7387,CATERPILLAR,MM
160876,"SEAL, ASSY 9/16"" ID FOR FUEL INJECTION VALVES","مجموعة مانع تسرب، بقطر داخلي 9/16 بوصة لصمامات حقن الوقود",MIN_MAX,RS-GUPCO,0,03A04H,7103144,EACH,10CA6F1069,CATERPILLAR,MM
160880,"O-RING, SEAL 0.906"" ID X 0.207"" DIA. BLACK D W W.","حلقة مانعة للتسرب، قطر داخلي 0.906 بوصة × قطر 0.207 بوصة، أسود D W W.",PLANNED_WO,RS-GUPCO,0,03 A04 H,7103144,EACH,25CA8F4994,CATERPILLAR,MM
160881,"BUTTON, VALVE STEM                                 FOR CYLINDER HEAD & VALVE MECHANISM","زر، ساق صمام لرأس الأسطوانة وآلية الصمام",PLANNED_WO,RS-GUPCO,0,,7103104,EACH,8F8858,CATERPILLAR,MM
161537,"WELL ADAPTER, FOR IGNITION SYSTEM","محول بئر، لنظام الإشعال",INSURANCE_SPARE,RS-GUPCO,0,04R09D (1),7103126,EACH,L2560,CATERPILLAR,MM
161538,"SPYDER LEAD, FOR IGNITION SYSTEM","سلك سبايدر، لنظام الإشعال",SURPLUS,RS-GUPCO,0,02R09E (1),7103126,EACH,RSI-T6L24,CATERPILLAR,MM
161539,"SPYDER LEAD, FOR IGNITION SYSTEM","سلك سبايدر، لنظام الإشعال",SURPLUS,RS-GUPCO,0,04R09F (1),7103126,EACH,RSI.T6L44,CATERPILLAR,MM
161540,"SPYDER LEAD, FOR IGNITION SYSTEM","سلك سبايدر، لنظام الإشعال",SURPLUS,RS-GUPCO,0,04R07A (1),7103126,EACH,RSI.T6L36,CATERPILLAR,MM
161529,"BOX, MAIN SWITCH FOR IGNITION SYSTEM               MFG. ""REAGAN EQUIPMENT CO.""                        NEW PN.RSI-0258","صندوق، مفتاح رئيسي لنظام الإشعال، من إنتاج شركة ""ريجان للمعدات""، جديد، رقم القطعة RSI-0258",INSURANCE_SPARE,RS-GUPCO,0,04R11B (1),3601100,EACH,RSI-0258,CATERPILLAR,MM
109867,"V-BELT, MULTIPLE TYPE  NO. C 152                   OC: 156.200 IN IC: 152.000 IN TWO: 0.875 IN        T: 0.531 IN","حزام على شكل حرف V، متعدد الأنواع رقم C 152، المسافة بين المركزين: 156.200 بوصة، المسافة بين المركزين: 152.000 بوصة، المسافة بين اثنين: 0.875 بوصة، المسافة بين الحافتين: 0.531 بوصة",MIN_MAX,RS-GUPCO,0,,0,EACH,C152,BELT/TRANSMIT,MM
115836,"PULLEY, WATER PUMP","بكرة، مضخة مياه",PLANNED_WO,RS-GUPCO,0,,6923108,EACH,27432X,ENGINE USA,MM
164899,"Complete thrust bearing 5 JHJ (steel), Drawing no. FJHJ050AY-001, Cage code 75333, KINGSBURY manufacturer.","محمل دفع كامل 5 JHJ (فولاذ)، رقم الرسم FJHJ050AY-001، رمز القفص 75333، الشركة المصنعة KINGSBURY.",INSURANCE_SPARE,RS-GUPCO,0,,7902110,EACH,FJHJ050AY-001,PUMP MISC,PU
164900,"BEARING JOURNAL, used for SULZER pump size 4X6X10B, 5 stages, type MSD, S/No. 220061 thru 220067.","محمل الدوران، يستخدم لمضخة SULZER بحجم 4X6X10B، 5 مراحل، نوع MSD، الرقم التسلسلي من 220061 إلى 220067.",MIN_MAX,RS-GUPCO,0,,7902110,EACH,1318799,PUMP MISC,PU
164901,"PIN, TAPER NO. 11 X 9-1/2"" LONG  (ITEM NO. 11)     NEW NO. 4XXX  STEEL",دبوس مخروطي رقم 11 × 9.5 بوصة طولاً (رقم الصنف 11) جديد رقم 4XXX فولاذ,MIN_MAX,RS-GUPCO,0,,7902110,EACH,566.122,PUMP MISC,PU
164902,"PLASTIGAGE , 0.001- 0.003","بلاستيج، 0.001-0.003",PLANNED_WO,RS-GUPCO,0,,7902110,PACKAGE,2300658,PUMP MISC,PU
161861,"VANE,","VANE,",INSURANCE_SPARE,RS-GUPCO,0,02/R08A,7509102,EACH,1690002,PUMP D.WELL/VAC,PU
161864,"SEAL,","ختم،",PLANNED_WO,RS-GUPCO,7,,7509102,EACH,1-563-019,PUMP D.WELL/VAC,PU
161778,"O-RING, IMPELLER  (OLD PT NO.9310-568023)          P/NO. 815-2 9410A02300J","حلقة مانعة للتسرب، مروحة (رقم القطعة القديم 9310-568023) رقم القطعة 815-2 9410A02300J",PLANNED_WO,RS-GUPCO,0,,7321112,EACH,9410A02300J,PUMP CENTRIFUG,PU
116478,"REPAIR KIT, AUX WATER PUMP ,",طقم إصلاح مضخة المياه الإضافية,MIN_MAX,RS-GUPCO,0,02Q22D,6923116,EACH,G-960-243,ENGINE USA,MM
165032,"RING , CASE STAGE 1 EYE ITEM NO. 176_A","حلقة، علبة المرحلة 1، رقم الصنف 176_أ",SURPLUS,RS-GUPCO,0,,7902108,EACH,502.174A,PUMP MISC,PU
165033,"RING, CASE SERIES EYE ITEM NO. 176-B","خاتم، علبة، سلسلة عين، رقم الصنف 176-ب",SURPLUS,RS-GUPCO,0,,7902108,EACH,502.176B-1773984,PUMP MISC,PU
165034,"BUSHING, THROAT ITEM NO. 185-A (9241A-50142)_","جلبة، حلقة، رقم الصنف 185-أ (9241أ-50142)",SURPLUS,RS-GUPCO,0,,7902108,EACH,456.185A-1582399,PUMP MISC,PU
165035,"BUSHING,THROTTLE ITEM NO.185_B","جلبة، خانق، رقم الصنف 185_ب",SURPLUS,RS-GUPCO,0,02T10,7902108,EACH,542.185B,PUMP MISC,PU
165036,"O-RING, CENTER STAGE PIECE ITEM NO. 208-A","حلقة دائرية، قطعة مركزية، رقم الصنف 208-أ",PLANNED_WO,RS-GUPCO,0,,7902108,EACH,412.208A-1056271,PUMP MISC,PU
165037,"STAGE ITEM NO. 210 THE OUTER DIAMETER AT STAGEARE  AT STAGE  1.  THE SHAFT O/D IS 3.376""              AT STAGE  2.  THE",رقم القطعة 210: القطر الخارجي عند المنصة 1. القطر الخارجي للعمود 3.376 بوصة عند المنصة 2.,SURPLUS,RS-GUPCO,0,,7902108,EACH,1568930,PUMP MISC,PU
165038,"KEY,STAGE 1,3 AND 4 IMPELLERS ITEM NO 255-A","مفتاح، مراوح المرحلة 1 و3 و4، رقم الصنف 255-أ",PLANNED_WO,RS-GUPCO,0,,7902108,EACH,940.255A,PUMP MISC,PU
165039,"KEY,STAGE 5 IMPELLER ITEM NO , 255-C","مفتاح، دافع المرحلة 5، رقم الصنف 255-C",PLANNED_WO,RS-GUPCO,0,,7902108,EACH,940.255C,PUMP MISC,PU
165040,"KEY,THROTTLE SLEEVE ITEM NO.255-D","مفتاح، غطاء الخانق، رقم الصنف 255-D",PLANNED_WO,RS-GUPCO,0,,7902108,EACH,940.255D,PUMP MISC,PU
165041,"PIN, DOWEL ITEM NO. 262-A 3/16"" X 9/16""","دبوس، وتد، رقم الصنف 262-أ، 3/16 بوصة × 9/16 بوصة",SURPLUS,RS-GUPCO,0,,7902108,EACH,562.262A,PUMP MISC,PU
160951,CAMSHAFT                                           OLD P/N.OL288,"عمود الكامات القديم، رقم القطعة OL288",INSURANCE_SPARE,RS-GUPCO,0,01D16D,7103126,EACH,1CA1282398,CATERPILLAR,MM
160952,"BEARING, SLEEVE FOR BLOCK ASSY.","محمل، جلبة لمجموعة الكتلة.",INSURANCE_SPARE,RS-GUPCO,0,04H17A(1),7103126,EACH,5L2894,CATERPILLAR,MM
160955,"GASKET, EXHAUST ELBOW","حشية، كوع العادم",PLANNED_WO,RS-GUPCO,0,,7103116,EACH,1CA5L3773,CATERPILLAR,MM
160956,"LIFTER , VALVE","رافعة، صمام",INSURANCE_SPARE,RS-GUPCO,0,04H17B(1),7103116,EACH,1CA1021561,CATERPILLAR,MM
160959,"ADAPTER, FLEXIBLE EXHAUST","محول، عادم مرن",MIN_MAX,RS-GUPCO,0,04H20D,7103116,EACH,1CA2146045,CATERPILLAR,MM
160960,"GAUGE, ENGINE OIL PRESSURE                          CONSISTS OF:-  1- INDICATOR P/NO. 7W2937                          2-",يتكون مقياس ضغط زيت المحرك من: 1- مؤشر رقم القطعة 7W2937 2-,INSURANCE_SPARE,RS-GUPCO,1,04H20,7103112,EACH,5L7456,CATERPILLAR,MM
160961,"CLAMP, WATER JACKET AFTERCOOLER AND EXHAUST ELBOW","مشبك، غلاف مائي، مبرد لاحق، ومرفق عادم",PLANNED_WO,RS-GUPCO,0,,7103116,EACH,1CA5L7631,CATERPILLAR,MM
160962,"ELBOW, EXHUST,GP , OLD P/N: 5L7661 , NEW P/N: CONSISTS OF :-","كوع، عادم، GP، رقم القطعة القديم: 5L7661، رقم القطعة الجديد: يتكون من:-",INSURANCE_SPARE,RS-GUPCO,0,04H20F,7103165,EACH,1CA5L7661,CATERPILLAR,MM
160990,"DIAPHRAM, ASSY. CARBURETOR","غشاء، مجموعة المكربن",MIN_MAX,RS-GUPCO,0,04H22,7103126,EACH,6L5288,CATERPILLAR,MM
160992,"COUPLING, GAS PRESSURE REGULATOR","وصلة، منظم ضغط الغاز",PLANNED_WO,RS-GUPCO,0,,7103128,EACH,6L7028,CATERPILLAR,MM
160994,"DIAPHRAGM, REGULATOR ASSY,","مجموعة الحجاب الحاجز، منظم الضغط،",MIN_MAX,RS-GUPCO,0,03/A06B(1),7103128,EACH,1CA6L7143,CATERPILLAR,MM
160983,"SEAL,0.625 IN IDX1 IN ODX0.375 IN CYLINDER HEAD    AND VALVE MECHANISM.","مانع التسرب، 0.625 بوصة ID × 1 بوصة OD × 0.375 بوصة رأس الأسطوانة وآلية الصمام.",PLANNED_WO,RS-GUPCO,0,03A08H (1),7103144,EACH,6L7813,CATERPILLAR,MM
160984,"O-RING, SEAL 2.125"" X 0.250""","حلقة مانعة للتسرب، 2.125 بوصة × 0.250 بوصة",MIN_MAX,RS-GUPCO,0,03A06B,7103144,EACH,6L7816,CATERPILLAR,MM
160985,"O-RING, SEAL 1.600 IN ID X 0.210 IN DIA.","حلقة دائرية مانعة للتسرب، قطر داخلي 1.600 بوصة × قطر 0.210 بوصة.",MIN_MAX,RS-GUPCO,0,03A06B,7103144,EACH,10CA6L7817,CATERPILLAR,MM
165473,"BEARING, SERIES CASE REF. NO. 243","محمل، سلسلة، رقم مرجع العلبة 243",PLANNED_WO,RS-GUPCO,0,,7902230,EACH,AX117681-PQ000,PUMP MISC,PU
161607,"BEARING, ADJUSTER","محمل، مُعدِّل",PLANNED_WO,RS-GUPCO,0,,7313106,EACH,237-0014-006,PUMP CENTRIFUG,PU
161167,"MANIFOLD, ASSY.","مشعب، مجموعة.",INSURANCE_SPARE,RS-GUPCO,0,01D02H,7103126,EACH,1CA3N5799,CATERPILLAR,MM
161168,"MANIFOLD, ASSY.","مشعب، مجموعة.",INSURANCE_SPARE,RS-GUPCO,0,,7103126,EACH,1CA3N5800,CATERPILLAR,MM
161174,"CONTACTOR,","جهة الاتصال،",INSURANCE_SPARE,RS-GUPCO,0,04J02E,7103116,EACH,3N4028,CATERPILLAR,MM
161175,"TUBE ASSY.,FOR TURBOCHARGER GROUP","مجموعة أنابيب، لمجموعة الشاحن التوربيني",PLANNED_WO,RS-GUPCO,0,04/J02F(1),7103120,EACH,1CA3N6846,CATERPILLAR,MM
161176,"TACHOMETER, GROUP FOR ELECTRIC                     - TACHOMETER  P/N. 9X1116                          - GENERATOR   P/N.","مقياس سرعة الدوران، مجموعة للكهرباء - مقياس سرعة الدوران رقم القطعة 9X1116 - مولد كهربائي رقم القطعة.",INSURANCE_SPARE,RS-GUPCO,0,04L16F (1),7103144,EACH,1645524,CATERPILLAR,MM
161177,"VALVE, CHECK.","صمام، تحقق.",PLANNED_WO,RS-GUPCO,0,,7103116,EACH,1CA3N6935,CATERPILLAR,MM
164495,"CASING, ITEM NO.100","غلاف، رقم الصنف 100",PLANNED_WO,RS-GUPCO,0,,7907120,EACH,R235-125-1179,PUMP MISC,PU
164496,"hold till 01/01/2027 , IMPELLER,7 3/8"" OUTER DIAMETER PRONZE ITEM NO.101","يُحفظ حتى 01/01/2027، مروحة، قطر خارجي 7 3/8 بوصة، برونزي، رقم الصنف 101",PLANNED_WO,RS-GUPCO,2,,7907120,EACH,78-168 11179,PUMP MISC,PU
164498,"PACKING, STUFFING BOX ITEM NO. 106","صندوق التعبئة والتغليف، رقم الصنف 106",MIN_MAX,RS-GUPCO,0,02S19C,7907120,EACH,A01063A02,PUMP MISC,PU
165365,"BEARING, DISCH. CASE THREADED","محمل، علبة تفريغ ملولبة",PLANNED_WO,RS-GUPCO,0,,7909130,EACH,82299785,PUMP MISC,PU
165399,"SHAFT, PUMP KEYED                                  P/N.82299892-1D2406CG","عمود مضخة بمفتاح، رقم القطعة 82299892-1D2406CG",NON_STOCK,RS-GUPCO,0,,7909130,EACH,82299892,PUMP MISC,PU
161724,"GASKET, GLAND","حشية، غدة",INSURANCE_SPARE,RS-GUPCO,0,02/Q13D,7321102,EACH,815B0118113R20501,PUMP CENTRIFUG,PU
161210,"LINE, ASSY. NO.1.","خط، مجموعة رقم 1.",PLANNED_WO,RS-GUPCO,0,,7103132,EACH,1CA4N9941,CATERPILLAR,MM
161211,"LINE, ASSY. NO.5.","خط، مجموعة رقم 5.",PLANNED_WO,RS-GUPCO,0,,7103132,EACH,1CA4N9945,CATERPILLAR,MM
161212,"LINE, ASSY. NO.6.","خط، مجموعة رقم 6.",PLANNED_WO,RS-GUPCO,0,,7103132,EACH,1CA4N9946,CATERPILLAR,MM
161214,"COVER, ASSY. FOR CLEANER GROUP","غطاء، مجموعة أدوات التنظيف",INSURANCE_SPARE,RS-GUPCO,0,01D16B (1),7103120,EACH,5N2969,CATERPILLAR,MM
161215,"ELBOW, FOR COOLER & LINES GROUP","كوع، لمجموعة المبردات والخطوط",INSURANCE_SPARE,RS-GUPCO,0,04/J08,7103120,EACH,1CA5N3050,CATERPILLAR,MM
161238,AIR SHUT OFF GROUP,مجموعة إيقاف تشغيل الهواء,PLANNED_WO,RS-GUPCO,0,04J10F,7103117,EACH,2w8817,CATERPILLAR,MM
165354,IMPLER ITEM NO2,أداة التنفيذ رقم 2,INSURANCE_SPARE,RS-GUPCO,0,,7909128,EACH,82299231,PUMP MISC,PU
165356,"BUSHING, THROTTLE","جلبة، خانق",PLANNED_WO,RS-GUPCO,0,,7909130,EACH,82016734,PUMP MISC,PU
165363,"HOLD TILL 1/12/2026,  H SLEEVE AND COLLAR F/1-11/16"" SHF.","يُحفظ حتى 1/12/2026، كم وياقة مقاس F/1-11/16 بوصة SHF.",MIN_MAX,RS-GUPCO,0,,7909130,EACH,82230947,PUMP MISC,PU
161560,"BEARING, CRANK SHAFT REAR","محمل، عمود المرفق الخلفي",INSURANCE_SPARE,RS-GUPCO,0,02/Q21B,7313106,EACH,237-0019-062,PUMP CENTRIFUG,PU
161126,"GASKET,","حشية،",PLANNED_WO,RS-GUPCO,0,,7103116,EACH,3N1238,CATERPILLAR,MM
161127,"COUPLING, COOLER","وصلة، مبرد",MIN_MAX,RS-GUPCO,0,04H05F,7103116,EACH,1CA3N1322,CATERPILLAR,MM
161128,"ADAPTER,","محول،",INSURANCE_SPARE,RS-GUPCO,0,04J11A64,7103116,EACH,3N1341,CATERPILLAR,MM
161129,"COUPLING, ASSY.","وصلة، مجموعة.",INSURANCE_SPARE,RS-GUPCO,0,04H03A,7103126,EACH,1CA3N1371,CATERPILLAR,MM
161130,"SEAL, ASSY.",مجموعة الختم.,MIN_MAX,RS-GUPCO,0,03A06D,7103128,EACH,3N1372,CATERPILLAR,MM
161131,"TUBE, ASSY WATER BYBASS FOR LINES GROUP","أنبوب، مجموعة وصلة مياه جانبية لمجموعة الخطوط",MIN_MAX,RS-GUPCO,0,04/H03B,7103128,EACH,1cA3N1376,CATERPILLAR,MM
161132,"TUBE, ASSY. WATER BYBASS FOR LINES GROUP","أنبوب، مجموعة وصلة مياه جانبية لمجموعة الخطوط",INSURANCE_SPARE,RS-GUPCO,0,04H03C,7103128,EACH,3N1377,CATERPILLAR,MM
165046,"ELEMENT, ROTATING COMPLETE ASSEMBLY, (DYNAMICALLY BALANCE) WITH WEAR RING.","عنصر، مجموعة كاملة دوارة، (متوازنة ديناميكيًا) مع حلقة مقاومة للتآكل.",INSURANCE_SPARE,RS-GUPCO,1,,7902106,EACH,200-200,PUMP MISC,PU
164710,"SHAFT, ITEM NO. 122","عمود، رقم الصنف 122",INSURANCE_SPARE,RS-GUPCO,0,,7907125,EACH,R104-733 2230,PUMP MISC,PU
161688,"SEAL , MACHANICAL",مانع تسرب ميكانيكي,INSURANCE_SPARE,RS-GUPCO,0,02S06D,7303106,EACH,58216,PUMP CENTRIFUG,PU
120484,"BLOW DOWN SOLENOID VALVE P/N. 39479571 P/N. 22871090 & P/N. 39479555 (INGERSOLL RAND GENUINE PARTS , MADE IN USA AND PRO","صمام الملف اللولبي لتفريغ الضغط، رقم القطعة 39479571، رقم القطعة 22871090، ورقم القطعة 39479555 (قطع غيار أصلية من إنجرسول راند، صنع في الولايات المتحدة الأمريكية).",MIN_MAX,RS-GUPCO,0,,8009166,EACH,39479571 + 22871090,COMPRESSOR USA,MM
120483,"OIL STOP (COOLANT SOLENOID) P/N. 39479548  (INGERSOLL RAND GENUINE PARTS , MADE IN USA AND PROVIDE ORGINE CERTIFICATE ,","صمام إيقاف الزيت (صمام تبريد) رقم القطعة 39479548 (قطع غيار أصلية من إنجرسول راند، صنع في الولايات المتحدة الأمريكية، مع توفير شهادة المنشأ).",MIN_MAX,RS-GUPCO,0,,8009166,EACH,39479548 & 42552687,COMPRESSOR USA,MM
161133,"SPACER,","فاصل،",MIN_MAX,RS-GUPCO,0,04J12 E (1),7103122,EACH,3N1414,CATERPILLAR,MM
161134,"ROD,","عصا،",INSURANCE_SPARE,RS-GUPCO,0,04K01G (1),7103116,EACH,3N2069,CATERPILLAR,MM
161135,"PUMP, FUEL TRANSFER","مضخة، نقل الوقود",MIN_MAX,RS-GUPCO,0,04H03E,7103120,EACH,3N2078,CATERPILLAR,MM
161136,"COUPLING, ASSY. FOR TANK GROUP",وصلة تجميع لمجموعة الخزانات,INSURANCE_SPARE,RS-GUPCO,0,04 h03e,7103126,EACH,3N2407,CATERPILLAR,MM
161137,"TUBE, ASSY. FOR COOLER & LINES GROUP",مجموعة أنابيب التبريد والخطوط,PLANNED_WO,RS-GUPCO,0,,7103126,EACH,3N2414,CATERPILLAR,MM
161239,SWITCH MAGNETIC GROUP. P/N. 5N4806,مجموعة مفاتيح مغناطيسية. رقم القطعة: 5N4806,MIN_MAX,RS-GUPCO,0,04J12A,0,EACH,1CA5N4806,CATERPILLAR,MM
161241,"Heater, Water P/N: 5N-5739 Contain:","سخان الماء، رقم القطعة: 5N-5739، يحتوي على:",MIN_MAX,RS-GUPCO,0,04J12B,7103139,EACH,5N5739,CATERPILLAR,MM
161244,"PICK-UP, MAGNETIC",التقاط مغناطيسي,MIN_MAX,RS-GUPCO,0,04J12B,7103116,EACH,5N6753,CATERPILLAR,MM
161248,"TUBE ASSY,","مجموعة الأنابيب،",INSURANCE_SPARE,RS-GUPCO,0,04J15D,7103117,EACH,6N0029,CATERPILLAR,MM
161246,"CONTACTOR,","جهة الاتصال،",MIN_MAX,RS-GUPCO,0,04J12C,7103102,EACH,1CA5N8857,CATERPILLAR,MM
161149,"GAUGE,","كَيّل،",INSURANCE_SPARE,RS-GUPCO,0,04/J16A,7103120,EACH,4W0506,CATERPILLAR,MM
161151,"ELBOW, WATER PUMP INLET","كوع، مدخل مضخة الماء",INSURANCE_SPARE,RS-GUPCO,0,,7103128,EACH,1CA3N4790,CATERPILLAR,MM
161152,"SPRING, OIL COOLER","زنبرك، مبرد الزيت",INSURANCE_SPARE,RS-GUPCO,0,04L10D (1),7103116,EACH,3N4875,CATERPILLAR,MM
161155,"LINE, NO. 1, VALVE FUEL","الخط رقم 1، صمام الوقود",PLANNED_WO,RS-GUPCO,0,,7103116,EACH,1CA1W9201,CATERPILLAR,MM
161156,"LINE, NO. 2, FUEL VALVE","الخط رقم 2، صمام الوقود",PLANNED_WO,RS-GUPCO,0,,7103116,EACH,1CA1W9202,CATERPILLAR,MM
160811,"SCREW, 7/16 IN. UNF THRD. 2-1/8 01A LG WITH 3/16   GROOVE HD. END & 5/32"" X 1/16"" SLOT OPPOSITE END.","برغي، 7/16 بوصة، سن لولبي UNF، 2-1/8 بوصة، 01A، مع رأس أخدود 3/16 بوصة، وشق 5/32 بوصة × 1/16 بوصة في الطرف المقابل.",INSURANCE_SPARE,RS-GUPCO,0,04/H16G,7103144,EACH,1A0744,CATERPILLAR,MM
161252,"GOVERNOR,","محافظ،",PLANNED_WO,RS-GUPCO,0,,7103116,EACH,7N4197,CATERPILLAR,MM
161253,"TUBE, ASSY","أنبوب، مجموعة",INSURANCE_SPARE,RS-GUPCO,0,04J15G,7103139,EACH,1CA6N3683,CATERPILLAR,MM
165649,"IMPELLER, 5 VANE (L)","مروحة، 5 ريش (يسار)",INSURANCE_SPARE,RS-GUPCO,0,,7902306,EACH,AX750448-VE000,PUMP MISC,PU
165651,"INT,COLUMN","INT,COLUMN",INSURANCE_SPARE,RS-GUPCO,0,07C15A (1),7902238,EACH,8006457,PUMP MISC,PU
165581,"SHAFT, PUMP, 2-3/16"" DIA. X 10 FT. 3/8"" LONG       FOR 1-15/16"" COL. REF. NO. 167","عمود مضخة، قطر 2-3/16 بوصة × طول 10 أقدام و3/8 بوصة، مناسب لعمود قياس 1-15/16 بوصة، رقم المرجع 167",INSURANCE_SPARE,RS-GUPCO,0,01N02D (1),7902218,EACH,88383734,PUMP MISC,PU
165653,"SHAFT, PUMP 13/16 IN. X 3 FT. - 4-13/16 IN. LG.",عمود المضخة 13/16 بوصة × 3 قدم - 4-13/16 بوصة طول.,INSURANCE_SPARE,RS-GUPCO,1,,7902238,EACH,88377846,PUMP MISC,PU
165654,"SHAFT, HEAD 1 IN. X 3 FT. - 75/8 IN. LG","عمود، رأس 1 بوصة × 3 أقدام - 75/8 بوصة طولاً",INSURANCE_SPARE,RS-GUPCO,0,01L05E,7902238,EACH,8006455,PUMP MISC,PU
165661,"CAP, SCREW 5/8 "" X 3 ""","غطاء، برغي 5/8 بوصة × 3 بوصة",MIN_MAX,RS-GUPCO,0,02T38,7912102,EACH,LV1680574104 0015 F,PUMP MISC,PU
165662,"NUT, 5/8""","صامولة، 5/8 بوصة",PLANNED_WO,RS-GUPCO,0,,7912102,EACH,LV5455086104 0015 F.,PUMP MISC,PU
161504,"SHUT OFF GROUP, ELECTRIC 24 VOLTS CONSISTS OF:     - CAPSCREW   P/NO. 9F6580                          - SOLENOID   P/NO.","مجموعة إيقاف التشغيل، كهربائية 24 فولت تتكون من: - برغي غطاء رقم القطعة 9F6580 - ملف لولبي رقم القطعة.",MIN_MAX,RS-GUPCO,0,04J05C,7103141,KIT,2W-8197,CATERPILLAR,MM
161508,"PUMP, ASSY. FUEL PRIMING","مضخة، مجموعة. تحضير الوقود",SURPLUS,RS-GUPCO,0,,7103140,EACH,1CA1052508,CATERPILLAR,MM
161454,"PUMP, FUEL TRANSFER","مضخة، نقل الوقود",INSURANCE_SPARE,RS-GUPCO,0,04J13F,7103139,EACH,1CA3775846,CATERPILLAR,MM
161368,"KIT, GASKET VALVE GRINDING.                                   @ 6 EA AT D/CHARGE AREA",طقم تجليخ صمام الحشية. 6 قطع لكل قطعة في منطقة الشحن,INSURANCE_SPARE,RS-GUPCO,0,04J23,7103142,EACH,1CA2894884,CATERPILLAR,MM
160925,"SWITCH,","يُحوّل،",PLANNED_WO,RS-GUPCO,0,,7103116,EACH,1CA2L3402,CATERPILLAR,MM
161625,"PLUNGER, 7/8"" DIA. ITEM #212","مكبس، قطر 7/8 بوصة. رقم الصنف 212",PLANNED_WO,RS-GUPCO,0,,7313110,EACH,,PUMP CENTRIFUG,PU
161626,"BALL, CHECK CARTRIGE ASSY. 1""  ITEM #221E","كرة، مجموعة خرطوشة فحص 1 بوصة، رقم الصنف 221E",INSURANCE_SPARE,RS-GUPCO,0,02Q15,7313110,EACH,2210206002N,PUMP CENTRIFUG,PU
161629,"PACKING, ITEM #408","التعبئة والتغليف، رقم الصنف 408",PLANNED_WO,RS-GUPCO,0,,7313110,SET,,PUMP CENTRIFUG,PU
160816,"LOCK, VALVE RETAINER FOR 3/8"" DIA VALVE STEM       3/8"" HIGH","قفل، مثبت صمام لساق صمام بقطر 3/8 بوصة وارتفاع 3/8 بوصة",MIN_MAX,RS-GUPCO,0,,7103144,EACH,100CA2A4429,CATERPILLAR,MM
160819,"NUT, HEX. 7/16 IN NF THRD.","صامولة سداسية، 7/16 بوصة، سن لولبي.",PLANNED_WO,RS-GUPCO,0,04H18C (1),7103144,EACH,1B4204,CATERPILLAR,MM
164786,"BEARING, BOWL ITEM NO. 672","محمل، وعاء، رقم الصنف 672",PLANNED_WO,RS-GUPCO,4,,7907165,EACH,B42840F000 1618,PUMP MISC,PU
164787,"IMPELER, L 3.88 IN.D ITEM NO. 637","مروحة، قطر داخلي 3.88 بوصة، رقم الصنف 637",PLANNED_WO,RS-GUPCO,5,,7907165,EACH,B42900F000 1123,PUMP MISC,PU
161526,"SPYDER LEAD, FOR IGNITION SYSTEM MFG. ""REAGAN EQUI PMENT CO.""","سلك سبايدر، لتصنيع نظام الإشعال. شركة ريغان للمعدات.",INSURANCE_SPARE,RS-GUPCO,0,04     (1),7103126,EACH,RSI-0189(T6L38,CATERPILLAR,MM
161527,"SPYDER LEAD, FOR IGNITION SYSTEM MFG. ""REAGAN EQUI PMENT CO.""","سلك سبايدر، لتصنيع نظام الإشعال. شركة ريغان للمعدات.",SURPLUS,RS-GUPCO,0,04     (1),7103126,EACH,RSI-0191(T6L48,CATERPILLAR,MM
161528,"SPYDER LEAD, FOR IGNITION SYSTEM MFG. ""REAGAN EQUI PMENT CO.""","سلك سبايدر، لتصنيع نظام الإشعال. شركة ريغان للمعدات.",SURPLUS,RS-GUPCO,0,04R11B (1),7103126,EACH,RSI.T6L54,CATERPILLAR,MM
161530,"SWITCH GUARD, FOR IGNITION SYSTEM",واقي مفتاح التشغيل لنظام الإشعال,INSURANCE_SPARE,RS-GUPCO,0,04R11C (1),7103126,EACH,RSI-0260,CATERPILLAR,MM
161644,"SHAFT,","رمح،",INSURANCE_SPARE,RS-GUPCO,0,01D24C,7320102,EACH,NOI 601106511,PUMP CENTRIFUG,PU
165658,"BEARING, LINE SHAFT ITEM NO. 26","محمل عمود خطي، رقم الصنف 26",INSURANCE_SPARE,RS-GUPCO,0,,7912102,EACH,069 5397 453,PUMP MISC,PU
165659,"PACKING, 6 RINGS ITEM NO. 15","عبوة، 6 حلقات، رقم الصنف 15",PLANNED_WO,RS-GUPCO,0,,7912102,SET,LV5665009 9906F,PUMP MISC,PU
165660,"RING, LOCK BEARING 2-3/16 IN. ITEM NO. 27","حلقة، محمل قفل 2-3/16 بوصة، رقم الصنف 27",INSURANCE_SPARE,RS-GUPCO,0,,7912102,EACH,LV6775043208 9649 F,PUMP MISC,PU
160968,"COUPLING, EXHAUST",وصلة العادم,PLANNED_WO,RS-GUPCO,0,,7103116,EACH,1CA5L9738,CATERPILLAR,MM
160970,"GASKET, SOLID STATE IGNITION","حشية، إشعال الحالة الصلبة",MIN_MAX,RS-GUPCO,0,04H22D,7103116,EACH,6L1576,CATERPILLAR,MM
160972,"SWITCH, STOP FOR INSTRUMENT PANEL",مفتاح إيقاف لوحة العدادات,PLANNED_WO,RS-GUPCO,0,04H23C (1),7103126,EACH,6L2309,CATERPILLAR,MM
160974,"EXHAUST, ELBW GROUP 6 INCH","عادم، مجموعة ELBW 6 بوصة",PLANNED_WO,RS-GUPCO,0,,7103132,EACH,1CA6L2927,CATERPILLAR,MM
160975,"RING, TURBO MOUNTING",حلقة تثبيت التوربو,INSURANCE_SPARE,RS-GUPCO,0,04/H15E,7103116,EACH,1CA6L2960,CATERPILLAR,MM
160976,"RING, FOR TURBO & TURBO MOUNTING","حلقة، للشاحن التوربيني وقاعدة تثبيته",PLANNED_WO,RS-GUPCO,0,,7103116,EACH,1CA6L2961,CATERPILLAR,MM
160978,"ROD END, FOR CARBURETOR CONTROL","طرف قضيب، للتحكم في المكربن",MIN_MAX,RS-GUPCO,0,,7103126,EACH,1CA6L3353,CATERPILLAR,MM
160971,"REGULATOR, ASSY. GAS PRESSURE WITH RED SPRING NO. 6L4104","منظم ضغط الغاز، مجموعة زنبرك أحمر رقم 6L4104",INSURANCE_SPARE,RS-GUPCO,0,04/U17E,7103128,EACH,1CA3770008,CATERPILLAR,MM
160986,"ROD,","عصا،",INSURANCE_SPARE,RS-GUPCO,0,04H17C (1),7103116,EACH,6L4891,CATERPILLAR,MM
160987,"GASKET, MAGNETO",حشية مغناطيسية,INSURANCE_SPARE,RS-GUPCO,0,04H17D (1),7103128,EACH,6L5270,CATERPILLAR,MM
160988,"SPRING, AIR VALVE, CARBURETOR ASSY,","زنبرك، صمام هواء، مجموعة المكربن،",INSURANCE_SPARE,RS-GUPCO,0,04H17E (1),7103126,EACH,6L5281,CATERPILLAR,MM
161075,"LEVER,","رافعة،",INSURANCE_SPARE,RS-GUPCO,0,04K15F (1),7103116,EACH,2N5818,CATERPILLAR,MM
160813,"BOLT, 1/2 IN X 2-3/4 IN LG NC. THRD.","مسمار، 1/2 بوصة × 2-3/4 بوصة كبير، ملولب.",PLANNED_WO,RS-GUPCO,0,,7103144,EACH,1A5822,CATERPILLAR,MM
160814,"BOLT, MACHINE SIZE 3/8 IN X 4-1/2 IN LG NC THRD.","مسمار، مقاس الآلة 3/8 بوصة × 4-1/2 بوصة كبير NC THRD.",INSURANCE_SPARE,RS-GUPCO,0,04E19C (1),7103144,EACH,1A5964,CATERPILLAR,MM
160823,"BOLT, 5/16 IN X 1-1/4 IN LG. NC THRD.","مسمار، 5/16 بوصة × 1-1/4 بوصة طول. NC THRD.",PLANNED_WO,RS-GUPCO,0,04H18E (1),7103144,EACH,100CA1B7182,CATERPILLAR,MM
165692,"PUMP, DELAVAL IMO. MODEL 3EBCS-87D (direction of rotation is CCW facing pump shaft) DWG. A-52545","مضخة، ديلافال إيمو. طراز 3EBCS-87D (اتجاه الدوران عكس عقارب الساعة عند مواجهة عمود المضخة) DWG. A-52545",INSURANCE_SPARE,RS-GUPCO,0,,7902104,EACH,"3250/012, D3EBCSD-87D",PUMP MISC,PU
161531,"MAGNEANA HORNESS, FOR IGNITION SYSTEM","ماغنيانا هورنس، لنظام الإشعال",INSURANCE_SPARE,RS-GUPCO,0,04R13H (1),7103126,EACH,RSI-2012348,CATERPILLAR,MM
161533,"MAGNETO, 16 CYLINDER","مغناطيس، 16 أسطوانة",MIN_MAX,RS-GUPCO,0,,3601100,EACH,16B21H-A,TRANSM/BATTERY,MM
161535,"SHORT, COUPLED SHAFT TO CONNECT CATERPILLER ENGIN ETO FIRE WATER PUMP L.13-31/32"" D.2-19/32"" E.9/16""  AND J.8 DGR. WORK","عمود قصير موصول لتوصيل محرك كاتربيلر بمضخة مياه إطفاء الحريق، طوله 13-31/32 بوصة، وقطره 2-19/32 بوصة، وعمقه 9/16 بوصة، وزاوية عمله 8 درجات.",PLANNED_WO,RS-GUPCO,0,01D06C,7103144,EACH,~,CATERPILLAR,MM
161536,"SILENCER, EXHAUST MODEL MAXUM MSA 1 AMF 8"" 22""     DIAMETER 56"" LENGTH ""REF. RILEY BEARID INC""","كاتم صوت، عادم طراز ماكسوم إم إس إيه 1 إيه إم إف، قطر 8 بوصات، طول 56 بوصة، ""المرجع: رايلي بيريد إنك""",PLANNED_WO,RS-GUPCO,1,,7103144,EACH,MSA1-8C1,ENGINE USA,MM
161583,"VALVE, CHECK ASSY. ITEM NO. 221-J","صمام فحص، رقم الصنف 221-J",INSURANCE_SPARE,RS-GUPCO,0,,7313102,EACH,2210263012,PUMP CENTRIFUG,PU
160830,"LOCK, RETAINER .","قفل، مثبت.",INSURANCE_SPARE,RS-GUPCO,0,04H18H (1),7103116,EACH,1CA3B1143,CATERPILLAR,MM
160832,"LOCK WASHER, 8.3 MM OR 5/16 IN.","غسالة قفل، 8.3 مم أو 5/16 بوصة.",INSURANCE_SPARE,RS-GUPCO,0,04E17C (1),0,EACH,3B4505,CATERPILLAR,MM
160833,"LOCK WASHER, 9.9 MM OR 3/8""","حلقة قفل، 9.9 مم أو 3/8 بوصة",PLANNED_WO,RS-GUPCO,0,,7103144,EACH,100CA3B4506,CATERPILLAR,MM
160837,"O-RING, SEAL 0.812"" ID X 0.188"" DIA","حلقة مانعة للتسرب، قطر داخلي 0.812 بوصة × قطر 0.188 بوصة",MIN_MAX,RS-GUPCO,0,03A04H,7103144,EACH,25CA5B3718,CATERPILLAR,MM
160838,"FERRULE, WATER DIRECTOR SEAL.","حلقة تثبيت، ختم مدير المياه.",MIN_MAX,RS-GUPCO,0,04H08D,7103104,EACH,6B6224,CATERPILLAR,MM
160841,"FERRULE, DIRECTOR SEAL","ختم المدير، فيرول",MIN_MAX,RS-GUPCO,0,04H08E,7103144,EACH,7B2420,CATERPILLAR,MM
160882,"O-RING, SEAL 0.487"" ID X 0.103"" DIA. BLACK P B G.","حلقة مانعة للتسرب، قطر داخلي 0.487 بوصة × قطر 0.103 بوصة. أسود P B G.",PLANNED_WO,RS-GUPCO,0,03 A04 H,7103144,EACH,25CA8F9206,CATERPILLAR,MM
160883,"SWITCH, MAGNETIC FOR ELECTRICAL SYS.",مفتاح مغناطيسي للأنظمة الكهربائية.,PLANNED_WO,RS-GUPCO,0,,7103144,EACH,1CA9F3099,CATERPILLAR,MM
160884,"O-RING, SEAL 3.100"" ID X 0.210"" DIA. BLACK G B B","حلقة مانعة للتسرب، قطر داخلي 3.100 بوصة × قطر 0.210 بوصة، أسود G B B",INSURANCE_SPARE,RS-GUPCO,0,03A02H (1),7103144,EACH,9F4446,CATERPILLAR,MM
160886,"RING, 0.702 IN. INSIDE DIA. X O.043 IN. THICK.","حلقة، قطر داخلي 0.702 بوصة × سمك 0.043 بوصة.",PLANNED_WO,RS-GUPCO,0,04H24E (1),7103144,EACH,10CA9F6656,CATERPILLAR,MM
160879,"RING, RETAINER FOR CYLINDER HEAD & VALVE MECHANIS M",حلقة تثبيت لرأس الأسطوانة وآليات الصمامات M,INSURANCE_SPARE,RS-GUPCO,0,04H24D (1),7103126,EACH,9F7707,CATERPILLAR,MM
160964,"RING, SEALING EXHAUST ELBOW                        FOR WATER COOLED MANIFOLD SHIELD",حلقة مانعة للتسرب لكوع العادم لحماية مشعب التبريد المائي,MIN_MAX,RS-GUPCO,0,04H20,7103104,EACH,10CA5L8854,CATERPILLAR,MM
160965,"RING, 3-7/8 IN. OD X 3-35/64 IN. ID X 0.1235 IN.   SEALING TURBO OUTLET METAL.","حلقة، 3-7/8 بوصة قطر خارجي × 3-35/64 بوصة قطر داخلي × 0.1235 بوصة، مانع تسرب معدني لمخرج التوربو.",PLANNED_WO,RS-GUPCO,0,04H15A(1),7103144,EACH,5l8855,CATERPILLAR,MM
160966,"ELBOW, INLET, MANIFOLD","كوع، مدخل، مشعب",INSURANCE_SPARE,RS-GUPCO,0,04H22,7103116,EACH,1CA5L9370,CATERPILLAR,MM
160967,"CONNECTOR, MANIFOLD INLET",موصل مدخل مشعب العادم,MIN_MAX,RS-GUPCO,0,04H22B,7103116,EACH,5L9371,CATERPILLAR,MM
164879,"BEARING, BOWL (these materials should be made in USA and don't substitute)","محمل، وعاء (يجب أن تكون هذه المواد مصنوعة في الولايات المتحدة الأمريكية ولا يمكن استبدالها)",INSURANCE_SPARE,RS-GUPCO,0,02T02H,7907176,EACH,B44120F0001618,PUMP MISC,PU
164880,"SHAFT, PUMP 1.18"" D.X69""LG NEW P/NO B4411-1-10-2216 (these materials should be made in USA and don't substitute)",عمود مضخة 1.18 بوصة قطر × 69 بوصة طول جديد رقم القطعة B4411-1-10-2216 (يجب أن تكون هذه المواد مصنوعة في الولايات المتحدة الأمريكية ولا يمكن استبدالها),MIN_MAX,RS-GUPCO,0,01N01A (1),7907176,EACH,B44110F1102216,PUMP MISC,PU
164881,"hold till 01/01/2027 , WEAR RING, IMPELLER (these materials should be made in USA and don't substitute)","يُحفظ حتى 01/01/2027، حلقة التآكل، المروحة (يجب أن تكون هذه المواد مصنوعة في الولايات المتحدة الأمريكية ولا تقبل بدائل).",INSURANCE_SPARE,RS-GUPCO,0,02T04A,7907176,EACH,B47420F0001128,PUMP MISC,PU
165006,"IMPELLER, ITEM NO. 113-E   BORE I/D 3.400""","مروحة، رقم الصنف 113-E، القطر الداخلي 3.400 بوصة",INSURANCE_SPARE,RS-GUPCO,0,,7902108,EACH,1511939,PUMP MISC,PU
165007,"PIECE,STAGE SERIES ITEM NO. 147-A","قطعة، سلسلة المسرح، رقم الصنف 147-أ",SURPLUS,RS-GUPCO,0,02T08,7902108,EACH,541.147A-1773992,PUMP MISC,PU
165008,"PIECE, STAGE CENTER ITEM NO. 147-B","قطعة، قطعة مركز المسرح رقم 147-ب",PLANNED_WO,RS-GUPCO,0,,7902108,EACH,546.147B,PUMP MISC,PU
165009,"SLEEVE, SHAFT CENTER ITEM NO. 171-A  (9241A-50138 )","جلبة، مركز العمود، رقم الصنف 171-أ (9241أ-50138)",SURPLUS,RS-GUPCO,0,,7902108,EACH,523.171A-1582380,PUMP MISC,PU
165011,"RING, IMPELLER STAGE 1 EYE NO. 174A","حلقة، عين المرحلة الأولى من المروحة رقم 174A",SURPLUS,RS-GUPCO,0,,7902108,EACH,503.174A-1568957,PUMP MISC,PU
165012,"RING, IMPELLER SERIES EYE ITEM NO. 174-B           DWG.NO. A35-171","حلقة، سلسلة المروحة، رقم الصنف 174-ب، رقم الرسم A35-171",SURPLUS,RS-GUPCO,0,02T08,7902108,EACH,503.174B,PUMP MISC,PU
165013,"RING, IMPELLER HUB ITEM NO. 174-C","حلقة، محور المروحة، رقم الصنف 174-C",SURPLUS,RS-GUPCO,0,,7902108,EACH,503.174C,PUMP MISC,PU
161120,"HEAD, CYLINDER ASSY.                               FOR CYLINDER HEAD & VALVE MECHANISM 09.","رأس الأسطوانة، مجموعة الأسطوانة لرأس الأسطوانة وآلية الصمام 09.",MIN_MAX,RS-GUPCO,0,01D04H,7103126,EACH,1CA2N9331,CATERPILLAR,MM
161121,"SWITCH, LIQUID LEVEL",مفتاح مستوى السائل,MIN_MAX,RS-GUPCO,0,04H05B,7103116,EACH,1CA2N9768,CATERPILLAR,MM
161123,"MOTOR, ASSY. PRELUBE PUMP","محرك، مجموعة مضخة التشحيم المسبق",PLANNED_WO,RS-GUPCO,0,,7103128,EACH,3N0706,CATERPILLAR,MM
161124,"ADAPTER, WATER OUTLET FOR TANK GROUP","محول، مخرج مياه لمجموعة الخزانات",INSURANCE_SPARE,RS-GUPCO,0,04K05F (1),7103128,EACH,3N1236,CATERPILLAR,MM
161125,"CONNECTOR,MANIFOLD END","موصل، طرف مشعب",PLANNED_WO,RS-GUPCO,0,,7103116,EACH,1CA3N1237,CATERPILLAR,MM
164904,"SLEEVE, SHAFT CETER ITEM NO. 171-A","جلبة، مركز العمود، رقم الصنف 171-أ",MIN_MAX,RS-GUPCO,0,,7902110,EACH,523.171A,PUMP MISC,PU
164905,"SLEEVE, SHAFT THROTTLE IREM NO. 171-B","جلبة، عمود خانق IREM رقم 171-B",INSURANCE_SPARE,RS-GUPCO,0,,7902110,EACH,1854577,PUMP MISC,PU
164906,"SLEEVE, SHAFT STUFFING BOX","غلاف، صندوق حشو العمود",MIN_MAX,RS-GUPCO,0,02T04,7902110,EACH,1115073,PUMP MISC,PU
164907,"BUSHING,THROAT ITEM NO,185-A","جلبة، حلقة، رقم الصنف 185-أ",MIN_MAX,RS-GUPCO,0,,7902110,EACH,456.185A,PUMP MISC,PU
165611,"RING, WEAR ITEM # 57","خاتم، رقم الصنف 57",INSURANCE_SPARE,RS-GUPCO,0,,7912102,EACH,1064F020B08,PUMP MISC,PU
165612,"STUD,BOWL1/2""-13X2 3/4""ITEM#616 P/N1092F015F03","مسمار، وعاء 1/2 بوصة - 13 × 2 3/4 بوصة، رقم الصنف 616، رقم القطعة 1092F015F03",PLANNED_WO,RS-GUPCO,0,,7912102,EACH,1092F015F03,PUMP MISC,PU
164465,"SHAFT, REF.NO. 122","عمود، رقم المرجع 122",INSURANCE_SPARE,RS-GUPCO,0,02S21A,7907106,EACH,R104-435-2238,PUMP MISC,PU
164467,"HOUSING, BRG. REF. NO. 134 A","الإسكان، رقم مرجع المبنى 134 أ",INSURANCE_SPARE,RS-GUPCO,0,02S21B,7907106,EACH,C03340A 1000,PUMP MISC,PU
164484,"GASKET ,CASE REF.NO.351 , P/N : 70782 82  5127","حشية، رقم مرجع العلبة 351، رقم القطعة: 70782 82 5127",INSURANCE_SPARE,RS-GUPCO,0,02S21F,7907106,EACH,70782 82  5127,PUMP MISC,PU
164485,"LOCK WASHER,BEARING ITEM NO.382","حلقة قفل، محمل، رقم الصنف 382",INSURANCE_SPARE,RS-GUPCO,0,02S21F,7907106,EACH,8910-0006,PUMP MISC,PU
164486,"O-RING ,IMP.REF.NO.421 A","حلقة دائرية، رقم المرجع 421 أ",INSURANCE_SPARE,RS-GUPCO,0,02S21F,7907106,EACH,C02495A23 6359,PUMP MISC,PU
164489,"SLEEVE,SHAFT REF.NO,126","كم، عمود رقم المرجع 126",INSURANCE_SPARE,RS-GUPCO,0,,7907116,EACH,92826_2229,PUMP MISC,PU
120550,"ELBOW  (INGERSOLL RAND GENUINE PARTS , MADE IN USA AND PROVIDE ORGINE CERTIFICATE , DO NOT SUBSTITUTE)","كوع (قطع غيار أصلية من إنجرسول راند، صنع في الولايات المتحدة الأمريكية، مع تقديم شهادة المنشأ، لا تستبدلها)",INSURANCE_SPARE,RS-GUPCO,0,02W39F (1),8009168,EACH,95952610,COMPRESSOR USA,MM
160854,"CAP SCREW,","برغي رأسي،",PLANNED_WO,RS-GUPCO,0,04E07D (1),7103126,EACH,1D4574,CATERPILLAR,MM
160855,"NUT, HEX. 5/16 IN NC THRD.","صامولة سداسية، 5/16 بوصة، ملولبة.",INSURANCE_SPARE,RS-GUPCO,0,~,7103144,EACH,1D4716,CATERPILLAR,MM
165664,"KEY, IMPELLER GIB ITEM NO. 625","مفتاح، مروحة، رقم الصنف 625",INSURANCE_SPARE,RS-GUPCO,0,,7912102,EACH,LV4735009100 2280 F,PUMP MISC,PU
165666,"COUPLING, LINE SHAFT ITEM NO. 22","وصلة عمود الدوران، رقم الصنف 22",INSURANCE_SPARE,RS-GUPCO,0,,7912102,EACH,LV2575133104 2580 F,PUMP MISC,PU
165667,"LINESHAFT, ITEM NO. 23","عمود نقل الحركة، رقم الصنف 23",INSURANCE_SPARE,RS-GUPCO,0,01/K03C,7912102,EACH,LV 7295291104 2582 F,PUMP MISC,PU
165671,"HOLD TILL 1/12/2026, PIPE, COLUMN   ITEM NO. 28 for FWP PUMP MOD 18RKMC3 S/N. 87979-80","يُحفظ حتى 1/12/2026، أنبوب، عمود، رقم الصنف 28 لمضخة FWP موديل 18RKMC3، الرقم التسلسلي 87979-80",INSURANCE_SPARE,RS-GUPCO,0,,7912102,EACH,LVX74009B,PUMP MISC,PU
165674,"GLAND, SPLIT ITEM NO. 9 O A R","غدة، منقسمة، رقم الصنف 9 O A R",INSURANCE_SPARE,RS-GUPCO,0,,7912102,EACH,LV3735035207 1640 C,PUMP MISC,PU
161100,"ELBOW, WATER TRANSFER","الكوع، نقل الماء",INSURANCE_SPARE,RS-GUPCO,0,04L02D (1),7103116,EACH,1CA3N2622,CATERPILLAR,MM
161101,"PUMP, OIL GROUP.",مجموعة المضخات والزيوت.,INSURANCE_SPARE,RS-GUPCO,0,01D12B,7103116,EACH,3N2696,CATERPILLAR,MM
161103,"GAUGE, WATER TEMP FOR PANEL ASSY",مقياس درجة حرارة الماء لمجموعة اللوحة,MIN_MAX,RS-GUPCO,0,04H09D,7103128,EACH,1CA3N2781,CATERPILLAR,MM
161104,"CRANKSHAFT, P/NO:4W7614","عمود المرفق، رقم القطعة: 4W7614",INSURANCE_SPARE,RS-GUPCO,0,01D18H (1),7103116,EACH,1CA4W7614,CATERPILLAR,MM
161105,"FITTING, GROUP VERTICAL EXHAUST",تركيب نظام العادم الرأسي الجماعي,MIN_MAX,RS-GUPCO,0,,7103126,EACH,3N3018,CATERPILLAR,MM
161138,"RING, CRANKSHAFT",حلقة عمود المرفق,PLANNED_WO,RS-GUPCO,0,,7103116,EACH,1CA3N3234,CATERPILLAR,MM
161139,"PIPE,","ماسورة،",INSURANCE_SPARE,RS-GUPCO,0,04H03H,7103116,EACH,3N3368,CATERPILLAR,MM
161140,"DRIVE, GROUP TACH. FOR SERVICE & TACH. DRIVE METE R",مجموعة عدادات السرعة. للصيانة وعداد السرعة. عداد السرعة,INSURANCE_SPARE,RS-GUPCO,0,04H01A,7103128,EACH,3N3886,CATERPILLAR,MM
161142,"COUPLING,","اقتران،",INSURANCE_SPARE,RS-GUPCO,0,04/J14E,7103116,EACH,3N4050,CATERPILLAR,MM
161732,"COUPLING, RIGID DYN. BALANCED","وصلة، صلبة، ديناميكية، متوازنة",INSURANCE_SPARE,RS-GUPCO,0,02G59G (1),7321102,EACH,818C2222,PUMP CENTRIFUG,PU
161735,"BUSHING, THROAT ASSY.","جلبة، مجموعة الحلق.",INSURANCE_SPARE,RS-GUPCO,0,02Q11A,7321102,EACH,100993,PUMP CENTRIFUG,PU
161736,"COLLAR,LOCK SHAFT","طوق، عمود القفل",PLANNED_WO,RS-GUPCO,0,,7321102,EACH,825A0197505B22300,PUMP CENTRIFUG,PU
160853,"BOLT, 1/2 IN X 4-1/2 IN NC THRD.","مسمار، 1/2 بوصة × 4-1/2 بوصة NC THRD.",PLANNED_WO,RS-GUPCO,0,,7103144,EACH,1D4569,CATERPILLAR,MM
115963,"ELBOW, EXHAUST-NATURALLY ASPIRATED P/N. 168340C  S.S.BY 168340H,2422,B2131 ,","كوع العادم - سحب طبيعي، رقم القطعة 168340C، SSBY 168340H، 2422، B2131",MIN_MAX,RS-GUPCO,0,02P21D,6923106,EACH,168340H,ENGINE USA,MM
165043,"LOCK NUT, SHAFT EXTENSION ITEM NO. 284","صامولة قفل، وصلة تمديد العمود، رقم الصنف 284",SURPLUS,RS-GUPCO,0,,7902108,EACH,921-284,PUMP MISC,PU
165045,"COUPLING, SPACER THOMAS SIZE 375 SERIES 63 Extend","وصلة، فاصل توماس، مقاس 375، سلسلة 63، تمديد",INSURANCE_SPARE,RS-GUPCO,0,0/ E30D,7902110,EACH,~,BR/SL/S.PLG/FLT,PU
165047,"PIN, LOCK ITEM NO.113","دبوس، قفل، رقم الصنف 113",SURPLUS,RS-GUPCO,0,02V06D (1),7902106,EACH,562.113,PUMP MISC,PU
165049,"RING, CASE STAGE 1 ITEM NO. 201","خاتم، علبة، المرحلة 1، رقم الصنف 201",PLANNED_WO,RS-GUPCO,0,,7902106,EACH,502.201-1122592,PUMP MISC,PU
165050,"RING, CASE STAGE 1 ITEM NO. 202","خاتم، علبة المرحلة 1، رقم الصنف 202",PLANNED_WO,RS-GUPCO,0,,7902106,EACH,502-002,PUMP MISC,PU
165051,"RING, SERIES, CASE ITEM NO.203                     SHOULD BE ITEM 202","الخاتم، السلسلة، العلبة، رقم الصنف 203 يجب أن يكون الصنف 202",PLANNED_WO,RS-GUPCO,0,,7902106,EACH,1507249,PUMP MISC,PU
165052,"PIECE, STAGE 1,2,                                  ITEM # 204","قطعة، المرحلة 1، 2، رقم الصنف 204",PLANNED_WO,RS-GUPCO,0,,7902106,EACH,541-204-1644246,PUMP MISC,PU
165053,"PIN,TAPER (BRG.HSG.TO PUMP)","دبوس، مخروطي (محمل.غطاء.إلى المضخة)",SURPLUS,RS-GUPCO,0,,7902107,EACH,566-0400,PUMP MISC,PU
165054,"PIECE, STAGE CENTER ITEM NO. 206","قطعة، قطعة مركز المسرح رقم 206",PLANNED_WO,RS-GUPCO,0,,7902106,EACH,546-206,PUMP MISC,PU
165055,"BUSHING, THROTTLE ITEM NO. 207","جلبة، خانق، رقم القطعة 207",PLANNED_WO,RS-GUPCO,0,,7902106,EACH,542.207-1507257,PUMP MISC,PU
165056,"BUSHING, THROTTLE ITEM NO. 208","جلبة، خانق، رقم القطعة 208",PLANNED_WO,RS-GUPCO,0,02V06F (1),7902106,EACH,1123114,PUMP MISC,PU
165059,"RING, IMPELLER SERIES ITEM NO. 211","حلقة، سلسلة المروحة، رقم الصنف 211",PLANNED_WO,RS-GUPCO,0,,7902106,EACH,503-211,PUMP MISC,PU
160993,"SPRING, REGULATOR ASSY,","زنبرك، مجموعة منظم الضغط،",PLANNED_WO,RS-GUPCO,0,,7103128,EACH,6L7140,CATERPILLAR,MM
160995,"STEM, ASSY. VALVE REGULATOR ASSY.","ساق، مجموعة. مجموعة منظم الصمام.",INSURANCE_SPARE,RS-GUPCO,0,04H09B (1),7103128,EACH,6L7148,CATERPILLAR,MM
165542,"O-RING, GASKET FOR HEAD","حلقة مانعة للتسرب، حشية للرأس",MIN_MAX,RS-GUPCO,0,03B16C,7902224,EACH,H7033002-GS000,PUMP MISC,PU
161077,"LEVER,","رافعة،",INSURANCE_SPARE,RS-GUPCO,0,,7103116,EACH,2N5904,CATERPILLAR,MM
161076,"ROD,","عصا،",INSURANCE_SPARE,RS-GUPCO,0,04K15E (1),7103116,EACH,2N5903,CATERPILLAR,MM
165543,"O-RING, GASKET FOR BOWL , Flowserve Part Num: H7033005-GS000 (CCN: 95086989)","حلقة دائرية، حشية للوعاء، رقم قطعة Flowserve: H7033005-GS000 (CCN: 95086989)",MIN_MAX,RS-GUPCO,0,03B16C(1),7902224,EACH,H7033005-GS000,PUMP MISC,PU
165544,"O-RING, GASKET FOR BORAL , Flowserve Part Num: H7033703-GS000 (CCN: 95823639)","حلقة دائرية، حشية لبورال، رقم قطعة التدفق: H7033703-GS000 (CCN: 95823639)",MIN_MAX,RS-GUPCO,0,03B16D,7902224,EACH,H7033703-GS000,PUMP MISC,PU
165545,"COUPLING, SHAFT 2-3/16 IN.","وصلة، عمود 2-3/16 بوصة.",MIN_MAX,RS-GUPCO,0,,7902224,EACH,AX751876-CB000,PUMP MISC,PU
165546,"IMPELLER, 7 VANE-M FULL DIA. STD. U.F.","مروحة، 7 ريشات - قطر كامل قياسي UF",MIN_MAX,RS-GUPCO,0,,7902224,EACH,81903041,PUMP MISC,PU
165548,"CASE, SERIES",سلسلة الحالات,PLANNED_WO,RS-GUPCO,0,,7902224,EACH,88477410,PUMP MISC,PU
165550,"BEARING, SERIES CASE BRZ.","محمل، سلسلة علبة BRZ.",INSURANCE_SPARE,RS-GUPCO,0,02T32C,7902224,EACH,AX117959-FJ000,PUMP MISC,PU
165551,"CASE, BOTTOM","الغطاء، الجزء السفلي",INSURANCE_SPARE,RS-GUPCO,0,01E30H,7902224,EACH,88477407,PUMP MISC,PU
161181,"PICK-UP,","يلتقط،",PLANNED_WO,RS-GUPCO,0,,7103129,EACH,1CA3N7477,CATERPILLAR,MM
120503,"HOSE, 5X16. 5 LONG P/N. 39575279  (INGERSOLL RAND GENUINE PARTS , MADE IN USA AND PROVIDE ORGINE CERTIFICATE , DO NOT SU","خرطوم، 5 × 16.5 بوصة، رقم القطعة 39575279 (قطع غيار أصلية من إنجرسول راند، صنع في الولايات المتحدة الأمريكية، مع شهادة المنشأ، لا تقم باستبدالها).",INSURANCE_SPARE,RS-GUPCO,0,03B37F (1),8009166,EACH,39575279,COMPRESSOR USA,MM
110382,"OIL FILTER ELEMENT,""ARIEL"" P/N.: A-0661,P/N.A661","عنصر فلتر الزيت ""أرييل"" رقم القطعة: A-0661، رقم القطعة: A661",MIN_MAX,RS-GUPCO,0,,0,EACH,,BR/SL/S.PLG/FLT,MM
161046,"O-RING, SEAL 0.549"" ID X 0.103"" DIA. YELLOW P G B","حلقة مانعة للتسرب، قطر داخلي 0.549 بوصة × قطر 0.103 بوصة، لون أصفر P G B",INSURANCE_SPARE,RS-GUPCO,0,03a04d,7103144,EACH,8M4437,CATERPILLAR,MM
165552,"BEARING, BOTTOM CASE BRZ.","محمل، غطاء المحرك السفلي BRZ.",PLANNED_WO,RS-GUPCO,0,,7902224,EACH,AX118034-FJ000,PUMP MISC,PU
165554,"SHAFT, PUMP 2-3/16 IN. X 8 FT. 11-1/2 IN. LONG ,","عمود المضخة 2-3/16 بوصة × 8 أقدام و11-1/2 بوصة طولاً،",INSURANCE_SPARE,RS-GUPCO,0,,7902224,EACH,8004686,PUMP MISC,PU
161335,"GASKET, FOR CYLINDER HEAD & VALVE MECHANISM",حشية لرأس الأسطوانة وآلية الصمامات,MIN_MAX,RS-GUPCO,0,04J24A,7103120,EACH,10CA1P8005,CATERPILLAR,MM
120513,"TUBE MINUM PRESSURE P/N. 39893359  (INGERSOLL RAND GENUINE PARTS , MADE IN USA AND PROVIDE ORGINE CERTIFICATE , DO NOT S","أنبوب ضغط أدنى، رقم القطعة 39893359 (قطع غيار أصلية من إنجرسول راند، صنع في الولايات المتحدة الأمريكية، مع شهادة منشأ، لا تقم بـ",INSURANCE_SPARE,RS-GUPCO,0,02W43F (1),8009166,EACH,39893359,COMPRESSOR USA,MM
120530,"INLET VALVE, P/N. 42435891 , New P/N. 42527366  (INGERSOLL RAND GENUINE PARTS , MADE IN USA AND PROVIDE ORGINE CERTIFICA","صمام مدخل، رقم القطعة 42435891، رقم القطعة الجديد 42527366 (قطع غيار أصلية من إنجرسول راند، صنع في الولايات المتحدة الأمريكية، مع شهادة منشأ).",MIN_MAX,RS-GUPCO,0,01 E23 H,8009166,EACH,42527366,COMPRESSOR USA,MM
120427,"AIREND ASSEMBLY, P/N. 36017028 , New P/N. 42476119  (INGERSOLL RAND GENUINE PARTS , MADE IN USA AND PROVIDE ORGINE CERTI","مجموعة ضغط الهواء، رقم القطعة 36017028، رقم القطعة الجديد 42476119 (قطع غيار أصلية من إنجرسول راند، صنع في الولايات المتحدة الأمريكية، مع شهادة أصالة).",PLANNED_WO,RS-GUPCO,0,,8009166,EACH,42476119,COMPRESSOR USA,MM
120499,"ARM INLET VALVE, P/N. 39586656  (INGERSOLL RAND GENUINE PARTS , MADE IN USA AND PROVIDE ORGINE CERTIFICATE , DO NOT SUBS","صمام مدخل ذراع، رقم القطعة 39586656 (قطع غيار أصلية من إنجرسول راند، صنع في الولايات المتحدة الأمريكية، مع شهادة منشأ، لا تقبل ببدائل).",MIN_MAX,RS-GUPCO,0,02U20G,8009166,EACH,39586656,COMPRESSOR USA,MM
120389,"ROD END BEARING, P/N. 39325154 (INGERSOLL RAND GENUINE PARTS , MADE IN USA AND PROVIDE ORGINE CERTIFICATE , DO NOT SUBST","محمل طرف قضيب التوصيل، رقم القطعة 39325154 (قطع غيار أصلية من إنجرسول راند، صنع في الولايات المتحدة الأمريكية، مع شهادة المنشأ، لا تستبدلها).",INSURANCE_SPARE,RS-GUPCO,0,02U18B,8009166,EACH,39325154,COMPRESSOR USA,MM
120388,"ORIFICE CHECK VALVE  (INGERSOLL RAND GENUINE PARTS , MADE IN USA AND PROVIDE ORGINE CERTIFICATE , DO NOT SUBSTITUTE)","صمام فحص الفتحة (قطع غيار أصلية من إنجرسول راند، صنع في الولايات المتحدة الأمريكية، مع توفير شهادة المنشأ، لا تستبدلها)",PLANNED_WO,RS-GUPCO,0,,8009168,EACH,39303219,COMPRESSOR USA,MM
120505,"CYLINDER PNEUMATIC , P/N. 39589056  (INGERSOLL RAND GENUINE PARTS , MADE IN USA AND PROVIDE ORGINE CERTIFICATE , DO NOT","أسطوانة هوائية، رقم القطعة 39589056 (قطع غيار أصلية من إنجرسول راند، صنع في الولايات المتحدة الأمريكية، مع شهادة المنشأ).",MIN_MAX,RS-GUPCO,0,,8009166,EACH,42495903,COMPRESSOR USA,MM
120545,"O-RING, P/N. 95022141 (INGERSOLL RAND GENUINE PARTS, DO NOT SUBSTITUTE).","حلقة دائرية، رقم القطعة 95022141 (قطع غيار أصلية من إنجرسول راند، لا تستبدلها).",INSURANCE_SPARE,RS-GUPCO,0,03B21D (1),8009166,EACH,95022141,COMPRESSOR USA,MM
120392,"GASKET, INLET VALVE P/N. 39326319 (INGERSOLL RAND GENUINE PARTS, DO NOT SUBSTITUTE).","حشية صمام المدخل رقم القطعة 39326319 (قطع غيار أصلية من إنجرسول راند، لا تستبدلها).",MIN_MAX,RS-GUPCO,0,03B37B,8009166,EACH,39326319,COMPRESSOR USA,MM
120497,"HOSE, 1""X20.5"" P/N. 39572086  (INGERSOLL RAND GENUINE PARTS , MADE IN USA AND PROVIDE ORGINE CERTIFICATE , DO NOT SUBSTI","خرطوم، 1 بوصة × 20.5 بوصة، P/N. 39572086 (أجزاء أصلية من INGERSOLL RAND، صُنعت في الولايات المتحدة الأمريكية وتوفر شهادة المنشأ، لا تقم بالاستبدال)",MIN_MAX,RS-GUPCO,0,,8009166,EACH,24278939,COMPRESSOR USA,MM
120464,"INLET VALVE REBUILD KIT  (INGERSOLL RAND GENUINE PARTS , MADE IN USA AND PROVIDE ORGINE CERTIFICATE , DO NOT SUBSTITUTE)","طقم إصلاح صمام المدخل (قطع غيار أصلية من إنجرسول راند، صنع في الولايات المتحدة الأمريكية، مع توفير شهادة المنشأ، لا تستبدلها)",INSURANCE_SPARE,RS-GUPCO,0,02W47F (1),8009168,EACH,39257514,COMPRESSOR USA,MM
165068,"BUSHING, THROAT,AISI 347 W/WALLEX 55               ITEM # 218 , MTL. 9704   DWG.NO. B1N821-11","جلبة، حلق، AISI 347 مع WALLEX 55، رقم الصنف 218، رقم المادة 9704، رقم الرسم B1N821-11",MIN_MAX,RS-GUPCO,0,02T12,7902107,EACH,2219843,PUMP MISC,PU
165069,"SLEEVE, THROTTLE SHAFT,AISI 347 W/WALLEX 50 ITEM # 233 ,MTL. 9703  DWG.NO. B1B821-15","جلبة عمود الخانق، AISI 347 مع Wallex 50، رقم الصنف 233، رقم القطعة 9703، رقم الرسم B1B821-15",MIN_MAX,RS-GUPCO,0,02T12,7902107,EACH,2219850,PUMP MISC,PU
165071,"SHAFT, PUMP ITEM NO. 250 (OLD P/N. 5210D19635-01)",عمود المضخة رقم الصنف 250 (رقم القطعة القديم 5210D19635-01),PLANNED_WO,RS-GUPCO,0,,7902106,EACH,210.250-1607561,PUMP MISC,PU
165072,"KEY, STAGE 1 ITEM NO. 254","المفتاح، المرحلة 1، رقم الصنف 254",PLANNED_WO,RS-GUPCO,0,,7902106,EACH,1306804,PUMP MISC,PU
164796,"HOLD TILL 1/1/2027, BEARING OLS ITEM NO 653","يُحفظ حتى 1/1/2027، محمل OLS رقم الصنف 653",PLANNED_WO,RS-GUPCO,12,,7907165,EACH,B99510F005 6111,PUMP MISC,PU
161260,OIL LEVEL GAUGE GROUP CONSISTING OF.               1EA CAP SCREW  P/N.0S1608  3EA WASHER     5M2894   1EA BRACKET,"مجموعة مقياس مستوى الزيت تتكون من: برغي غطاء واحد رقم القطعة 0S1608، و3 حلقات غسيل رقم 5M2894، وقوس تثبيت واحد.",INSURANCE_SPARE,RS-GUPCO,0,04M19A (1),7103142,EACH,6N6938,CATERPILLAR,MM
161459,"GASKET,REAR STRUCTURE , P/N : 4250625","حشية، الهيكل الخلفي، رقم القطعة: 4250625",PLANNED_WO,RS-GUPCO,0,,7103139,EACH,4250625,CATERPILLAR,MM
165610,"BEARING, SUCTION ITEM # 41","محمل شفط، رقم الصنف 41",INSURANCE_SPARE,RS-GUPCO,0,,7912102,EACH,1006F015B08,PUMP MISC,PU
165613,"HOLD TILL 1/12/2026 , BOWL, INTERMEDIATE ITEM NO. 36 for FWP PUMP MOD 18RKMC3 S/N. 87979-80","يُحفظ حتى 1/12/2026، وعاء، قطعة متوسطة رقم 36 لمضخة FWP موديل 18RKMC3، الرقم التسلسلي 87979-80",INSURANCE_SPARE,RS-GUPCO,0,,7912102,EACH,LV 1055222045,PUMP MISC,PU
161285,"SPIDER, FAN","عنكبوت، مروحة",INSURANCE_SPARE,RS-GUPCO,0,01D20D (1),7103116,EACH,7N4445,CATERPILLAR,MM
164838,"LINE, SHAFT (1.68 IN X 120 IN. LG.)                NEW P/N. B00005FNAA-2270","خط، عمود (1.68 بوصة × 120 بوصة طولاً) رقم القطعة الجديد: B00005FNAA-2270",INSURANCE_SPARE,RS-GUPCO,0,,7907159,EACH,B00005FNAA 2403,PUMP MISC,PU
164819,"GASKET, SUCTION COVER TO  CASING ITEM NO. 351","حشية غطاء الشفط للغلاف، رقم الصنف 351",MIN_MAX,RS-GUPCO,0,02B12F,7907124,EACH,B00003B08 5136,PUMP MISC,PU
164329,"SHAFT, PUMP ITEM NO. 660","عمود المضخة، رقم الصنف 660",PLANNED_WO,RS-GUPCO,0,,7907138,EACH,C33410F000 2216,PUMP MISC,PU
164330,"BELL, SUCTION ITEM NO. 689","بيل، منتج شفط رقم 689",PLANNED_WO,RS-GUPCO,0,02S31G,7907136,EACH,B84000F0041003,PUMP MISC,PU
164832,"SEAL, HOUSING","ختم، غلاف",INSURANCE_SPARE,RS-GUPCO,0,,7907172,EACH,C59980F000 1123,PUMP MISC,PU
164834,"COLUMN, TOP ASSY. , PART NO. D38300F021 8510","عمود، مجموعة علوية، رقم القطعة D38300F021 8510",PLANNED_WO,RS-GUPCO,0,,7907172,EACH,D38300F0218510,PUMP MISC,PU
164835,"COLUMN, INTND.","عمود، داخلي.",INSURANCE_SPARE,RS-GUPCO,0,07YARD,7907172,EACH,C24140F0608510,PUMP MISC,PU
164837,"KEY, TIMP.    NEW P/N. A8443-7-2229","مفتاح، تيمب.    جديد ف/ن. A8443-7-2229",INSURANCE_SPARE,RS-GUPCO,0,02U21B (1),7907159,EACH,A84430FGDA 2229,PUMP MISC,PU
165513,"BOX,STUFFING REF.NO.50","صندوق، حشو رقم المرجع 50",INSURANCE_SPARE,RS-GUPCO,0,02/V55H,7902234,EACH,AX268587-GQ000,PUMP MISC,PU
165514,"SPACER,COUPLING REF.NO.538","فاصل، وصلة رقم المرجع 538",INSURANCE_SPARE,RS-GUPCO,0,02V53A (1),7902234,EACH,268592-IC,PUMP MISC,PU
165515,"O-RING, GASKET REF. NO. 744 , Flowserve Part Num: H7032977-GS000 (CCN: 95018735)","حلقة دائرية، حشية رقم المرجع 744، رقم قطعة Flowserve: H7032977-GS000 (CCN: 95018735)",INSURANCE_SPARE,RS-GUPCO,0,03B16C,7902234,EACH,H7032977-GS000,PUMP MISC,PU
165516,"O-RING, GASKET CASE REF NO 744 , Flowserve Part Num: H7033001-GS000 (CCN: 95086989","حلقة دائرية، علبة حشية رقم المرجع 744، رقم قطعة فلو سيرف: H7033001-GS000 (CCN: 95086989",SURPLUS,RS-GUPCO,0,03B16C,7902234,EACH,H7033001-GS000,PUMP MISC,PU
164449,"ADAPTER, MOTOR ITEM NO. 108","محول، محرك، رقم الصنف 108",SURPLUS,RS-GUPCO,0,,7907110,EACH,246-8-1001,PUMP MISC,PU
164450,"BEARING, THRUST BALL COUOPED END ITEM NO. 112","محمل كروي دافع ذو طرف مقعر، رقم الصنف 112",INSURANCE_SPARE,RS-GUPCO,0,02S23E,7907112,EACH,8050-30661,PUMP MISC,PU
164456,"IMPELLER, ITEM NO.101","المروحة، رقم الصنف 101",INSURANCE_SPARE,RS-GUPCO,0,02S23F,7907110,EACH,97-191-1179,PUMP MISC,PU
164461,"BEARING, END COVER ITEM NO. 111.","محمل، غطاء طرفي، رقم الصنف 111.",PLANNED_WO,RS-GUPCO,0,,7907124,EACH,71918-1000,PUMP MISC,PU
164462,"SHAFT, PUMP ITEM NO. 122","عمود المضخة، رقم الصنف 122",PLANNED_WO,RS-GUPCO,0,,7907124,EACH,D00358B09 2216,PUMP MISC,PU
164557,"RING, WEAR BOWL ITEM NO. 680","خاتم، وعاء قابل للارتداء، رقم الصنف 680",SURPLUS,RS-GUPCO,0,02U57E (1),7907146,EACH,B3333-4-1117,PUMP MISC,PU
161456,GASKET KIT CYL. HEAD,طقم حشيات رأس الأسطوانة,MIN_MAX,RS-GUPCO,0,03P03B,7103116,EACH,6V3746,CATERPILLAR,MM
161458,"GASKET KIT, VALVE GRINDING","طقم حشيات، تجليخ الصمامات",PLANNED_WO,RS-GUPCO,0,,7103116,EACH,6V5468,CATERPILLAR,MM
164841,"RING, THRUST.","رنين، دفع.",INSURANCE_SPARE,RS-GUPCO,0,02U21C (1),7907159,EACH,B31710F000 2229,PUMP MISC,PU
164842,"PUMP, SHAFT  (2.43 IN X 43.62 IN.)","مضخة، عمود (2.43 بوصة × 43.62 بوصة)",INSURANCE_SPARE,RS-GUPCO,0,01N05F (1),7907159,EACH,B75150F004 2216,PUMP MISC,PU
164844,"RETAINER, BRG.,","حامل، جسر،",INSURANCE_SPARE,RS-GUPCO,0,,7907159,EACH,B93790F000 1018,PUMP MISC,PU
164999,"SPACER, SLEEVE","فاصل، غلاف",INSURANCE_SPARE,RS-GUPCO,0,02V02D (1),7902104,EACH,1453491,PUMP MISC,PU
165292,"COUPLING,PUMP HALF ITEM NO 326","وصلة، نصف مضخة، رقم الصنف 326",INSURANCE_SPARE,RS-GUPCO,0,02/T16A,7918104,EACH,96670467,PUMP MISC,PU
161576,"COUPLING, COMPLETE BETWEEN PUMP AND MOTOR",وصلة كاملة بين المضخة والمحرك,PLANNED_WO,RS-GUPCO,0,,7313106,EACH,410-0068-240,PUMP CENTRIFUG,PU
161577,"RING, LANTERN ASSY. NO. 206-0001-416","حلقة، مجموعة فانوس رقم 206-0001-416",INSURANCE_SPARE,RS-GUPCO,0,02R01D (1),7313105,EACH,206,PUMP CENTRIFUG,PU
161579,"PLUNGER, SIZE 7/8 ASSY NO. 212-0020-216","مكبس، مقاس 7/8، رقم التجميع 212-0020-216",INSURANCE_SPARE,RS-GUPCO,0,02Q19C,7313105,EACH,212-0020-293,PUMP CENTRIFUG,PU
161580,"HOLD TILL 1/12/2026 , END, ASSY LIQUID ASSY NO. 221-0338-316","يُحفظ حتى 1/12/2026، نهاية، مجموعة سائلة رقم 221-0338-316",INSURANCE_SPARE,RS-GUPCO,0,02/Q19,7313105,EACH,221-0338-316,PUMP CENTRIFUG,PU
165636,"BEARING, COL","محمل، لون",INSURANCE_SPARE,RS-GUPCO,0,02V41E (1),7902302,EACH,AX117907-FH000,PUMP MISC,PU
161610,"COVER, ASSY NO. 281-0053-006","غطاء، رقم التجميع 281-0053-006",PLANNED_WO,RS-GUPCO,0,,7313105,EACH,281-0279-040,PUMP CENTRIFUG,PU
161612,"GEAR, HOUSING ASSY NO.281_0167_001","مجموعة التروس، غلاف رقم 281_0167_001",INSURANCE_SPARE,RS-GUPCO,0,02Q15,7313105,EACH,281_0167_001,PUMP CENTRIFUG,PU
161613,"COUPLING, MOTOR ASSY NO. 410-0068-230","وصلة، مجموعة المحرك رقم 410-0068-230",MIN_MAX,RS-GUPCO,0,02Q15,7313105,EACH,4100068230,PUMP CENTRIFUG,PU
161614,"PLUNGER, 7/16"" DIA. 316 S.S.  ITEM # 212","مكبس، قطر 7/16 بوصة، مصنوع من الفولاذ المقاوم للصدأ 316، رقم الصنف 212",INSURANCE_SPARE,RS-GUPCO,0,02S04B(1),7313107,EACH,,PUMP CENTRIFUG,PU
161582,"GLAND, FOLLOWER  244-0005-116","غدة، تابع 244-0005-116",INSURANCE_SPARE,RS-GUPCO,0,02/S02D,7313105,EACH,244-0005-116,PUMP CENTRIFUG,PU
161608,ADAPTER.(LIQ/END) ASSY NO.272_0038_001,محول (طرف سائل) رقم التجميع 272_0038_001,PLANNED_WO,RS-GUPCO,0,,7313105,EACH,272-0038-001,PUMP CENTRIFUG,PU
161609,"PLUNGER, ADAPTER ASSY NO 272-0026-406","مكبس، مجموعة محول رقم 272-0026-406",INSURANCE_SPARE,RS-GUPCO,0,02S04A (1),7313105,EACH,272-0026-406,PUMP CENTRIFUG,PU
165517,"O-RING, GASKET REF. NO. 744 , Flowserve Part Num: H7034678-GS000 (CCN: 95720066)","حلقة دائرية، مرجع الحشية. لا. 744، رقم جزء فلوسيرف: H7034678-GS000 (CCN: 95720066)",INSURANCE_SPARE,RS-GUPCO,0,03B16C,7902234,EACH,H7034678-GS000,PUMP MISC,PU
165518,"COLLAR, IMPELLER LOCK REF. NO. 272","طوق، قفل المروحة، رقم المرجع 272",INSURANCE_SPARE,RS-GUPCO,0,02T30F,7902234,EACH,753812CB,PUMP MISC,PU
165519,"RING, SPLIT IMP OLD P/N 753813-DJ","حلقة، مقسمة، مستوردة، رقم القطعة القديم 753813-DJ",INSURANCE_SPARE,RS-GUPCO,0,02T30,7902234,EACH,AX753813/2-DB000,PUMP MISC,PU
165520,"RING,SPLIT REF.NO.256","خاتم، منقسم، رقم المرجع 256",INSURANCE_SPARE,RS-GUPCO,0,02T30G,7902234,EACH,AX754465-LZ000,PUMP MISC,PU
165522,"KEY, 1 ST. STAGE IMPELLER 5/16 SQ."" X 3-1/8"" LG.","مفتاح، دافع المرحلة الأولى 5/16 مربع × 3-1/8 بوصة طول.",INSURANCE_SPARE,RS-GUPCO,0,02T30G,7902234,EACH,E3302062-CK000,PUMP MISC,PU
164638,COLUMN.BOTTOM 120 IN.LONG FOR S/N.305484-1&2       ITEM NO.644,"عمود سفلي بطول 120 بوصة للرقم التسلسلي 305484-1 و2، رقم الصنف 644",INSURANCE_SPARE,RS-GUPCO,0,07YARD (1),7907134,EACH,C24020F9308510,PUMP MISC,PU
164642,"RING, THRUST   ITEM NO. 725 , New Part no. A81090F000 2229","حلقة دفع، رقم القطعة 725، رقم القطعة الجديدة A81090F000 2229",PLANNED_WO,RS-GUPCO,0,,7907134,EACH,A81090F0002229,PUMP MISC,PU
164647,"SHAFT, PUMP ROD FOR S/N.T305486 ITEM NO. 660","عمود، قضيب مضخة للرقم التسلسلي T305486، رقم الصنف 660",INSURANCE_SPARE,RS-GUPCO,0,01M04D,7907136,EACH,C33410F000 2227,PUMP MISC,PU
164648,"BEARING, BOWL WITH HYDROTESTING ITEM NO. 672","محمل، وعاء مع اختبار هيدروليكي، رقم الصنف 672",INSURANCE_SPARE,RS-GUPCO,0,02S11A,7907136,EACH,A10341F000 1618,PUMP MISC,PU
161549,"COUPLING, YELLOW","وصلة، صفراء",INSURANCE_SPARE,RS-GUPCO,0,04R03E (1),3601100,EACH,510-454-P,CATERPILLAR,MM
161550,OIL SEAL,مانع تسرب الزيت,INSURANCE_SPARE,RS-GUPCO,0,04R03F (1),3601100,EACH,510-463,CATERPILLAR,MM
161719,NASH LIQUID_RING VACUUM PUMP TYPE MHF-75           TEST NO.96Y2236. IN ALL BRONZE CONSTRUCTION.       (REPLACES OLD PUMP,"مضخة تفريغ حلقية سائلة من نوع MHF-75 من ناش، رقم الاختبار 96Y2236. مصنوعة بالكامل من البرونز. (تحل محل المضخة القديمة)",INSURANCE_SPARE,RS-GUPCO,0,01D24C,7314104,EACH,2BV5000,PUMP CENTRIFUG,PU
161738,"VALVE, SUCTTION - DISCHARGE P/NO. 320B0792200F11505","صمام سحب - تفريغ، رقم القطعة 320B0792200F11505",INSURANCE_SPARE,RS-GUPCO,0,02Q11A,7319100,EACH,320B0792200F11505,PUMP CENTRIFUG,PU
161740,"Packing, SET, SQ RING, 1"" ID X 1-1/2"" OD (Part no.: 1311)","عبوة، مجموعة، حلقة مربعة، 1 بوصة قطر داخلي × 1-1/2 بوصة قطر خارجي (رقم القطعة: 1311)",INSURANCE_SPARE,RS-GUPCO,0,02Q01D,7319100,SET,1311,PUMP CENTRIFUG,PU
161247,MAGNETIC PICK UP,لاقط مغناطيسي,MIN_MAX,RS-GUPCO,0,04J12C,7103121,EACH,1CA5N8757,CATERPILLAR,MM
161265,"TUBE, ASSY. TURBO OIL SUPPLY FOR LINES GROUP.","أنبوب، مجموعة إمداد زيت التوربو لمجموعة الخطوط.",SURPLUS,RS-GUPCO,0,04/J13G(1),7103132,EACH,1CA6N7752,CATERPILLAR,MM
160894,"FITTING, 1/8 IN PIPE THRD. X 1/4 IN OD TUBE.","وصلة، أنبوب ملولب 1/8 بوصة × أنبوب بقطر خارجي 1/4 بوصة.",INSURANCE_SPARE,RS-GUPCO,0,,7103144,EACH,4H0945,CATERPILLAR,MM
161259,ADAPTER ASSY. CONSISTING OF.                       12 EA ADAPTER ASS.  P/N. 4W5733                    12 EA SLEEVE,"مجموعة محولات تتكون من: 12 قطعة محولات، رقم القطعة 4W5733، و12 قطعة غلاف.",PLANNED_WO,RS-GUPCO,0,,7103142,EACH,6N5898,CATERPILLAR,MM
160999,"CAP, PRESSURE, EXPANSION TANK","غطاء، ضغط، خزان تمدد",MIN_MAX,RS-GUPCO,0,04H23E,7103144,EACH,1CA6L8617,CATERPILLAR,MM
161003,"COUPLING, TURBO MOUNTING","وصلة، تركيب التوربو",MIN_MAX,RS-GUPCO,0,04H23,7103132,EACH,1CA6L8968,CATERPILLAR,MM
161004,"CORE, ASSY.OIL COOLER AND LINES","قلب، مجموعة مبرد الزيت والأنابيب",INSURANCE_SPARE,RS-GUPCO,0,01C03E,7103128,EACH,1CA4W5551,CATERPILLAR,MM
161005,"TUBE, ASSY. OIL COOLER AND LINES","أنبوب، مجموعة مبرد الزيت والخطوط",INSURANCE_SPARE,RS-GUPCO,0,04H21A,7103128,EACH,6L9217,CATERPILLAR,MM
161006,"HOLDER, DISC","حامل، قرص",PLANNED_WO,RS-GUPCO,0,,7103144,EACH,6L9260,CATERPILLAR,MM
164994,"SPACER,SLEEVE","فاصل، كم",MIN_MAX,RS-GUPCO,0,,7902104,EACH,520-215,PUMP MISC,PU
164995,"SLEEVE,SHAFT","الكم، العمود",MIN_MAX,RS-GUPCO,0,,7902104,EACH,1453416,PUMP MISC,PU
164996,"IMPELLER, (STG.1)","المروحة، (المرحلة 1)",MIN_MAX,RS-GUPCO,0,,7902104,EACH,1453459,PUMP MISC,PU
165373,"O-RING,","حلقة دائرية،",PLANNED_WO,RS-GUPCO,0,,7909124,EACH,20A11TM024,PUMP MISC,PU
164518,"hold till 01/01/2027 , HEADSHAFT, 84.50 IN. LONG ITEM NO. 608","يُحفظ حتى 01/01/2027، عمود رأس، طوله 84.50 بوصة، رقم الصنف 608",INSURANCE_SPARE,RS-GUPCO,0,,7907160,EACH,B00020FJEJ2159,PUMP MISC,PU
164619,BUSHING. THROTTLE ITEM NO.617,"جلبة. خانق، رقم القطعة 617",MIN_MAX,RS-GUPCO,0,02S13D,7907158,EACH,H00361F0001618,PUMP MISC,PU
164621,"PACKING, ITEM NO.620A","التعبئة، رقم الصنف 620أ",INSURANCE_SPARE,RS-GUPCO,0,02S13D,7907158,EACH,A11338FECD5017,PUMP MISC,PU
164997,"IMPELLER, (STG.2) ,","المروحة، (المرحلة 2)",MIN_MAX,RS-GUPCO,0,,7902104,EACH,1453467,PUMP MISC,PU
165588,"RING, CASE SERIES AISI 410/420 ST.STEEL OUTSIDE DIAMETER  7.688"" INSIDE  DIAMETER  7.188"" WIDTH 1.375"" Flowserve Part Nu","حلقة، سلسلة علبة AISI 410/420 من الفولاذ المقاوم للصدأ، القطر الخارجي 7.688 بوصة، القطر الداخلي 7.188 بوصة، العرض 1.375 بوصة، رقم قطعة Flowserve",PLANNED_WO,RS-GUPCO,0,,7902234,EACH,AX753659-BX000,PUMP MISC,PU
165589,"IMPELLER, 1ST. STG. Flowserve Part Num: AX268069-JX000 (CNN: 81814971)","دافع، المرحلة الأولى. رقم قطعة فلو سيرف: AX268069-JX000 (CNN: 81814971)",PLANNED_WO,RS-GUPCO,0,,7902234,EACH,AX268069-JX000,PUMP MISC,PU
165590,"IMPELLER, SERIES Flowserve Part Num: AX268910-JX000 (CCN: 81942744)","مروحة، سلسلة Flowserve رقم القطعة: AX268910-JX000 (CCN: 81942744)",PLANNED_WO,RS-GUPCO,0,,7902234,EACH,AX268910-JX000,PUMP MISC,PU
165591,"RING, IMPELLER SERIES AISI 410/420  ST.STEEL OUTSIDE DIAMETER 7.237"" INSIDE DIAMETER  6.725"" WIDTH 1.250"" Flowserve Part","حلقة، سلسلة المروحة، فولاذ مقاوم للصدأ AISI 410/420، القطر الخارجي 7.237 بوصة، القطر الداخلي 6.725 بوصة، العرض 1.250 بوصة، قطعة غيار من Flowserve",PLANNED_WO,RS-GUPCO,0,,7902234,EACH,AX173513-BH000,PUMP MISC,PU
165592,"IMPELLER WEAR RING I.D. 8.225"" O.D. 8.730"" W. 1.675"" , Flowserve Part Num: AX173481-BH000 (CCN: 81939786)","حلقة تآكل المروحة الداخلية 8.225 بوصة، الخارجية 8.730 بوصة، العرض 1.675 بوصة، رقم قطعة Flowserve: AX173481-BH000 (CCN: 81939786)",PLANNED_WO,RS-GUPCO,0,,7902234,EACH,AX173481-BH000,PUMP MISC,PU
165309,"STUD, GLAND SIZE 1/2"" X 2-3/4""                     REF.1999","مسمار، حجم الغدة 1/2 بوصة × 2-3/4 بوصة، رقم المرجع 1999",PLANNED_WO,RS-GUPCO,0,,7909106,EACH,62A3S253-669,PUMP MISC,PU
165311,"SHAFT,","رمح،",MIN_MAX,RS-GUPCO,0,01N06D,7909106,EACH,211B10X2-348,PUMP MISC,PU
165312,"RING, CASING INCLUDE ROLL PIN P/NO. 25A13562","الحلقة، الغلاف يشمل دبوس التثبيت رقم القطعة 25A13562",MIN_MAX,RS-GUPCO,0,,7909106,EACH,962D6JX2-376,PUMP MISC,PU
165313,"HOLD TILL 1/1/2027  , SLEEVE, SHAFT","يُحفظ حتى 1/1/2027، غلاف، عمود",MIN_MAX,RS-GUPCO,0,02T16,7909106,EACH,250S8BUX2A-348,PUMP MISC,PU
165314,"NUT, SHAFT SLEEVE                                  P/N. 250S127TX1F-K-20","صامولة، جلبة عمود، رقم القطعة: 250S127TX1F-K-20",MIN_MAX,RS-GUPCO,0,02T16,7909106,EACH,250S127TX1F-K-20,PUMP MISC,PU
165315,"ROTATING ASSY., COMPLETE ROTOR PER","مجموعة دوارة، دوار كامل لكل",STRATEGIC_WO,RS-GUPCO,0,,7909106,EACH,0672-674SE,PUMP MISC,PU
165316,"IMPELLER, OUTER DIAM 13-1/2"" ,","مروحة، قطرها الخارجي 13-1/2 بوصة،",STRATEGIC_WO,RS-GUPCO,0,,7909106,EACH,10SD3BX3-376,PUMP MISC,PU
165317,"RING, WEAR IMPELLER SS 316                         P/N. 925D4BX6-376                                  REF.MECH.MAINT JUL","حلقة، دافعة مقاومة للتآكل، فولاذ مقاوم للصدأ 316، رقم القطعة 925D4BX6-376، مرجع الصيانة الميكانيكية، يوليو",MIN_MAX,RS-GUPCO,0,02T16G,7909106,EACH,925D4BX6-376,PUMP MISC,PU
165369,"COVER, STUFFING BOX (COOLED) REF.NO. 0575B","غطاء، صندوق حشو (مبرد) رقم المرجع 0575B",INSURANCE_SPARE,RS-GUPCO,0,02V54A (1),7909104,EACH,,PUMP MISC,PU
165370,"SHAFT, MECHANICAL SEAL REF.NO. 1189                P/N.2807A112GR1A001-20                             NEW P/N. 2807A112G","عمود، مانع تسرب ميكانيكي، رقم المرجع 1189، رقم القطعة 2807A112GR1A001-20، جديد، رقم القطعة 2807A112G",INSURANCE_SPARE,RS-GUPCO,0,,7909134,EACH,2807A112GR1A001-K-20,PUMP MISC,PU
165372,BEARING RADIAL & THRUST REF. NO. 204 & 205 (SKF 6211-2RS1,"محمل شعاعي ومحوري، رقم المرجع 204 و205 (SKF 6211-2RS1)",MIN_MAX,RS-GUPCO,6,,7909106,EACH,6211-2RS1,PUMP MISC,PU
160866,"FITTING, CONNECTION 1/8"" PIPE THRD. X 1/4"" OD.","وصلة، وصلة أنبوب ملولب 1/8 بوصة × 1/4 بوصة قطر خارجي.",INSURANCE_SPARE,RS-GUPCO,0,04F04E (1),7103144,EACH,1F3278,CATERPILLAR,MM
164632,"COLUMN, TOP ITEM 8 DWG NO. 641-A9664 ,","العمود، العنصر العلوي 8، رقم الرسم 641-A9664،",PLANNED_WO,RS-GUPCO,0,,7907160,EACH,C49770F001 9616,PUMP MISC,PU
164637,"IMPELLER, FOR S/N .305484-1 AND 2 ITEM NO. 673","مروحة، للرقم التسلسلي 305484-1 و2، رقم الصنف 673",INSURANCE_SPARE,RS-GUPCO,0,02S13F,7907134,EACH,B47670F0001123,PUMP MISC,PU
161474,"LINER, FOR BLOCK ASSY.","بطانة، لمجموعة الكتلة.",PLANNED_WO,RS-GUPCO,0,04J09,7103140,EACH,5863377,CATERPILLAR,MM
161470,VALVE,صمام,INSURANCE_SPARE,RS-GUPCO,0,04/K07D,7103142,EACH,1CA1152367,CATERPILLAR,MM
164853,LINE SHAFT COUPLING         ITEM NO. 649,"وصلة عمود الدوران، رقم الصنف 649",INSURANCE_SPARE,RS-GUPCO,0,02U19B (1),7907157,EACH,A00970F15 05914,PUMP MISC,PU
160996,"BOLT, REGULATOR ASSY,","مسمار، مجموعة منظم الجهد،",INSURANCE_SPARE,RS-GUPCO,0,04H09B (1),7103128,EACH,6L7156,CATERPILLAR,MM
161389,"BOLT, 5/16 IN. NC THRD X 3/4 IN.","مسمار، 5/16 بوصة، سن لولبي غير قياسي × 3/4 بوصة.",INSURANCE_SPARE,RS-GUPCO,0,04P19D (1),7103144,EACH,0S1617,CATERPILLAR,MM
161324,"PISTON, GROUP P/N:- 9N5403                         & RING KIT    P/N:- 2W1709","مكبس، مجموعة رقم القطعة: 9N5403، طقم حلقات المكبس رقم القطعة: 2W1709",SURPLUS,RS-GUPCO,0,04J22,7103132,EACH,9N5403,CATERPILLAR,MM
161777,"IMPELLER,   P/NO. 805 B 0158100D12200","مروحة، رقم القطعة 805 ب 0158100د12200",INSURANCE_SPARE,RS-GUPCO,0,02S10D(1),7321115,EACH,805B0158100D12200,PUMP CENTRIFUG,PU
161780,"RING, SQ PACKING                                   (5 EA =1 ST)","حلقة مربعة، عبوة (5 قطع = 1 ST)",MIN_MAX,RS-GUPCO,0,,7321128,SET,1520,PUMP CENTRIFUG,PU
161787,"PLUNGER, P/N: 353B0609605R53100","مكبس، رقم القطعة: 353B0609605R53100",MIN_MAX,RS-GUPCO,0,,7321128,EACH,353B0609605R53100,PUMP CENTRIFUG,PU
164789,"BEARING, SLHSG UPPER ITEM NO. 791E","محمل، SLHSG علوي، رقم الصنف 791E",PLANNED_WO,RS-GUPCO,0,,7907165,EACH,A11538F000 1618,PUMP MISC,PU
164790,"BEARING, SLHSG LOWER ITEM NO. 791D","محمل، SLHSG سفلي، رقم الصنف 791D",PLANNED_WO,RS-GUPCO,0,,7907165,EACH,A78620F000 1618,PUMP MISC,PU
165284,"IMPELLER, REF.NO. 8","دافع، رقم المرجع 8",INSURANCE_SPARE,RS-GUPCO,0,02T14,7918102,EACH,96669330,PUMP MISC,PU
165416,"STUFFING BOX BUSHING SUCTION BOX. P/N. 88A,        BUSHING 370D88AX2A-20","صندوق حشو، جلبة صندوق شفط. رقم القطعة 88A، جلبة 370D88AX2A-20",INSURANCE_SPARE,RS-GUPCO,0,02V61A (1),7909108,EACH,,PUMP MISC,PU
165418,ROTATING ELEMNT COMPLETE WITH UPGRADED MATERIAL    SIMILAR TO API C-6 (12% CHROME STEEL PARTS WITH    HARDENED WEAR SURF,عنصر دوار كامل مصنوع من مواد مطورة مشابهة لمعيار API C-6 (أجزاء فولاذية مطلية بالكروم بنسبة 12% مع سطح مقاوم للتآكل).,INSURANCE_SPARE,RS-GUPCO,0,01E23H (1),7909108,EACH,0177-112SR,PUMP MISC,PU
160867,"COVER, SIDE CYLINDER BLOCK",غطاء كتلة الأسطوانة الجانبية,INSURANCE_SPARE,RS-GUPCO,0,04U15C (1),7103116,EACH,1F4418,CATERPILLAR,MM
161183,"CONNECTOR, FOR MANIFOLD GROUP.",موصل لمجموعة المشعب.,INSURANCE_SPARE,RS-GUPCO,0,04J04,7103128,EACH,1CA3N8652,CATERPILLAR,MM
165435,"SCREW,","أفسد،",OBSOLETE,RS-GUPCO,0,02T24G,7909108,EACH,119A2A144-318,PUMP MISC,PU
165437,"IMPELLER, REF. NO. 1129 S.S. DIA. 6-1/4"" P/N. 60640257 , Old part no.1129A10XDVB1011-A744CFR , 1129A10X06VB101","مروحة، رقم المرجع 1129، فولاذ مقاوم للصدأ، قطر 6-1/4 بوصة، رقم القطعة 60640257، رقم القطعة القديم 1129A10XDVB1011-A744CFR، 1129A10X06VB101",INSURANCE_SPARE,RS-GUPCO,0,,7909134,EACH,60640257,PUMP MISC,PU
161723,"GASKET, CASING                                     P/NO. 815B0118106R16400                            NEW P/N.815B011810","حشية، غلاف، رقم القطعة 815B0118106R16400، جديد، رقم القطعة 815B011810",INSURANCE_SPARE,RS-GUPCO,0,02Q13D,7321102,EACH,815B0118113R20501,PUMP CENTRIFUG,PU
161725,"RING, CASING                                       P/N. 808A0171900A11100","حلقة، غلاف، رقم القطعة 808A0171900A11100",INSURANCE_SPARE,RS-GUPCO,0,02Q13D,7321102,EACH,808A0171900A11100,PUMP CENTRIFUG,PU
161727,"RING, IMPELLER ITEM NO. 806                        NEW P/NO. 806A0174602E11500","حلقة، دافعة، رقم الصنف 806، رقم القطعة الجديد 806A0174602E11500",INSURANCE_SPARE,RS-GUPCO,0,02Q13E,7321102,EACH,806A0174602E11500,PUMP CENTRIFUG,PU
161728,"HOLD TILL 1/12/2026, IMPELLER, DYN. BALANCED P/N. 805C0225901E11200","يُحفظ حتى 1/12/2026، مروحة، متوازنة ديناميكيًا، رقم القطعة 805C0225901E11200",INSURANCE_SPARE,RS-GUPCO,0,01/D23C,7321102,EACH,805C0225901E11200,PUMP CENTRIFUG,PU
161730,"NUT, IMPELLER                                      P/N. 821A0192600D12200","صامولة، مروحة، رقم القطعة 821A0192600D12200",INSURANCE_SPARE,RS-GUPCO,0,02Q13F,7321102,EACH,821A0192600D12200,PUMP CENTRIFUG,PU
161741,"SHAFT,","رمح،",INSURANCE_SPARE,RS-GUPCO,0,,7321112,EACH,3496,PUMP CENTRIFUG,PU
161742,"GASKET, CASING                                         P/N. 815A0201802U31100                         NEW P/N. 815A02018","حشية، غلاف، رقم القطعة 815A0201802U31100، جديد، رقم القطعة 815A02018",INSURANCE_SPARE,RS-GUPCO,1,02Q11C,7321112,EACH,815A0201802T51000,PUMP CENTRIFUG,PU
161750,COUPLING FLANGED ASSY.,مجموعة وصلة ذات حواف.,INSURANCE_SPARE,RS-GUPCO,0,02 Q 11 E,7321116,EACH,SFMB780548A01,PUMP CENTRIFUG,PU
161751,"COUPLING,SHAFT 1-11/16                             @RF.MR.RS. 280/99",وصلة عمود 1-11/16 @RF.MR.RS. 280/99,PLANNED_WO,RS-GUPCO,0,02Q11F,7321116,EACH,LV25751303080F,PUMP CENTRIFUG,PU
161752,"NOZZLE,DISCHARGE","فوهة، مخرج",INSURANCE_SPARE,RS-GUPCO,0,01 D 24 C,7321116,EACH,SF76H2716CIR,PUMP CENTRIFUG,PU
161753,"NOZZLE,SUCTION","فوهة، شفط",PLANNED_WO,RS-GUPCO,0,,7321116,EACH,9812X028CIR,PUMP CENTRIFUG,PU
164921,"O-RING, SLEEVE STUFFING BOX ITEM NO.208-U","حلقة دائرية، صندوق حشو الأكمام، رقم الصنف 208-U",SURPLUS,RS-GUPCO,0,,7902108,EACH,412.208U,PUMP MISC,PU
165252,"BEARING, LINESHAFT 1-11/16 IN.X 3 IN. RUBBER       REF.NO.283","محمل عمود نقل الحركة 1-11/16 بوصة × 3 بوصات، مطاط، رقم المرجع 283",INSURANCE_SPARE,RS-GUPCO,0,03B24F (1),7920106,EACH,203580-400,PUMP MISC,PU
165617,"BELL, SUCTION ITEM # 40","جرس، قطعة شفط رقم 40",INSURANCE_SPARE,RS-GUPCO,0,01E19B (1),7912102,EACH,LV8155163045  0660  F,PUMP MISC,PU
161547,"CABLE, HARNESS SHIELDED WIRING, FOR 6 CYLINDERS, P/N 393-13-2","كابل، مجموعة أسلاك محمية، لست أسطوانات، رقم القطعة 393-13-2",MIN_MAX,RS-GUPCO,0,04/J10G,3601100,EACH,393-013-2,CATERPILLAR,MM
161548,"CABLES, SHIELDED PRIMARY.","كابلات، محمية أساسية.",SURPLUS,RS-GUPCO,0,04R03C (1),3601100,EACH,593-027-12,CATERPILLAR,MM
165672,"HOLD TILL 1/12/2026, PIPE, BOTTOM PC. COLUMN   ITEM NO. 30 for FWP PUMP MOD 18RKMC3 S/N. 87979-80","يُحفظ حتى 1/12/2026، أنبوب، عمود سفلي، رقم الصنف 30 لمضخة FWP موديل 18RKMC3، الرقم التسلسلي 87979-80",INSURANCE_SPARE,RS-GUPCO,0,,7912102,EACH,LVX74009C,PUMP MISC,PU
164542,"IMPELLER 316SS,OPEN IMPELLER(13 INCHES RATED DIA.  MAX=13 MIN=10 INCHES)ITEM 101, MR NO:RS10302002","مروحة دافعة من الفولاذ المقاوم للصدأ 316، مروحة دافعة مفتوحة (قطرها المقدر 13 بوصة، الحد الأقصى 13 بوصة، الحد الأدنى 10 بوصات) رقم الصنف 101، رقم الطلب: RS10302002",PLANNED_WO,RS-GUPCO,0,,7907124,EACH,101-8  1203,PUMP MISC,PU
161315,"BEARING, FOR CONNECTING ROD & PISTON","محمل، لذراع التوصيل والمكبس",MIN_MAX,RS-GUPCO,0,04K02DF,7103120,EACH,8N7769,CATERPILLAR,MM
161316,CONNECTING ROD BEARING,محمل ذراع التوصيل,INSURANCE_SPARE,RS-GUPCO,0,04N17C (1),7103126,EACH,8N7770,CATERPILLAR,MM
161326,"REGULATOR,","منظم،",MIN_MAX,RS-GUPCO,0,04J22F,7103144,EACH,248-5513,CATERPILLAR,MM
161271,"TURBCHARGER GROUP, Part no. : 7C-6702, used for Diesel Engine Cat 3406","مجموعة شاحن توربيني، رقم القطعة: 7C-6702، تُستخدم لمحرك ديزل كات 3406",MIN_MAX,RS-GUPCO,0,01D04D,7103139,EACH,7C-6702,CATERPILLAR,MM
161193,"AIR CLEANER,  P/N. 4N0879","جهاز تنقية الهواء، رقم القطعة 4N0879",PLANNED_WO,RS-GUPCO,0,01D14E (1),7103139,EACH,4N0879,CATERPILLAR,MM
161320,"CARTRIDGE, ASSY. TURBO","خرطوشة، مجموعة التوربو",INSURANCE_SPARE,RS-GUPCO,0,04J22,7103126,EACH,1CA1P5466,CATERPILLAR,MM
164791,"SHAFT, HEAD (1.0 X 103.25 LG) ITEM NO. 608","عمود، رأس (1.0 × 103.25 طول) رقم الصنف 608",PLANNED_WO,RS-GUPCO,0,,7907165,EACH,B00017FLDE 2403,PUMP MISC,PU
164793,"IMPELER, TAPERLOCK ITEM NO. 677","المكره، تابيرلوك رقم الصنف. 677",INSURANCE_SPARE,RS-GUPCO,0,02U31G (1),7907165,EACH,B42850F000 2229,PUMP MISC,PU
164795,"RETAINER, BEARING ITEM NO. 652  MATERIAL CODE 1003","حامل، رقم الصنف 652، رمز المادة 1003",INSURANCE_SPARE,RS-GUPCO,0,02U29C (1),7907165,EACH,B94250F000 1003,PUMP MISC,PU
164805,"COLUMN, INTER. ITEM NO. 642","العمود، البند الداخلي رقم 642",INSURANCE_SPARE,RS-GUPCO,0,07C01C (1),7907165,EACH,C24130F060 8510,PUMP MISC,PU
164961,"SHOE, BABBIT FACED ITEM NO. 502 DWG. NO. WP- 198","حذاء ذو وجه أرنب، رقم الصنف 502، رقم الرسم WP-198",SURPLUS,RS-GUPCO,0,02T06,7902110,SET,387-502,PUMP MISC,PU
165555,"CAP,SCREN 5/8 -11 UNC-3A X 1-3/4' LONG","غطاء، شاشة 5/8 -11 UNC-3A × 1-3/4 بوصة طول",INSURANCE_SPARE,RS-GUPCO,0,02T32,7902224,EACH,35A2D326G,PUMP MISC,PU
161783,STUFFING BOX 3.1/2 INCH DIA                        P/N:337B0632000B22300,"صندوق حشو بقطر 3.5 بوصة، رقم القطعة: 337B0632000B22300",INSURANCE_SPARE,RS-GUPCO,0,,7321128,EACH,337B0632000B45000,PUMP CENTRIFUG,PU
161784,STUFFING BOX GLAND 2.7/8 IN DIA                    P/N:338B0611502822300,"غدة صندوق الحشو بقطر 2.7/8 بوصة، رقم القطعة: 338B0611502822300",INSURANCE_SPARE,RS-GUPCO,0,02/Q09B,7321128,EACH,338B0611502B45000,PUMP CENTRIFUG,PU
161785,STUFFING BOX GLAND FOLLOWER 2.3/8 DIA              P/N: 339A0623903A11100,"مُتابع غدة صندوق الحشو بقطر 2.3/8 بوصة، رقم القطعة: 339A0623903A11100",INSURANCE_SPARE,RS-GUPCO,0,,7321128,EACH,339A0623903A11100,PUMP CENTRIFUG,PU
161786,"BUSHING, STUFFING BOX THROAD 2. 1/2 INCH DIA A.F   P/N: 341A0604403A11100.","جلبة، حشو صندوق الفتحة 2. 1/2 بوصة قطر AF P/N: 341A0604403A11100.",INSURANCE_SPARE,RS-GUPCO,0,,7321128,EACH,341A0604403A11100,PUMP CENTRIFUG,PU
161789,"STUFFING BOX, FLANGE 1-1/2"" THK. 8"" WD.            P/NO. 366C0609300B23100","صندوق حشو، حافة بسمك 1-1/2 بوصة، وعرض 8 بوصات. رقم القطعة: 366C0609300B23100",SURPLUS,RS-GUPCO,0,,7321128,EACH,,PUMP CENTRIFUG,PU
161790,"GASKET, VALVE COVER (SUC.&DISCH)",حشية غطاء الصمام (للشفط والتفريغ),MIN_MAX,RS-GUPCO,0,,7321128,EACH,619B0608402T51000,PUMP CENTRIFUG,PU
161791,"GASKET, STUFFING BOX                               P/N: 622B0647505R16400                             (3 EA = 1 ST)","حشية، صندوق الحشو رقم القطعة: 622B0647505R16400 (3 قطع = 1 ST)",INSURANCE_SPARE,RS-GUPCO,0,,7321128,EACH,622B0647505R20501,PUMP CENTRIFUG,PU
165567,"BEARING, SPIDER 2-3/16 IN. BRZ.","محمل، عنكبوت 2-3/16 بوصة. BRZ.",MIN_MAX,RS-GUPCO,0,02T34B,7902224,EACH,AX750211-FJ000,PUMP MISC,PU
165570,"COLLET, LOCK IMPELLER REF.NO. 272","كوليت، قفل المروحة، رقم المرجع 272",MIN_MAX,RS-GUPCO,0,02T34C,7902224,EACH,AX750022-CB000,PUMP MISC,PU
165571,"SLEEVE, SHAFT REF.NO. S-1","جلبة، عمود رقم المرجع S-1",PLANNED_WO,RS-GUPCO,0,,7902214,EACH,AX751124-CB000,PUMP MISC,PU
161321,"TURBOCHARGER, ASSY. BASIC","شاحن توربيني، مجموعة أساسية",INSURANCE_SPARE,RS-GUPCO,0,01D06B,7103126,EACH,1CA1P6084,CATERPILLAR,MM
161323,"KIT, GASKET FOR WATER PUMP","طقم، حشية لمضخة المياه",INSURANCE_SPARE,RS-GUPCO,0,03A06E (1),7103128,EACH,1CA6V6384,CATERPILLAR,MM
164823,"Shaft head (1""X 35.62"" LG)",رأس العمود (1 بوصة × 35.62 بوصة طولاً),PLANNED_WO,RS-GUPCO,0,,7907172,EACH,B00017FDFL2216,PUMP MISC,PU
164831,"RETAINING, BEARING P/No.:  B00434F000-1117, Used for GOULDS pump 4x7 ALC, Model VIT-FF, 13-STG, S/No. T310449","حامل، رقم القطعة: B00434F000-1117، يُستخدم لمضخة GOULDS 4x7 ALC، طراز VIT-FF، 13 مرحلة، الرقم التسلسلي: T310449",PLANNED_WO,RS-GUPCO,0,,7907172,EACH,B00434F0001117,PUMP MISC,PU
164828,"Shaft Pump, P/NO. B42970F1 13 2216","مضخة عمود، رقم القطعة B42970F1 13 2216",INSURANCE_SPARE,RS-GUPCO,0,,7907172,EACH,B42970F0132216,PUMP MISC,PU
164829,"COLUMN, BOTTOM P/N. C00150F2608510","العمود السفلي، رقم القطعة: C00150F2608510",PLANNED_WO,RS-GUPCO,0,,7907172,EACH,C00150F2608510,PUMP MISC,PU
164830,"SUCTION, BELL","شفط، جرس",INSURANCE_SPARE,RS-GUPCO,0,02U23D (1),7907172,EACH,B00425F003 1123,PUMP MISC,PU
165459,"IMPELLER, P/No.8X23J3BX1b-813     diameter 17""","مروحة، رقم القطعة 8X23J3BX1b-813، قطرها 17 بوصة",INSURANCE_SPARE,RS-GUPCO,0,01E29D (1),7909110,EACH,8X23J3BX1B-813,PUMP MISC,PU
161563,"TRUNNION, CLOSED",محور مغلق,PLANNED_WO,RS-GUPCO,0,,7313106,EACH,237-0022-006,PUMP CENTRIFUG,PU
161173,"ELBOW, COOLER","الكوع، المبرد",INSURANCE_SPARE,RS-GUPCO,0,04L16B (1),7103120,EACH,3N6377,CATERPILLAR,MM
165485,"O-RING, GASKET. Flowserve Part Num: H7034660-GS000 (CCN: 95018396)","حلقة دائرية، حشية. رقم جزء فلوسيرف: H7034660-GS000 (CCN: 95018396)",SURPLUS,RS-GUPCO,0,03B16B,7902234,EACH,H7034660-GS000,PUMP MISC,PU
165572,"FLANGE, SEAL, REF NO S-11.","شفة، مانع تسرب، رقم المرجع S-11.",PLANNED_WO,RS-GUPCO,0,,7902214,EACH,167698EU,PUMP MISC,PU
165562,"SPACER, COUPLING , Flowserve Part Num: AX116105-UP000 (CCN: 81922743)","فاصل، وصلة، رقم قطعة Flowserve: AX116105-UP000 (CCN: 81922743)",INSURANCE_SPARE,RS-GUPCO,0,,7902224,EACH,AX116105-UP000,PUMP MISC,PU
165573,"CASE, SERIES 4 IN. COLUMN REF.NO. 78","علبة، سلسلة 4 بوصة، عمود، رقم المرجع 78",PLANNED_WO,RS-GUPCO,0,,7902214,EACH,AX265108-JX000,PUMP MISC,PU
165574,"CASE, BOTTOM 4 IN. PIPE REF.NO. 79","علبة، أنبوب سفلي 4 بوصة، رقم المرجع 79",PLANNED_WO,RS-GUPCO,0,,7902214,EACH,AX168916-JX000,PUMP MISC,PU
165575,"FLANGE, TOP CASE 4""","شفة، غطاء علوي 4 بوصات",PLANNED_WO,RS-GUPCO,0,,7902214,EACH,AX750286-FV000,PUMP MISC,PU
165577,"COUPLING, HALF MOTOR 1-1/8 IN. BORE",وصلة نصف محرك بقطر داخلي 1-1/8 بوصة,INSURANCE_SPARE,RS-GUPCO,0,02T34F,7902214,EACH,AX116008-UP000,PUMP MISC,PU
165578,"PLATE, ADJUSTING","لوحة، ضبط",INSURANCE_SPARE,RS-GUPCO,0,02V45C,7902214,EACH,AX166539-UP000,PUMP MISC,PU
165579,"SPACER, COUPLING","فاصل، وصلة",INSURANCE_SPARE,RS-GUPCO,2,02T34G,7902214,EACH,AX116044-UP000,PUMP MISC,PU
165584,"CASE, BOTTOM , Flowserve Part Num: AX267960-JX000 (CCN: 81908476)","غطاء سفلي، رقم قطعة Flowserve: AX267960-JX000 (CCN: 81908476)",PLANNED_WO,RS-GUPCO,0,,7902234,EACH,AX267960-JX000,PUMP MISC,PU
165585,"CASE, SERIES , Flowserve Part Num: AX268882-JX000 (CCN: 88407489)","CASE, SERIES , Flowserve Part Num: AX268882-JX000 (CCN: 88407489)",PLANNED_WO,RS-GUPCO,0,,7902234,EACH,AX268882-JX000,PUMP MISC,PU
165586,"WEAR, RING CASE BOTTON-AISI 410/420 ST. STEEL , Flowserve Part Num: AX753849-BX000 (CCN: 81940628)","زر علبة الخاتم - فولاذ مقاوم للصدأ AISI 410/420، رقم قطعة Flowserve: AX753849-BX000 (CCN: 81940628)",PLANNED_WO,RS-GUPCO,0,,7902234,EACH,AX753849-BX000,PUMP MISC,PU
161306,"NOZZLE, FUEL INJECTION",فوهة حقن الوقود,INSURANCE_SPARE,RS-GUPCO,0,04J20,7103116,EACH,1CA8N1831,CATERPILLAR,MM
161308,"VALVE,","صمام،",INSURANCE_SPARE,RS-GUPCO,0,04J18G,7103116,EACH,8N3723,CATERPILLAR,MM
161310,"BEARING, P/N: 3285574 , FOR ROD & PISTON GROUP","محمل، رقم القطعة: 3285574، لمجموعة قضيب التوصيل والمكبس",MIN_MAX,RS-GUPCO,0,04J20A,7103142,EACH,,CATERPILLAR,MM
161302,"HEAD, ASSY. CYLINDER","رأس الأسطوانة، مجموعة الأسطوانة",INSURANCE_SPARE,RS-GUPCO,0,01D22A (1),7103132,EACH,8N1187,CATERPILLAR,MM
161312,"NOZZEL, ASSY","فوهة، مجموعة",PLANNED_WO,RS-GUPCO,0,,7103135,EACH,1CA8N7005,CATERPILLAR,MM
161286,"INSERT, VALVE SEAT INLET.","إدخال، مدخل مقعد الصمام.",INSURANCE_SPARE,RS-GUPCO,0,04/J07D,7103134,EACH,1CA1070268,CATERPILLAR,MM
161314,"BEARING , MAIN FOR CRANKSHAFT",محمل رئيسي لعمود المرفق,INSURANCE_SPARE,RS-GUPCO,0,04K02A(1),7103120,EACH,1CA8N7764,CATERPILLAR,MM
164543,HEAD COLUMN ASSEMBLY AS ONE BEARING(316 SS)ITEM N O192,مجموعة عمود الرأس كوحدة محمل واحدة (فولاذ مقاوم للصدأ 316) رقم الصنف O192,INSURANCE_SPARE,RS-GUPCO,0,02S19H,7907124,EACH,B00253B05 6545,PUMP MISC,PU
164622,"COLUMN, TOP (COATED)                               ITEM NO 641","عمود، الجزء العلوي (مطلي) رقم الصنف 641",INSURANCE_SPARE,RS-GUPCO,0,07/YARD,7907158,EACH,C24170F060 8510,PUMP MISC,PU
164624,"COLUMN, BOTTOM (COATED)                            ITEM NO 644","عمود، سفلي (مطلي) رقم الصنف 644",INSURANCE_SPARE,RS-GUPCO,0,07YARD,7907158,EACH,C24050F604 8510,PUMP MISC,PU
164626,RETAINER BEARING ITEM NO.652,"حامل التثبيت، رقم الصنف 652",INSURANCE_SPARE,RS-GUPCO,0,02S13F,7907158,EACH,A68580F000 1123,PUMP MISC,PU
164628,"BEARING, SUCTION BELL ITEM NO. 690","محمل، جرس شفط، رقم الصنف 690",INSURANCE_SPARE,RS-GUPCO,0,02S13F,7907158,EACH,A13330F000 1618,PUMP MISC,PU
165305,"HOUSING, BEARING REF. NO. 159                       ( AH_816 ) & ( AX1_816 )","غلاف، محمل رقم المرجع 159 (AH_816) و (AX1_816)",MIN_MAX,RS-GUPCO,0,02T16D,7909106,EACH,211B159AX1-K-816,PUMP MISC,PU
165306,"COVER, BEARING END (PLAIN END) REF.NO.160A         NEW P/N.21B16AX2A-81660166121                      CORRECT P/N. 211B1","غطاء، طرف المحمل (طرف عادي) رقم المرجع 160A، رقم القطعة الجديد 21B16AX2A-81660166121، رقم القطعة الصحيح 211B1",MIN_MAX,RS-GUPCO,0,02T16D,7909106,EACH,211B160AX2A-816,PUMP MISC,PU
165307,"RING, RETAINING O.B ST,STEEL MATERIAL.","حلقة تثبيت، مصنوعة من الفولاذ.",MIN_MAX,RS-GUPCO,0,02T16E,7909106,EACH,162A13S215-STEEL,PUMP MISC,PU
165308,"GLAND, REF.NO. 16","غدة، رقم المرجع 16",PLANNED_WO,RS-GUPCO,0,,7909106,EACH,431G16BX1-204,PUMP MISC,PU
165267,"COUPLING, SHAFT K-500 MONEL REF.NO. 170","وصلة عمود K-500 مونيل، رقم المرجع 170",INSURANCE_SPARE,RS-GUPCO,0,02V30E (1),7920108,EACH,287600-900,PUMP MISC,PU
165500,"BOWL, ASSY. COMPLETE","وعاء، مجموعة كاملة",INSURANCE_SPARE,RS-GUPCO,0,07YARD,7902232,EACH,741H00480/BOWL,PUMP MISC,PU
165501,"SHAFT, 1-5/16 IN. DIA. X 193-1/2 IN. LG. REF. NO.  REF.NO.167 (OLD P/NO. 171138-CC)","عمود، قطر 1-5/16 بوصة × طول 193-1/2 بوصة. رقم المرجع: 167 (رقم القطعة القديم: 171138-CC)",PLANNED_WO,RS-GUPCO,0,,7902232,EACH,8004633,PUMP MISC,PU
165503,"IMPELLER, 1 ST. STAGE REF. NO. 176-1","دافع، المرحلة الأولى، رقم المرجع 176-1",INSURANCE_SPARE,RS-GUPCO,0,02T28H,7902232,EACH,AX267959-LY000,PUMP MISC,PU
165504,"O-RING, GASKET REF. NO. 774-1","حلقة دائرية، حشية رقم المرجع 774-1",SURPLUS,RS-GUPCO,0,03B39E (1),7902232,EACH,20A11CM469,PUMP MISC,PU
165506,"COUPLING, MOTOR HALF 2-3/8 IN. BORE REF. NO. 529   (OLD P/N. 171031-RX)                               NEW P/N. 171031-IC","وصلة نصف محرك بقطر 2-3/8 بوصة، رقم المرجع 529 (رقم القطعة القديم 171031-RX)، رقم القطعة الجديد 171031-IC",INSURANCE_SPARE,RS-GUPCO,0,02T30A,7902232,EACH,AX171031-KX000,PUMP MISC,PU
165507,COUPLING PUMP HALF 1.16/16 IN. BORE REF.NO. 530    NEW P/N. 268594IC,"وصلة مضخة نصفية بقطر 1.16/16 بوصة، رقم المرجع 530، رقم القطعة الجديد 268594IC",INSURANCE_SPARE,RS-GUPCO,0,02T30A,7902232,EACH,AX268594-KX000,PUMP MISC,PU
165508,"PLATE, ADJUSTMENT REF. NO. 532","لوحة، رقم مرجع الضبط 532",INSURANCE_SPARE,RS-GUPCO,0,02T30B,7902232,EACH,AX268593-UP000,PUMP MISC,PU
165509,"RING,SPLIT FOR 2-3/8 IN.SHAFT REF.NO.256","حلقة مشقوقة لعمود بقطر 2-3/8 بوصة، رقم المرجع 256",INSURANCE_SPARE,RS-GUPCO,0,02T30B,7902232,EACH,AX754112-CK000,PUMP MISC,PU
165510,"BLOCK, RUBBER INSERT FOR COUPLING KOP PERS NO. 4   (10 PER/SET)","كتلة، حشوة مطاطية لوصلة KOP رقم 4 (10 قطع لكل مجموعة)",INSURANCE_SPARE,RS-GUPCO,0,03B16B,7902232,SET,5229411,PUMP MISC,PU
165511,"BEARING, SERIES CASE REF. NO. 243","محمل، سلسلة، رقم مرجع العلبة 243",INSURANCE_SPARE,RS-GUPCO,0,02T30C,7902234,EACH,AX169969-PQ000,PUMP MISC,PU
161366,"SEAL, FOR JOINT ASSY.","مانع تسرب، لمجموعة الوصلات.",PLANNED_WO,RS-GUPCO,0,,7103120,EACH,5P4941,CATERPILLAR,MM
165440,Labyrinth (Radial and Thrust Bearing Housings) ref. no. 294A & 294B,متاهة (محامل شعاعية ومحورية) رقم المرجع 294A و294B,INSURANCE_SPARE,RS-GUPCO,0,02T26,7909108,EACH,275D294AX1-673,PUMP MISC,PU
165441,"HEAD, SUPPORT",رئيس قسم الدعم,PLANNED_WO,RS-GUPCO,0,,7909110,EACH,300B172A-2,PUMP MISC,PU
165442,"FLINGER,","فلينجر،",PLANNED_WO,RS-GUPCO,0,,7909110,EACH,300B157CX3B-154,PUMP MISC,PU
165443,"LINING, BEARING                                    NEW P/N. 350B191X4-142/17                          ""A NON ASBESTOS AL","بطانة، محمل جديد رقم القطعة 350B191X4-142/17 ""خالية من الأسبستوس""",MIN_MAX,RS-GUPCO,0,02T26,7909110,EACH,350B191X4-142/17,PUMP MISC,PU
165444,"Collar, thrust used for KINGSBURY thrust bearing KTB, Model NN-6, DWG 465664, C.C.W (HI).","طوق الدفع المستخدم لمحمل الدفع KINGSBURY KTB، طراز NN-6، DWG 465664، عكس اتجاه عقارب الساعة (HI).",INSURANCE_SPARE,RS-GUPCO,0,02T26C,7909110,EACH,400B28EX2-17,PUMP MISC,PU
160953,MANIFOLD,مشعب,INSURANCE_SPARE,RS-GUPCO,0,01D16A (1),7103126,EACH,5L3027,CATERPILLAR,MM
165448,"SHIM, 0.010 IN. THICK FOR THRUST COLLAR            NEW P/NO. 214D257AXG2-249                          REF.1862","حشوة، بسماكة 0.010 بوصة، لطوق الدفع، رقم القطعة الجديد 214D257AXG2-249، المرجع 1862",INSURANCE_SPARE,RS-GUPCO,0,02T26D,7909110,EACH,214D257AXG2-249,PUMP MISC,PU
161561,"SLEEVE, CONICAL BEARING","جلبة، محمل مخروطي",PLANNED_WO,RS-GUPCO,0,,7313106,EACH,237-0020-052,PUMP CENTRIFUG,PU
160958,"TUBE, OIL PUMP OUTLET","أنبوب، مخرج مضخة الزيت",INSURANCE_SPARE,RS-GUPCO,0,04H14G (1),7103116,EACH,5L5984,CATERPILLAR,MM
165452,"BUSHING, STUFFING BOX REF.NO. 88                   NEW P/N. 60187465 325D88DX1-9","جلبة، صندوق حشو، رقم المرجع 88، رقم القطعة الجديد 60187465 325D88DX1-9",INSURANCE_SPARE,RS-GUPCO,0,02T26F,7909106,EACH,325D88DX1-9,PUMP MISC,PU
165454,"RING, CASING","حلقة، غلاف",MIN_MAX,RS-GUPCO,0,02T28A,7909110,EACH,1176D6AX1-204,PUMP MISC,PU
165456,"Vertical in line ANSI process pump complete with electric motor, handle fresh water, flowrate 40 GPM and differential pr","مضخة معالجة عمودية خطية ANSI مزودة بمحرك كهربائي، تتعامل مع المياه العذبة، معدل تدفق 40 جالونًا في الدقيقة وضغط تفاضلي",MIN_MAX,RS-GUPCO,0,,7909134,EACH,1K2x1.5V-8RV M3V,PUMP MISC,PU
165457,"COUPLING, COMPLETE LOVEJOY L075                    *- DRIVE HALF BORE.450""+.001""-000""                 *- DRIVEN HALF BOR",وصلة كاملة من نوع لوفجوي L075 *- نصف قطر القيادة 0.450 بوصة + 0.001 بوصة - 0.000 بوصة *- نصف قطر القيادة,PLANNED_WO,RS-GUPCO,0,,7909110,EACH,PP-L075,PUMP MISC,PU
161405,"PISTON,","مكبس،",MIN_MAX,RS-GUPCO,0,04K14A(1),7103126,EACH,3S1824,CATERPILLAR,MM
161406,"PISTON,                                            (P.F.ENGINE GAS MOD G-398 C.R 10:1 S/NO.73B451      ARR.NO.3N3370 )","مكبس، (محرك بنزين موديل G-398 نسبة انضغاط 10:1 رقم التسلسل 73B451 رقم التجميع 3N3370)",INSURANCE_SPARE,RS-GUPCO,0,04Q02B (1),7103116,EACH,1CA3S1826,CATERPILLAR,MM
165268,"LINESHAFT outer diameter 1 and total length 10 feet, both ends are straight ends of 1- 12 thread size, LH thread, length","عمود نقل الحركة بقطر خارجي 1 بوصة وطول إجمالي 10 أقدام، كلا الطرفين مستقيمان بمقاس لولبي 1-12، لولب يساري، طول",MIN_MAX,RS-GUPCO,0,,7920108,EACH,1570-54,PUMP MISC,PU
165290,"BOWL, OLS TOP STAGE ITEM NO. 20","وعاء، المرحلة العليا من OLS، رقم الصنف 20",INSURANCE_SPARE,RS-GUPCO,0,02V36D (1),7918104,EACH,2621953,PUMP MISC,PU
165074,"KEY,IMPELLER AND CENTER SLEEVE ITEM NO.258","مفتاح، مروحة، وغطاء مركزي، رقم الصنف 258",PLANNED_WO,RS-GUPCO,0,,7902106,EACH,1326597,PUMP MISC,PU
165075,"PIECE, STAGE (BETWEEN 1.2),AISI 347 W/WALLEX 55    ITEM # 208, MTL. 9704   DWG.NO. D1B821-20","قطعة، منصة (بين 1.2)، AISI 347 مع WALLEX 55، رقم الصنف 208، رقم المادة 9704، رقم الرسم D1B821-20",MIN_MAX,RS-GUPCO,0,02T12,7902107,EACH,2219838,PUMP MISC,PU
165076,"LOCK NUT,SHAFT                                     ITEM NO.821","صامولة قفل، عمود، رقم الصنف 821",SURPLUS,RS-GUPCO,0,,7902107,EACH,921-281,PUMP MISC,PU
165077,"BEARING, JOURNAL ASSY. DRIVE END ITEM NO.303A","محمل، مجموعة انزلاق، طرف محرك، رقم الصنف 303A",INSURANCE_SPARE,RS-GUPCO,0,,7902106,EACH,1411195,PUMP MISC,PU
164958,"O-RING,","حلقة دائرية،",INSURANCE_SPARE,RS-GUPCO,0,03/B14B (1),7902106,EACH,1056204,PUMP MISC,PU
165079,"JOURNAL, BEARING.","دفتر يوميات، حامل.",INSURANCE_SPARE,RS-GUPCO,0,,7902107,EACH,1411063,PUMP MISC,PU
165080,"SLEEVE, SHAFT (BET 1 & 2),AISI 347 W/WALLEX 50 ITEM # 231, MTL 9703  DWG.NO. B1A821-13","جلبة، عمود (بين 1 و2)، AISI 347 مع WALLEX 50، رقم الصنف 231، MTL 9703، رقم الرسم B1A821-13",INSURANCE_SPARE,RS-GUPCO,0,02 T 12,7902107,EACH,2219848,PUMP MISC,PU
165081,"RING, OIL JOURNAL BRG. ITEM NO. 332","حلقة، دفتر يوميات الزيت، رقم الصنف 332",PLANNED_WO,RS-GUPCO,0,,7902106,EACH,1580A47501,PUMP MISC,PU
165083,"Non-Asbestos Gasket, KLINGERSIL C-4430 (2000 mm X 1500 mm X 0.5 mm) or alternative","حشية خالية من الأسبستوس، KLINGERSIL C-4430 (2000 مم × 1500 مم × 0.5 مم) أو بديل لها",MIN_MAX,RS-GUPCO,0,,7902107,EACH,1644130,PUMP MISC,PU
165084,"RING, CASE (STG.1-SUCT.SIDE),AISI 347 W/WALLEX  5 5ITEM # 204 , MTL. 9704,DWG.NO. A1B821-06","حلقة، علبة (المرحلة 1 - جانب الشفط)، AISI 347 مع WALLEX 5 5، رقم الصنف 204، رقم المادة 9704، رقم الرسم A1B821-06",MIN_MAX,RS-GUPCO,0,02T12,7902107,EACH,2219836,PUMP MISC,PU
160885,"BOLT, 1/4 IN X 1-1/8 IN NC THRD.","مسمار، 1/4 بوصة × 1-1/8 بوصة NC THRD.",INSURANCE_SPARE,RS-GUPCO,0,04/H24E,7103144,EACH,10CA9F6580,CATERPILLAR,MM
165085,"RING, CASE STAGE 1-DISCH.SIDE,ITEM NO. 202  P/N 1122614","حلقة، علبة المرحلة 1 - جانب التفريغ، رقم الصنف 202، رقم القطعة 1122614",PLANNED_WO,RS-GUPCO,0,,7902107,EACH,2219835,PUMP MISC,PU
165086,"PIECE, STAGE SERIES IMP. HUB,AISI 347 W/WALLEX 55 ITEM # 209 , MTL. 9704   DWG.NO. B1B821-10","قطعة، سلسلة المسرح، محور مستورد، AISI 347 مع WALLEX 55، رقم الصنف 209، رقم المادة 9704، رقم الرسم B1B821-10",MIN_MAX,RS-GUPCO,0,,7902107,EACH,2219839,PUMP MISC,PU
165088,"PIECE, STAGE CENTER,AISI 347 W/WALLEX 55 ITEM # 211, MTL. 9704   DWG. NO. B1B821-21","قطعة، مركز المسرح، AISI 347 مع WALLEX 55، رقم الصنف 211، رقم المادة 9704، رقم الرسم B1B821-21",MIN_MAX,RS-GUPCO,0,02T12,7902107,EACH,2219841,PUMP MISC,PU
165557,"BOX, STUFFING ASSY PER DWG 267013                  COMPLETE WITH BUSHING","صندوق، مجموعة حشو وفقًا للرسم رقم 267013، كاملة مع جلبة.",MIN_MAX,RS-GUPCO,0,02T32F,7902224,EACH,88470361,PUMP MISC,PU
165558,"BEARING, FOR STUFFING BOX BRZ. , Flowserve Part Num: AX998188-FJ000 (CCN: 81939438)","محمل، لصندوق الحشو BRZ.، رقم قطعة Flowserve: AX998188-FJ000 (CCN: 81939438)",INSURANCE_SPARE,RS-GUPCO,0,02T32G,7902224,EACH,AX998188-FJ000,PUMP MISC,PU
165559,"O-RING, FOR STUFFING BOX , Flowserve Part Num: 568244GS ( CCN: 95086666)","حلقة دائرية، لصندوق الحشو، رقم قطعة Flowserve: 568244GS (CCN: 95086666)",MIN_MAX,RS-GUPCO,0,03B16D,7902224,EACH,568244GS,PUMP MISC,PU
165560,"COUPLING, GEAR HALF 2-3/8"" P/N. 116107IC C/W PUMP  HALF COUPLING 1-15/16"" P/N. 167133-MF","وصلة تروس نصفية 2-3/8 بوصة، رقم القطعة 116107IC، مزودة بوصلة مضخة نصفية 1-15/16 بوصة، رقم القطعة 167133-MF",PLANNED_WO,RS-GUPCO,0,,7902224,EACH,AX116107-UP000,PUMP MISC,PU
165561,"PLATE, ADJUSTING Flowserve Part Num: AX166541-UP000",لوحة ضبط Flowserve رقم القطعة: AX166541-UP000,INSURANCE_SPARE,RS-GUPCO,0,02V47B (1),7902224,EACH,AX166541-UP000,PUMP MISC,PU
161793,FLUID CYLINDER ITEM 300 P/N. 300E0601800B21100.,"أسطوانة سائلة، رقم الصنف 300، رقم القطعة 300E0601800B21100.",INSURANCE_SPARE,RS-GUPCO,0,01D32A (1),7321128,EACH,126998,PUMP CENTRIFUG,PU
161806,"PUMP, SUMP DRUM-27 ""TUBE (CARBOY SIZE)"" PLASTIC    PIPING ""CAT.NO.74011 COMPLETE WITH MOTOR TYPE-MA2  LUTZ 115 V. 60 HZ","مضخة، حوض تجميع - 27 ""أنبوب (بحجم قارورة)"" أنابيب بلاستيكية ""رقم الصنف 74011"" كاملة مع محرك من النوع MA2 LUTZ 115 فولت، 60 هرتز",PLANNED_WO,RS-GUPCO,0,,0,EACH,MSLPPH,PUMP ROTARY/SL,PU
161739,"PLUNGER, P/NO. 353B0837906 R53100","مكبس، رقم القطعة 353B0837906 R53100",INSURANCE_SPARE,RS-GUPCO,0,,7319100,EACH,353B0837906R53100,PUMP CENTRIFUG,PU
161781,"SEAL, OIL","مانع تسرب، زيت",INSURANCE_SPARE,RS-GUPCO,0,02S47E (1),7321128,EACH,94111000150,PUMP CENTRIFUG,PU
161400,"BEARING, MAIN CRANKSHAFT",محمل عمود المرفق الرئيسي,PLANNED_WO,RS-GUPCO,0,,7103132,EACH,1CA2323233,CATERPILLAR,MM
161036,"O-RING, SEAL 0.755"" ID X 0.97"" DIA. BLACK P","حلقة مانعة للتسرب، قطر داخلي 0.755 بوصة × قطر 0.97 بوصة، لون أسود",INSURANCE_SPARE,RS-GUPCO,0,03A08D (1),7103144,EACH,50CA2M9780,CATERPILLAR,MM
161408,"GASKET, EXHAUST BYPASS","حشية، صمام تحويل العادم",PLANNED_WO,RS-GUPCO,0,04Q10F (1),7103128,EACH,7C9710,CATERPILLAR,MM
164792,"SHAFT, PUMP  ITEM NO 660","عمود المضخة، رقم الصنف 660",INSURANCE_SPARE,RS-GUPCO,0,01N03C (1),7907165,EACH,B42830F1062403,PUMP MISC,PU
161412,"CHAMBER, ASSY. PRECOMB.                            FOR CYLINDER HEAD & VALVE MECHANISM                @ ACTIVE LOC. 45","غرفة، مجموعة التجميع المسبق لرأس الأسطوانة وآلية الصمامات @ الموقع النشط 45",SURPLUS,RS-GUPCO,0,04Q20D (1),7103132,EACH,5S6795,CATERPILLAR,MM
161418,"CHAMBER, PRECOMBUSTION",غرفة الاحتراق المسبق,PLANNED_WO,RS-GUPCO,0,,7103116,EACH,7S5787,CATERPILLAR,MM
161419,"SPRING,  VALVE FOR CYLINDER HEAD & VALVE MECHANIS M",زنبرك وصمام لرأس الأسطوانة وآلية الصمام M,PLANNED_WO,RS-GUPCO,0,04Q23D (1),7103132,EACH,10CA7S7144,CATERPILLAR,MM
161490,"RING GROUP , including OF :","مجموعة الحلقات، بما في ذلك:",PLANNED_WO,RS-GUPCO,0,04k03d,7103139,EACH,1CA1W8922,CATERPILLAR,MM
161491,"PISTON, GROUP REPLACED BY BODY P/NO 1W9372 AND RING G P/NO 1W8922 MULTIPLE PART REPLACE, P/N. 1W9373 BODY A, P/N. 1W9372","تم استبدال مجموعة المكبس بجسم رقم 1W9372 وحلقة G رقم 1W8922. استبدال أجزاء متعددة، رقم القطعة 1W9373، جسم A، رقم القطعة 1W9372.",PLANNED_WO,RS-GUPCO,0,,7103139,EACH,1W9373,CATERPILLAR,MM
165563,"BOWL ASSY. COMPLETE, SN 681-H-0720/21, 16 HOLE FLANGE,","مجموعة وعاء كاملة، الرقم التسلسلي 681-H-0720/21، شفة ذات 16 فتحة،",INSURANCE_SPARE,RS-GUPCO,0,07YARD,7902224,EACH,V004455-001,PUMP MISC,PU
165565,"HEADSHAFT, 2-3/16"" X 9 FT. 10-3/4"" LONG TURN BACK 1-15/16"" DIA. X 18"" LONG Flowserve Part Num: 8006408","عمود رأس، 2-3/16 بوصة × 9 أقدام. طول 10-3/4 بوصة، انحناء للخلف قطر 1-15/16 بوصة × طول 18 بوصة، رقم قطعة Flowserve: 8006408",MIN_MAX,RS-GUPCO,0,01N06D,7902224,EACH,8006408,PUMP MISC,PU
165566,"HOLD TILL 1/12/2026, COLUMN.DUTER 10 IN. X 8 FT. 4-3/4"" IN.LONG","يُحفظ حتى 1/12/2026، عمود بطول 10 بوصات × 8 أقدام، 4-3/4 بوصة",MIN_MAX,RS-GUPCO,0,,7902224,EACH,AX753184-GQ000,PUMP MISC,PU
165593,"WEAR, RING IMPELLER SERIES AISI 410/420 ST. STEEL",سلسلة دوارات حلقية قابلة للتآكل من الفولاذ المقاوم للصدأ AISI 410/420,PLANNED_WO,RS-GUPCO,0,,7902234,EACH,173470BH,PUMP MISC,PU
165594,PUMP SHAFT-NITRONIC 50,عمود المضخة - نيترونيك 50,INSURANCE_SPARE,RS-GUPCO,0,01M05E,7902234,EACH,8024886,PUMP MISC,PU
165595,"BEARING, CASE SERIES-SPIRAL GROOVED, NITRONIC 60 @RF.RS.101/00 Flowserve Part Num: 8026471 (CCN: 81917865)","محمل، سلسلة العلبة - حلزوني محزز، نيترونيك 60 @RF.RS.101/00 رقم قطعة فلو سيرف: 8026471 (CCN: 81917865)",PLANNED_WO,RS-GUPCO,0,,7902234,EACH,8026471,PUMP MISC,PU
161564,"WORM, SINGLE EXTENSION","دودة، وصلة واحدة",INSURANCE_SPARE,RS-GUPCO,0,02S30F (1),7313106,EACH,252-0023-100,PUMP CENTRIFUG,PU
165553,"SHAFT, PUMP, 13/16"" DIA X 2 FT 10-1/4"" LONG        REF.NO. 167","عمود مضخة، قطر 13/16 بوصة × طول 2 قدم 10-1/4 بوصة، رقم المرجع 167",MIN_MAX,RS-GUPCO,0,02T32D,7902214,EACH,8004634,PUMP MISC,PU
165602,"COUPLING, PUMP SHAFT 3/4 IN.",وصلة عمود المضخة 3/4 بوصة,SURPLUS,RS-GUPCO,4,02T36F,7902214,EACH,AX117307-SG000,PUMP MISC,PU
165603,"IMPELLER, 7 VANE ""M"" CUT TO 3-5/8"" STD U.F. BRZ","مروحة، 7 ريش ""M"" مقطوعة إلى 3-5/8 بوصة قياسية UF BRZ",MIN_MAX,RS-GUPCO,0,02T36F,7902214,EACH,AX750429-FA000,PUMP MISC,PU
165604,"BEARING, SERIES CASE BRZ.","محمل، سلسلة علبة BRZ.",PLANNED_WO,RS-GUPCO,8,02T36F,7902214,EACH,AX117810-FJ000,PUMP MISC,PU
165605,"BEARING, BOTTOM CASE BRZ.","محمل، غطاء المحرك السفلي BRZ.",PLANNED_WO,RS-GUPCO,0,,7902214,EACH,AX117803-FJ000,PUMP MISC,PU
165606,"Motor stand used for BJ PUMP, VTRK SIZE 5.5 G, 4 STG S/N 691-H-0045/46.","حامل المحرك المستخدم لمضخة BJ، VTRK SIZE 5.5 G، 4 STG S/N 691-H-0045/46.",PLANNED_WO,RS-GUPCO,0,,7902214,EACH,AX167192-GQ000,PUMP MISC,PU
165608,"IMPELLER,REF.NO.176","مروحة، رقم المرجع 176",OBSOLETE,RS-GUPCO,0,02T36,7902200,EACH,AX218291-FV000,PUMP MISC,PU
165486,"VERTICAL PUMP 100 VLT, 6 STG COMPLETE WITHOUT DISCHARGE HEAD AND ELECT. MOTOR (INCLUDING BOWL ASSY., SHAFTS, SPIDERS, CO","مضخة عمودية 100 فولت، 6 مراحل كاملة بدون رأس تصريف ومحرك كهربائي (بما في ذلك مجموعة الوعاء، والأعمدة، والوصلات، وCO",STRATEGIC_WO,RS-GUPCO,0,,7902310,EACH,,PUMP MISC,PU
165587,"CASE SERIES WEAR RING  O.D. 7.755"" I.D. 7.250"" W. 1.000"" , Flowserve Part Num: AX173506-BX000 (CCN: 81939799)","حلقة تآكل من سلسلة CASE، القطر الخارجي 7.755 بوصة، القطر الداخلي 7.250 بوصة، العرض 1.000 بوصة، رقم قطعة Flowserve: AX173506-BX000 (CCN: 81939799)",PLANNED_WO,RS-GUPCO,0,,7902234,EACH,AX173506-BX000,PUMP MISC,PU
160842,"BOLT, 1/4 IN X 1-1/4 IN NC THRD.","مسمار، 1/4 بوصة × 1-1/4 بوصة NC THRD.",INSURANCE_SPARE,RS-GUPCO,0,04/H20D,7103144,EACH,100CA7B2742,CATERPILLAR,MM
160843,"BOLT, 1/2 IN X 1-3/8 IN NC THRD.","مسمار، 1/2 بوصة × 1-3/8 بوصة NC THRD.",INSURANCE_SPARE,RS-GUPCO,0,04H08,7103144,EACH,25CA7B3235,CATERPILLAR,MM
160873,"CAP SCREW,","برغي رأسي،",INSURANCE_SPARE,RS-GUPCO,0,04F08G (1),7103126,EACH,4F0411,CATERPILLAR,MM
161427,"BODY, FUEL VALVE",جسم صمام الوقود,INSURANCE_SPARE,RS-GUPCO,0,04Q17B (1),7103132,EACH,1CA8S2389,CATERPILLAR,MM
161428,"KIT, REBUILD FOR WATER PUMP",طقم إصلاح مضخة المياه,INSURANCE_SPARE,RS-GUPCO,0,04Q17C (1),7103120,EACH,1W7080,CATERPILLAR,MM
161429,"KIT, REBUILD FOR WATER PUMP",طقم إصلاح مضخة المياه,INSURANCE_SPARE,RS-GUPCO,0,04/K21D,7103126,EACH,1CA1W7080,CATERPILLAR,MM
161586,"VALVE, ASSY. AIR PLEED  ITEM 101-A","صمام، مجموعة، تفريغ الهواء، البند 101-أ",PLANNED_WO,RS-GUPCO,0,,7313104,EACH,1010018000,PUMP CENTRIFUG,PU
161587,VALVE ASSY. RELIEF,مجموعة صمام تخفيف الضغط,PLANNED_WO,RS-GUPCO,0,,7313104,EACH,1010017100,PUMP CENTRIFUG,PU
161588,"VALVE , ASSY. RELIEF","صمام، مجموعة تخفيف الضغط",PLANNED_WO,RS-GUPCO,0,,7313104,EACH,101-0013-005,PUMP CENTRIFUG,PU
161592,"VALVE, ASSY. CHECK","صمام، مجموعة فحص",INSURANCE_SPARE,RS-GUPCO,0,02/Q19G,7313104,EACH,2210060002F,PUMP CENTRIFUG,PU
161593,"ADAPTER, PLUNGER","محول، مكبس",PLANNED_WO,RS-GUPCO,0,,7313104,EACH,2720026406,PUMP CENTRIFUG,PU
161594,"DIAPHRAGM,","غشاء،",SURPLUS,RS-GUPCO,0,02/Q17A,7313104,EACH,2980010475N,PUMP CENTRIFUG,PU
164511,RING WEARING,ارتداء الخواتم,SURPLUS,RS-GUPCO,0,,7907132,EACH,68273-1106,PUMP MISC,PU
164547,"HOUSING, BEARING, ITEM NO 249.( D.N.R ""DONT REORDER"" )","غلاف، محمل، رقم الصنف 249. (DNR ""لا تعيد الطلب"")",PLANNED_WO,RS-GUPCO,0,,7907124,EACH,8910-0008,PUMP MISC,PU
164548,"Hold Till 1/12/2026 , RING, RETAINING BALL BEARING, ITEM NO 361-A.","يُحفظ حتى 1/12/2026، حلقة، محمل كروي تثبيت، رقم الصنف 361-أ.",PLANNED_WO,RS-GUPCO,0,,7907124,EACH,81545 393 0000,PUMP MISC,PU
161377,"CLAMP, FOR TURBOCHARGER","مشبك، لشاحن توربيني",INSURANCE_SPARE,RS-GUPCO,0,04P09A (1),7103128,EACH,2S1304,CATERPILLAR,MM
164473,"hold till 1/1/2027,  BOX, STUFFING ITEM NO. 616","يُحفظ حتى 1/1/2027، صندوق، حشو، رقم الصنف 616",MIN_MAX,RS-GUPCO,0,,7907159,EACH,C19260F000 1117,PUMP MISC,PU
164475,"GLAND, SPLIT STUFFING BOX ITEM NO. 618","غدة، صندوق حشو مقسم، رقم الصنف 618",MIN_MAX,RS-GUPCO,0,02S21D,7907160,EACH,B34670F000 1117,PUMP MISC,PU
164850,"HEAD SHAFT,  P/N. B00019FRCE 2216","عمود رأس، رقم القطعة B00019FRCE 2216",PLANNED_WO,RS-GUPCO,0,,7907157,EACH,B00019FRCE 2216,PUMP MISC,PU
164852,LINE SHAFT 05 FT.                                  P/N. B 00004FNAA 2216,عمود نقل الحركة 05 قدم. رقم القطعة B 00004FNAA 2216,MIN_MAX,RS-GUPCO,0,01M06E,7907157,EACH,B00004FNAA2216,PUMP MISC,PU
164425,"GUN, MODEL PARTEK STAINLESS STEEL FAIL SAFE GUN    WITH PISTOL GRIP SHOULDER STOCK AND TRIGGER GUARD  STANDERED","مسدس، طراز بارتيك، مسدس ستانلس ستيل مزود بنظام أمان ضد الأعطال، مع مقبض مسدس، وكتف، وواقي زناد قياسي",PLANNED_WO,RS-GUPCO,0,,7916102,EACH,3109300-304,PUMP MISC,PU
164430,"HOSE, 50 FT length of cross section ½ I.D, max. operating pressure is 10,000 PSI, WIRE REINFORCED HOSE WITH QUICK CONNE","خرطوم بطول 50 قدمًا وقطر داخلي ½ بوصة، أقصى ضغط تشغيل 10000 رطل لكل بوصة مربعة، خرطوم مقوى بسلك مع وصلة سريعة",PLANNED_WO,RS-GUPCO,0,,7916102,EACH,61-22053050,PUMP MISC,PU
164444,"IMPELLER, ITEM NO.101","المروحة، رقم الصنف 101",INSURANCE_SPARE,RS-GUPCO,0,02U52G (1),7907114,EACH,R76777,PUMP MISC,PU
165089,"BUSHING, THROTTLE,AISI 347 W/WALLEX 55 ITEM # 215 , MTL. 9704  DWG.NO. B1B821-12","جلبة خانق، AISI 347 مع WALLEX 55، رقم الصنف 215، رقم المادة 9704، رقم الرسم B1B821-12",MIN_MAX,RS-GUPCO,0,02T12,7902107,EACH,2219842,PUMP MISC,PU
165090,"RING, IMP. (STG.1 SUCT SIDE),AISI 347 W/WALLEX 50 ITEM # 222 , MTL. 9703   DWG.NO. A1B821-08","حلقة، فولاذ مقوى (جانب شفط المرحلة 1)، AISI 347 مع WALLEX 50، رقم الصنف 222، رقم المادة 9703، رقم الرسم A1B821-08",MIN_MAX,RS-GUPCO,0,02T12,7902107,EACH,2219844,PUMP MISC,PU
161399,"O-RING, SEAL FOR WATER LINES",حلقة دائرية مانعة للتسرب لخطوط المياه,PLANNED_WO,RS-GUPCO,0,,7103128,EACH,10CA2S2251,CATERPILLAR,MM
161401,"PUMP, FUEL INJECTION",مضخة حقن الوقود,MIN_MAX,RS-GUPCO,0,04J21,7103116,EACH,1CA2S7264,CATERPILLAR,MM
161404,"GASKET KIT, WATER PUMP",طقم حشيات مضخة الماء,MIN_MAX,RS-GUPCO,0,,7103116,EACH,1CA3S1723,CATERPILLAR,MM
161430,"CHAMBER,","غرفة،",INSURANCE_SPARE,RS-GUPCO,0,04Q17F (1),7103116,EACH,8S3617,CATERPILLAR,MM
161415,"CARTRIDGE, GROUP TURBO.","خرطوشة، مجموعة التوربو.",INSURANCE_SPARE,RS-GUPCO,0,04J17,7103120,EACH,1CA8S6009,CATERPILLAR,MM
161416,"GASKET, FOR MANIFOLD",حشية للمشعب,OBSOLETE,RS-GUPCO,0,04K24C(1),7103132,EACH,8S6410,CATERPILLAR,MM
161431,"TURBOCHARGER, ASSY.","شاحن توربيني، مجموعة.",SURPLUS,RS-GUPCO,0,04K19H(1),7103132,EACH,1CA8S8039,CATERPILLAR,MM
161437,"BOLT, 1/2 IN.NC THRD X 2.500 IN.","مسمار، 1/2 بوصة، سن لولبي غير متصل × 2.500 بوصة.",PLANNED_WO,RS-GUPCO,0,,7103144,EACH,25CA9S1366,CATERPILLAR,MM
161439,"BOLT, 12 PT.HD. 1/4 IN. NC THRD. X 5/8 IN.","مسمار، رأس مدبب 12 نقطة، خيط NC 1/4 بوصة × 5/8 بوصة",INSURANCE_SPARE,RS-GUPCO,0,04P05C (1),7103144,EACH,9S5033,CATERPILLAR,MM
161440,"CHAMBER, ASSY. PRECOMB                             FOR CYLINDER HEAD & VALVE MECHANISM","غرفة، مجموعة، مُجهزة مسبقًا لرأس الأسطوانة وآلية الصمامات",SURPLUS,RS-GUPCO,0,04Q03A (1),7103132,EACH,9S8679,CATERPILLAR,MM
161441,"RING, PISTON",حلقة المكبس,MIN_MAX,RS-GUPCO,0,04J13,7103116,SET,1W5105,CATERPILLAR,MM
161446,"GAUGE, DIFFERENTIAL PRESSURE",مقياس الضغط التفاضلي,PLANNED_WO,RS-GUPCO,0,04J13C,7103144,EACH,8T0839,CATERPILLAR,MM
161447,"GAUGE, COMPOUND PRESSURE",مقياس الضغط المركب,PLANNED_WO,RS-GUPCO,0,04J13,7103144,EACH,8T0840,CATERPILLAR,MM
161448,"GAUGE, PRESSURE FROM 0 TO 50 KPA",مقياس ضغط من 0 إلى 50 كيلو باسكال,PLANNED_WO,RS-GUPCO,0,04J13D,7103144,EACH,8T0848,CATERPILLAR,MM
164385,"PLUNGER, ITEM NO. 5","مكبس، رقم الصنف 5",SURPLUS,RS-GUPCO,0,,7920204,EACH,61262 P007,PUMP MISC,PU
161420,"REGULATOR, ASSY. FOR TURBOCHARGER","منظم، مجموعة لشاحن توربيني",MIN_MAX,RS-GUPCO,0,04J17,7103128,EACH,1CA7S7810,CATERPILLAR,MM
161421,"VALVE, INLET FOR CYLINDER HEAD & VALVE MECHANISM","صمام، مدخل رأس الأسطوانة وآلية الصمام",INSURANCE_SPARE,RS-GUPCO,0,04/K23E,7103132,EACH,2W2621,CATERPILLAR,MM
161423,"VALVE, FUEL",صمام الوقود,PLANNED_WO,RS-GUPCO,0,04J17,7103132,EACH,1CA8N8796,CATERPILLAR,MM
161424,"GASKET, FOR CYLINDER HEAD COVER",حشية غطاء رأس الأسطوانة,INSURANCE_SPARE,RS-GUPCO,0,03A06F,7103132,EACH,8S1605,CATERPILLAR,MM
164807,"HOUSING, SL. ITEM NO 794B","الإسكان، رقم الصنف 794ب",INSURANCE_SPARE,RS-GUPCO,0,02U27H (1),7907165,EACH,C60200F000 1003,PUMP MISC,PU
164814,"SHAFT,  PUMP (1 IN.0 X 20.87 IN.LG) ITEM NO. 660   LINE NO. 2270",عمود المضخة (1 بوصة × 20.87 بوصة طولًا) رقم الصنف 660 رقم الخط 2270,PLANNED_WO,RS-GUPCO,0,,7907171,EACH,B42830F102 2403,PUMP MISC,PU
164817,HOUSTIN SL. ITEM NO. 794B LINE NO. 1003,هيوستن إس إل. رقم الصنف 794ب رقم السطر 1003,INSURANCE_SPARE,RS-GUPCO,0,02U25C (1),7907171,EACH,D16080F000 1003,PUMP MISC,PU
164797,"BEARING, OLS. NEW P/N. B9963-7-9-6111","محمل، OLS. رقم القطعة الجديد: B9963-7-9-6111",INSURANCE_SPARE,RS-GUPCO,0,02U27A (1),7907159,EACH,B99630F0096111,PUMP MISC,PU
164798,"COLUMN, INT. (120 IN.) NEW P/N. C248-120-8510",عمود داخلي (120 بوصة) رقم القطعة الجديد: C248-120-8510,INSURANCE_SPARE,RS-GUPCO,0,07YARD (1),7907159,EACH,C24180F120 8510,PUMP MISC,PU
165091,"RING, IMP. STG.1 DIS. SIDE,AISI 347 W/WALLEX 50 ITEM # 223 , MTL. 9703  DWG. NO. A1B821-07","حلقة، فولاذ مصنّع، المرحلة 1، جانب منفصل، AISI 347 مع WALLEX 50، رقم الصنف 223، رقم المادة 9703، رقم الرسم A1B821-07",PLANNED_WO,RS-GUPCO,0,,7902107,EACH,2219845,PUMP MISC,PU
165092,"RING, IMP. SERIES HUB,AISI 347 W/WALLEX 50         ITEM # 226 , MTL. 9703  DWG.NO. A15281-05","حلقة، محور سلسلة إمب، AISI 347 مع WALLEX 50، رقم الصنف 226، رقم المادة 9703، رقم الرسم A15281-05",MIN_MAX,RS-GUPCO,0,02T12,7902107,EACH,2219847,PUMP MISC,PU
165093,"SLEEVE, SHAFT CENTER,AISI 347 W/WALLEX 50 ITEM # 232, MTL. 9703  DWG.NO. B1B821-14","جلبة، مركز العمود، AISI 347 مع WALLEX 50، رقم الصنف 232، رقم المادة 9703، رقم الرسم B1B821-14",INSURANCE_SPARE,RS-GUPCO,1,02V10D (1),7902107,EACH,2219849,PUMP MISC,PU
165094,"DEFLECTOR DISC,","قرص عاكس،",MIN_MAX,RS-GUPCO,0,,7902107,EACH,1644440,PUMP MISC,PU
164883,COLUMN. BOTTOM ASSY NEW P/NO. C2408-7-30-8510 (these materials should be made in USA and don't substitute),عمود. مجموعة القاعدة الجديدة رقم القطعة C2408-7-30-8510 (يجب أن تكون هذه المواد مصنوعة في الولايات المتحدة الأمريكية ولا يمكن استبدالها),INSURANCE_SPARE,RS-GUPCO,0,07YARD (1),7907176,EACH,D01752FNBK8510,PUMP MISC,PU
165098,"HOLD TILL 1/12/2026, ELEMENT, ROTATING COMP.FOR PUMP 6 STAGE DESTAGED S/N IB 974/76 WITH THRUST BRG.,JOURNAL BRG. AND GA","يُحفظ حتى 1/12/2026، عنصر، ضاغط دوار لمضخة سداسية المراحل مُفككة، الرقم التسلسلي IB 974/76 مع محمل دفع، محمل انزلاقي، و GA",INSURANCE_SPARE,RS-GUPCO,0,,7902107,EACH,,PUMP MISC,PU
161571,"PACKING, 7/8""  , PART NO.  4083001094","حشوة، 7/8 بوصة، رقم القطعة 4083001094",INSURANCE_SPARE,RS-GUPCO,0,,7313105,EACH,408-3001-074,PUMP CENTRIFUG,PU
161572,"PACKING, SIZE 1-1/8 X1.5/8 X 3 PACKING C07/TEFLON","عبوة، مقاس 1-1/8 × 1.5/8 × 3، عبوة C07/تفلون",INSURANCE_SPARE,RS-GUPCO,0,,7313106,EACH,4083001094,PUMP CENTRIFUG,PU
161573,"OIL SEAL CROSSHEAD , USED FOR MILTONROY TYPE C METHANOL PUMP (3.438 INCH X 4.501 INCH X 0.438 INCH) (87.325 MM X 114.33","رأس متقاطع مانع تسرب الزيت، يُستخدم لمضخة ميثانول من نوع ميلتونروي C (87.325 مم × 114.33 مم) (3.438 بوصة × 4.501 بوصة × 0.438 بوصة)",MIN_MAX,RS-GUPCO,0,02Q21G,7313106,EACH,4380237000N,PUMP CENTRIFUG,PU
161574,"OIL SEAL WORM SHAFT , USED FOR MILTONROY TYPE C METHANOL PUMP (1.1875 INCH X 2.25 INCH X 0.375 INCH) (30.16 MM X 57.15 M","مانع تسرب زيت لعمود دودة، يُستخدم لمضخة ميثانول من نوع ميلتونروي C (1.1875 بوصة × 2.25 بوصة × 0.375 بوصة) (30.16 مم × 57.15 م)",INSURANCE_SPARE,RS-GUPCO,0,02Q19,7313106,EACH,4080075010N,PUMP CENTRIFUG,PU
161575,"BEARING, WORM SHAFT","محمل، عمود دودي",PLANNED_WO,RS-GUPCO,0,,7313106,EACH,409-0081-000,PUMP CENTRIFUG,PU
164799,"COLUMN, BOTTOM NEW P/N. C2406-4-8510","عمود سفلي جديد، رقم القطعة: C2406-4-8510",INSURANCE_SPARE,RS-GUPCO,0,07YARD (1),7907159,EACH,C24060F404 8510,PUMP MISC,PU
164800,"COLUMN, TOP (60 IN.) NEW P/N. C2418-60-8510","عمود علوي (60 بوصة) جديد، رقم القطعة: C2418-60-8510",INSURANCE_SPARE,RS-GUPCO,0,07YARD (1),7907159,EACH,C24180F060 8510,PUMP MISC,PU
164839,"HEAD, SHAFT (1.68 IN. X 145 IN. LG.)               NEW P/N. B00020FRP-2216","رأس، عمود (1.68 بوصة × 145 بوصة طولًا) رقم القطعة الجديد B00020FRP-2216",INSURANCE_SPARE,RS-GUPCO,0,01N01C,7907159,EACH,B00020FRFA2216,PUMP MISC,PU
164801,"BEARING, BOWL","محمل، وعاء",INSURANCE_SPARE,RS-GUPCO,0,02U27B (1),7907159,EACH,H00449F000 1618,PUMP MISC,PU
164803,"CPSCR., NEW P/N. 49585-166-2229","CPSCR.، رقم القطعة الجديد: 49585-166-2229",INSURANCE_SPARE,RS-GUPCO,0,02S01D,7907159,EACH,A49585F1662229,PUMP MISC,PU
164865,HEAD SHAFT 608                                     P/N. B00017FFHN-2216,عمود رأس 608 رقم القطعة B00017FFHN-2216,PLANNED_WO,RS-GUPCO,0,,7907134,EACH,B00017FFHN 2216,PUMP MISC,PU
164866,SHAFT PUMP ITEM NO. 660,"مضخة عمود الدوران، رقم الصنف 660",INSURANCE_SPARE,RS-GUPCO,0,02T02,7907134,EACH,B53750F0002216,PUMP MISC,PU
164867,"COLLUMN INT. 4"" X 60"" LG. FLANGED","عمود داخلي 4 بوصات × 60 بوصة، ذو حافة كبيرة",PLANNED_WO,RS-GUPCO,0,,7907134,EACH,C24140F030 8510,PUMP MISC,PU
164870,"COLUMN TOP 4"" FLANGED",عمود علوي ذو حافة 4 بوصات,INSURANCE_SPARE,RS-GUPCO,0,02U09B (1),7907134,EACH,C40300F012 8510,PUMP MISC,PU
164878,"SHAFT, PUMP ITEM NO 660","عمود المضخة، رقم الصنف 660",INSURANCE_SPARE,RS-GUPCO,0,,7907130,EACH,C33370F001 2216,PUMP MISC,PU
165512,"COUPLING, HALF MOTOR REF. NO. 529","وصلة، نصف محرك، رقم المرجع 529",INSURANCE_SPARE,RS-GUPCO,0,02/V55F,7902234,EACH,88445245,PUMP MISC,PU
161595,"PLATE, CONTOUR (OIL SIDE)","لوحة، محيط (جانب الزيت)",PLANNED_WO,RS-GUPCO,0,,7313104,EACH,29800023016N,PUMP CENTRIFUG,PU
161596,"OIL SEAL WORM SHAFT , DOUBLE , USED FOR MILTONROY TYPE B CHEMICAL PUMP (0.75 INCH X 1.5 INCH X 0.375 INCH) (19.05 MM X 3","مانع تسرب زيت لعمود دودة، مزدوج، يُستخدم لمضخة ميلتونروي الكيميائية من النوع B (0.75 بوصة × 1.5 بوصة × 0.375 بوصة) (19.05 مم × 3)",INSURANCE_SPARE,RS-GUPCO,0,,7313104,EACH,4080031050N,PUMP CENTRIFUG,PU
161597,"OIL SEAL CROSSHEAD , USED FOR MILTONROY TYPE B CHEMICAL PUMP (2.125 INCH X 2.875 INCH X 0.252 INCH) (53.98 MM X 73.03 MM","رأس متقاطع مانع تسرب الزيت، يُستخدم لمضخة ميلتونروي الكيميائية من النوع B (2.125 بوصة × 2.875 بوصة × 0.252 بوصة) (53.98 مم × 73.03 مم)",MIN_MAX,RS-GUPCO,0,,7313104,EACH,4080031020N,PUMP CENTRIFUG,PU
161598,"COMPLETE COUPLING BETWEEN PUMP AND PUMP, USED FOR CHEMICAL PUMPS (0.625 INCH X 0.625 INCH X 0.1875 INCH KEYWAY) (SEE ATT","وصلة كاملة بين مضختين، تُستخدم لمضخات المواد الكيميائية (مجرى مفتاح 0.625 بوصة × 0.625 بوصة × 0.1875 بوصة) (انظر الملحق)",MIN_MAX,RS-GUPCO,0,,7313104,EACH,4100064020,PUMP CENTRIFUG,PU
161599,"RING,LANTERN","خاتم، فانوس",INSURANCE_SPARE,RS-GUPCO,0,02/Q17,7313106,EACH,2060001516,PUMP CENTRIFUG,PU
165487,"SHAFT, PUMP REF. NO. 167 , Flowserve Part Num: AX166028(L=85.00)-CC000 (CCN/ COPICS: 8004620)","عمود، مضخة رقم المرجع 167، رقم قطعة Flowserve: AX166028(L=85.00)-CC000 (CCN/ COPICS: 8004620)",PLANNED_WO,RS-GUPCO,0,,7902206,EACH,AX166028(L=85.00)-CC000,PUMP MISC,PU
165489,"BEARING, SERIES CASE REF. NO. 243","محمل، سلسلة، رقم مرجع العلبة 243",INSURANCE_SPARE,RS-GUPCO,0,02J28D,7902206,EACH,AX620826-PQ000,PUMP MISC,PU
165491,"BUSHING, THROTTLE REF. NO. 230","جلبة، خانق رقم المرجع 230",INSURANCE_SPARE,RS-GUPCO,0,02/V59C,7902206,EACH,AX753691-JX000,PUMP MISC,PU
161365,"COUPLING, ASSY. FOR LINES GROUP","وصلة، مجموعة خطوط",PLANNED_WO,RS-GUPCO,0,,7103128,EACH,5P4922,CATERPILLAR,MM
161463,"GASKET KIT, MULTIPLE CYL. HEAD , P/N : 2326642","طقم حشيات، رأس أسطوانات متعددة، رقم القطعة: 2326642",PLANNED_WO,RS-GUPCO,0,,7103139,EACH,1CA2326642,CATERPILLAR,MM
161467,FUEL ING.LINE NO 6,خط وقود رقم 6,PLANNED_WO,RS-GUPCO,0,,7103139,EACH,1917946,CATERPILLAR,MM
161468,"LINES, GP,FUEL:-                                   LOCK       P/N. 4N1292     LINE AS.    P/N. 4P966 1ADAPTER A  P/N. 4N","خطوط الوقود: قفل رقم القطعة 4N1292، خط الوقود رقم القطعة 4P966، محول رقم القطعة 4N",PLANNED_WO,RS-GUPCO,0,,7103165,EACH,1W0557,CATERPILLAR,MM
161453,CYLINDER HEAD GROUP,مجموعة رأس الأسطوانة,PLANNED_WO,RS-GUPCO,0,,7103139,EACH,1CA1W1439,CATERPILLAR,MM
161443,"MOTOR, GROUP ELECTRIC.","محرك، مجموعة كهربائية.",MIN_MAX,RS-GUPCO,0,01D06B,7103142,EACH,3383454,CATERPILLAR,MM
161622,"PACKING, 5/8"" X 1-1/8"" X 2    ITEM # 408E","عبوة، ٥/٨ بوصة × ١-١/٨ بوصة × ٢، رقم الصنف ٤٠٨E",PLANNED_WO,RS-GUPCO,0,,7313108,SET,,PUMP CENTRIFUG,PU
161743,"RING,CASING COVER(OLD P/NO.815A25042)","حلقة، غطاء العلبة (رقم القطعة القديم 815A25042)",INSURANCE_SPARE,RS-GUPCO,0,02Q11,7321112,EACH,815A0250402T50200,PUMP CENTRIFUG,PU
164509,IMPELLER BRONZ ITEM#101,مروحة برونزية رقم 101,INSURANCE_SPARE,RS-GUPCO,0,02S19G,7907132,EACH,100-842 -1179,PUMP MISC,PU
165495,CASE SERIES,سلسلة القضايا,INSURANCE_SPARE,RS-GUPCO,0,02V59F (1),7902304,EACH,AX752563-JX000,PUMP MISC,PU
165496,"SHAFT, PUMP REF.NO.167. Flowserve Part Num: AX166028(L=97.00)-CC000  (CCN: 88386047)","عمود، مضخة رقم المرجع 167. رقم قطعة فلو سيرف: AX166028 (الطول = 97.00)-CC000 (رقم تعريف الصنف: 88386047)",INSURANCE_SPARE,RS-GUPCO,0,01N06C,7902222,EACH,AX166028 (L=97.00)-CC000,PUMP MISC,PU
165499,"COLLET, LOCK FOR IMPELLER REF. NO. 272","طوق تثبيت، قفل للمروحة، رقم المرجع 272",SURPLUS,RS-GUPCO,0,02V59G (1),7902214,EACH,AX750016-CB000,PUMP MISC,PU
164476,"RING, WEAR IMPELLER ITEM # 681","حلقة، دافع قابل للتآكل، رقم الصنف 681",MIN_MAX,RS-GUPCO,0,,7907160,EACH,B55260F0001128,PUMP MISC,PU
164477,"RING, WEAR BOWL , ITEM NO 680 ,","خاتم، وعاء للارتداء، رقم الصنف 680،",MIN_MAX,RS-GUPCO,0,02S21E,7907160,EACH,B55250F0041203,PUMP MISC,PU
164480,"CAP, SCREW 1/2-13NC X 1-1/2 IN. LONG","غطاء، برغي 1/2-13NC × 1-1/2 بوصة طول",PLANNED_WO,RS-GUPCO,0,,7907160,EACH,A49511F204 2229,PUMP MISC,PU
164482,"SHAFT, DRIVE ITEM NO. 606","عمود، محرك، رقم الصنف 606",MIN_MAX,RS-GUPCO,0,,7907160,EACH,C02169FFGJ2227,PUMP MISC,PU
164515,"RETAINER, BEARING ITEM NO. 652","حامل، رقم الصنف 652",INSURANCE_SPARE,RS-GUPCO,0,02U63D (1),7907160,EACH,C00120B37 1102,PUMP MISC,PU
164516,"BEARING, LINESHAFT ITEM NO. 653","محمل عمود الإدارة، رقم الصنف 653",INSURANCE_SPARE,RS-GUPCO,0,03B12D,7907160,EACH,C10860F323 6332,PUMP MISC,PU
164517,"COUPLING, SHAFT ITEM NO. 655","وصلة عمود، رقم الصنف 655",MIN_MAX,RS-GUPCO,0,02S17C,7907160,EACH,A00970F169 5914,PUMP MISC,PU
165066,"RING, CASE SERIES-SUCT.SIDE,AISI 347 W/WALLEX 55   ITEM # 206 , MTL. 9704    DWG.NO. A1B821-04","حلقة، سلسلة حافظات - جانب شفط، AISI 347 مع WALLEX 55، رقم الصنف 206، رقم المادة 9704، رقم الرسم A1B821-04",MIN_MAX,RS-GUPCO,0,02T10,7902107,EACH,2219837,PUMP MISC,PU
165067,"IMPELLER, STAGE 3 ITEM NO. 247                     PN:1512013","مروحة، المرحلة 3، رقم الصنف 247، رقم القطعة: 1512013",PLANNED_WO,RS-GUPCO,0,,7902106,EACH,230.247-1512013,PUMP MISC,PU
160834,"LOCK WASHER, 11.6 MM OR 7/16 IN.","غسالة قفل، 11.6 مم أو 7/16 بوصة.",INSURANCE_SPARE,RS-GUPCO,0,04E17B (1),7103144,EACH,3B4507,CATERPILLAR,MM
161047,"WASHER, 1-7/32"" ID X 1-1/16"" DIA. HARD STEEL","غسالة، قطر داخلي 1-7/32 بوصة × قطر 1-1/16 بوصة، مصنوعة من الفولاذ الصلب",INSURANCE_SPARE,RS-GUPCO,0,04K04H (1),7103144,EACH,8M4791,CATERPILLAR,MM
165568,"KEY, PUMP HALF COUPLING 1/2 IN. SQ.X 3-1/8 IN. , Flowserve Part Num: 1003717 (CCN: 81918640)","مفتاح، وصلة نصف مضخة 1/2 بوصة مربعة × 3-1/8 بوصة، رقم قطعة Flowserve: 1003717 (CCN: 81918640)",PLANNED_WO,RS-GUPCO,0,,7902224,EACH,1003717,PUMP MISC,PU
164454,"WASHER, IMPELLER, ITEM NO 199.                     OLD P/N (686-6791-2226-0112).","غسالة، دافعة، رقم الصنف 199. رقم القطعة القديم (686-6791-2226-0112).",SURPLUS,RS-GUPCO,0,02N56A (1),7907112,EACH,68679-1-2226,PUMP MISC,PU
164443,"KEY, IMPELLER, ITEM NO 178.","مفتاح، دافع، رقم الصنف 178.",INSURANCE_SPARE,RS-GUPCO,0,02S23,7907108,EACH,49568-52-2226,PUMP MISC,PU
164738,"SPACER, BRG.","فاصل، جسر",SURPLUS,RS-GUPCO,0,02U27B (1),7907102,EACH,B10029-2210,PUMP MISC,PU
164743,"BEARING, INBD.","محمل، داخلي.",INSURANCE_SPARE,RS-GUPCO,0,02U37C (1),7907102,EACH,8050-40850,PUMP MISC,PU
161403,"ROTOCOIL,FOR CYLINDER HEAD & VALVE MECHANISM","ملف دوار، لرأس الأسطوانة وآلية الصمامات",INSURANCE_SPARE,RS-GUPCO,0,04/K12D,7103132,EACH,3S0461,CATERPILLAR,MM
164565,"HEADSHAFT, 79 IN. ITEM NO. 608                     P/NO. B00021FHKA-2216","عمود رأس، 79 بوصة. رقم الصنف 608، رقم القطعة B00021FHKA-2216",INSURANCE_SPARE,RS-GUPCO,0,01M06A,7907154,EACH,B00021FHKA 2216,PUMP MISC,PU
164567,"HOLD TILL 1/12/2026, HEADSHAFT, 162.5 IN. ITEM NO. 608","يُحفظ حتى 1/12/2026، عمود رأس، 162.5 بوصة، رقم الصنف 608",INSURANCE_SPARE,RS-GUPCO,0,,7907156,EACH,B00019FUCJ 2216,PUMP MISC,PU
164521,"COLUMN, TOP ASSY. ITEM NO. 641","عمود، مجموعة علوية. رقم الصنف 641",INSURANCE_SPARE,RS-GUPCO,0,07YARD,7907154,EACH,D38930F0069616,PUMP MISC,PU
164504,"SHAFT, ITEM NO. 122","عمود، رقم الصنف 122",INSURANCE_SPARE,RS-GUPCO,0,,7907148,EACH,R102-872-2238,PUMP MISC,PU
164524,"COLUMN, BOTTOM ASSY. 68 IN. ITEM NO. 644","عمود، مجموعة سفلية. 68 بوصة. رقم الصنف 644",INSURANCE_SPARE,RS-GUPCO,0,07YARD,7907154,EACH,D38540F0539616,PUMP MISC,PU
164566,"SHAFT, DRIVE 56-1/2 IN. ITEM NO. 606","عمود إدارة 56-1/2 بوصة، رقم الصنف 606",INSURANCE_SPARE,RS-GUPCO,0,,7907154,EACH,C02182FEJJ2227,PUMP MISC,PU
164526,"COUPLING, LINESHAFT ITEM NO. 649","وصلة عمود الدوران، رقم الصنف 649",INSURANCE_SPARE,RS-GUPCO,0,02/S17,7907154,EACH,A00970F1945914,PUMP MISC,PU
164527,"RETAINER, BEARING ITEM NO. 652","حامل، رقم الصنف 652",INSURANCE_SPARE,RS-GUPCO,0,02U62E (1),7907154,EACH,A68580F0001203,PUMP MISC,PU
165044,"RING, THRUST THROTTLE SLEEVE ITEM NO. 310-B","حلقة، غلاف خانق الدفع، رقم الصنف 310-ب",PLANNED_WO,RS-GUPCO,0,,7902108,EACH,501.310B,PUMP MISC,PU
165374,"PIN, ROLL","دبوس، لفة",INSURANCE_SPARE,RS-GUPCO,0,02V54A (1),7909124,EACH,25A13C162-STEEL,PUMP MISC,PU
165376,"COUPLING, MOTOR HALF                               P/N. 0564A400VIPB001-9","وصلة، نصف المحرك، رقم القطعة 0564A400VIPB001-9",PLANNED_WO,RS-GUPCO,0,,7909124,EACH,0564A400VIPB001-9,PUMP MISC,PU
164695,"SHAFT,     P/N. RD06607A01-2238   ITEM NO. 122","عمود، رقم القطعة RD06607A01-2238، رقم الصنف 122",INSURANCE_SPARE,RS-GUPCO,0,02U45G (1),7907178,EACH,D06607A01 2238,PUMP MISC,PU
164698,"SHAFT, SLEEVE","العمود، الكم",INSURANCE_SPARE,RS-GUPCO,0,02U45E (1),7907178,EACH,C02661A01-2229,PUMP MISC,PU
164699,RING WEAR CASING P/N.C00297A22A-1001 ITEM NO. 164,"علبة حماية من التآكل، رقم القطعة C00297A22A-1001، رقم الصنف 164",INSURANCE_SPARE,RS-GUPCO,0,02U45E (1),7907178,EACH,C00297A22A 1001,PUMP MISC,PU
164700,BEARING BALL RADIAL           ITEM NO. 168,"محمل كروي شعاعي، رقم الصنف 168",INSURANCE_SPARE,RS-GUPCO,0,02U45F (1),7907178,EACH,8050-21261,PUMP MISC,PU
164705,See item#164704  RING WEAR IMPELLER       ITEM NO. 203,"انظر البند رقم 164704، دافعة مقاومة للتآكل، البند رقم 203",INSURANCE_SPARE,RS-GUPCO,0,02U43A (1),7907178,EACH,C00297A58A1001,PUMP MISC,PU
161745,"PACKING, PLUNGER 3/4 IN.ID X 12 IN. ID BOXES","علب تعبئة بمكبس، مقاس داخلي 3/4 بوصة × مقاس داخلي 12 بوصة",MIN_MAX,RS-GUPCO,0,02Q11D,7321122,SET,1309,PUMP CENTRIFUG,PU
164416,"BEARING, SELF-ALIGNING ROLLER ITEM NO. 51","محمل، بكرة ذاتية المحاذاة، رقم الصنف 51",INSURANCE_SPARE,RS-GUPCO,0,02U48B,7920216,EACH,61479 P005,PUMP MISC,PU
164955,"KEY,SHAFT EXTENSION ITEM NO 255_X","مفتاح، وصلة عمود، رقم الصنف 255_X",INSURANCE_SPARE,RS-GUPCO,0,,7902110,EACH,940.255X,PUMP MISC,PU
164956,LOCK NUT SHAFT EXTENSION ITEM NO.284,"وصلة تمديد عمود صامولة القفل، رقم الصنف 284",MIN_MAX,RS-GUPCO,0,,7902110,EACH,921.284,PUMP MISC,PU
161630,"Dosing Pump Primeroyal K, Packed Plunger Type. PK 120 (144) L 14 N 250 /9.Z Pump with max allowed service pressure 310 B","مضخة جرعات Primeroyal K، من نوع المكبس المعبأ. PK 120 (144) L 14 N 250 /9.Z مضخة بأقصى ضغط تشغيل مسموح به 310 B",STRATEGIC_WO,RS-GUPCO,0,,0,EACH,,PUMP CENTRIFUG,PU
164582,"IMPELLER, 9-3/8 IN. ITEM NO. 673                   DIMENSION 9.5D,1/8 X 1 7/8 U.F.","مروحة، 9-3/8 بوصة، رقم الصنف 673، الأبعاد: 9.5D، 1/8 × 1 7/8 UF",INSURANCE_SPARE,RS-GUPCO,0,02U63A (1),7907154,EACH,A18860F0001123,PUMP MISC,PU
164583,"HOLD TILL 1/12/2026 ,LOCK, TAPER IMPELLER ITEM NO. 677","يُحفظ حتى 1/12/2026، قفل، مروحة مخروطية، رقم الصنف 677",INSURANCE_SPARE,RS-GUPCO,0,,7907154,EACH,H47900F0002229,PUMP MISC,PU
164584,"BELL, SUCTION ITEM NO. 689","بيل، منتج شفط رقم 689",INSURANCE_SPARE,RS-GUPCO,0,,7907154,EACH,A20670F0001123,PUMP MISC,PU
165163,"packing style 220, square cross section 5/16 inch (order unit is pound), Utex JOHN CRANE& FLOWSERVE or equivalent","نمط التعبئة 220، مقطع عرضي مربع 5/16 بوصة (وحدة الطلب هي الرطل)، Utex JOHN CRANE& FLOWSERVE أو ما يعادلها",INSURANCE_SPARE,RS-GUPCO,0,,7919402,POUND,~,PUMP MISC,PU
165164,"PACKING, MAIN BEARING KIT NO. 3",مجموعة حشوات المحامل الرئيسية رقم 3,PLANNED_WO,RS-GUPCO,0,,7919402,EACH,,PUMP MISC,PU
165165,"SEAL KIT, CONNECTING ROD KIT NO. 6","طقم إصلاح مانع التسرب، طقم ذراع التوصيل رقم 6",PLANNED_WO,RS-GUPCO,0,,7919402,EACH,,PUMP MISC,PU
165167,"PACKING, ASSY.                                     KIT NO. 28",مجموعة التعبئة والتغليف رقم 28,PLANNED_WO,RS-GUPCO,0,,7919402,KIT,,PUMP MISC,PU
164802,"NUT, ADJUSTING","صامولة، ضبط",INSURANCE_SPARE,RS-GUPCO,0,02S01B,7907159,EACH,H00461F0002130,PUMP MISC,PU
161196,VALVE COVER GP-V-MECH. NOT SOLD AS ONE UNIT        P/N. 4N2272,غطاء الصمام GP-V-MECH. لا يُباع كوحدة واحدة. رقم القطعة: 4N2272,PLANNED_WO,RS-GUPCO,0,,7103139,EACH,4N2272,CATERPILLAR,MM
161642,"PUMP MODEL/MILROYAL D SIMPLEX/ONE HEAD, CODE: MD46[55]R3.2N3500X/ FLOW CAPACITY: 0.59 I/H PER HEAD MAX. DISCH. PRESS.: 3","مضخة طراز/ميلرويال دي سيمبلكس/رأس واحد، الرمز: MD46[55]R3.2N3500X/ سعة التدفق: 0.59 لتر/ساعة لكل رأس، أقصى ضغط تصريف: 3",INSURANCE_SPARE,RS-GUPCO,0,01D24A,7313122,EACH,MD46(55)S(R)3.2N350,PUMP CENTRIFUG,PU
161717,"Centrifugal pump, close-coupled, electric motor with extended shaft directly to the pump, the pump casing& impeller mate","مضخة طرد مركزي، ذات اقتران مباشر، ومحرك كهربائي ذو عمود ممتد متصل مباشرة بالمضخة، وغلاف المضخة والمروحة متطابقان.",MIN_MAX,RS-GUPCO,0,,0,EACH,CM3-3 A-S-A-E-AQQE E-A-A-N,PUMP CENTRIFUG,PU
161370,PLUG INSULATOR VIBRATION,اهتزاز عازل القابس,INSURANCE_SPARE,RS-GUPCO,0,03/CAB (1),7103117,EACH,5P7191,CATERPILLAR,MM
164417,"Utex packing style 220, square cross section 3/8 inch (order unit is pound = 10.82 ft)","نمط التعبئة Utex 220، مقطع عرضي مربع 3/8 بوصة (وحدة الطلب هي رطل = 10.82 قدم)",MIN_MAX,RS-GUPCO,0,,7920216,POUND,0220-25-0375-01,PUMP MISC,PU
164965,"RING, CASE (STG.1)","خاتم، علبة (STG.1)",MIN_MAX,RS-GUPCO,0,02T03,7902102,EACH,1835858,PUMP MISC,PU
164966,STAGE PIECE (CENTER),قطعة مسرحية (في المنتصف),MIN_MAX,RS-GUPCO,0,02T03,7902102,EACH,1113941,PUMP MISC,PU
164967,"RING, OIL  (JOURNAL BRG.)","حلقة، زيت (مجلد المجلة)",INSURANCE_SPARE,RS-GUPCO,0,02U03D(1),7902102,EACH,1114395,PUMP MISC,PU
164968,"DEFLECTOR, DISC","عاكس، قرص",MIN_MAX,RS-GUPCO,0,02T03,7902102,EACH,1115510,PUMP MISC,PU
164969,"RING, IMP (SERIES)                                 P/N. 6660-A337201119842","حلقة، إمب (سلسلة) رقم القطعة 6660-A337201119842",MIN_MAX,RS-GUPCO,0,02T03,7902102,EACH,1119842,PUMP MISC,PU
164442,"RING, WEAR COVER","خاتم، غطاء مقاوم للتآكل",SURPLUS,RS-GUPCO,0,02U60D (1),7907108,EACH,68454-02-1104,PUMP MISC,PU
165000,"JOURNAL, BEARING ASSY, used for SULZER pump size 4X8X10.5 D, 2 stages, S/No. 1B-613& 1B-614.","JOURNAL, Bearing Assy, used for SULZER pump size 4X8X10.5 D, 2 stages, S/No. 1B-613& 1B-614.",INSURANCE_SPARE,RS-GUPCO,0,,7902104,EACH,310-303,PUMP MISC,PU
165002,"LOCK NUT, STUFFING BOX ITEM NO. 121-S","صامولة قفل، صندوق حشو، رقم الصنف 121-S",INSURANCE_SPARE,RS-GUPCO,0,,7902108,EACH,921.121S,PUMP MISC,PU
165003,COVER STUFFING BOX ITEM NO 154-S,غطاء صندوق الحشو رقم الصنف 154-S,INSURANCE_SPARE,RS-GUPCO,0,,7902108,EACH,160.154S,PUMP MISC,PU
164917,"BUSHING, STUFFING BOX ITEM NO. 185-S","جلبة، صندوق حشو، رقم الصنف 185-S",SURPLUS,RS-GUPCO,0,,7902108,EACH,540.185S,PUMP MISC,PU
164918,"BEARING JOURNAL, P/N. 3034-K-10011-03 , used for SULZER Pump size 6X8X11 D, 5 stages, type MSD, S/No. 14270625 thru 1427","محمل كروي، رقم القطعة 3034-K-10011-03، يُستخدم لمضخة سولزر مقاس 6×8×11 بوصة، 5 مراحل، من نوع MSD، الأرقام التسلسلية من 14270625 إلى 1427",INSURANCE_SPARE,RS-GUPCO,0,02/T04,7902108,EACH,1530313,PUMP MISC,PU
164919,"O-RING,BUSHING ITEM NO.208-S","حلقة دائرية، جلبة، رقم الصنف 208-S",SURPLUS,RS-GUPCO,0,,7902108,EACH,412.208S-1056190,PUMP MISC,PU
165340,"SHAFT, REF.NO. 10","العمود، رقم المرجع 10",INSURANCE_SPARE,RS-GUPCO,0,01N06H (1),7909108,EACH,8-2PH10X9-15,PUMP MISC,PU
165341,"COLLAR, THRUST REF.NO. 28","طوق، دفع رقم المرجع 28",INSURANCE_SPARE,RS-GUPCO,0,02T18F,7909108,EACH,300B28KX1-17,PUMP MISC,PU
165342,"SLEEVE, INTERMEDIATE REF. NO. 57","غلاف، متوسط، رقم المرجع 57",INSURANCE_SPARE,RS-GUPCO,0,02V48C (1),7909108,EACH,,PUMP MISC,PU
165343,"BEARING, LINING RADIAL REF. NOO. 191A              P/N.275B19X3A-STL/BABBITT 60469822","محمل، بطانة شعاعية، رقم المرجع 191A، رقم القطعة 275B19X3A-STL/BABBITT 60469822",INSURANCE_SPARE,RS-GUPCO,0,02T18E,7909108,EACH,275B191X3A-142/17,PUMP MISC,PU
165344,FRONT HOUSING BEARING ITEM NO. 199,"محمل الغلاف الأمامي، رقم الصنف 199",INSURANCE_SPARE,RS-GUPCO,0,01E29E (1),7909108,EACH,225B21BDX8/23AAX9-204,PUMP MISC,PU
165345,"BEARING, THRUST BODY AND CAP COMPLETE REF.NO.200","محمل، جسم دفع، وغطاء كامل، رقم المرجع 200",INSURANCE_SPARE,RS-GUPCO,0,01E29E (1),7909108,EACH,275B21AKX6/23DX7A-204,PUMP MISC,PU
165346,"DISC PACK, S.S. F/THOMAS COUPLING MDL# 401-DBZ-C. ""REXNORD""","مجموعة أقراص، وصلة SS F/THOMAS، رقم الموديل 401-DBZ-C. ""REXNORD""",INSURANCE_SPARE,RS-GUPCO,0,02V48B (1),7909108,EACH,420363,PUMP MISC,PU
165295,"CAP, BREATHER","غطاء، جهاز تنفس",INSURANCE_SPARE,RS-GUPCO,0,02V48E (1),7909108,EACH,62009477,PUMP MISC,PU
165296,"KEY, IMPELLER REF.NO. 11","مفتاح، دافع، رقم المرجع 11",INSURANCE_SPARE,RS-GUPCO,0,,7909106,EACH,11A9C160-266,PUMP MISC,PU
164981,"JOURNAL, BEARING ASSY, used for SULZER pump size 3X6X9E, 2 stages, Type MSD, . S/N. IB-615.","مجموعة محامل، تستخدم لمضخة سولزر مقاس 3X6X9E، مرحلتين، نوع MSD، الرقم التسلسلي IB-615.",INSURANCE_SPARE,RS-GUPCO,0,,7902102,EACH,1450336,PUMP MISC,PU
164983,"COUPLING, IMO LOCK NUT FOR IMO LUBE OIL C3EBCS-87&87D,C3EBC-95KGSD DWG.A-52545","وصلة، صامولة قفل IMO لزيت تشحيم IMO C3EBCS-87&87D، C3EBC-95KGSD DWG.A-52545",INSURANCE_SPARE,RS-GUPCO,0,,7902104,EACH,1105760,PUMP MISC,PU
164984,"KIT, COMMON PARTS ,","مجموعة، قطع غيار مشتركة،",MIN_MAX,RS-GUPCO,0,,7902104,EACH,304,PUMP MISC,PU
164986,"LOCK NUT, (KINGSBURY BRG.)","صامولة القفل، (كينغسبري بيرغ.)",MIN_MAX,RS-GUPCO,0,,7902104,EACH,923-331,PUMP MISC,PU
164989,"RING, CASE WEAR","خاتم، آثار استخدام على العلبة",MIN_MAX,RS-GUPCO,0,,7902104,EACH,1453343,PUMP MISC,PU
164991,"BUSHING, THROTTLE","جلبة، خانق",MIN_MAX,RS-GUPCO,0,,7902104,EACH,542.207-1453378,PUMP MISC,PU
164992,"RING, IMPELLER.","حلقة، مروحة.",MIN_MAX,RS-GUPCO,0,,7902104,EACH,1453394,PUMP MISC,PU
164993,"RING, IMPELLER (HUB)","حلقة، دافعة (محور)",MIN_MAX,RS-GUPCO,0,,7902104,EACH,1453408,PUMP MISC,PU
164602,"IMPELLER, ITEM NO. 673                             BOTH IMPELLERS TO BE FULL IMPELLER DIAMETER","المروحة، رقم الصنف 673، يجب أن تكون كلتا المروحتين بقطر كامل.",INSURANCE_SPARE,RS-GUPCO,0,02U59C (1),7907128,EACH,B42910F000 1022,PUMP MISC,PU
164605,"RING, WEAR BOWL ITEM NO. 680","خاتم، وعاء قابل للارتداء، رقم الصنف 680",PLANNED_WO,RS-GUPCO,0,,7907130,EACH,B43590F001 1128,PUMP MISC,PU
164606,"KEY, IMPELLER ITEM NO. 730E","مفتاح، دافع، رقم الصنف 730E",PLANNED_WO,RS-GUPCO,0,,7907130,EACH,A84430FCAN 2229,PUMP MISC,PU
164505,"COVER,STUFFING BOX ITEM NO.184","غطاء، صندوق حشو، رقم الصنف 184",INSURANCE_SPARE,RS-GUPCO,0,02U58G(1),7907114,EACH,R104_562 1203,PUMP MISC,PU
165691,"IMO PUMP, DELAVAL A21NI-100 C.C.W-   ROTATION When FACTING SHAFT EXTENSION","مضخة IMO، DELAVAL A21NI-100 دوران عكس اتجاه عقارب الساعة عند تركيب امتداد عمود التوجيه",INSURANCE_SPARE,RS-GUPCO,1,02T40F,7909110,EACH,LH01001B04,PUMP MISC,PU
165395,"SHAFT, PUMP","عمود، مضخة",INSURANCE_SPARE,RS-GUPCO,0,01N03H,7909128,EACH,82299397-G128,PUMP MISC,PU
165283,"BEARING,BELL REF.NO.15","محمل، جرس رقم المرجع 15",INSURANCE_SPARE,RS-GUPCO,0,02T14E,7918102,EACH,96672171,PUMP MISC,PU
165432,O-RING,حلقة دائرية,OBSOLETE,RS-GUPCO,0,03B39D (1),7909108,EACH,20A11CM152,PUMP MISC,PU
164570,"BEARING, LINESHAFT ITEM NO. 653","محمل عمود الإدارة، رقم الصنف 653",PLANNED_WO,RS-GUPCO,0,,7907156,EACH,A98320F0026132,PUMP MISC,PU
164571,"BEARING, LINESHAFT ITEM NO. 653","محمل عمود الإدارة، رقم الصنف 653",INSURANCE_SPARE,RS-GUPCO,0,,7907154,EACH,C10860F333 6332,PUMP MISC,PU
165297,"SEAL, CAGE  , TEFLON REF. NO. 14","ختم، قفص، تفلون، رقم المرجع 14",INSURANCE_SPARE,RS-GUPCO,0,,7909106,EACH,431G14BX1-TFE,PUMP MISC,PU
165298,"FLINGER, REF.NO. 157                               NEW P/N. 300307G16-BULAR 60300308","فلينجر، رقم المرجع 157، رقم القطعة الجديد 300307G16-BULAR 60300308",SURPLUS,RS-GUPCO,6,03B14E,7909106,EACH,300307GITEM16-BUNAN,PUMP MISC,PU
165299,"COUPLING, COMPLETE FALK WITH SPRING FOR FALK       BEARING HORIZONTAL TYPE T20 SIZE 80T               COUPLING DRIVE END","وصلة كاملة مع زنبرك لمحمل الوصلة، نوع أفقي T20، مقاس 80T، طرف محرك الوصلة",MIN_MAX,RS-GUPCO,0,02T16B,7909106,EACH,69959518,PUMP MISC,PU
165300,"SPRING, FOR FALK BEARING HORIZONTAL TYPE T20 SIZE  80T","زنبرك، لمحمل فالك أفقي من النوع T20 مقاس 80T",INSURANCE_SPARE,RS-GUPCO,0,,7909106,EACH,PP-0758251,PUMP MISC,PU
165301,"OIL SEAL GARLOCK, KLOZURE P/N. 2796A212DIAA001     OLD P/N 201A11N3221L","مانع تسرب الزيت من جارلوك، كلوزور، رقم القطعة 2796A212DIAA001، رقم القطعة القديم 201A11N3221L",MIN_MAX,RS-GUPCO,0,02T16B,7909106,EACH,2796A212DIAA001-NITRILE,PUMP MISC,PU
161462,"GASKET,FRONT STRUCTURE , P/N : 2341874","حشية، الهيكل الأمامي، رقم القطعة: 2341874",PLANNED_WO,RS-GUPCO,0,,7103139,EACH,1CA2341874,CATERPILLAR,MM
161602,"PLUNGER ( 1-1/8 diameter X 13-13/16 length ) (Material is CERAMIC) For MILROYAL PUMP TYPE C , Part No.: 2120020393 (Ol","مكبس (قطر 1-1/8 بوصة × طول 13-13/16 بوصة) (مصنوع من السيراميك) لمضخة ميلرويال من النوع C، رقم القطعة: 2120020393 (Ol",MIN_MAX,RS-GUPCO,0,02Q17D,7313106,EACH,2120020393,PUMP CENTRIFUG,PU
165347,"KEY, THRUST COLLAR P/N. 11A9-C-3/8X3/8X7/8","مفتاح، طوق دفع، رقم القطعة 11A9-C-3/8X3/8X7/8",MIN_MAX,RS-GUPCO,0,02T20,7909110,EACH,11A9C0038X0088-266,PUMP MISC,PU
165349,"RING, SEALING THRUST BEARING , Flowserve Part Num: PP-162164-003 (CCN: 69981968)","حلقة مانعة للتسرب لمحمل الدفع، رقم قطعة Flowserve: PP-162164-003 (CCN: 69981968)",INSURANCE_SPARE,RS-GUPCO,0,02V48B (1),7909110,EACH,PP-162164-003,PUMP MISC,PU
165351,"6 thrust shoe set P/No. 465664-SCW/SCCW, 4PL, 2DR/INSTR (4 EA SHOE P/NO. 366039-001-D1, 1 EA SHOE P/NO. 266112-003 and","مجموعة أحذية دفع سداسية، رقم القطعة 465664-SCW/SCCW، 4PL، 2DR/INSTR (4 أحذية، رقم القطعة 366039-001-D1، حذاء واحد، رقم القطعة 266112-003 و",INSURANCE_SPARE,RS-GUPCO,0,02T20,7909110,SET,465664-SCW/SCCW,PUMP MISC,PU
165445,"NUT, COUPLING","صامولة، وصلة",MIN_MAX,RS-GUPCO,0,02T26D,7909110,EACH,200D164CX1,PUMP MISC,PU
164558,"RING, WEAR IMPELLER ITEM NO.681","حلقة، دافع قابل للتآكل، رقم الصنف 681",INSURANCE_SPARE,RS-GUPCO,0,02U67D (1),7907146,EACH,B3331-1117,PUMP MISC,PU
161600,"RING,NECK","خاتم، رقبة",INSURANCE_SPARE,RS-GUPCO,0,02Q17C,7313106,EACH,007002598N,PUMP CENTRIFUG,PU
161601,CROSSHEAD ASSY.,مجموعة رأس متقاطع,PLANNED_WO,RS-GUPCO,0,,7313106,EACH,3050057140F,PUMP CENTRIFUG,PU
161603,"ROD,CONNECTION ASSY.",مجموعة توصيل القضيب,INSURANCE_SPARE,RS-GUPCO,0,02S02F (1),7313106,EACH,2140019000N,PUMP CENTRIFUG,PU
161604,"SHIM,","شيم،",INSURANCE_SPARE,RS-GUPCO,0,02/Q17E,7313106,EACH,0190073006F,PUMP CENTRIFUG,PU
161605,"VALVE, END  ASSEMBLY","صمام، مجموعة طرفية",INSURANCE_SPARE,RS-GUPCO,0,02Q17E,7313106,EACH,2210263002,PUMP CENTRIFUG,PU
161606,"END,LIQUID ASSEMBLY","نهاية، تجميع السائل",PLANNED_WO,RS-GUPCO,0,,7313106,EACH,221_0338_416,PUMP CENTRIFUG,PU
161565,"SHOE, SLIDING","حذاء، انزلاقي",INSURANCE_SPARE,RS-GUPCO,0,02R03E (1),7313106,EACH,261-0002-006,PUMP CENTRIFUG,PU
161567,"ADAPTER,(L10-END)",محول (L10-END),PLANNED_WO,RS-GUPCO,0,,7313106,EACH,2720038001,PUMP CENTRIFUG,PU
161615,"BALL, CHECK CARTRIDGE ASSY 1/2"" FOR CHECK VALVE    ITEM # 22B                                         @RF.MR.RS.280/99","كرة، مجموعة خرطوشة فحص 1/2 بوصة لصمام فحص، رقم الصنف 22B @RF.MR.RS.280/99",MIN_MAX,RS-GUPCO,0,02Q15C,7313107,EACH,2210264002N,PUMP CENTRIFUG,PU
161616,"SEAT, ITEM # 224-A","مقعد، رقم الصنف 224-أ",SURPLUS,RS-GUPCO,0,,7313107,EACH,2120015293,PUMP CENTRIFUG,PU
161621,"HOLD TILL 1/10/2027 , PLUNGER, 5/8"" DIA, MATERIAL 316 S.S, ITEM NO. # 212 USED FOR MILTON ROY, MILROYAL PUMP MB1-M95-P10","يُحفظ حتى 1/10/2027، مكبس، قطر 5/8 بوصة، مصنوع من الفولاذ المقاوم للصدأ 316، رقم الصنف 212، يُستخدم مع مضخة ميلتون رويال MB1-M95-P10",INSURANCE_SPARE,RS-GUPCO,0,,7313108,EACH,221-0062-020,PUMP CENTRIFUG,PU
161856,"HOUSING, VALVE","غلاف، صمام",INSURANCE_SPARE,RS-GUPCO,0,01D34E (1),7509102,EACH,1300073,PUMP D.WELL/VAC,PU
164827,"BEARING, INTND.","محمل، داخلي.",INSURANCE_SPARE,RS-GUPCO,0,02T02,7907172,EACH,B12928F074AA11,PUMP MISC,PU
164836,"BEARING, LINESHAFT",محمل عمود الإدارة,INSURANCE_SPARE,RS-GUPCO,0,02T02C,7907172,EACH,B12928F075AA11,PUMP MISC,PU
164609,"CAP SCREW, BOWL ITEM NO (OLD 764) NEW 760E","برغي غطاء، وعاء، رقم الصنف (القديم 764) الجديد 760E",SURPLUS,RS-GUPCO,0,02W53,7907128,EACH,A49511F1022229,PUMP MISC,PU
164611,"SEAL, HOUSING BEARING ITEM NO. 791","مانع تسرب، غلاف محمل، رقم الصنف 791",PLANNED_WO,RS-GUPCO,0,,7907130,EACH,B71000F002 5402,PUMP MISC,PU
164612,"SEAL, HOUSING ITEM NO. 794","ختم، غلاف، رقم الصنف 794",INSURANCE_SPARE,RS-GUPCO,0,,7907128,EACH,B32160F000 1003,PUMP MISC,PU
164613,"BEARING, LINE SHAFT","محمل، عمود خطي",PLANNED_WO,RS-GUPCO,0,,7907164,EACH,B99550F0056111,PUMP MISC,PU
164614,"HOLD TILL 1/12/2026, SHAFT, LINES 1.00"" X 120"" LG P/NO. 10399F-LAA-2-2216 NEW P/N.B00002FNAA 2216","يُحفظ حتى 1/12/2026، عمود، خطوط 1.00 بوصة × 120 بوصة كبيرة، رقم القطعة 10399F-LAA-2-2216، جديد، رقم القطعة B00002FNAA 2216",INSURANCE_SPARE,RS-GUPCO,0,,7907164,EACH,B00002FNAA 2216,PUMP MISC,PU
164615,"hold till 01/01/2027 , SHAFT, HEAD 1.0"" X 87.75"" LG P/NO. B00017FJHN-2216","يُحفظ حتى 01/01/2027، عمود، رأس 1.0 بوصة × 87.75 بوصة طول، رقم القطعة: B00017FJHN-2216",INSURANCE_SPARE,RS-GUPCO,0,,7907164,EACH,B00017FJHN2216,PUMP MISC,PU
164616,"PUMP, COMPLETE ASSY. WITHOUT DISCHARGE HEAD        GOULDS MODEL VIT-FF SIZE 10 X 16 BHC, 2 STAGE      S/NO. 305420","مضخة، مجموعة كاملة بدون رأس تصريف، موديل غولدز VIT-FF، مقاس 10 × 16 BHC، مرحلتان، الرقم التسلسلي 305420",INSURANCE_SPARE,RS-GUPCO,0,,7907158,EACH,VIT- 10 X 16 BHC,PUMP MISC,PU
161623,"PLUNGER, 5/16"" DIA. 316 S.S.   ITEM # 22 212","مكبس، قطر 5/16 بوصة، فولاذ مقاوم للصدأ 316، رقم الصنف 22 212",INSURANCE_SPARE,RS-GUPCO,0,02Q15D,7313109,EACH,2120015117,PUMP CENTRIFUG,PU
161624,"PACKING, (NEO-DUCK) 5/16"" X 1-1/8"" X 2             ITEM# 408E","عبوة (نيو-داك) 5/16 بوصة × 1-1/8 بوصة × 2، رقم الصنف: 408E",INSURANCE_SPARE,RS-GUPCO,0,,7313109,SET,4080085011,PUMP CENTRIFUG,PU
165386,"SLEEVE, SHAFT","الكم، العمود",INSURANCE_SPARE,RS-GUPCO,0,02T22,7909128,EACH,82052804,PUMP MISC,PU
165280,"SHAFT, IMPELLER 316 S.S. REF.NO. 2","عمود، مروحة من الفولاذ المقاوم للصدأ 316، رقم المرجع 2",INSURANCE_SPARE,RS-GUPCO,0,01N04B,7918102,EACH,96672294,PUMP MISC,PU
164858,HEAD SHFT ITEM 608                                 P/N. B00020FRFA-2403,"عمود التوجيه الرئيسي، رقم القطعة 608، رقم الصنف B00020FRFA-2403",INSURANCE_SPARE,RS-GUPCO,0,01/N01C,7907161,EACH,B00020FRFA 2403,PUMP MISC,PU
164737,"SEAT,HOUNT SEAL","مقعد، ختم التثبيت",SURPLUS,RS-GUPCO,0,,7907102,EACH,B10502-1203,PUMP MISC,PU
164920,"O-RING, BUSHING ITEM NO.208-T","حلقة دائرية، جلبة رقم 208-T",SURPLUS,RS-GUPCO,0,,7902108,EACH,412.208T,PUMP MISC,PU
164922,"O-RING, BEARING COVER ITEM NO. 164-A","حلقة مانعة للتسرب، غطاء محمل، رقم الصنف 164-أ",SURPLUS,RS-GUPCO,0,03B14A,7902108,EACH,412.208Z,PUMP MISC,PU
164923,"SLEEVE, SHAFT STUFFING BOX ITEM NO. 250","غلاف، صندوق حشو العمود، رقم الصنف 250",SURPLUS,RS-GUPCO,0,,7902108,EACH,520.25,PUMP MISC,PU
164924,"RING,RETAINING STUFFING BOX ITEM NO.309-S","حلقة تثبيت صندوق الحشو، رقم الصنف 309-S",SURPLUS,RS-GUPCO,0,,7902108,EACH,932.309S-1061895,PUMP MISC,PU
161213,"VALVE, FOR MOTOR GROUP.","صمام، لمجموعة المحرك.",INSURANCE_SPARE,RS-GUPCO,0,04J08A,7103128,EACH,1CA5N2178,CATERPILLAR,MM
164808,"COLUMN, TOP ITEM NO. 641","العمود، البند العلوي رقم 641",INSURANCE_SPARE,RS-GUPCO,0,07C03B (1),7907165,EACH,D37560F018  8510,PUMP MISC,PU
161275,"HEAD, CYLINDER ASSY.","رأس الأسطوانة، مجموعة الأسطوانة.",INSURANCE_SPARE,RS-GUPCO,0,01D20B (1),7103140,EACH,7N0858,CATERPILLAR,MM
165087,"O-RING, BEARING COVER END PLATES ITEM NO.208-2","حلقة مانعة للتسرب، أغطية طرفية للمحامل، رقم الصنف 208-2",SURPLUS,RS-GUPCO,0,03B22F (1),7902106,EACH,1056212,PUMP MISC,PU
161494,"VALVE, INLET FOR HEAD GROUP",صمام مدخل لمجموعة الرأس,INSURANCE_SPARE,RS-GUPCO,0,04/K01B,7103142,EACH,1CA1152368,CATERPILLAR,MM
165070,"RING, THRUST IMPELLER AND SLEEVE ITEM NO. 252","حلقة، دافعة دفع، وغطاء، رقم الصنف 252",PLANNED_WO,RS-GUPCO,0,,7902106,EACH,1125478,PUMP MISC,PU
161471,"TUBE,  P/N. 1W4481","أنبوب، رقم القطعة 1W4481",INSURANCE_SPARE,RS-GUPCO,0,04R21E (1),7103141,EACH,1W4481,CATERPILLAR,MM
165663,"BEARING, INTERMEDIATE ITEM #35","محمل، عنصر وسيط رقم 35",INSURANCE_SPARE,RS-GUPCO,0,,7912102,EACH,LV0695070215 1160 F,PUMP MISC,PU
161552,MANIFOLD ASSY:-                                    MANIFOLD    P/N. 1017352                           MANIFOLD    P/N. 1,"مجموعة مشعب العادم: - رقم قطعة مشعب العادم 1017352، رقم قطعة مشعب العادم 1",INSURANCE_SPARE,RS-GUPCO,0,,7103167,EACH,4N0754,CATERPILLAR,MM
164925,"LOCK NUT,THRUST BEARING ITEM# 121-Z SAE#1035","صامولة قفل، محمل دفع، رقم الصنف 121-Z، رقم SAE 1035",SURPLUS,RS-GUPCO,1,,7902108,EACH,923.121Z,PUMP MISC,PU
164926,"RING,OIL ITEM#126 SAE NO.62",حلقة زيت رقم 126 SAE رقم 62,SURPLUS,RS-GUPCO,0,,7902108,EACH,644.126,PUMP MISC,PU
164927,"DEFLECTOR, INBOARD ITEM NO. 140-A SAE.NO.40","عاكس داخلي، رقم الصنف 140-أ، SAE.NO.40",MIN_MAX,RS-GUPCO,0,02T06,7902108,EACH,1908830,PUMP MISC,PU
164928,"DEFLECTOR, OUTBOARD ITEM NO. 140B SAE.NO.40","عاكس، خارجي، رقم الصنف 140B، SAE.NO.40",MIN_MAX,RS-GUPCO,0,02T06,7902108,EACH,1065637,PUMP MISC,PU
164932,"PIN, DOWEL 3/16"" X 7/16"" BEARING COVER AISI 303    NO.262Z","دبوس، وتد 3/16 بوصة × 7/16 بوصة غطاء محمل AISI 303 رقم 262Z",INSURANCE_SPARE,RS-GUPCO,0,,7902108,EACH,562.262Z,PUMP MISC,PU
164933,"COLLAR, JHJ-5 KINGSBURY THRUST BEARING C.I. ITEM NO. 501","طوق، محمل دفع كينغزبري JHJ-5 CI رقم الصنف 501",INSURANCE_SPARE,RS-GUPCO,0,02T06,7902108,EACH,161562-001,PUMP MISC,PU
164934,"SHOE P/N 366038-001, KB14-02245 AND SUPPORT P/N 264042  used for JHJ-5 KINGSBURY BEARING DWG No. F-JHJ-050-AY-001.","رقم قطعة الحذاء 366038-001، KB14-02245 ورقم قطعة الدعم 264042 المستخدمة في محمل JHJ-5 KINGSBURY رقم الرسم F-JHJ-050-AY-001.",MIN_MAX,RS-GUPCO,0,02T02,7902108,SET,366038-001-S,PUMP MISC,PU
164935,"IMPELLER, STAGE ITEM NO. 113-A   BORE I/D 3.370""","دافعة، المرحلة رقم 113-أ، القطر الداخلي 3.370 بوصة",SURPLUS,RS-GUPCO,0,,7902108,EACH,230.113A - 1511947,PUMP MISC,PU
165004,"IMPELLER, ITEM NO. 113-B   BPRE I/D 3.400""","مروحة، رقم الصنف 113-ب BPRE القطر الداخلي 3.400 بوصة",INSURANCE_SPARE,RS-GUPCO,0,,7902108,EACH,1568981,PUMP MISC,PU
165005,"IMPELLER, ITEM NO. 113-D   BORE I/D 3.375""","مروحة، رقم الصنف 113-D، القطر الداخلي 3.375 بوصة",INSURANCE_SPARE,RS-GUPCO,0,,7902108,EACH,1569031,PUMP MISC,PU
165387,"SCREW, SET FOR SLEEVE","برغي، مُثبّت في الغلاف",PLANNED_WO,RS-GUPCO,0,,7909130,EACH,109A2T2310-379,PUMP MISC,PU
165388,"BEARING, LINE SHAFT","محمل، عمود خطي",INSURANCE_SPARE,RS-GUPCO,0,02T24,7909128,EACH,82091612,PUMP MISC,PU
165391,"BEARING, SUCTION CASE","محمل، علبة شفط",NON_STOCK,RS-GUPCO,0,,7909128,EACH,82263359,PUMP MISC,PU
165352,"BOWEL,FIRST STAGE","الأمعاء، المرحلة الأولى",INSURANCE_SPARE,RS-GUPCO,0,02/T20E,7909128,EACH,82299181,PUMP MISC,PU
165353,"BOWELS,INTERMEDIATRE STAGE","أوعية، المرحلة المتوسطة",INSURANCE_SPARE,RS-GUPCO,0,02/T20F,7909128,EACH,82299199,PUMP MISC,PU
160895,"O-RING, SEAL 2.225"" 10 X 0.210"" DIA. BLACK G B B","حلقة مانعة للتسرب، قطر 2.225 بوصة × 0.210 بوصة، لون أسود، G B B",INSURANCE_SPARE,RS-GUPCO,0,03A02D (1),7103144,EACH,3H2652,CATERPILLAR,MM
165433,"CASING, COMPLETE WITH GASKET REF.NO. 183 (P/N. 10SD1AX1C/2AX1A-204) OLD P/N. 10SD1AX1X/2AX1A-204","غلاف كامل مع حشية، رقم المرجع 183 (رقم القطعة 10SD1AX1C/2AX1A-204)، رقم القطعة القديم 10SD1AX1X/2AX1A-204",INSURANCE_SPARE,RS-GUPCO,0,,7909106,EACH,10SD1AX1C/2AX1A-204,PUMP MISC,PU
161562,"TRUNNION, OPEN","محور، مفتوح",PLANNED_WO,RS-GUPCO,0,,7313106,EACH,237-0021-006,PUMP CENTRIFUG,PU
161144,"TUBE, OIL RETURN","أنبوب، عودة الزيت",INSURANCE_SPARE,RS-GUPCO,0,04L22B (1),7103116,EACH,3N7792,CATERPILLAR,MM
161145,"CONNECTOR,","موصل،",INSURANCE_SPARE,RS-GUPCO,0,04L20C (1),7103116,EACH,3N7793,CATERPILLAR,MM
164554,"COUPLING, LINESHAFT ITEM NO. 649","وصلة عمود الدوران، رقم الصنف 649",SURPLUS,RS-GUPCO,2,02U57C (1),7907146,EACH,A8533-2229,PUMP MISC,PU
164555,"BEARING, LINESHAFT ITEM NO. 653","محمل عمود الإدارة، رقم الصنف 653",PLANNED_WO,RS-GUPCO,0,,7907146,EACH,C10860F0336332,PUMP MISC,PU
161631,"COUPLING (P/N 4100064020), AND PLUNGER (P/N 2120181016) 7/16""  Ref.# F0201631 to be used for PUMP Without ELECTRIC MOTOR","وصلة (رقم القطعة 4100064020)، ومكبس (رقم القطعة 2120181016) 7/16 بوصة، رقم المرجع F0201631، للاستخدام مع مضخة بدون محرك كهربائي",INSURANCE_SPARE,RS-GUPCO,0,02Q15F,7313112,EACH,4100064020 + 2120181016,PUMP CENTRIFUG,PU
161632,"packing style 220, square cross section 1/4 inch (order unit is pound), Utex JOHN CRANE& FLOWSERVE or equivalent","نمط التعبئة 220، مقطع عرضي مربع 1/4 بوصة (وحدة الطلب هي الرطل)، Utex JOHN CRANE& FLOWSERVE أو ما يعادلها",INSURANCE_SPARE,RS-GUPCO,0,,7313112,POUND,0220-25-0250-01,PUMP CENTRIFUG,PU
161634,DIAPHRAGM,غشاء,SURPLUS,RS-GUPCO,0,03A16C (1),7313114,EACH,0980252099N,PUMP CENTRIFUG,PU
161638,COMPLETE COUPLING BETWEEN PUMP AND MOTOR (1.100 INCH x 0.325 INCH KEYWAY) X (0.625 INCH x 0.1875 INCH KEYWAY) (SEE ATTAC,وصلة كاملة بين المضخة والمحرك (1.100 بوصة × 0.325 بوصة مجرى المفتاح) × (0.625 بوصة × 0.1875 بوصة مجرى المفتاح) (انظر الملحق),MIN_MAX,RS-GUPCO,0,02Q15G,7313118,EACH,3050915330F,PUMP CENTRIFUG,PU
161640,POMPE MD46 (55) S (F) 8N120,بومبي إم دي 46 (55) إس (إف) 8 إن 120,PLANNED_WO,RS-GUPCO,0,,7313120,EACH,C0722678/01,PUMP CENTRIFUG,PU
161639,SUCTION & DISCHARGE VALVES,صمامات السحب والتفريغ,INSURANCE_SPARE,RS-GUPCO,0,02Q13A,7313118,EACH,3050583092F,PUMP CENTRIFUG,PU
164436,"HOLD TILL 1/12/2026, SLEEVE,SHAFT ITEM NO 126","يُحفظ حتى 1/12/2026، غلاف، عمود، رقم الصنف 126",INSURANCE_SPARE,RS-GUPCO,0,02S23,7907122,EACH,73705X 2229,PUMP MISC,PU
164931,"PIN,3/8X7/8"" JOURNAL BEARING AISI 303","دبوس، 3/8 × 7/8 بوصة، محمل انزلاقي AISI 303",SURPLUS,RS-GUPCO,0,,7902108,EACH,562,PUMP MISC,PU
164549,"RING,RETAINING STEADY BEARING ITEM NO 369 FOR      STAINLESS STEEL PUMP","حلقة تثبيت محمل ثابت، رقم الصنف 369، لمضخة من الفولاذ المقاوم للصدأ",MIN_MAX,RS-GUPCO,0,,7907124,EACH,A00250B2126245,PUMP MISC,PU
165304,"GASKET, PARTING FLANGE                             REF.NO. 170                                        ""A NON ASBESTOS AL","حشية، شفة فصل، رقم المرجع 170 ""خالية من الأسبستوس""",MIN_MAX,RS-GUPCO,0,,7909106,EACH,2584A0010SDA001-NM-96,PUMP MISC,PU
165385,"BEARING,                                           P/N. 2945A400VIPB001-CBN/379","محمل، رقم القطعة 2945A400VIPB001-CBN/379",PLANNED_WO,RS-GUPCO,0,,7909124,EACH,2945A400VIPB001-CBN/379,PUMP MISC,PU
165015,"COLLAR, RETAINING                                  ITEM NO. 187C","طوق، قطعة تثبيت رقم 187C",INSURANCE_SPARE,RS-GUPCO,2,02T10A,7902112,EACH,1226509,PUMP MISC,PU
165016,"SHIM, ITEM NO. 208A P/NO. 4XXXA47912-1106309","شيم، رقم الصنف 208A، رقم القطعة 4XXXA47912-1106309",INSURANCE_SPARE,RS-GUPCO,0,,7902112,EACH,592.341,PUMP MISC,PU
165017,"SHIM, ITEM NO. 208B                                P/NO. 4XXXA47570-1106287","شيم، رقم الصنف 208ب، رقم القطعة 4XXXA47570-1106287",MIN_MAX,RS-GUPCO,0,02T10,7902112,EACH,1106287,PUMP MISC,PU
165018,"KEY, SHAFT EXTENSION                               ITEM NO. 213A","مفتاح، وصلة عمود، رقم الصنف 213A",INSURANCE_SPARE,RS-GUPCO,0,02T10A,7902112,EACH,1107382,PUMP MISC,PU
161566,"CRANKSHAFT,","عمود المرفق،",INSURANCE_SPARE,RS-GUPCO,0,02S30G (1),7313106,EACH,268-0012-006,PUMP CENTRIFUG,PU
164523,"COLUMN, BOTTOM ASSY. ITEM NO. 644","عمود، مجموعة القاعدة. رقم الصنف 644",INSURANCE_SPARE,RS-GUPCO,0,07/YARD,7907156,EACH,C24050F460 8510,PUMP MISC,PU
164824,"BEARING, SUCTION","محمل، شفط",INSURANCE_SPARE,RS-GUPCO,0,02T02A,7907172,EACH,B12788F005 1618,PUMP MISC,PU
161055,"NUT, SELF LOCKING 1/4 IN. NF THRD. X 5/16 IN","صامولة ذاتية القفل، مقاس 1/4 بوصة، سن لولبي NF × 5/16 بوصة",INSURANCE_SPARE,RS-GUPCO,0,04H15,7103144,EACH,5CA7M9918,CATERPILLAR,MM
160815,"NUT,","بندق،",INSURANCE_SPARE,RS-GUPCO,0,04E19B (1),7103128,EACH,1A8285,CATERPILLAR,MM
177677,"HOLD TILL 1/1/2027 , O-RING, REF.NO. 456 @ SEE MEC 79 68 24 020","يُحفظ حتى 1/1/2027، حلقة مانعة للتسرب، رقم المرجع 456 @ انظر MEC 79 68 24 020",MIN_MAX,RS-GUPCO,0,,7909106,EACH,20A11CM230-NM-75,PUMP MISC,PU
165019,"KEY, ITEM NO.213 C","مفتاح، رقم الصنف 213 ج",MIN_MAX,RS-GUPCO,0,02T10,7902112,EACH,1216139,PUMP MISC,PU
165156,"KEY, LOCK NUT TO COUPLING FOR IMO LUBE OIL PUMP    C3E8CS-87&870,C3EBCS-95&9500WG.A-52545","مفتاح، صامولة قفل لوصلة مضخة زيت التشحيم IMO C3E8CS-87&870، C3EBCS-95&9500WG.A-52545",SURPLUS,RS-GUPCO,0,02V16C (1),7902104,EACH,940-343,PUMP MISC,PU
173514,"KIT, REPAIR, SEND COMPLETE CONSISTING OF: ROTATING ASSY. FLOATING SEAT GASKET P/N. 1866-4-9548, (The stationary face is","طقم إصلاح، إرسال كامل يتكون من: مجموعة دوارة، حشية مقعد عائم، رقم القطعة 1866-4-9548، (الوجه الثابت هو",MIN_MAX,RS-GUPCO,0,02G54A,3003108,EACH,~,BELT/TRANSMIT,PU
173516,"PRIMARY RING (FACE), Tungsten carbide material","الحلقة الأساسية (الوجه)، مصنوعة من مادة كربيد التنجستن",PLANNED_WO,RS-GUPCO,0,,3003118,EACH,81020664,BELT/TRANSMIT,PU
160922,"BOLT, 3/8 IN. X 2-1/2 IN NC THRD.","مسمار، 3/8 بوصة × 2-1/2 بوصة NC THRD.",PLANNED_WO,RS-GUPCO,0,04G15C (1),7103144,EACH,50CA0L1143,CATERPILLAR,MM
164940,"RING,IMPELLER HUB ITEM NO.174-C","حلقة، محور المروحة، رقم الصنف 174-C",INSURANCE_SPARE,RS-GUPCO,0,,7902110,EACH,1521713,PUMP MISC,PU
164941,"COVER,STUFFING BOX ITEM NO 154-S","غطاء، صندوق حشو، رقم الصنف 154-S",INSURANCE_SPARE,RS-GUPCO,0,,7902110,EACH,2068907,PUMP MISC,PU
164942,"RING, CASE STAGE 1 EYE ITEM NO. 176-A","حلقة، علبة المرحلة 1، رقم الصنف 176-أ",MIN_MAX,RS-GUPCO,0,,7902110,EACH,502.176A,PUMP MISC,PU
164943,"RING, CASE SERIES EYE ITEM NO. 176-B","خاتم، علبة، سلسلة عين، رقم الصنف 176-ب",MIN_MAX,RS-GUPCO,0,,7902110,EACH,502.176B-1854518,PUMP MISC,PU
164944,"RING, THRUST SERIES ITEM NO.186-A","حلقة، سلسلة الدفع، رقم الصنف 186-أ",MIN_MAX,RS-GUPCO,0,,7902110,EACH,501.31,PUMP MISC,PU
165095,"COVER, END","الغلاف، النهاية",MIN_MAX,RS-GUPCO,0,,7902107,EACH,1644467,PUMP MISC,PU
161545,"MAGNETO, IGNITION, FOR 6 CYLINDERS,  P/N 6 A39H-G","مغناطيس إشعال لمحركات 6 أسطوانات، رقم القطعة 6 A39H-G",MIN_MAX,RS-GUPCO,0,04J01F,3601100,EACH,6A39H-G,ENGINE USA,MM
161204,PIPE OF THERMOSTAT GR                              P/N. 4N3857,أنبوب منظم الحرارة GR P/N. 4N3857,INSURANCE_SPARE,RS-GUPCO,0,04L15C (1),7103139,EACH,4N3857,CATERPILLAR,MM
161192,MANIFOLD ASSEM. GP NOT SOLD AS ONE UNIT            P/N. 4N0691,مجموعة مشعب العادم. لا تُباع كوحدة واحدة. رقم القطعة: 4N0691,PLANNED_WO,RS-GUPCO,0,,7103139,PACKAGE,4N0691,CATERPILLAR,MM
160848,"LINES,","خطوط،",INSURANCE_SPARE,RS-GUPCO,0,04E07B (1),7103145,EACH,1852831,CATERPILLAR,MM
165282,"MANIFOLD, SUCTION REF.NO. 14","مشعب، شفط رقم المرجع 14",SURPLUS,RS-GUPCO,0,02/T14D,7918102,EACH,2622968,PUMP MISC,PU
165289,"IMPELLER, ITEM NO. 8","المروحة، رقم الصنف 8",PLANNED_WO,RS-GUPCO,0,,7918104,EACH,96671553,PUMP MISC,PU
164945,"SCREW, MACHINE S.S.316 MATERIAL 1/4-28 IN.X1-1/4  ""LONG                                               ITEM NO 228","برغي، مصنوع من الفولاذ المقاوم للصدأ SS316، مقاس 1/4-28 بوصة × 1-1/4 بوصة طول، رقم الصنف 228",PLANNED_WO,RS-GUPCO,0,,7902110,EACH,900-228,PUMP MISC,PU
164947,"O-RING, CENTER STAGE PIECE ITEM NO. 208-A","حلقة دائرية، قطعة مركزية، رقم الصنف 208-أ",SURPLUS,RS-GUPCO,0,03/B14A (1),7902110,EACH,412.208A-1056352,PUMP MISC,PU
161746,"SHAFT , Catalog No. 820B0205500D21400","عمود، رقم الكتالوج 820B0205500D21400",INSURANCE_SPARE,RS-GUPCO,0,02/ Q 01 D,7321104,EACH,820B0205500D21400,PUMP CENTRIFUG,PU
165615,"SHAFT, IMPELLER ITEM # 32 for PUMP MOD 18RKMC3 S/N. 87979-80","عمود، مروحة، رقم الصنف 32 لمضخة موديل 18RKMC3، الرقم التسلسلي 87979-80",INSURANCE_SPARE,RS-GUPCO,0,,7912102,EACH,LV9318X122104,PUMP MISC,PU
165096,"KEY, SETS CONSISTING OF THE FOLLOWING:                  KEY, STAGE 1 IMP. P/N 1107542           1 EA       KEY, THROTTLE","مجموعة مفاتيح تتكون مما يلي: مفتاح المرحلة 1، رقم القطعة المستوردة 1107542، عدد 1، مفتاح الخانق",MIN_MAX,RS-GUPCO,0,02T12,7902107,EACH,~,PUMP MISC,PU
164620,"GLAND, SPLIT STUFFING BOX, ITEM NO. 618.","غدة، صندوق حشو مقسم، رقم الصنف 618.",INSURANCE_SPARE,RS-GUPCO,0,02S13D,7907158,EACH,B34690F000 1117,PUMP MISC,PU
164625,"LINE SHAFT,                                        P/N. B00005FNAA-2216","عمود نقل الحركة، رقم القطعة: B00005FNAA-2216",MIN_MAX,RS-GUPCO,0,,7907158,EACH,B00005FNAA2216,PUMP MISC,PU
165099,"SHAFT, PUMP","عمود، مضخة",MIN_MAX,RS-GUPCO,0,,7902107,EACH,1644343,PUMP MISC,PU
165100,"O-RING, KIT CONSISTS OF:                           BINGHAM ITEM NO'S 102A,102B,102C,102D,102E,102F &  102G","مجموعة حلقات منع التسرب (O-RING) تتكون من: أرقام منتجات بينغهام 102A، 102B، 102C، 102D، 102E، 102F و102G",SURPLUS,RS-GUPCO,0,,7902112,EACH,5121846,PUMP MISC,PU
165101,"BEARING, THRUST                                    ITEM NO.106                                        @ ""SKF NO. 7310""","محمل دفع، رقم الصنف 106 @ ""SKF رقم 7310""",INSURANCE_SPARE,RS-GUPCO,0,,7902112,SET,2000563,BR/SL/S.PLG/FLT,PU
165102,"NUT, LOCK BEARING  ITEM NO. 110                    P/NO. 4910N11822-1000519","صامولة، محمل قفل، رقم الصنف 110، رقم القطعة 4910N11822-1000519",SURPLUS,RS-GUPCO,0,,7902112,EACH,1000519,PUMP MISC,PU
165103,"SHAFT,  EXTENSION LOCK NUT                         ITEM NO.112","صامولة قفل عمود التمديد، رقم الصنف 112",MIN_MAX,RS-GUPCO,0,02T12,7902112,EACH,1234145,PUMP MISC,PU
165104,"IMPLER,         ITEM NO. 113                       P/NO. 4031D21409-2033828                           NEW P/N. 4031 A216","المضمنة، رقم الصنف. 113 ف/لا. 4031D21409-2033828 جديد P/N. 4031 أ216",MIN_MAX,RS-GUPCO,0,1.00E+28,7902112,EACH,2033828,PUMP MISC,PU
165105,"SHAFT, ITEM NO. 123                                P/NO. 52120 21613-01-1236466                       NEW P/N. 5212-D216","عمود، رقم الصنف 123، رقم القطعة 52120، 21613-01-1236466، جديد، رقم القطعة 5212-D216",MIN_MAX,RS-GUPCO,0,1.00E+32,7902112,EACH,1236466,PUMP MISC,PU
165106,"RING, OIL                                          ITEM NO. 1268","حلقة، زيت، رقم الصنف 1268",PLANNED_WO,RS-GUPCO,0,,7902112,EACH,1125222,PUMP MISC,PU
165107,"RING, OIL                                          ITEM NO. 126A","حلقة، زيت، رقم الصنف 126A",INSURANCE_SPARE,RS-GUPCO,0,02T12,7902112,EACH,1114611,PUMP MISC,PU
165108,"WASHER, LOCK                                       ITEM NO.132","غسالة، قفل، رقم الصنف 132",MIN_MAX,RS-GUPCO,0,02T12,7902112,EACH,1001191,PUMP MISC,PU
165110,"DEFLECTOR, DISC INNER DIA. 3.003 INCH.             ITEM NO.140B (1580, B30190-26, 1398105)            NEW P/N. 1580 SAE","عاكس، قرص بقطر داخلي 3.003 بوصة. رقم الصنف 140B (1580، B30190-26، 1398105) جديد، رقم القطعة 1580 SAE",MIN_MAX,RS-GUPCO,0,02T12,7902112,EACH,1398105,PUMP MISC,PU
165111,"BEARING, JOURNAL                                   ITEM NO. 148B & 148A","محمل، رقم الصنف في دفتر اليومية 148ب و148أ",INSURANCE_SPARE,RS-GUPCO,1,02T12H,7902112,EACH,1410261,PUMP MISC,PU
165114,"RING, IMP.                                         ITEM NO. 174","خاتم، رقم الصنف المستورد 174",MIN_MAX,RS-GUPCO,0,02T12,7902112,EACH,2066548,PUMP MISC,PU
165115,"CASING, RING                                       ITEM NO.176","علبة، حلقة، رقم الصنف 176",MIN_MAX,RS-GUPCO,0,02T12,7902112,EACH,2066521,PUMP MISC,PU
161024,"GEAR, FOR FLYWHEEL","ترس، لعجلة الموازنة",INSURANCE_SPARE,RS-GUPCO,0,04J14D (1),7103132,EACH,7N9146,CATERPILLAR,MM
161578,"RING, NECK ASSY NO. 207-0001-416","حلقة، مجموعة العنق رقم 207-0001-416",INSURANCE_SPARE,RS-GUPCO,0,02R01D (1),7313105,EACH,207-0001-416,PUMP CENTRIFUG,PU
165405,"RING, WEAR IMP. 6 JKY C954","خاتم، قابل للارتداء، رقم 6 JKY C954",PLANNED_WO,RS-GUPCO,2,,7909131,EACH,82165408,PUMP MISC,PU
165406,"RING, WEAR BOWL 6JK C954","خاتم، وعاء قابل للارتداء 6JK C954",MIN_MAX,RS-GUPCO,0,02T24,7909131,EACH,82128059,PUMP MISC,PU
164909,"RING, THRUST THROTTLE SLEEVE ITEM NO. 186-B        DWG.#A41788","حلقة، غلاف خانق الدفع، رقم الصنف 186-ب، الرسم رقم A41788",MIN_MAX,RS-GUPCO,0,,7902110,EACH,1509314,PUMP MISC,PU
164910,"RETAINER, RING ITEM NO. 187                        NEW P/N. 7600PH 15-7 MO N11894","حلقة تثبيت، رقم الصنف 187، جديد، رقم القطعة 7600PH 15-7 MO N11894",PLANNED_WO,RS-GUPCO,0,,7902110,EACH,7600PH 15-7,PUMP MISC,PU
164911,"HOLD TILL 1/12/2026, BUSHING, THROTTLE GLAND ITEM NO 185S P/N. 9070-AISI-316-B28423 NEW P/N. 1783112","يُحفظ حتى 1/12/2026، جلبة، غدة الخانق، رقم الصنف 185S، رقم القطعة 9070-AISI-316-B28423، رقم القطعة الجديد 1783112",MIN_MAX,RS-GUPCO,0,,7902110,EACH,542.185S,PUMP MISC,PU
164912,"BUSHING, THROTTLE ITEM NO 185C","جلبة، خانق، رقم الصنف 185C",MIN_MAX,RS-GUPCO,0,,7902110,EACH,542.185C,PUMP MISC,PU
164915,"PIECE, STAGE SERIES ITEM NO. 147-A                 P/N. 9122 CF8M  C/P B27682                         NEW P/N.1783115","قطعة، سلسلة المسرح، رقم الصنف 147-أ، رقم القطعة 9122 CF8M C/P B27682، جديد، رقم القطعة 1783115",MIN_MAX,RS-GUPCO,0,,7902110,EACH,541.147A,PUMP MISC,PU
164916,"PIN, TAPER NO. 8 X 2-1/4 IN. LONG","دبوس، مخروطي رقم 8 × 2-1/4 بوصة طولاً",PLANNED_WO,RS-GUPCO,0,,7902110,EACH,566.094,PUMP MISC,PU
164936,PIECE STAAGE CENTER ITEM 720. 147B                 P/N. 1854526  NEW P/N. B 27685-A                   EYE.O.D 5.130 IN,"قطعة مركزية للمسرح، رقم الصنف 720. 147B، رقم القطعة 1854526، رقم القطعة الجديد B 27685-A، قطر العين 5.130 بوصة",INSURANCE_SPARE,RS-GUPCO,0,,7902110,EACH,1783117,PUMP MISC,PU
164937,"COVER, BEARING ITEM NO. 164-A","غطاء، يحمل رقم الصنف 164-أ",PLANNED_WO,RS-GUPCO,0,,7902110,EACH,1568906,PUMP MISC,PU
165158,"BEARING,MAIN ITEM NO.15","محمل، العنصر الرئيسي رقم 15",PLANNED_WO,RS-GUPCO,0,,7919402,EACH,,PUMP MISC,PU
165159,"PLUNGER, CERAMIC ITEM NO. 17","مكبس، قطعة خزفية رقم 17",PLANNED_WO,RS-GUPCO,0,,7919402,EACH,,PUMP MISC,PU
164679,"SHAFT, PUMP                                        ITEM NO. 122A","عمود المضخة، رقم الصنف 122A",INSURANCE_SPARE,RS-GUPCO,0,,7907126,EACH,104-733 2238,PUMP MISC,PU
164681,"BEARING, DEEP GROOVE BALL, INBOARD (RADIAL END) , ITEM NO. 168A ( SKF 6309 ), GOULDS Part No. 8050-30960","محمل كروي ذو أخدود عميق، داخلي (طرف شعاعي)، رقم الصنف 168A (SKF 6309)، رقم قطعة غولدز 8050-30960",INSURANCE_SPARE,RS-GUPCO,0,,7907126,EACH,,PUMP MISC,PU
164682,"COVER, STUFFING BOX                                ITEM NO. 184","غطاء، صندوق حشو، رقم الصنف 184",PLANNED_WO,RS-GUPCO,0,,7907126,EACH,R100-585 1203,PUMP MISC,PU
164683,"SEAL, OIL INBOARD END                              ITEM NO. 333A","مانع تسرب الزيت، الطرف الداخلي، رقم القطعة 333A",PLANNED_WO,RS-GUPCO,2,,7907126,EACH,8690-17645,PUMP MISC,PU
164686,"O-RING, IMPELLER                                   ITEM NO. 412A","حلقة مانعة للتسرب، دافعة، رقم الصنف 412A",PLANNED_WO,RS-GUPCO,1,,7907126,EACH,C02495A28 6359,PUMP MISC,PU
161235,"TUBE ASSY, P/N 4N9428.","مجموعة الأنابيب، رقم القطعة 4N9428.",INSURANCE_SPARE,RS-GUPCO,0,04/J17B,7103141,EACH,4N9428,CATERPILLAR,MM
161221,"TUBE ASSY,  P/N. 4N4999","مجموعة الأنابيب، رقم القطعة 4N4999",MIN_MAX,RS-GUPCO,0,04J08D,7103141,EACH,4N4999,CATERPILLAR,MM
161472,"ELBOW,  P/N. 1W4482","كوع، رقم القطعة 1W4482",INSURANCE_SPARE,RS-GUPCO,0,04R21F (1),7103141,EACH,1W4482,CATERPILLAR,MM
164669,"COLUMN,BOTTOM ASSY. ITEM NO. 644                   P/N.C2403_7_249645","عمود، مجموعة القاعدة. رقم الصنف 644، رقم القطعة C2403_7_249645",INSURANCE_SPARE,RS-GUPCO,2,07 YARD,7907142,EACH,C24030F7248510,PUMP MISC,PU
161375,"BOLT, 1/2 IN NC THRD X 1-1/2 IN","مسمار، 1/2 بوصة ملولب غير قياسي × 1-1/2 بوصة",PLANNED_WO,RS-GUPCO,0,04K08B(1),7103144,EACH,50CA0S1585,CATERPILLAR,MM
161386,"BOLT, 3/8 IN. NC THRD X 3-3/4 IN.","مسمار، 3/8 بوصة، سن لولبي غير قياسي × 3-3/4 بوصة.",PLANNED_WO,RS-GUPCO,0,04K08F(1),7103144,EACH,25CA0S1608,CATERPILLAR,MM
161387,"BOLT, 1/4 IN. NC THRD X 3/8 IN.","مسمار، 1/4 بوصة، سن لولبي غير قياسي × 3/8 بوصة.",INSURANCE_SPARE,RS-GUPCO,0,04/K08F,7103144,EACH,10CA0S1613,CATERPILLAR,MM
164963,"KEY, SHAFT SLEEVE                                  NEW P/N. 9070 AISI 316 G97318-01  1982192","مفتاح، جلبة عمود جديدة، رقم القطعة 9070، AISI 316، G97318-01، 1982192",INSURANCE_SPARE,RS-GUPCO,0,,7902110,EACH,1978683,PUMP MISC,PU
164938,RING IMPELLER STAGE 1 EYE ITEM NO.174-A,حلقة دافعة المرحلة 1 عين رقم الصنف 174-أ,MIN_MAX,RS-GUPCO,0,,7902110,EACH,503.174A,PUMP MISC,PU
164939,"RING, IMPELLER SERIES EYE ITEM NO. 174-B","حلقة، سلسلة المروحة، رقم الصنف 174-ب",INSURANCE_SPARE,RS-GUPCO,0,,7902110,EACH,1509365,PUMP MISC,PU
164640,"BOWL, INTERMEDIATE FOR S/N.305484-1 AND 2          ITEM NO. 670","وعاء متوسط الحجم للرقم التسلسلي 305484-1 و2، رقم الصنف 670",INSURANCE_SPARE,RS-GUPCO,0,02U55F (1),7907134,EACH,C39620F003 1123,PUMP MISC,PU
164513,"HOLD TILL 1/12/2026,  INT. BOWL 316 S.S. ITEM NO 670","يُحفظ حتى 1/12/2026، وعاء داخلي 316 SS رقم الصنف 670",MIN_MAX,RS-GUPCO,0,,7907160,EACH,,PUMP MISC,PU
164474,"SHAFT, PUMP ITEM NO. 660 ,","عمود المضخة، رقم الصنف 660،",MIN_MAX,RS-GUPCO,0,,7907160,EACH,B55160F004 2159,PUMP MISC,PU
164479,IMPELLER KEY           ITEM NO. 730E               P/N.A8443-6-EA-2217,"مفتاح المروحة، رقم الصنف 730E، رقم القطعة A8443-6-EA-2217",INSURANCE_SPARE,RS-GUPCO,0,,7907160,EACH,A84430FFEA 2217,PUMP MISC,PU
161461,"GASKET,CENTRAL & LOWER STRUCTURE , P/N : 4255672","حشية، الهيكل المركزي والسفلي، رقم القطعة: 4255672",PLANNED_WO,RS-GUPCO,0,,7103139,EACH,1CA4255672,CATERPILLAR,MM
165291,"RING, WEAR IMPELLER ITEM NO. 196","حلقة، دافع قابل للتآكل، رقم الصنف 196",INSURANCE_SPARE,RS-GUPCO,0,02/T14G,7918104,EACH,96863054,PUMP MISC,PU
165320,"SLEEVE,SHAFT WITH PINS REF.NO.1895                 P/N.1895A875X11B002-379","جلبة، عمود مع دبابيس، رقم المرجع 1895، رقم القطعة 1895A875X11B002-379",OBSOLETE,RS-GUPCO,0,,7909104,EACH,1895A875X11B02,PUMP MISC,PU
165322,"KEY, IMPELLER FIRST STAGE REF. NO 11A","مفتاح، دافع المرحلة الأولى، رقم المرجع 11أ",OBSOLETE,RS-GUPCO,0,02V46A (1),7909108,EACH,11A9C0062X0331,PUMP MISC,PU
165323,"KEY ,IMPELLER SECOND STG. REF.NO. 11B","مفتاح، دافع المرحلة الثانية، رقم المرجع 11ب",OBSOLETE,RS-GUPCO,0,02V46A (1),7909108,EACH,11A9C141,PUMP MISC,PU
165324,"PIN, REF.NO.29","رقم التعريف الشخصي، رقم المرجع 29",INSURANCE_SPARE,RS-GUPCO,0,02T18A,7909108,EACH,26A13E243-669,PUMP MISC,PU
165325,"KEY, THRUST COLLAR REF. NO.54","مفتاح، طوق دفع رقم المرجع 54",OBSOLETE,RS-GUPCO,0,02V46A (1),7909108,EACH,11A9C77,PUMP MISC,PU
165326,"RING, CHANNEL REF. NO. 60",رقم مرجع القناة 60,INSURANCE_SPARE,RS-GUPCO,0,02V46G (1),7909108,EACH,8PH60AX2A-204,PUMP MISC,PU
164670,"BEARING,LINE SHAFT ITEM NO. 653","محمل عمود الدوران، رقم الصنف 653",INSURANCE_SPARE,RS-GUPCO,1,,7907142,EACH,B71000F0025402,PUMP MISC,PU
164869,O_RING ITEM NO.208S (102-D),حلقة دائرية رقم 208S (102-D),MIN_MAX,RS-GUPCO,0,,7902110,EACH,412.208S,PUMP MISC,PU
164951,"KEY,STAGES 2,4 AND 5 IMPELLERS ITEM NO.255_A","مفتاح، مراوح المراحل 2 و4 و5، رقم الصنف 255_أ",INSURANCE_SPARE,RS-GUPCO,0,,7902110,EACH,1053841,PUMP MISC,PU
164954,"KEY,THROTTLE SLEEVE ITEM NO.255_D","مفتاح، غطاء الخانق، رقم الصنف 255_D",INSURANCE_SPARE,RS-GUPCO,0,,7902110,EACH,1053817,PUMP MISC,PU
164949,"PLASTIGAGE, 0.003-0.006 IN.","مقياس البلاستيك، 0.003-0.006 بوصة.",SURPLUS,RS-GUPCO,0,,7902110,EACH,HPR-1,PUMP MISC,PU
164953,"KEY, STAGE 6 IMPELLER ITEM NO. 255-C","مفتاح، دافع المرحلة 6، رقم الصنف 255-C",INSURANCE_SPARE,RS-GUPCO,0,,7902110,EACH,1854569,PUMP MISC,PU
164960,"RING, RETAINING                                    @ REF. MR. 41/96","حلقة تثبيت، رقم المرجع: MR. 41/96",INSURANCE_SPARE,RS-GUPCO,0,02T06E (1),7902110,EACH,932.309S-1061860,PUMP MISC,PU
164650,"RING, WEAR BOWL FOR S/N.T305486 ITEM NO. 680","حلقة، وعاء قابل للارتداء للرقم التسلسلي T305486، رقم الصنف 680",PLANNED_WO,RS-GUPCO,0,,7907138,EACH,B44070F004 1203,PUMP MISC,PU
164652,"BEARING, SUCTION BELL ITEM NO. 690","محمل، جرس شفط، رقم الصنف 690",PLANNED_WO,RS-GUPCO,0,,7907138,EACH,A97570F002 6132,PUMP MISC,PU
164653,"O-RING, ITEM NO. 743-D","حلقة دائرية، رقم الصنف 743-D",MIN_MAX,RS-GUPCO,0,03B12E,7907136,EACH,C60000F256 5302,PUMP MISC,PU
164668,"HUB,PUMP ITEM NO. 614 P/N. 2210_3K_A_6291_1","محور المضخة، رقم الصنف 614، رقم القطعة 2210_3K_A_6291_1",SURPLUS,RS-GUPCO,0,,7907142,EACH,C03032F1006016,PUMP MISC,PU
164572,"SHAFT, PUMP ITEM NO. 660 P/N. C02341FGCL2216","عمود المضخة، رقم الصنف 660، رقم القطعة C02341FGCL2216",INSURANCE_SPARE,RS-GUPCO,0,02S17H,7907154,EACH,C02341FGCL2216,PUMP MISC,PU
164574,"SHAFT, PUMP W.L.8 IN. S.U. ITEM NO. 660","عمود مضخة WL8 بوصة، رقم الصنف 660",INSURANCE_SPARE,RS-GUPCO,0,,7907156,EACH,C02343FCKN2216,PUMP MISC,PU
164575,"BOWL, TOP ITEM NO. 669","وعاء، رقم الصنف العلوي 669",INSURANCE_SPARE,RS-GUPCO,0,01E30A (1),7907154,EACH,C03412F0001123,PUMP MISC,PU
164577,"BOWL, INTERMEDIATE ITEM NO. 670","وعاء، متوسط، رقم الصنف 670",PLANNED_WO,RS-GUPCO,0,,7907154,EACH,C48710F0001123,PUMP MISC,PU
164578,"BUSHING, INTERMEDIATE BOWL ITEM NO. 672 (BRONZE CAST ALLOY 932-SAE 660) FOR PUMP S/N T305149","جلبة، وعاء وسيط، رقم الصنف 672 (مصنوع من سبيكة برونزية مصبوبة 932-SAE 660) لمضخة رقم تسلسلي T305149",INSURANCE_SPARE,RS-GUPCO,0,,7907154,EACH,B01004F0001618,PUMP MISC,PU
165333,"SHIM, 0.010"" THICK THRUST COLLAR REF. NO. 257B","حشوة، سمك 0.010 بوصة، طوق دفع، رقم المرجع 257B",INSURANCE_SPARE,RS-GUPCO,0,,7909108,EACH,281D257HX2-249,PUMP MISC,PU
165334,"THIM, THRUST BEARING TO END COVER REF NO. 257C",محمل الدفع إلى الغطاء النهائي رقم المرجع 257C,INSURANCE_SPARE,RS-GUPCO,0,02V46E (1),7909108,EACH,281D257HX3-249,PUMP MISC,PU
165335,"RING, BACK IMPELLER SECOND STAGE REF.NO. 5         ST.ST.316","حلقة، دافع خلفي، المرحلة الثانية، رقم المرجع 5، ST.ST.316",INSURANCE_SPARE,RS-GUPCO,0,02V46E (1),7909108,EACH,425D5DX2-204,PUMP MISC,PU
165336,"RING, SEAL THRUST BEARING REF. NO. 308","حلقة مانعة للتسرب لمحمل الدفع، رقم المرجع 308",INSURANCE_SPARE,RS-GUPCO,0,02V48A (1),7909108,EACH,225D308CX1-673,PUMP MISC,PU
165337,"BEARING, THRUST KINGSBURY MODEL NN-5 SIZE 3X3","محمل دفع، طراز كينغزبري NN-5، مقاس 3×3",INSURANCE_SPARE,RS-GUPCO,0,,7909108,EACH,KTBA-NN5-27-5-8D(3X3),PUMP MISC,PU
165338,"RING, WEARING CASING REF. NO. 6 ST.ST.316          CASING RING                                        P/NO. 5HMT6HX1-816","حلقة، غلاف الارتداء رقم المرجع 6 ST.ST.316، رقم قطعة حلقة الغلاف 5HMT6HX1-816",INSURANCE_SPARE,RS-GUPCO,0,02V48B (1),7909108,EACH,,PUMP MISC,PU
165339,"SLEEVE, SHAFT REF.NO. 8                            P/N. H-3375-882-B702","جلبة، عمود، رقم المرجع 8، رقم القطعة H-3375-882-B702",INSURANCE_SPARE,RS-GUPCO,0,,7909108,EACH,H-3375-882-B70,PUMP MISC,PU
161779,PUMP COMPLETE INCLUDING POWER END WITHOUT ELECTRIC MOTOR TYPE TD-60 (TRIPLEX PUMP) WITH 600,مضخة كاملة تشمل وحدة الطاقة بدون محرك كهربائي من النوع TD-60 (مضخة ثلاثية) بسعة 600,INSURANCE_SPARE,RS-GUPCO,0,,7321128,EACH,TD60 1.75 x 3,PUMP CENTRIFUG,PU
160948,CUP BEARING,محمل الكأس,PLANNED_WO,RS-GUPCO,0,,7103140,EACH,5L1545,CATERPILLAR,MM
161018,"CONE,BEARING FOR CLUTCH ASSY.","مخروط، محمل لمجموعة القابض.",INSURANCE_SPARE,RS-GUPCO,0,04H19B,7103140,EACH,1CA7L6551,CATERPILLAR,MM
164970,"BUSHING,THROITLE","البطانة، الحلق",MIN_MAX,RS-GUPCO,0,02T03,7902102,EACH,1165011,PUMP MISC,PU
164971,"SLEEVE, (THROTTLE)",كم (خانق),MIN_MAX,RS-GUPCO,0,02T03,7902102,EACH,1165593,PUMP MISC,PU
164973,"SHAFT,","رمح،",MIN_MAX,RS-GUPCO,0,01N01D,7902102,EACH,1835815,PUMP MISC,PU
164976,"RING, THRUST","رنين، دفع",INSURANCE_SPARE,RS-GUPCO,0,02U03G (1),7902102,EACH,1115855,PUMP MISC,PU
164977,"IMPELLER, (STG.1)","المروحة، (المرحلة 1)",INSURANCE_SPARE,RS-GUPCO,0,02U01A (1),7902102,EACH,1835823,PUMP MISC,PU
164978,"RING, IMPELLER (STG.1)","حلقة، دافعة (المرحلة 1)",MIN_MAX,RS-GUPCO,0,02T03,7902102,EACH,1835831,PUMP MISC,PU
164980,"CYLINDER,BY-PASS",أسطوانة جانبية,MIN_MAX,RS-GUPCO,0,02T03,7902102,EACH,2209064,PUMP MISC,PU
161488,"INDICATOR LAMP, FOR IGNITION SYSTEM MFG. ""REAGAN E QUIPMENT CO.""","مصباح مؤشر لنظام الإشعال، من إنتاج شركة ""ريجان إي للمعدات"".",INSURANCE_SPARE,RS-GUPCO,0,04R13C (1),7103126,EACH,RSI-0329,CATERPILLAR,MM
161523,"SPYDER LEAD, FOR IGNITION SYSTEM MFG. ""REAGAN EQUI PMENT CO.""","سلك سبايدر، لتصنيع نظام الإشعال. شركة ريغان للمعدات.",SURPLUS,RS-GUPCO,0,04     (1),7103126,EACH,RSI-0179,CATERPILLAR,MM
161524,"SPYDER LEADER, FOR IGNITION SYSTEM MFG. ""REAGAN EQ UIPMENT CO.""","سبايدر ليدر، لتصنيع أنظمة الإشعال ""شركة ريغان للمعدات"".",SURPLUS,RS-GUPCO,0,04     (1),7103126,EACH,RSI-0183,CATERPILLAR,MM
161525,"SPYDER LEADER, FOR IGNITION SYSTEM MFG. ""REAGAN EQ UIPMENT CO.""","سبايدر ليدر، لتصنيع أنظمة الإشعال ""شركة ريغان للمعدات"".",SURPLUS,RS-GUPCO,0,04     (1),7103126,EACH,RSI T6L28,CATERPILLAR,MM
161568,"PLUNGER,ADAPTER","مكبس، محول",MIN_MAX,RS-GUPCO,0,02Q21F,7313106,EACH,2720026506,PUMP CENTRIFUG,PU
161569,"NUT, CRANK","صامولة، ذراع التدوير",INSURANCE_SPARE,RS-GUPCO,0,02S32A (1),7313106,EACH,4050128031,PUMP CENTRIFUG,PU
161570,"BALL, CHECK ASSY NO. 407-0014-212","كرة، مجموعة فحص رقم 407-0014-212",INSURANCE_SPARE,RS-GUPCO,0,02/Q21F,7313105,EACH,407-0014-212N,PUMP CENTRIFUG,PU
165413,SHAFT PUMP STD KEY 1.00 1.00 LH 37.88 LG 6 GRV     316 SS,مفتاح قياسي لمضخة عمود الدوران 1.00 1.00 يسار 37.88 LG 6 GRV 316 SS,PLANNED_WO,RS-GUPCO,1,,7909131,EACH,82463464,PUMP MISC,PU
165582,"HEADSHAFT, 1-15/16 IN. X 7 FT. 10-7/8 IN.          OLD P/N. 751183-CC                                 REF. NO. 167","عمود رأس، 1-15/16 بوصة × 7 أقدام و10-7/8 بوصة. رقم القطعة القديم: 751183-CC، رقم المرجع: 167",INSURANCE_SPARE,RS-GUPCO,0,01/N02D,7902218,EACH,8012219,PUMP MISC,PU
165042,"PIN,DOWEL ITEM NO. 262-B 5/16X3/4","دبوس، وتد، رقم الصنف 262-ب، 5/16 × 3/4",SURPLUS,RS-GUPCO,0,,7902108,EACH,562-262B,PUMP MISC,PU
160931,"BOLT, OIL PUMP","مسمار، مضخة زيت",INSURANCE_SPARE,RS-GUPCO,0,04H02E (1),7103126,EACH,4L7924,CATERPILLAR,MM
164654,COUPLING HUB.,مركز التوصيل.,INSURANCE_SPARE,RS-GUPCO,0,02U51B (1),7907178,EACH,A03241A03,PUMP MISC,PU
164656,"SPACER 5"" USED FOR METASTREAM COUPLING TSCS0011, Manufacturer JohnCrane. P/N.   89357087.","فاصل 5 بوصات يُستخدم لوصلة ميتاستريم TSCS0011، من إنتاج شركة جون كرين. رقم القطعة: 89357087.",PLANNED_WO,RS-GUPCO,2,,7907178,EACH,89357087,BR/SL/S.PLG/FLT,PU
164678,"BEARING, DOUBLE ROW ANGULAR CONTACT BALL,OUTBOARD (THRUST END) , ITEM NO. 112A ( SKF 3309 A/C3 )","محمل كروي مزدوج الصفوف ذو تلامس زاوي، خارجي (طرف الدفع)، رقم الصنف 112A (SKF 3309 A/C3)",INSURANCE_SPARE,RS-GUPCO,0,,7907126,EACH,8049-30904,PUMP MISC,PU
173510,"MECH.SEAL, COMPLETE WITH GLAND PLATE TYPE 8B1  CODE XF51 1D1 DWG.NO CF-SP 35671-27","مانع تسرب ميكانيكي، كامل مع صفيحة حشو من النوع 8B1، الرمز XF51 1D1، رقم الرسم CF-SP 35671-27",PLANNED_WO,RS-GUPCO,1,02G54A,7321115,EACH,CF-SP 35671-27,BELT/TRANSMIT,PU
164964,"STUFFING BOX, ASSY. DWG. A-47818 W/OUT COVER 254- 5INCLUDING: NUT LOCK # 121-S , BUSHING # 185-S ,    O-RING SET ( BUSHI","صندوق حشو، تجميع. رسم A-47818 بدون غطاء 254-5 يشمل: قفل صامولة رقم 121-S، جلبة رقم 185-S، مجموعة حلقات دائرية (جلبة)",MIN_MAX,RS-GUPCO,0,,7902110,SET,~,PUMP MISC,PU
161027,"CANON PLUG, EU-3P                                  REF.""REAGAN EQUIPMENT CO""","قابس كانون، EU-3P، مرجع ""شركة ريغان للمعدات""",INSURANCE_SPARE,RS-GUPCO,0,,0,EACH,1CA8L8424,CATERPILLAR,MM
165382,"SHAFT,                                             P/N. 2807A150VIPD008-827","عمود، رقم القطعة 2807A150VIPD008-827",INSURANCE_SPARE,RS-GUPCO,0,01N04F,7909124,EACH,2807A150VIPD008-827,PUMP MISC,PU
165378,"BEARING, HOLDER INTER                              P/N. 1109A400VIPA001-816","محمل، حامل داخلي، رقم القطعة 1109A400VIPA001-816",INSURANCE_SPARE,RS-GUPCO,0,02V54B (1),7909124,EACH,1109A400VIPA001-816,PUMP MISC,PU
164972,IMPELLER(STG.3),المروحة (المرحلة 3),INSURANCE_SPARE,RS-GUPCO,0,02/U03E,7902102,EACH,2300577,PUMP MISC,PU
160942,"O-RING, SEAL 3.225"" DIA, RED W W G.","حلقة دائرية، مانع تسرب بقطر 3.225 بوصة، أحمر W W G.",INSURANCE_SPARE,RS-GUPCO,0,03A04E (1),7103144,EACH,4L8337,CATERPILLAR,MM
160998,"STUD, HI-TEMP, 3/8"" NC THRD BOTH ENDS X 1.8"",      TAPERLOCK.","مسمار، عالي الحرارة، 3/8 بوصة NC THRD كلا الطرفين × 1.8 بوصة، TAPERLOCK.",PLANNED_WO,RS-GUPCO,0,04H11A (1),7103144,EACH,10CA6L8562,CATERPILLAR,MM
165116,"RING, OIL MOUNTING SLEEVE","حلقة، غلاف تثبيت الزيت",INSURANCE_SPARE,RS-GUPCO,0,02T12H,7902112,EACH,1125249,PUMP MISC,PU
165117,"BUSHING, THROAT  ITEM NO. 185B                     P/NO. 30XXA46515-1226460","جلبة، حلقة، رقم الصنف 185B، رقم القطعة 30XXA46515-1226460",MIN_MAX,RS-GUPCO,0,02T12,7902112,EACH,1226460,PUMP MISC,PU
165014,"RING, THRUST   ITEM NO. 186                        P/NO. 9070A55767-1226495                           NEW P/N. 9070-AISI","حلقة دفع، رقم الصنف 186، رقم القطعة 9070A55767-1226495، جديد، رقم القطعة 9070-AISI",INSURANCE_SPARE,RS-GUPCO,0,,7902112,EACH,1226495,PUMP MISC,PU
164680,"HOUSING , BAERING ITEM NO. 134A      P/N 104-729 1000 S/S","غلاف، رقم صنف بايرينغ 134A، رقم القطعة 104-729، 1000 فولاذ مقاوم للصدأ",PLANNED_WO,RS-GUPCO,1,,7907126,EACH,D04872A 1000,PUMP MISC,PU
164689,"hold till 01/01/2027, SHAFT,SLEAVE ITEM NO 126 MAT 2229","يُحفظ حتى 01/01/2027، عمود، كم، رقم الصنف 126، رقم المادة 2229",INSURANCE_SPARE,RS-GUPCO,0,,7907140,EACH,C00445A 2229,PUMP MISC,PU
164692,"PUMP GOULDS TYPE 3910 GROUP 8SA SIZE 1.5 X 3 9 GP/SA WITHOUT MOTOR (100 GPM, 191 FT @ 3600 RPM) ISO 1","مضخة غولدز من النوع 3910، المجموعة 8SA، المقاس 1.5 × 3، سعة 9 جالون/مل بدون محرك (100 جالون/دقيقة، 191 قدم عند 3600 دورة/دقيقة)، ISO 1",INSURANCE_SPARE,RS-GUPCO,0,,7907178,EACH,,PUMP MISC,PU
164693,"IMPELLER,      P/N. 0D00465A13-1000 ITEM NO. 101","مروحة، رقم القطعة 0D00465A13-1000، رقم الصنف 101",INSURANCE_SPARE,RS-GUPCO,0,02U45C (1),7907178,EACH,0D00465A13-1000,PUMP MISC,PU
164694,"BEARING THRUST,           ITEM NO. 112             (ISSUE 2 EA = 1 ST)","محمل الدفع، رقم الصنف 112 (الإصدار 2 EA = 1 ST)",INSURANCE_SPARE,RS-GUPCO,0,02U45D (1),7907178,EACH,R8057 3 1223,PUMP MISC,PU
164723,"BEARING, BALL ANGULAR CONTACT DOUBLE ROW SKF 3309 A-2Z/C3 MT33. P/N 3309 A-2Z/C3",محمل كروي مزدوج الصفوف ذو تلامس زاوي SKF 3309 A-2Z/C3 MT33. رقم القطعة 3309 A-2Z/C3,MIN_MAX,RS-GUPCO,0,2G83F,7907117,EACH,3309 A-2Z/C3,BR/SL/S.PLG/FLT,PU
164725,"SLEEVE, SHAFT 316SS(FLUSH VENT &DRAIN GLAND)       FLOWSARVER TYPE OB (STD BORE)                      REF.NO.126","جلبة، عمود من الفولاذ المقاوم للصدأ 316 (فتحة تهوية وغدة تصريف) من نوع Flowsarver OB (قطر قياسي) رقم المرجع 126",INSURANCE_SPARE,RS-GUPCO,0,,7907119,EACH,B00721A-2229,PUMP MISC,PU
164726,"SHAFT,","رمح،",PLANNED_WO,RS-GUPCO,0,,7907121,EACH,R 104-733 2229C,PUMP MISC,PU
164727,"BEARING, BALL RIADIAL I.B.",محمل كروي شعاعي IB,INSURANCE_SPARE,RS-GUPCO,0,02S07,7907121,EACH,8050-20760,PUMP MISC,PU
164730,CASING GASKET ITEM NO. 351,"حشية الغلاف، رقم الصنف 351",INSURANCE_SPARE,RS-GUPCO,0,,7907117,EACH,70782 29 5127,PUMP MISC,PU
164731,IMPELLER ITEM NO. 101,المروحة رقم 101,INSURANCE_SPARE,RS-GUPCO,0,02S07E,7907117,EACH,0B10009 1203,PUMP MISC,PU
164734,"BEARING, DOUBLE ROW ANGULAR CONTACT BALL, OUTBOARD (THRUST END) , ITEM NO. 112 ( SKF 3306 A-Z/C3 ) , GOULDS Part No. 805","محمل كروي مزدوج الصفوف ذو تلامس زاوي، خارجي (طرف الدفع)، رقم الصنف 112 (SKF 3306 AZ/C3)، رقم قطعة غولدز 805",INSURANCE_SPARE,RS-GUPCO,0,,7907115,EACH,,PUMP MISC,PU
165327,"LOCK NUT , REF. NO. 128","صامولة قفل، رقم المرجع 128",INSURANCE_SPARE,RS-GUPCO,0,02V46B (1),7909108,EACH,175D128BX1-17,PUMP MISC,PU
165328,IMPELLER FIRST STAGE REF. NO. 3A ST.ST.316,دافع المرحلة الأولى رقم المرجع 3A ST.ST.316,INSURANCE_SPARE,RS-GUPCO,0,02V46H (1),7909108,EACH,,PUMP MISC,PU
165329,"IMPELLER, SECOND STAGE REF.NO. 3B ST.ST.316","دافع، المرحلة الثانية، رقم المرجع 3B ST.ST.316",INSURANCE_SPARE,RS-GUPCO,0,02V46F (1),7909108,EACH,8PH3BX2A-813,PUMP MISC,PU
165330,"NUT, COUPLING REF.NO. 164","صامولة، وصلة رقم المرجع 164",OBSOLETE,RS-GUPCO,0,02V46C (1),7909108,EACH,3AHT164AX1A-9,PUMP MISC,PU
165331,"RING, IMPELLER REF.NO. 4 ST.ST.316","حلقة، دافعة، رقم المرجع 4، ST.ST.316",INSURANCE_SPARE,RS-GUPCO,0,02V46D (1),7909108,EACH,4HMT4GX-204,PUMP MISC,PU
165332,"SHIM, 0.005"" THICK THRUST COLLAR REF NO 257A","حشوة، سمك 0.005 بوصة، طوق دفع، رقم المرجع 257A",INSURANCE_SPARE,RS-GUPCO,0,,7909108,EACH,281D257HX1-249,PUMP MISC,PU
164744,"SLEEVE, SHAFT FOR GOULDS PUMP MOD. 3996 ST S/N. E764C881-1-2, Drawing no.: 126","جلبة عمود لمضخة غولدز موديل 3996 ST، الرقم التسلسلي E764C881-1-2، رقم الرسم: 126",INSURANCE_SPARE,RS-GUPCO,0,02S07G,3010109,EACH,B00689A 2229,PUMP MISC,PU
164745,"RING, WEAR BOWL P/N. A96510F004 1203 ( OLD P.NO.A96510D004 1203 )","حلقة، وعاء قابل للتآكل، رقم القطعة A96510F004 1203 (رقم القطعة القديم A96510D004 1203)",MIN_MAX,RS-GUPCO,0,02S07G,7907166,EACH,A96510F0041203,PUMP MISC,PU
164746,"RING, WEAR IMP.                                    P/N. A96500F000 1203","خاتم، قابل للارتداء، رقم القطعة: A96500F000 1203",MIN_MAX,RS-GUPCO,0,02S07G,7907166,EACH,A96500F0001203,PUMP MISC,PU
164747,Bearing Suc. bell for Goulds pump 6x9CLC S/N 308675 P/N H85500F000 1618,"جرس شفط محمل لمضخة غولدز 6x9CLC، الرقم التسلسلي 308675، رقم القطعة H85500F000 1618",INSURANCE_SPARE,RS-GUPCO,0,02S05A,7907166,EACH,H85500F000 1618,PUMP MISC,PU
165218,"COMPLETE PUMP WITHOUT ELECT. MOTOR (REF. GRUNDFOS  PUMPS CORPORATION) TYPE: CRN 16 - 100 U-P-G. AUUE ,MODEL: B 33136070E","مضخة كاملة بدون محرك كهربائي (مرجع: شركة جروندفوس للمضخات) النوع: CRN 16 - 100 UPG. AUUE، الموديل: B 33136070E",INSURANCE_SPARE,RS-GUPCO,0,01/E28A,7907100,EACH,~,PUMP MISC,PU
165219,"COUPLING COMPLETE FOR COMPLETE PUMP TYPE:          CRN 16-100 U-P-G. AUUE, MODEL: B 33136070E P1 952 9","وصلة كاملة لمضخة كاملة من النوع: CRN 16-100 UPG. AUUE، الموديل: B 33136070E P1 952 9",INSURANCE_SPARE,RS-GUPCO,0,02/T14,7907100,EACH,D42/D16,PUMP MISC,PU
165220,"COMPLETE PUMP WITHOUT ELECT. MOTOR (REF. GRUNDFOS  PUMPS CORP.) TYPE: CRN 16-30 U-P-G-BUBE,           MODEL: B 33136063E","مضخة كاملة بدون محرك كهربائي (مرجع: شركة جروندفوس للمضخات) النوع: CRN 16-30 UPG-BUBE، الموديل: B 33136063E",INSURANCE_SPARE,RS-GUPCO,0,01E29C (1),7907100,EACH,,PUMP MISC,PU
165221,"COUPLING COMPLETE FOR COMPLETE PUMP TYPE:          CRN 16-30 U-P-G-BUBE, MODEL: B 33136063E P1 9618","وصلة كاملة لمضخة كاملة من النوع: CRN 16-30 UPG-BUBE، الموديل: B 33136063E P1 9618",INSURANCE_SPARE,RS-GUPCO,0,02V22C (1),7907100,EACH,,PUMP MISC,PU
161581,BEARING CROSSHEAD ASSY NO 137-0017-062,مجموعة رأس متقاطع محمل رقم 137-0017-062,PLANNED_WO,RS-GUPCO,0,,7313105,EACH,237-A,PUMP CENTRIFUG,PU
164988,"RING, OIL (JOURNAL BRG) ,","حلقة، زيت (مجلد دفتر اليومية)،",MIN_MAX,RS-GUPCO,0,,7902104,EACH,1411640,PUMP MISC,PU
164503,"IMPELLER, ITEM NO. 101","المروحة، رقم الصنف 101",INSURANCE_SPARE,RS-GUPCO,0,01E28D (1),7907148,EACH,D00157A02 1203,PUMP MISC,PU
183155,STL. GASKET,حشية فولاذية,MIN_MAX,RS-GUPCO,0,02W35B(1),8025100,EACH,A-1889,COMPRESSOR USA,MM
176273,"COUPLING, RIGID",وصلة صلبة,PLANNED_WO,RS-GUPCO,0,,7321114,EACH,818B0158600D12601,PUMP CENTRIFUG,PU
176276,"BOX,STUFFING MECH-SEAL ASSY.4X1-11/16 IN","صندوق، حشو، مجموعة مانع تسرب ميكانيكي، 4 × 1-11/16 بوصة",PLANNED_WO,RS-GUPCO,0,,7321116,EACH,1011F080,PUMP CENTRIFUG,PU
176277,"BOX,STUFFING BEARING GPHY 1-11/16X2X5IN","صندوق، حشو محمل GPHY 1-11/16 × 2 × 5 بوصة",INSURANCE_SPARE,RS-GUPCO,0,02 Q 07 A,7321116,EACH,BGP2000099,PUMP CENTRIFUG,PU
164463,"Shell BRG MOT SPRT RDSN M GP, P/No. C019358 1000.","Shell BRG MOT SPRT RDSN M GP, P/No. C019358 1000.",MIN_MAX,RS-GUPCO,0,02S23G,7907124,EACH,C01935B1002,PUMP MISC,PU
164433,"COUPLING, WOODS SUPER FLEX. NO. J7 BORE SIZE       1-1/8 IN.  CONSISTS OF THE FOLLOWING:-             - FLANGES   P/N. 8","وصلة، وودز سوبر فليكس. رقم J7، قطر التجويف 1-1/8 بوصة. تتكون من التالي: - حواف رقم 8",MIN_MAX,RS-GUPCO,0,,7907122,SET,2-867-102,BR/SL/S.PLG/FLT,PU
164794,"SUCTION, BELL ITEM NO 689","شفط، رقم الصنف 689 من بيل",INSURANCE_SPARE,RS-GUPCO,0,02U19E (1),7907165,EACH,B42870F002 1123,PUMP MISC,PU
165449,"GASKET, OUTER SPIRAL WOUND                         NEW P/NO 2450D36DX1-S-316-1",حشية حلزونية خارجية جديدة رقم القطعة 2450D36DX1-S-316-1,MIN_MAX,RS-GUPCO,0,02T26,7909110,EACH,2450D363DX1-S-316-9,PUMP MISC,PU
165458,"NUT, SHAFT","صامولة، عمود",PLANNED_WO,RS-GUPCO,0,,7909110,EACH,362S126AX1B-20,PUMP MISC,PU
165460,"SHAFT, (NEW P/N. 8X23JSG10XG3-15)                  P/NO. 8X23JSG10XG3-15","عمود، (رقم القطعة الجديد 8X23JSG10XG3-15) رقم القطعة 8X23JSG10XG3-15",PLANNED_WO,RS-GUPCO,0,,7909110,EACH,8X23JSG10XG3-15,PUMP MISC,PU
164587,"BUSHING , P/N : B69670F0026132, SUCTION BELL ITEM NO. 690","جلبة، رقم القطعة: B69670F0026132، جرس شفط، رقم الصنف: 690",PLANNED_WO,RS-GUPCO,0,,7907156,EACH,B69670F0026132,PUMP MISC,PU
164588,"BUSHING, SUCTION BELL ITEM NO. 690","جلبة، جرس شفط، رقم الصنف 690",INSURANCE_SPARE,RS-GUPCO,0,,7907154,EACH,H00360F0001618,PUMP MISC,PU
164589,"hold till 01/01/2027 ,STRAINER,BASKET ITEM NO.698","يُحفظ حتى 01/01/2027، مصفاة، سلة، رقم المنتج 698",INSURANCE_SPARE,RS-GUPCO,0,,7907156,EACH,A35830F007AA11,PUMP MISC,PU
173525,"SLEEVE, SHAFT FIG NO.S-1.","الكم، العمود الشكل رقم S-1.",PLANNED_WO,RS-GUPCO,0,,3002106,EACH,751124DB,BELT/TRANSMIT,PU
176278,"BOX,STUFFING O-RING 3-5/8X4X3/16            O A R","صندوق، حلقة حشو دائرية 3-5/8 × 4 × 3/16 O A R",PLANNED_WO,RS-GUPCO,0,,7321116,EACH,1048F342,PUMP CENTRIFUG,PU
176280,BEARING INTERMEDIATE 1-11/16X2X3           O A R,محمل متوسط 1-11/16 × 2 × 3 O A R,PLANNED_WO,RS-GUPCO,0,02Q07B,7321116,EACH,LV06951438130F,PUMP CENTRIFUG,PU
176281,O-RING,حلقة دائرية,PLANNED_WO,RS-GUPCO,0,,7321116,EACH,1048F-450,PUMP CENTRIFUG,PU
176282,"IMPELLER,9-5/8 TOP 2-STG  ""","مروحة، 9-5/8 بوصة، علوية، 2-STG",PLANNED_WO,RS-GUPCO,0,,7321116,EACH,LV44554211140T,PUMP CENTRIFUG,PU
177617,"GASKET, CASE ITEM NO. 207-A ""A NON ASBESTOS ALTERNATIVE IS REQUIRED""","حشية، رقم الصنف 207-أ ""يلزم استخدام بديل خالٍ من الأسبستوس""",MIN_MAX,RS-GUPCO,0,,7902110,EACH,1455001,PUMP MISC,PU
177623,"GASKET, CASE ANCHOR TARGET ITEM NO. 207A  ""A NON ASBESTOS ALTERNATIVE IS REQUIRED""                 O A R","حشية، مثبت علبة، رقم الصنف 207A ""يلزم استخدام بديل خالٍ من الأسبستوس"" O A R",MIN_MAX,RS-GUPCO,0,,7902108,EACH,2267639,PUMP MISC,PU
177624,"GASKET, CASE ITEM NO. 117  ""A NON ASBESTOS ALTERNATIVE IS REQUIRED""              O A R","حشية، رقم الصنف 117 ""يلزم استخدام بديل خالٍ من الأسبستوس"" O A R",PLANNED_WO,RS-GUPCO,2,,7902106,EACH,2267638,PUMP MISC,PU
164593,BUSHING ITEM NO.791,جلبة رقم 791,INSURANCE_SPARE,RS-GUPCO,0,02S15E,7907156,EACH,B71710F002 6132,PUMP MISC,PU
164596,"COLUM,PIPE ITEM NO 641 CONSISTS OF:-               TOP COLUMN    17""                                  INTERMEDATE   23""","يتكون عمود الأنابيب رقم 641 من: - العمود العلوي 17 بوصة، والعمود المتوسط 23 بوصة",INSURANCE_SPARE,RS-GUPCO,0,01E30C (1),7907128,EACH,C24130F0188510,PUMP MISC,PU
164597,"COUPLING,LINE SHAFT ITEM#649","وصلة عمود نقل الحركة، رقم الصنف 649",INSURANCE_SPARE,RS-GUPCO,0,02S15E,7907130,EACH,,PUMP MISC,PU
164601,"BEARING, BOWL ITEM NO. 672","محمل، وعاء، رقم الصنف 672",PLANNED_WO,RS-GUPCO,0,,7907130,EACH,B70940F002 5402,PUMP MISC,PU
164748,"RING, THRUST","رنين، دفع",INSURANCE_SPARE,RS-GUPCO,0,02U37F (1),7907166,EACH,A011004F00 2229,PUMP MISC,PU
164750,IMPELER 5 VANE P/N. B56610F000 1203,المكره 5 ريشة P/N. بي56610ف000 1203,MIN_MAX,RS-GUPCO,0,02S05B,7907166,EACH,B56610F000 1265,PUMP MISC,PU
164751,"BEARING, INTERMEDIATE BOWL","محمل، وعاء متوسط",MIN_MAX,RS-GUPCO,0,02S05B,7907166,EACH,B99590F0086111,PUMP MISC,PU
164753,"Hold till 1/12/2026 BOWL, INTERMEDIATE P/N. C52700F004 1203","يُحفظ حتى 1/12/2026، وعاء، متوسط، رقم القطعة: C52700F004 1203",MIN_MAX,RS-GUPCO,0,,7907166,EACH,C52700F004 1203,PUMP MISC,PU
164754,"HOLD TILL 1/12/2026. BELL, SUCTION P/N. C22670F004 1203","يُحفظ حتى 1/12/2026. بيل، شفط، رقم القطعة: C22670F004 1203",MIN_MAX,RS-GUPCO,0,,7907166,EACH,C22670F004 1296,PUMP MISC,PU
164755,"SHAFT, PUMP","عمود، مضخة",INSURANCE_SPARE,RS-GUPCO,0,,7907166,EACH,C52710F0005924,PUMP MISC,PU
164756,"COLUMN, BOTTOM                                     P/N. C3212-2-2-60-8510                             NEW P/N. C32120F26","عمود، سفلي، رقم القطعة: C3212-2-2-60-8510، رقم القطعة الجديد: C32120F26",MIN_MAX,RS-GUPCO,0,07YARD (1),7907166,EACH,C32120F2608510,PUMP MISC,PU
164757,"COLUMN, INTERMEDIATE SIZE 6"" X 59.25 LENGTH P/NO. C02274FEME6531","عمود، مقاس متوسط 6 بوصات × طول 59.25 بوصة، رقم القطعة: C02274FEME6531",MIN_MAX,RS-GUPCO,0,07 YARD,7907166,EACH,C02274FEME6531,PUMP MISC,PU
164759,"BEARING, RETAINER P/NO. C1086-14-2-6334 NEW P/N. C10860F142 1109","محمل، حامل، رقم القطعة C1086-14-2-6334، جديد، رقم القطعة C10860F142 1109",MIN_MAX,RS-GUPCO,0,,7907166,EACH,C00120B13 1396,PUMP MISC,PU
164760,"BEARING, LINE SHAFT                                P/NO. C1086-14-3-6332","محمل عمود خطي، رقم القطعة: C1086-14-3-6332",INSURANCE_SPARE,RS-GUPCO,0,03B12E,7907166,EACH,C10860F1436332,PUMP MISC,PU
164761,"hold till 01/01/2027, NIPPLE, COLUMN 6"" X 26.5 LENGTH P/NO. C4020-CCJ-5-6531","يُحفظ حتى 01/01/2027، حلمة، عمود 6 بوصات × 26.5 بوصة طول، رقم القطعة: C4020-CCJ-5-6531",MIN_MAX,RS-GUPCO,0,07 YARD,7907166,EACH,C02234FCCJ 6531,PUMP MISC,PU
173517,"RETAINER, CODE NO. 0508/090/001 PT.NO. A9-2000-032-05-050","مثبت، رقم الكود 0508/090/001، رقم القطعة A9-2000-032-05-050",PLANNED_WO,RS-GUPCO,0,,3003118,EACH,89041743,BELT/TRANSMIT,PU
173518,"CARTRIDIGE J.C. TANDEM TYPE 8B1 SIZE 2-1/8"" DWG, NO. H.SP-2087  MAT.CODE XD1O81 (The stationary face is silicon carbide","خرطوشة JC TANDEM من النوع 8B1، مقاس 2-1/8 بوصة، رقم الرسم H.SP-2087، رمز المادة XD1O81 (السطح الثابت مصنوع من كربيد السيليكون)",PLANNED_WO,RS-GUPCO,0,,3003124,EACH,,BELT/TRANSMIT,PU
173520,"SLEEVE, WITH O-RING  P/N: F-2751-294-0550.","غلاف، مع حلقة دائرية رقم القطعة: F-2751-294-0550.",INSURANCE_SPARE,RS-GUPCO,0,02G54C,3010126,EACH,~,BELT/TRANSMIT,PU
161388,"BOLT, 1/4 IN. NC THRD X 1 IN.","مسمار، 1/4 بوصة، سن لولبي غير قياسي × 1 بوصة.",INSURANCE_SPARE,RS-GUPCO,0,04/K08F,7103144,EACH,100CA0S1616,CATERPILLAR,MM
160835,"LOCK WASHER, 13.2 MM OR 1/2""","حلقة قفل، 13.2 مم أو 1/2 بوصة",PLANNED_WO,RS-GUPCO,0,,7103144,EACH,100CA3B4508,CATERPILLAR,MM
160836,"LOCK WASHER, 14.5 MM OR 5/8 IN.","غسالة قفل، 14.5 مم أو 5/8 بوصة.",INSURANCE_SPARE,RS-GUPCO,0,04E17B (1),7103144,EACH,3B4510,CATERPILLAR,MM
161294,"PLATE, THRUST FOR CRANKSHAFT , P/N: 2531752","صفيحة دفع لعمود المرفق، رقم القطعة: 2531752",PLANNED_WO,RS-GUPCO,0,04J18,7103162,EACH,2CA2531752,CATERPILLAR,MM
182692,"COMPLETE BOWL ASSEMBLY FOR 1300 VLT, 12 STAGE, S/NO. 796-S-0404","مجموعة وعاء كاملة لجهاز 1300 VLT، 12 مرحلة، الرقم التسلسلي 796-S-0404",INSURANCE_SPARE,RS-GUPCO,0,07YARD,7902234,EACH,796S0404/BOWL,PUMP MISC,PU
164762,"hold till 01/01/2027 , SHAFT, DRIVE P/NO. C4034-CKR-2-2216","يُحفظ حتى 01/01/2027، عمود، محرك، رقم القطعة C4034-CKR-2-2216",MIN_MAX,RS-GUPCO,1,02S05F,7907166,EACH,C02178FCKR 2216,PUMP MISC,PU
164764,"BEARING, SUCTION BELL (these materials should be made in USA and don't substitute)","محمل، جرس شفط (يجب أن تكون هذه المواد مصنوعة في الولايات المتحدة الأمريكية ولا يجوز استبدالها)",MIN_MAX,RS-GUPCO,0,02S03A,7907176,EACH,H00279F0001618,PUMP MISC,PU
164765,"COUPLING, LSFT   , (ALSO USED IN PARENT CODE 7907172)","COUPLING, LSFT , (ALSE USED IN PARENT CODE 7907172)",MIN_MAX,RS-GUPCO,0,02S03A,7907166,EACH,A00970F1005914,PUMP MISC,PU
165302,"GARLOCK, KLOZURE OIL SEAL.                         P/N.2796A238D1AB001                                OLD P/N 210A11N660","مانع تسرب زيت جارلوك، كلوزور. رقم القطعة 2796A238D1AB001، رقم القطعة القديم 210A11N660",MIN_MAX,RS-GUPCO,0,03B14E,7909106,EACH,2796A238DIAB001-NITRILE,PUMP MISC,PU
165303,"PACKING, STUFFING BOX REF.NO. 64 NEW P/NO. 2704A32X425A001-GRAF/SY  ( Set = 6 Each )",صندوق التعبئة والتغليف رقم المرجع 64 جديد رقم القطعة 2704A32X425A001-GRAF/SY (مجموعة = 6 قطع لكل منها),INSURANCE_SPARE,RS-GUPCO,0,02T16B,7909106,SET,2704A32X425A001-GRAF/SYN,PUMP MISC,PU
173703,"VALVE,RELIEF, 1"", ""BAIRO"" P/N. 7150-1-50-  P/N. E7059469  MNFG. LUFKIN         GERMANY","صمام تخفيف الضغط، 1 بوصة، ""بايرو""، رقم القطعة 7150-1-50-، رقم القطعة E7059469، صنع في لوفكين، ألمانيا",INSURANCE_SPARE,RS-GUPCO,0,,3112100,EACH,E7059469,BR/SL/S.PLG/FLT,PU
164435,"IMPELLER, ITEM NO 101.","المروحة، رقم الصنف 101.",INSURANCE_SPARE,RS-GUPCO,0,02W59,7907122,EACH,100-166 1013,PUMP MISC,PU
164722,DEFLECTOR.,منحرف.,PLANNED_WO,RS-GUPCO,0,,7907119,EACH,8690-13535,PUMP MISC,PU
165384,"WASHER, ADJUSTING                                  P/N. 2888A125V0CA001-STEEL","غسالة، قابلة للتعديل، رقم القطعة 2888A125V0CA001-فولاذ",INSURANCE_SPARE,RS-GUPCO,0,02V54D,7909124,EACH,2888A125VOCA001-STEEL,PUMP MISC,PU
164887,"SEPARATOR, CYCLONE (these materials should be made in USA and don't substitute)","فاصل، إعصار (يجب أن تكون هذه المواد مصنوعة في الولايات المتحدة الأمريكية ولا يمكن استبدالها)",INSURANCE_SPARE,RS-GUPCO,0,02T04B,7907176,EACH,B12246F00 10000,PUMP MISC,PU
173688,"COUPLING, INNER-RACE ITEM 10. P/N. 46068-5655 MNFG. PHILI GEAR USA","وصلة، حلقة داخلية، رقم القطعة 10، رقم القطعة 46068-5655، من إنتاج شركة فيلي جير الأمريكية.",INSURANCE_SPARE,RS-GUPCO,0,02/F31A (1),3116102,EACH,46068-5655,BR/SL/S.PLG/FLT,PU
164437,"SEAL, OIL COUPLING END ITEM NO. 332A","مانع تسرب، طرف وصلة الزيت، رقم القطعة 332A",PLANNED_WO,RS-GUPCO,0,,7907122,EACH,8690-64324,PUMP MISC,PU
161043,"WASHER, 22/32"" OD X 13/32"" ID X 0.109 THICK STEEL","غسالة، قطر خارجي 22/32 بوصة × قطر داخلي 13/32 بوصة × سمك 0.109 بوصة من الفولاذ",PLANNED_WO,RS-GUPCO,0,04J11E (1),7103144,EACH,5M2894,CATERPILLAR,MM
161038,"WASHER, CYLINDER HEAD.","غسالة، رأس الأسطوانة.",INSURANCE_SPARE,RS-GUPCO,0,04J13A (1),0,EACH,4M6953,CATERPILLAR,MM
160957,"WASHER, SEALING FOR 0.375 IN DIA. BOLT.","غسالة، مانعة للتسرب لمسمار قطره 0.375 بوصة.",INSURANCE_SPARE,RS-GUPCO,0,04H14F (1),7103144,EACH,5L5840,CATERPILLAR,MM
161089,"LOCK NUT, 3/8 IN. NC THRD. X 13/32 IN.","صامولة قفل، 3/8 بوصة، سن لولبي غير متصل، × 13/32 بوصة.",PLANNED_WO,RS-GUPCO,0,04K21F (1),7103144,EACH,2N2766,CATERPILLAR,MM
160831,"LOCK WASHER, 6.6 MM OR 1/4 .","غسالة قفل، 6.6 مم أو 1/4.",INSURANCE_SPARE,RS-GUPCO,0,04E17A (1),7103144,EACH,3B4504,CATERPILLAR,MM
160857,"NUT, 1/2"" NC THRD","صامولة، 1/2 بوصة NC THRD",PLANNED_WO,RS-GUPCO,0,,7103144,EACH,1D4719,CATERPILLAR,MM
160822,"NUT, 5/8 IN NC THRD FULL GRAPHITED.","صامولة، 5/8 بوصة NC ملولبة بالكامل ومغطاة بالجرافيت.",PLANNED_WO,RS-GUPCO,0,04H18E (1),7103144,EACH,1B5358,CATERPILLAR,MM
175978,"FITTING, GROUP VERTICAL EXHAUST 5 IN.","تركيب، مجموعة عادم رأسي 5 بوصة.",MIN_MAX,RS-GUPCO,0,04 K 02H,7103134,EACH,3N3016,CATERPILLAR,MM
165010,"SLEEVE, THROTTLE ITEM NO. 171-B","غلاف الخانق، رقم الصنف 171-ب",SURPLUS,RS-GUPCO,0,,7902108,EACH,522.171B,PUMP MISC,PU
174427,"VALVE, 1/4 IN. MANIFOLD  SEE MEC 497009052","صمام، مشعب 1/4 بوصة، انظر MEC 497009052",SURPLUS,RS-GUPCO,0,02L20B (1),4918204,EACH,46057,WELDING EQUIP,MM
174431,"RING, PISTON OIL WIPER","حلقة، مكبس، ماسحة الزيت",INSURANCE_SPARE,RS-GUPCO,0,02K23D (1),4918202,EACH,1-25-347,WELDING EQUIP,MM
161391,"BOLT, 3/8 IN. NC THRD X 3 IN.","مسمار، 3/8 بوصة، سن لولبي غير قياسي × 3 بوصة.",INSURANCE_SPARE,RS-GUPCO,0,04K10A(1),7103144,EACH,25CA0S1619,CATERPILLAR,MM
161435,"BOLT, 3/8 IN. NC THRD. X 2-3/4 IN.","مسمار، 3/8 بوصة، سن لولبي غير قياسي × 2-3/4 بوصة",INSURANCE_SPARE,RS-GUPCO,0,04Q01E (1),7103144,EACH,25CA0T0573,CATERPILLAR,MM
164671,"SHAFT, PUMP ITEM NO. 660 P/N. LG_B 3373_4_2216     P/N. LG_B 3373_4_2216                              NEW P/N.B33730F004","عمود المضخة، رقم الصنف 660، رقم القطعة LG_B 3373_4_2216، رقم القطعة LG_B 3373_4_2216، جديد، رقم القطعة B33730F004",INSURANCE_SPARE,RS-GUPCO,1,01N03E (1),7907142,EACH,B33730F0042216,PUMP MISC,PU
164672,"BEARING, INTERMEDIATE BOWL ITEM NO. 672","محمل، وعاء وسيط، رقم الصنف 672",INSURANCE_SPARE,RS-GUPCO,0,,7907142,EACH,B36010F0001618,PUMP MISC,PU
164673,"RING,WEAR SUCTION BOWL ITEM NO. 680","حلقة، وعاء شفط قابل للارتداء، رقم الصنف 680",SURPLUS,RS-GUPCO,0,02U39B (1),7907142,EACH,B3282_4_1123,PUMP MISC,PU
164674,"RING,WEAR SUCTION IMMPLER ITEM NO. 681","حلقة، أداة شفط قابلة للتآكل، رقم الصنف 681",SURPLUS,RS-GUPCO,0,,7907142,EACH,B3280_1123,PUMP MISC,PU
164675,"GASKET, SEAL HOUSING TO HEAD ITEM NO. 779-H","حشية مانعة للتسرب، غطاء رأس المحرك، رقم الصنف 779-H",SURPLUS,RS-GUPCO,0,,7907142,EACH,B2749-4-5130,PUMP MISC,PU
183052,"Bit tool premium carbide tipped, style AR-6  Right hand, grade C-5, 3/8X3/8X2.5 LG, EDP no. 70115, STD package = 10","أداة حفر ذات رأس من الكربيد الممتاز، طراز AR-6، يمين، درجة C-5، 3/8 × 3/8 × 2.5 بوصة، رقم EDP 70115، العبوة القياسية = 10",MIN_MAX,RS-GUPCO,0,,0,PACKAGE,70115,AUTO SHOP EQUIP,MM
175967,MAGNETO DRIVE GR,محرك مغناطيسي كبير,INSURANCE_SPARE,RS-GUPCO,0,04K21H,7103126,EACH,2N2480,CATERPILLAR,MM
176283,"KEY,IMPELLER 3/8IN.SQ.3-3/16IN.","مفتاح، مروحة 3/8 بوصة مربعة 3-3/16 بوصة",PLANNED_WO,RS-GUPCO,0,,7321116,EACH,1042X065,PUMP CENTRIFUG,PU
164706,"GASKET SLEEVE,            ITEM NO. 211","غلاف مانع للتسرب، رقم الصنف 211",SURPLUS,RS-GUPCO,0,02U43B (1),7907178,EACH,70782-44-5108,PUMP MISC,PU
175892,GEAR,معدات,INSURANCE_SPARE,RS-GUPCO,0,04G11H (1),7103126,EACH,4L3407,CATERPILLAR,MM
176098,"TUBE, COPPER 0.625 IN OD ""SOLD BY FOOT""","أنبوب نحاسي بقطر خارجي 0.625 بوصة ""يباع بالقدم""",PLANNED_WO,RS-GUPCO,0,,7103144,CM,1829CA5P1202,CATERPILLAR,MM
164998,"SHAFT,","رمح،",MIN_MAX,RS-GUPCO,0,,7902104,EACH,1453483,PUMP MISC,PU
173530,"KIT, REPAIR CONSISTS OF:DRIVE PIN S-3,U-CUP S-4,SE AT GASKET S-13,STA.FACE S-14,SLEEVE GASKET S-19, SET SCREW S-57,DRIVE","طقم الإصلاح يتكون من: دبوس القيادة S-3، كوب على شكل حرف U S-4، حشية SE AT S-13، وجه STA S-14، حشية الغلاف S-19، برغي التثبيت S-57، محرك",INSURANCE_SPARE,RS-GUPCO,0,02/G54C,3002104,KIT,B0122229-k11,BELT/TRANSMIT,PU
173532,"COLLAR, DRIVE FOR SHAFT SLEEVE STYLE NO.2","طوق، محرك لغطاء عمود الدوران، النمط رقم 2",INSURANCE_SPARE,RS-GUPCO,0,02F04F (1),3002112,EACH,661605DB,BELT/TRANSMIT,PU
173533,"SCREW, SET 3/8 IN. 16 NC X 3/8 IN.","برغي، مثبت 3/8 بوصة. 16 NC × 3/8 بوصة.",INSURANCE_SPARE,RS-GUPCO,0,02F04E (1),3002112,EACH,4R0437DY,BELT/TRANSMIT,PU
173558,"BELT, DRIVE  MNFG.""GM""      USA","تصنيع أحزمة القيادة. ""جنرال موتورز"" الولايات المتحدة الأمريكية",INSURANCE_SPARE,RS-GUPCO,0,03C24H (1),5507116,EACH,10069990,BELT/TRANSMIT,PU
182921,"SEAL, ","ختم،",PLANNED_WO,RS-GUPCO,0,1,0,EACH,6L7814,CATERPILLAR,MM
175554,"REGULATOR, PRESSURE",منظم الضغط,MIN_MAX,RS-GUPCO,0,02Q26,6923106,EACH,214517,ENGINE USA,MM
175540,"SPACER, CRANK SHAFT PULLEY","فاصل، بكرة عمود المرفق",INSURANCE_SPARE,RS-GUPCO,0,,6923106,EACH,153160E,ENGINE USA,MM
175535,"RING, THRUST-SET OF TWO MATCHED HALVES",حلقة دفع - طقم من نصفين متطابقين,INSURANCE_SPARE,RS-GUPCO,0,02R40A (1),6923108,EACH,153031D,ENGINE USA,MM
176135,"KIT, GASKET FUEL SYSTEM","طقم، حشية نظام الوقود",INSURANCE_SPARE,RS-GUPCO,0,03A06H,7103140,EACH,1CA6V1788,CATERPILLAR,MM
183151,BOLT,مسمار,PLANNED_WO,RS-GUPCO,0,,7103126,EACH,S1573,CATERPILLAR,MM
176072,"BOLT, 5/8 IN. NC THRD X 1-1/2 IN.","مسمار، 5/8 بوصة، سن لولبي غير قياسي × 1-1/2 بوصة.",INSURANCE_SPARE,RS-GUPCO,0,04P19B,7103144,EACH,0S1566,CATERPILLAR,MM
174408,"ROD, 5/16"" BRONZE ""O X WELD""","قضيب، 5/16 بوصة، برونزي ""O X WELD""",INSURANCE_SPARE,RS-GUPCO,0,03C01C (1),0,KG,,WELDING EQUIP,MM
175549,"GASKET, LOWER BY PASS TUBE",حشية أنبوب التجاوز السفلي,PLANNED_WO,RS-GUPCO,0,,6923108,EACH,167392A,ENGINE USA,MM
173779,"SECONDARY AIR FILTER  (INGERSOLL RAND GENUINE PARTS , MADE IN USA AND PROVIDE ORGINE CERTIFICATE , DO NOT SUBSTITUTE)","فلتر هواء ثانوي (قطع غيار أصلية من إنجرسول راند، صنع في الولايات المتحدة الأمريكية، مع شهادة المنشأ، لا تستبدله)",MIN_MAX,RS-GUPCO,0,,8009166,EACH,39207972,BR/SL/S.PLG/FLT,MM
124945,"MECHANICAL SEAL, MODEL UK-3375 MAT. CODE NO 5N4A.  COMPLETE WITH FLANGE ASSY. S-11, GASKET S-18,      DRIVE COLLAR S-58,","مانع تسرب ميكانيكي، موديل UK-3375، رمز المادة 5N4A. كامل مع مجموعة الشفة S-11، والحشية S-18، وطوق القيادة S-58.",INSURANCE_SPARE,RS-GUPCO,0,02F02C (1),3002116,EACH,,BELT/TRANSMIT,PU
124951,"KIT, REPAIR CONSISTS OF:DRIVE KEY S-3,U-CUP S-4,   SEAT GASKET S-13,STA.FACE S-14,SLEEVE GASKET S-19 ,BUSHING S-24,FLG.G","طقم الإصلاح يتكون من: مفتاح التشغيل S-3، غطاء المقعد S-4، حشية المقعد S-13، غطاء المقعد S-14، حشية الغلاف S-19، جلبة S-24، حافة G",INSURANCE_SPARE,RS-GUPCO,0,02F02D (1),3002116,KIT,,BELT/TRANSMIT,PU
183047,"V-BELT,  C-88","حزام على شكل حرف V، C-88",MIN_MAX,RS-GUPCO,0,,0,EACH,C-88,BELT/TRANSMIT,MM
176209,"GEAR, SET SINGLE EXTERNAL WORM SHAFT","مجموعة تروس، عمود دودي خارجي مفرد",INSURANCE_SPARE,RS-GUPCO,0,02Q09,7313104,EACH,252-0136-100,PUMP CENTRIFUG,PU
173778,"PRIMARY AIR FILTER  (INGERSOLL RAND GENUINE PARTS , MADE IN USA AND PROVIDE ORGINE CERTIFICATE , DO NOT SUBSTITUTE)","فلتر الهواء الأساسي (قطع غيار أصلية من إنجرسول راند، صنع في الولايات المتحدة الأمريكية، مع توفير شهادة المنشأ، لا تستبدله)",MIN_MAX,RS-GUPCO,0,,8009166,EACH,39207964,BR/SL/S.PLG/FLT,MM
177583,"SCREW, IMP ITEM NO. 198  MATL 2239,","برغي، رقم الصنف 198، المادة 2239،",INSURANCE_SPARE,RS-GUPCO,0,02T43,7907152,EACH,A00086A03 2239,PUMP MISC,PU
177584,"RING, IMPELLER WEARING ITEM NO. 203  MATL 1001,","حلقة، دافعة، قطعة ملابس رقم 203، مادة 1001،",INSURANCE_SPARE,RS-GUPCO,0,02T43,7907152,EACH,C00297A82 1001,PUMP MISC,PU
177575,"BEARING, BALL THREAD MAT.1727 THRUST ,","محمل كروي ملولب MAT.1727 دفع،",INSURANCE_SPARE,RS-GUPCO,0,02T43,7907152,EACH,R8057 3 1701,PUMP MISC,PU
177578,"BUSHING,   ITEM NO.125, MATL 1001,","جلبة، رقم الصنف 125، المادة 1001،",INSURANCE_SPARE,RS-GUPCO,0,02T43,7907152,EACH,B00129A04 1001,PUMP MISC,PU
177580,"RING, WEAR  CASING ITEM NO. 164    MATL 1001,","حلقة، غلاف مقاوم للتآكل، رقم الصنف 164، مادة 1001،",INSURANCE_SPARE,RS-GUPCO,0,02T43,7907152,EACH,C00352A14 1001,PUMP MISC,PU
175506,"Repair Kit for Main Water Pump ,Waukesha 6 Cylinder Engine models 3521&2895, P.No.#G-960-294","طقم إصلاح لمضخة المياه الرئيسية، لمحركات واكيشا ذات 6 أسطوانات، طرازات 3521 و2895، رقم القطعة: G-960-294",MIN_MAX,RS-GUPCO,0,,6923114,EACH,G-960-294,ENGINE USA,MM
177572,"GASKET CASING,          ITEM NO. 651                O A R","غطاء مانع للتسرب، رقم الصنف 651 O A R",SURPLUS,RS-GUPCO,0,02V31F (1),7907178,EACH,A01045A02,PUMP MISC,PU
165097,"O-RING, SET CONSISTING OF THE FOLLOWING                    O-RING, P/N 1056182 1 EA                           O-RING, P/","مجموعة حلقات مانعة للتسرب، تتكون من حلقة مانعة للتسرب واحدة، رقم القطعة 1056182",PLANNED_WO,RS-GUPCO,0,,7902107,EACH,,PUMP MISC,PU
176000,"THERMOSTSTE,","ترموستات،",INSURANCE_SPARE,RS-GUPCO,0,04/S02C,7103139,EACH,5N8568,CATERPILLAR,MM
132531,"BEARING, FOR BLOCK GROUP.","محمل، لمجموعة الكتل.",PLANNED_WO,RS-GUPCO,0,04H04,7103138,EACH,1CA4N6658,CATERPILLAR,MM
165451,"SHIM, 0.005"" THICK THRUST BEARING TO SUPPORT HEAD","حشوة، سمكها 0.005 بوصة، محمل دفع لدعم الرأس",INSURANCE_SPARE,RS-GUPCO,0,02T26G,7909110,EACH,312D257BX4-249,PUMP MISC,PU
161234,PIPE AIR INLET   P/N. 4N7767,"أنبوب مدخل الهواء، رقم القطعة 4N7767",INSURANCE_SPARE,RS-GUPCO,0,04L01A,7103139,EACH,4N7767,CATERPILLAR,MM
165450,"SHIM, 0.010"" THRUST BEARING TO SUPPORT HEAD","حشوة، 0.010 بوصة، محمل دفع لدعم الرأس",INSURANCE_SPARE,RS-GUPCO,0,02T26G,7909110,EACH,312D257BX3-249,PUMP MISC,PU
132443,"GEAR, FOR PUMP GROUP","تروس، لمجموعة المضخة",INSURANCE_SPARE,RS-GUPCO,0,04L24C,7103138,EACH,,CATERPILLAR,MM
175986,"PUMP ASSY, OIL P/NO: 1614111","مجموعة مضخة الزيت، رقم القطعة: 1614111",INSURANCE_SPARE,RS-GUPCO,0,04 K 02 h,7103138,EACH,1614111,CATERPILLAR,MM
132759,"SHAFT,","رمح،",INSURANCE_SPARE,RS-GUPCO,0,01D22A,7103139,EACH,,CATERPILLAR,MM
132526,"SPRING, HEAD GROUP","الربيع، المجموعة الرئيسية",INSURANCE_SPARE,RS-GUPCO,0,,7103142,EACH,5CA4N5906,CATERPILLAR,MM
175913,PLATE ASSY DRIVING CLUTCH ASSY,"مجموعة لوحة القيادة، مجموعة قابض القيادة",INSURANCE_SPARE,RS-GUPCO,0,04K02C,7103132,EACH,1CA6L4750,CATERPILLAR,MM
184104,"FILTER, FUEL.","فلتر، وقود.",PLANNED_WO,RS-GUPCO,0,,0,EACH,22177711,AUTO SHOP EQUIP,MM
184106,"COOLANT, CONDITIONAL. , type: 9/230 engine: cummins engine: model qsi-9 engine: s/no-46317646","سائل تبريد، مشروط.، النوع: 9/230، المحرك: كمنز، المحرك: طراز QSI-9، المحرك: الرقم التسلسلي 46317646",INSURANCE_SPARE,RS-GUPCO,0,02L04D,0,EACH,22177745,AUTO SHOP EQUIP,MM
183186,ROUND SLING / POLYESTER / COLOUR YELLOW / F.O.S 7:1 / MANUFACTURED TO BSEN 1492:2 / CE MARK / S.W.L 3 TONNE / E.W.L 3 MT,حمالة دائرية / بوليستر / اللون أصفر / نسبة الشد 7:1 / مصنعة وفقًا للمواصفة BSEN 1492:2 / علامة CE / حمولة آمنة 3 أطنان / حمولة قصوى 3 أطنان,MIN_MAX,RS-GUPCO,1,,0,EACH,~,CORDG & CHAIN,MM
185794,"LEAD, PRIMARY","قائد، أساسي",MIN_MAX,RS-GUPCO,0,02Q30A,0,EACH,208503B,ENGINE USA,MM
183453,"STUD, ASSY, NEW STYLE, NO 21 THRU 48.","مسمار، مجموعة، نمط جديد، من رقم 21 إلى 48.",INSURANCE_SPARE,RS-GUPCO,0,02/L32B,4912102,KIT,,WELDING EQUIP,MM
119421,"CROSS HEAD 75 2.3  ,   P.No. # D-5583","رأس متقاطع 75 2.3، رقم القطعة # D-5583",INSURANCE_SPARE,RS-GUPCO,0,01E23B,8001108,EACH,D-5583,COMPRESSOR USA,MM
164502,"RING, RETAINING BEARING HOUSING ITEM NO. 361A","حلقة تثبيت غلاف المحمل، رقم الصنف 361A",MIN_MAX,RS-GUPCO,0,02S19E,7907120,EACH,58101 393,PUMP MISC,PU
164497,"RING,WEAR CASING ITEM NO.103","خاتم، علبة مقاومة للتآكل، رقم الصنف 103",MIN_MAX,RS-GUPCO,0,,7907120,EACH,68314 2 1618,PUMP MISC,PU
274455,"Bronze tube 1"" IDX 2"" ODX 1 ft LG, Copper alloy No. C937, conform to ASTM B-505 and fed. Spec. QQ-C-390, E10 with a trac","أنبوب برونزي بقطر داخلي 1 بوصة وقطر خارجي 2 بوصة وطول 1 قدم، مصنوع من سبيكة نحاسية رقم C937، مطابق للمواصفات ASTM B-505 و QQ-C-390، E10 مع مسار",INSURANCE_SPARE,RS-GUPCO,0,,0,EACH,~,PUMP MISC,PU
274466,Bearing Housing (item no.134),غلاف المحمل (رقم الصنف 134),PLANNED_WO,RS-GUPCO,0,,7907120,EACH,78215 1001,PUMP MISC,PU
185792,"COIL, IGNITION SHIELDED",ملف إشعال محمي,MIN_MAX,RS-GUPCO,0,,0,EACH,69694D,ENGINE USA,MM
183471,"RECTIFIER, INTEGRATED, 30A.","مقوم تيار متكامل، 30 أمبير.",SURPLUS,RS-GUPCO,0,02/L32C,4913104,KIT,,WELDING EQUIP,MM
183472,"ARMATURE, PINION, 6000 RPM, FOR CAT NO 4076.","محرك، ترس، 6000 دورة في الدقيقة، لرقم الكتالوج 4076.",OBSOLETE,RS-GUPCO,0,02L04B,4700001,EACH,,AUTO SHOP EQUIP,MM
183473,"ARMATURE, WITH FAN, FOR MODEL 4076-01, 220 VOLT.","محرك دوار، مع مروحة، للموديل 4076-01، 220 فولت.",OBSOLETE,RS-GUPCO,0,02L04B,0,EACH,,AUTO SHOP EQUIP,MM
274154,"Bearing series case, Item no. 243, P/No. 169969-PQ, remachine from chart 169963, used for B.J Pump model VLT, Size 1300,","علبة سلسلة المحامل، رقم الصنف 243، رقم القطعة 169969-PQ، معاد تصنيعها من المخطط 169963، تستخدم لمضخة BJ طراز VLT، الحجم 1300،",INSURANCE_SPARE,RS-GUPCO,0,02T11A,7902232,EACH,AX169969-PQ000,PUMP MISC,PU
185795,"DISC, TIMING, CEC IGNITION","قرص، توقيت، إشعال CEC",INSURANCE_SPARE,RS-GUPCO,0,02R52B(1),0,EACH,305805R,ENGINE USA,MM
185796,"PICKUP, MAGNETIC",لاقط مغناطيسي,MIN_MAX,RS-GUPCO,0,02Q30B,0,EACH,168273F,ENGINE USA,MM
185797,"HARNESS, PRIMARY-ASSEMBLY","مجموعة الأسلاك، التجميع الأساسي",INSURANCE_SPARE,RS-GUPCO,0,02/R24,0,EACH,69692U,ENGINE USA,MM
185799,"CABLE, HALL-EFFECT PICKUP-ASSEMBLY","كابل، مجموعة لاقطات تأثير هول",MIN_MAX,RS-GUPCO,0,02Q30C,0,EACH,295495E,ENGINE USA,MM
185801,"CONNECTION, FLEX. EXHAUST","وصلة، مرنة. عادم",INSURANCE_SPARE,RS-GUPCO,0,02Q30E,0,EACH,199516H,ENGINE USA,MM
185802,"PUMP, PULLY, WATER","مضخة، بكرة، ماء",INSURANCE_SPARE,RS-GUPCO,0,,0,EACH,A159581E,ENGINE USA,MM
185803,"TUBING, FLEX, .12 X 9 LG","أنبوب مرن، 0.12 × 9 كبير",PLANNED_WO,RS-GUPCO,0,,0,EACH,78116,ENGINE USA,MM
185804,"PUMP, AUX, WATER","مضخة، مساعدة، ماء",MIN_MAX,RS-GUPCO,0,02Q30H,0,EACH,208540F,ENGINE USA,MM
185807,"V-BELT,  .38 PARTS FOR WAUKESHA ENGINE MODEL F2895G","سير على شكل حرف V، قطع غيار عيار 0.38 لمحرك واكيشا طراز F2895G",MIN_MAX,RS-GUPCO,0,,0,EACH,A208940,BELT/TRANSMIT,MM
185809,"PULLY, IDLER ASSEMBLY.",مجموعة البكرة والشد.,PLANNED_WO,RS-GUPCO,0,,0,EACH,N154971B,ENGINE USA,MM
185810,"PULLY, FRONT CRANKSHAFT",بكرة عمود المرفق الأمامي,INSURANCE_SPARE,RS-GUPCO,0,02R58C(1),0,EACH,200295J,ENGINE USA,MM
185812,SHEAVE & BUSH 5 V & QD 10.3 OD,بكرة وجلبة 5 فولت وقطر خارجي 10.3 مم,INSURANCE_SPARE,RS-GUPCO,0,02Q59E,0,EACH,P312925,ENGINE USA,MM
185813,SHEAVE & BUSH 5V & QD 9.75 OD,بكرة وجلبة 5 فولت و QD 9.75 OD,INSURANCE_SPARE,RS-GUPCO,0,02Q59E,0,EACH,P312740,ENGINE USA,MM
185111,"ROD,CONTROL ASSY.",مجموعة قضيب التحكم,INSURANCE_SPARE,RS-GUPCO,0,02Q59F,6923126,EACH,A208439E,ENGINE USA,MM
187512,"COUPLING, DRESSER","وصلة، خزانة ملابس",INSURANCE_SPARE,RS-GUPCO,1,02Q34,0,EACH,161579B,ENGINE USA,MM
185800,"GOVERNOR, EG3P, CSA ,","الحاكم، EG3P، CSA،",MIN_MAX,RS-GUPCO,0,02Q30E,0,EACH,163853W,ENGINE USA,MM
187507,"COUPLING, FLEXMASTER, 2.38 TUBE.","وصلة، فليكس ماستر، أنبوب 2.38.",MIN_MAX,RS-GUPCO,0,,0,EACH,208706E,ENGINE USA,MM
187508,"CPLG, FLEXMAS, 1.5 TUBE","سي بي إل جي، فليكسماس، أنبوب 1.5",MIN_MAX,RS-GUPCO,0,,0,EACH,208706C,ENGINE USA,MM
187509,"CONN.,FLEX, SS. 2"" X 18","موصل مرن من الفولاذ المقاوم للصدأ، 2 بوصة × 18",INSURANCE_SPARE,RS-GUPCO,0,02R45B,0,EACH,P304820,ENGINE USA,MM
187510,"CONN., FLEX. 1.5 IN. X 14","موصل مرن، 1.5 بوصة × 14",INSURANCE_SPARE,RS-GUPCO,0,02R45B,0,EACH,P304822,ENGINE USA,MM
187500,"BELT, 5V X 81 IN. LONG","حزام، 5 فولت × 81 بوصة طولاً",MIN_MAX,RS-GUPCO,0,03R41B,0,EACH,P313667,BELT/TRANSMIT,MM
285608,"Oil Cooler Assembly 8""",مجموعة مبرد الزيت 8 بوصة,INSURANCE_SPARE,RS-GUPCO,0,01/C09H,0,EACH,211857,ENGINE USA,MM
282613,"NUT  HEX LIGHT  SELF  LOCKING 0.63 - 11UNC, P/NO. 95923355, FOR  IR Ingersoll Rand model EP-100","صامولة سداسية ذاتية القفل خفيفة الوزن 0.63 - 11UNC، رقم القطعة 95923355، لطراز IR Ingersoll Rand EP-100",PLANNED_WO,RS-GUPCO,0,,0,EACH,95923355,COMPRESSOR USA,MM
165455,"GASKET, INNER SPIRAL WOUND NEW P/N 2325D363DX1-S316-9","حشية حلزونية داخلية جديدة، رقم القطعة 2325D363DX1-S316-9",MIN_MAX,RS-GUPCO,0,02T28,7909110,EACH,2325D363DX1-S316-9,PUMP MISC,PU
273228,"gauge compound, P/N. : 164659B","مركب قياس، رقم القطعة: 164659B",MIN_MAX,RS-GUPCO,0,02/R53E,0,EACH,164659B,ENGINE USA,MM
187503,"GAUGE, WATER LEVEL EL 150EX MURPHY",مقياس مستوى الماء EL 150EX مورفي,INSURANCE_SPARE,RS-GUPCO,0,02R65A(1),0,EACH,P314251,ENGINE USA,MM
187501,"THERMOCOUPLE, TYPE K, 168+6/-0","مزدوج حراري، النوع K، 168+6/-0",MIN_MAX,RS-GUPCO,0,,0,EACH,211288T,ENGINE USA,MM
198144,"ELEMENT, AIR PRIMARY P/N.142-1340 FOR CAT. ENG","عنصر، هواء أساسي، رقم القطعة 142-1340 لمحرك كاتربيلر",MIN_MAX,RS-GUPCO,0,05D06,0,EACH,1CA1421340,CATERPILLAR,MM
284135,"""Vertical Radiator  2-circuit side-by-side design  as the following specification",تصميم مشعاع عمودي ذو دائرتين متجاورتين وفقًا للمواصفات التالية,PLANNED_WO,RS-GUPCO,0,,0,EACH,R-65-ST-EB-TC,ENGINE USA,MM
283601,"Crankshaft, A536 GR 80-55-06 D.I, used for clyedunion pump TX-10 serial no. RH1154A-1,2","عمود مرفقي، A536 GR 80-55-06 DI، يُستخدم لمضخة وصلة كلييد TX-10، الرقم التسلسلي RH1154A-1,2",INSURANCE_SPARE,RS-GUPCO,0,02Q01G,7321122,EACH,103D0619400C25700,PUMP CENTRIFUG,PU
283602,"STD. Repair kit for JOHN CRANE FFET single mech. seal, Seal size Ø43.00 mm, Material code X O95- X O95 1 DPLX/316, DWG.","طقم إصلاح قياسي لختم ميكانيكي أحادي من جون كرين فيت، مقاس الختم Ø43.00 مم، رمز المادة X O95- X O95 1 DPLX/316، DWG.",INSURANCE_SPARE,RS-GUPCO,0,02/F04A,7907174,EACH,89436389,BELT/TRANSMIT,PU
283677,"HOLD TILL 1/6/2027  , Housing Bearing ref. no. 159, Matl. 102-000 Carbon steel, used for Ingersoll Rand Pump10X14 SD S/N","يُحفظ حتى 1/6/2027، رقم مرجع غلاف المحمل 159، المادة 102-000 فولاذ كربوني، يُستخدم لمضخة إنجرسول راند 10X14 SD S/N",MIN_MAX,RS-GUPCO,0,,7909106,EACH,211B159AX1-102,PUMP MISC,PU
165453,"RING, WEAR IMPELLER","حلقة، تآكل المروحة",MIN_MAX,RS-GUPCO,0,02T28A,7909110,EACH,1125D4BX5-204,PUMP MISC,PU
282156,"Column Intermediate assy., item 642 used for goulds pump model 4x9 AHC, 12 STG., Ref. S/N. 314064 (these materials shoul","مجموعة عمود وسيطة، رقم الصنف 642، تُستخدم لمضخة غولدز طراز 4x9 AHC، 12 مجموعة، الرقم المرجعي 314064 (يجب أن تكون هذه المواد",PLANNED_WO,RS-GUPCO,0,,7907177,EACH,C24140F060 9722,PUMP MISC,PU
165431,"KEY, IMPELLER 1/2 IN. X 1/2 IN.X 8-1/2 IN.","مفتاح، مروحة 1/2 بوصة × 1/2 بوصة × 8-1/2 بوصة",MIN_MAX,RS-GUPCO,0,02T24F,7909110,EACH,11A9C223-266,PUMP MISC,PU
286295,"Complete repair kit used for U-joint Model SC series 2390 X 24.06"" W/SF180-10  including bearings , bolts and washers (m","طقم إصلاح كامل يُستخدم لمفصل U-joint من سلسلة SC 2390 × 24.06 بوصة W/SF180-10، ويشمل المحامل والمسامير والصفائح المعدنية (م).",PLANNED_WO,RS-GUPCO,0,,0,EACH,,PUMP MISC,PU
282714,"Gear Set  EP-50, P/NO. 54403829, FOR  IR  Ingersoll Rand","مجموعة تروس EP-50، رقم القطعة 54403829، لماكينات إنجرسول راند IR",INSURANCE_SPARE,RS-GUPCO,0,,0,EACH,54403829,COMPRESSOR USA,MM
235488,"HOSE, CONNECTION HUMP 5-1/2"" ID X6""  P/N  209933A","خرطوم، وصلة مخروطية، القطر الداخلي 5.5 بوصة × الطول 6 بوصات، رقم القطعة 209933A",MIN_MAX,RS-GUPCO,0,03H25B,0,EACH,209933A,ENGINE USA,MM
289692,"Gasket, Casing Item 815-1, P/N.: 815B0118102R20501","حشية، غلاف، رقم الصنف 815-1، رقم القطعة: 815B0118102R20501",INSURANCE_SPARE,RS-GUPCO,0,02S24A,7321118,EACH,815B0118102R20501,PUMP CENTRIFUG,PU
289697,"Ring,Wear-Impeller, Item 806-1,2, P/N.: 806A0196700A11100","حلقة، دافعة مقاومة للتآكل، رقم الصنف 806-1،2، رقم القطعة: 806A0196700A11100",INSURANCE_SPARE,RS-GUPCO,0,02/S24C,7321118,EACH,806A0196700A11100,PUMP CENTRIFUG,PU
289804,"COUPLING, WOODS SUPER FLEX. SIZE 8, TYPE SC,  BORE SIZE 1-7/8 IN.   TB WOOD'S INCORPORATED      USA","وصلة، وودز سوبر فليكس. مقاس 8، نوع SC، قطر التجويف 1-7/8 بوصة. شركة وودز المحدودة، الولايات المتحدة الأمريكية",INSURANCE_SPARE,RS-GUPCO,0,02F63C,0,EACH,~,BR/SL/S.PLG/FLT,PU
289694,"Spacer, Seal chamber, P/N.: 851A1006701B45000","فاصل، حجرة مانعة للتسرب، رقم القطعة: 851A1006701B45000",INSURANCE_SPARE,RS-GUPCO,0,02/S24B,7321118,EACH,851A1006701B45000,PUMP CENTRIFUG,PU
289695,"Gasket, Seal Chamber Item 815-2, P/N. : 815B0118146R20501","حشية، مانع تسرب حجرة، رقم الصنف 815-2، رقم القطعة: 815B0118146R20501",SURPLUS,RS-GUPCO,1,02/S24B,7321118,EACH,815B0118146R20501,PUMP CENTRIFUG,PU
289521,Right Angel Gear Drive S/No. 58820 Thru 58823 Model H350 (Johnson Gear Div. / Arrow Gear Co.) Used For Jetty Fire Pumps,"محرك تروس بزاوية قائمة، الأرقام التسلسلية من 58820 إلى 58823، طراز H350 (قسم جونسون للتروس / شركة آرو للتروس)، يُستخدم لمضخات إطفاء الحرائق في الأرصفة البحرية.",INSURANCE_SPARE,RS-GUPCO,0,,0,EACH,58820,BR/SL/S.PLG/FLT,PU
289958,"V-belt , good year hy.t wedge matchmaker , P/N:5vx1400, refrence to radiator item no.:115947","حزام على شكل حرف V، من نوع Goodyear hy.t wedge matchmaker، رقم القطعة: 5vx1400، رقم قطعة الرادياتير: 115947",MIN_MAX,RS-GUPCO,0,03 /R 45B,0,EACH,5vx1400,BELT/TRANSMIT,MM
289700,"Shaft, Item 820, P/N: 820C1194900E21501","عمود، رقم الصنف 820، رقم القطعة: 820C1194900E21501",INSURANCE_SPARE,RS-GUPCO,1,02R02B,7321118,EACH,820C1194900E21501,PUMP CENTRIFUG,PU
289931,"Casing, radially split single stage, double suction and double volute for Sulzer BINGHAM Pump type CDA, size 10X8X18A, S","غلاف، أحادي المرحلة ذو تقسيم شعاعي، شفط مزدوج وحلزون مزدوج لمضخة سولزر بينغهام من النوع CDA، مقاس 10×8×18A، S",MIN_MAX,RS-GUPCO,0,07YARD,7902112,EACH,2033747,PUMP MISC,PU
290785,Diesel fuel filter element (peco) S-13 for  Peco 110V-2C18-4 S13 diesel fuel filter at R#6 P/F   Diesel fuel filte,عنصر فلتر وقود الديزل (بيكو) S-13 لفلتر وقود الديزل بيكو 110V-2C18-4 S13 عند R#6 P/F فلتر وقود الديزل,PLANNED_WO,RS-GUPCO,0,,0,EACH,"11491 , S-13",BR/SL/S.PLG/FLT,MM
290786,"Diesel fuel filter element (peco) C-18 for Peco 110V-2C18-4 S13 diesel fuel filter at R#6 P/F P/N 11764 , C-18 (","عنصر فلتر وقود الديزل (بيكو) C-18 لفلتر وقود الديزل بيكو 110V-2C18-4 S13 عند R#6 P/F P/N 11764، C-18 (",PLANNED_WO,RS-GUPCO,0,,0,EACH,"11764 , C-18",BR/SL/S.PLG/FLT,MM
295415,"Bowl assembly for UNION PUMP SIZE 12 IN TYPE TLC 8 STG S/N 780548-AX001, the material of bowls and impellers should be z","مجموعة وعاء مضخة UNION مقاس 12 بوصة من النوع TLC 8 STG رقم تسلسلي 780548-AX001، يجب أن تكون مادة الأوعية والمراوح من نوع z",PLANNED_WO,RS-GUPCO,0,,7321116,EACH,780548-AX001,PUMP CENTRIFUG,PU
295416,"Column line shaft, mat. 416 S.S, P/N : B/P76H2716","عمود نقل الحركة، مصنوع من الفولاذ المقاوم للصدأ 416، رقم القطعة: B/P76H2716",PLANNED_WO,RS-GUPCO,0,01M04B,7321116,EACH,LV72954843880F,PUMP CENTRIFUG,PU
295444,"Throttle bushing HSG F/JCKSCR, Mat. C958, P/No. 82299736","جلبة الخانق HSG F/JCKSCR، المادة C958، رقم القطعة 82299736",PLANNED_WO,RS-GUPCO,0,,7909130,EACH,82299736,PUMP MISC,PU
295445,"O- ring 5""x5.250""x0.125"" Buna N, P/No. 82056649","حلقة دائرية 5 بوصات × 5.25 بوصة × 0.125 بوصة من نوع بونا إن، رقم القطعة 82056649",PLANNED_WO,RS-GUPCO,0,,7909130,EACH,82056649,PUMP MISC,PU
295446,"Retainer BRG FLG 82.63 OR, Mat. C958, P/No. 82299751","حامل BRG FLG 82.63 OR، المادة C958، رقم القطعة 82299751",PLANNED_WO,RS-GUPCO,0,,7909130,EACH,82299751,PUMP MISC,PU
295447,"Discharge Case FLG, FLG 8 REGLH B-E, Mat. C958, P/No. 82299793","علبة تفريغ FLG، FLG 8 REGLH BE، المادة C958، رقم القطعة 82299793",PLANNED_WO,RS-GUPCO,0,,7909130,EACH,82299793,PUMP MISC,PU
295448,"O- ring 9.23 IDX 9.51 ODX 0.139 THK, 2Z71 BUNA N, P/No. 82092271","حلقة دائرية 9.23 IDX 9.51 ODX 0.139 THK، 2Z71 BUNA N، رقم القطعة 82092271",PLANNED_WO,RS-GUPCO,0,,7909130,EACH,82092271,PUMP MISC,PU
295449,"Bowl 12 JK UNLIND FLG, F/B-E OR JCKSCR, Mat. C958, P/No. 82299819","الوعاء رقم 12 JK UNLIND FLG، F/BE أو JCKSCR، المادة C958، رقم القطعة 82299819",PLANNED_WO,RS-GUPCO,0,,7909130,EACH,82299819,PUMP MISC,PU
295450,"Key STR 0.38 SQ X 1.44 LG, 316SS, P/No. 82075805","مفتاح STR 0.38 SQ X 1.44 LG، 316SS، رقم القطعة 82075805",PLANNED_WO,RS-GUPCO,0,,7909130,EACH,82075805,PUMP MISC,PU
295451,"Ring thrust split Imp. STDF/1.69/SHF, 316SS, P/No. 82075813","حلقة دفع منقسمة، فولاذ مقاوم للصدأ 316، STDF/1.69/SHF، رقم القطعة 82075813",PLANNED_WO,RS-GUPCO,0,,7909130,EACH,82075813,PUMP MISC,PU
295452,"Bell suction 12 JK FLG 14.00 B-E F/WR OR JCKSCR, Mat. C958, P/No. 82299850","بيل ساكتشن 12 JK FLG 14.00 BE F/WR OR JCKSCR، المادة C958، رقم القطعة 82299850",PLANNED_WO,RS-GUPCO,0,,7909130,EACH,82299850,PUMP MISC,PU
292246,"Thermostat ,170 F , P/N:496817 , Used For Temperature Control Valve For Engine Model: F3521G , S/N:5283702784","منظم حرارة، 170 فهرنهايت، رقم القطعة: 496817، يُستخدم كصمام تحكم في درجة الحرارة لمحرك طراز: F3521G، الرقم التسلسلي: 5283702784",MIN_MAX,RS-GUPCO,0,,0,EACH,496817,ENGINE USA,MM
292231,"Lubricator   , Air Starter , P/N:194840J , Used For Engine Model: F3521g , S/N:5283702784","مُشحِّم، مُشغِّل هواء، رقم القطعة: 194840J، يُستخدم لمحرك طراز: F3521g، الرقم التسلسلي: 5283702784",INSURANCE_SPARE,RS-GUPCO,0,02Q44,0,EACH,194840J,ENGINE USA,MM
292244,"Valve ,Temperature Control , P/N:208428E , Used For Engine Model: F3521G , S/N:5283702784","صمام تحكم في درجة الحرارة، رقم القطعة: 208428E، يُستخدم لمحرك طراز: F3521G، الرقم التسلسلي: 5283702784",MIN_MAX,RS-GUPCO,0,02Q46D,0,EACH,208428E,ENGINE USA,MM
292234,"Manifold , Water , Front -Assembly , P/N:D205477 , Used For Engine Model: F3521G , S/N:5283702784","مشعب الماء، أمامي - مجموعة، رقم القطعة: D205477، يُستخدم لمحرك طراز: F3521G، الرقم التسلسلي: 5283702784",PLANNED_WO,RS-GUPCO,1,02Q44,0,EACH,E205477,ENGINE USA,MM
296041,"Cable Harness  assem. P/N: 393029-60 , Used  For Ez -rail system from magneto to Junction box 14 pin to 19 pin","مجموعة أسلاك التوصيل، رقم القطعة: 393029-60، تُستخدم لنظام Ez-rail من المغناطيس إلى صندوق التوصيل (من 14 إلى 19 سنًا).",MIN_MAX,RS-GUPCO,0,,0,EACH,393029-60,WIRES & CABLES,MM
296042,"Shut down lead Cable assem. 180"" length P/N: 593052-180 ,  Used  For Ez -rail system from Junction box to","مجموعة كابلات إيقاف التشغيل. طول 180 بوصة، رقم القطعة: 593052-180، تُستخدم لنظام Ez-rail من صندوق التوصيل إلى",INSURANCE_SPARE,RS-GUPCO,0,,0,EACH,593052-180,WIRES & CABLES,MM
296133,"IMPELLER L 5 5/16"", ITEM NO.673, PN. B86981003 USED FOR GOULDS PUMP 4X9XALC, SN.T305487","مروحة بطول 5 5/16 بوصة، رقم الصنف 673، رقم القطعة B86981003، تُستخدم لمضخة غولدز 4X9XALC، الرقم التسلسلي T305487",PLANNED_WO,RS-GUPCO,0,,7907136,EACH,B86981003,PUMP MISC,PU
296326,"COVER SUCT 2.5X3-13 316SS , (SN 421674), ITEM NO. 182  , P/N : 101-24-1203","غطاء شفط 2.5 × 3-13 من الفولاذ المقاوم للصدأ 316، (الرقم التسلسلي 421674)، رقم الصنف 182، رقم القطعة: 101-24-1203",PLANNED_WO,RS-GUPCO,0,,7907124,EACH,101-24-1203,PUMP MISC,PU
297520,"Cap screw ,socket head, 1/2""- 13x4"" for crankshaft front pulley used for Waukesha gas engine","مسمار سداسي، برأس سداسي، مقاس 1/2 بوصة - 13 × 4 بوصة، لبكرة عمود المرفق الأمامية المستخدمة في محرك بنزين واكيشا",INSURANCE_SPARE,RS-GUPCO,0,02Q48A,0,EACH,28627,ENGINE USA,MM
297902,"Morse Cutting Tools 3/8"" × 3/8"" × 1 1/8"" × 3"" 4 Flute Single End Carbide Finishing Center Cutting End Mill-Uncoated Seri","أدوات قطع مورس 3/8 بوصة × 3/8 بوصة × 1 1/8 بوصة × 3 بوصة، 4 شفرات، طرف واحد، مركز قطع نهائي من الكربيد - غير مطلي",MIN_MAX,RS-GUPCO,0,,0,EACH,MT3258154,TOOLS,MM
296095,"Nick for Expansion Tank ,Part Numper: 8L3934, used for  Caterpillar Diesel Engine 3408, Serial No. 6U-3478,","نيك لخزان التمدد، رقم القطعة: 8L3934، يستخدم لمحرك ديزل كاتربيلر 3408، الرقم التسلسلي 6U-3478،",INSURANCE_SPARE,RS-GUPCO,0,04 K09 D,0,EACH,8L3934,CATERPILLAR,MM
296134,"THRUST RING, ITEM NO.725, PN.B51182217 USED FOR GOULDS PUMP 4X9XALC, SN.T305487","حلقة دفع، رقم الصنف 725، رقم القطعة B51182217، تُستخدم لمضخة غولدز 4X9XALC، الرقم التسلسلي T305487",PLANNED_WO,RS-GUPCO,0,02T03B,7907136,EACH,B51180F0002217,PUMP MISC,PU
297898,"Morse Cutting Tools 3/16"" × 3/16"" × 3/4"" × 2 1/2"" 4 Flute Single End Carbide Finishing Center Cutting End Mill-ALTiN Se","أدوات قطع مورس 3/16 بوصة × 3/16 بوصة × 3/4 بوصة × 2 1/2 بوصة، 4 شفرات، طرف واحد، مركز قطع نهائي من الكربيد - ALTiN Se",MIN_MAX,RS-GUPCO,0,,0,EACH,MT3290841,TOOLS,MM
297901,"Morse Cutting Tools 5/16"" × 5/16"" × 1 1/8"" × 3"" 4 Flute Single End Carbide Finishing Center Cutting End Mill-Uncoated Se","أدوات قطع مورس 5/16 بوصة × 5/16 بوصة × 1 1/8 بوصة × 3 بوصة، 4 شفرات، طرف واحد، مركز قطع نهائي من الكربيد - غير مطلي",MIN_MAX,RS-GUPCO,0,,0,EACH,MT3258150,TOOLS,MM
297906,"Morse Cutting Tools 1/2"" × 1/2"" × 2"" × 4"" 4 Flute Single End Carbide Finishing Center Cutting End Mill-Uncoated Series/","أدوات قطع مورس 1/2 بوصة × 1/2 بوصة × 2 بوصة × 4 بوصة، 4 شفرات، طرف واحد، مركز تشطيب من الكربيد، نهاية قطع - سلسلة غير مطلية/",MIN_MAX,RS-GUPCO,0,,0,EACH,MT3258162,TOOLS,MM
296132,"BOWL INTERMD M, ITEM NO.670, PN. B703741011 USED FOR GOULDS PUMP 4X9XALC, SN. T305487","وعاء وسيط متوسط، رقم الصنف 670، رقم القطعة B703741011، يُستخدم مع مضخة غولدز 4X9XALC، الرقم التسلسلي T305487",PLANNED_WO,RS-GUPCO,0,,7907136,EACH,B703741011,PUMP MISC,PU
296319,"Constant level lubrication TRICO OPTO-MATIC oiler-glass, Model No. 30215, Stainless steel material, 8 OZ","نظام تزييت بمستوى ثابت TRICO OPTO-MATIC، زجاجي، رقم الموديل 30215، مصنوع من الفولاذ المقاوم للصدأ، سعة 8 أونصة",SURPLUS,RS-GUPCO,0,02T03B,7909106,EACH,60111408,PUMP MISC,PU
304387,Clamp Compressor used for Diesel Engine CAT 3406 S/N: 1DZ-12976 Arr. 150-2982,"ضاغط مشبك يستخدم لمحرك ديزل CAT 3406، الرقم التسلسلي: 1DZ-12976، رقم التجهيز: 150-2982",UNDER_CLASSIFICATION,RS-GUPCO,0,,0,EACH,101-7769,CATERPILLAR,MM
304389,Connecting Rod Used for Diesel Engine CAT 3406 S/N: 2GG-00728 Arr.150-2981,"ذراع توصيل يُستخدم لمحرك ديزل CAT 3406، الرقم التسلسلي: 2GG-00728، رقم الوصلة: 150-2981",UNDER_CLASSIFICATION,RS-GUPCO,0,,0,EACH,7E-5996,CATERPILLAR,MM
304392,Clamp Turbine Used for Diesel Engine CAT 3406 S/N: 2GG-00728 Arr.150-2981,"توربين ذو مشبك يستخدم لمحرك ديزل CAT 3406، الرقم التسلسلي: 2GG-00728، رقم الترتيب: 150-2981",UNDER_CLASSIFICATION,RS-GUPCO,0,,0,EACH,5S-4517,CATERPILLAR,MM
304395,Retainer Pin used for Diesel Engine CAT 3406 S/N: 1DZ-12976 Arr. 150-2982,"دبوس تثبيت يُستخدم لمحرك ديزل CAT 3406، الرقم التسلسلي: 1DZ-12976، رقم التجميع: 150-2982",UNDER_CLASSIFICATION,RS-GUPCO,0,,0,EACH,7E-1177,CATERPILLAR,MM
304397,Central & Lower Gaskets Kit used for Diesel Engine CAT 3406 S/N: 2GG-00728 Arr.150-2981 & S/N: 1DZ-12976 Arr. 150-2982,"طقم حشيات مركزية وسفلية يُستخدم لمحرك الديزل CAT 3406، الرقم التسلسلي: 2GG-00728، رقم التجميع: 150-2981، والرقم التسلسلي: 1DZ-12976، رقم التجميع: 150-2982",UNDER_CLASSIFICATION,RS-GUPCO,0,,0,EACH,135-0231,CATERPILLAR,MM
304399,Water Pump Rebuild Kit used for Diesel Engine CAT 3406 S/N: 2GG-00728 Arr.150-2981 & S/N: 1DZ-12976 Arr. 150-2982,"طقم إصلاح مضخة الماء المستخدم لمحرك الديزل CAT 3406، الرقم التسلسلي: 2GG-00728، رقم القطعة: 150-2981، والرقم التسلسلي: 1DZ-12976، رقم القطعة: 150-2982",UNDER_CLASSIFICATION,RS-GUPCO,0,,0,EACH,377-7037,CATERPILLAR,MM
304394,PIN Piston used for Diesel Engine CAT 3406 S/N: 1DZ-12976 Arr. 150-2982,"مكبس دبوسي يُستخدم لمحرك ديزل CAT 3406، الرقم التسلسلي: 1DZ-12976، رقم التجهيز: 150-2982",UNDER_CLASSIFICATION,RS-GUPCO,0,,0,EACH,168-7246,CATERPILLAR,MM
304400,Oil Cooler & Lines Gaskets Kit used for Diesel Engine CAT 3406 S/N: 2GG-00728 Arr.150-2981 & S/N: 1DZ-12976 Arr. 150-298,"طقم حشيات مبرد الزيت وخطوطه، يُستخدم لمحرك الديزل CAT 3406، الرقم التسلسلي: 2GG-00728، رقم القطعة: 150-2981، والرقم التسلسلي: 1DZ-12976، رقم القطعة: 150-298",UNDER_CLASSIFICATION,RS-GUPCO,0,,0,EACH,140-9323,CATERPILLAR,MM
304384,Crank Shaft Ass used for Diesel Engine CAT 3406 S/N: 2GG-00728 Arr.150-2981 & S/N: 1DZ-12976 Arr. 150-2982,"مجموعة عمود المرفق المستخدمة لمحرك ديزل CAT 3406، الرقم التسلسلي: 2GG-00728، رقم التجميع: 150-2981، والرقم التسلسلي: 1DZ-12976، رقم التجميع: 150-2982",UNDER_CLASSIFICATION,RS-GUPCO,0,,0,EACH,1CA4302593,CATERPILLAR,MM
304390,Cartridge GP Turbocharger Used for Diesel Engine CAT 3406 S/N: 2GG-00728 Arr.150-2981,"شاحن توربيني من نوع Cartridge GP يُستخدم لمحرك ديزل CAT 3406، الرقم التسلسلي: 2GG-00728، رقم الطرد: 150-2981",UNDER_CLASSIFICATION,RS-GUPCO,0,,0,EACH,1W-3729,CATERPILLAR,MM
304388,Body As-Piston used for Diesel Engine CAT 3406 S/N: 2GG-00728 Arr.150-2981,جسم مكبس يستخدم لمحرك ديزل CAT 3406 S/N: 2GG-00728 Arr.150-2981,UNDER_CLASSIFICATION,RS-GUPCO,0,,0,EACH,160-1131,CATERPILLAR,MM
319720,"O-Ring, P/N: 0663 3125 00, used for Air Compressor, Model: Atlas Copco G75+","حلقة مانعة للتسرب، رقم القطعة: 0663 3125 00، تُستخدم لضاغط هواء، طراز: أطلس كوبكو G75+",MIN_MAX,RS-GUPCO,0,03B31F,0,EACH,,COMPRESSOR USA,MM
319730,"Hose from Air Receiver to Cooler, P/N: 1625 5953 00 ,used for Air Compressor, Model: Atlas Copco G75+","خرطوم من خزان الهواء إلى المبرد، رقم القطعة: 1625 5953 00، يُستخدم لضاغط الهواء، طراز: أطلس كوبكو G75+",MIN_MAX,RS-GUPCO,0,02U43B,0,EACH,,COMPRESSOR USA,MM
319702,"Pipe Air Discharge, P/N: 1625 5950 00, used for Air Compressor, Model: Atlas Copco G75+","مخرج هواء أنبوبي، رقم القطعة: 1625 5950 00، يُستخدم لضاغط هواء، طراز: أطلس كوبكو G75+",MIN_MAX,RS-GUPCO,0,02U45D,0,EACH,,COMPRESSOR USA,MM
319704,"Seal, P/N: 1625 4044 00, used for Air Compressor, Model: Atlas Copco G75+","مانع تسرب، رقم القطعة: 1625 4044 00، يُستخدم لضاغط هواء، طراز: أطلس كوبكو G75+",MIN_MAX,RS-GUPCO,0,03B31F,0,EACH,,COMPRESSOR USA,MM
319706,"Temperature Transmitter, P/N: 1091 0001 19, used for Air Compressor, Model: Atlas Copco G75+","جهاز إرسال درجة الحرارة، رقم القطعة: 1091 0001 19، يُستخدم مع ضاغط هواء، طراز: أطلس كوبكو G75+",MIN_MAX,RS-GUPCO,0,02U45E,0,EACH,,COMPRESSOR USA,MM
319864,"Pin, Plug in shaft 62/130 1.4057, DWG No. 309, Import code No. 84139100 for plug-in shaft diam. 100mm, used for Seepex c","دبوس، عمود توصيل 62/130 1.4057، رقم الرسم 309، رمز الاستيراد 84139100 لعمود توصيل بقطر 100 مم، يُستخدم في Seepex c",MIN_MAX,RS-GUPCO,0,02 T03C,7918107,EACH,SBOL606213000RK0XX,PUMP MISC,PU
324000,"Nipple for  SCVG hose, P/N  0571 0035 93 , used for Air Compressor, Model: Atlas Copco GA45+","حلمة لخرطوم صمام التحكم في ضغط الهواء، رقم القطعة 0571 0035 93، تُستخدم لضاغط هواء، طراز: أطلس كوبكو GA45+",MIN_MAX,RS-GUPCO,0,02U39E,0,EACH,0571 0035 93,COMPRESSOR USA,MM
324001,"O-Ring for SCVG hose, P/N  0663 3119 00 , used for Air Compressor, Model: Atlas Copco GA45+","حلقة مانعة للتسرب لخرطوم صمام التحكم في ضغط الهواء، رقم القطعة 0663 3119 00، تُستخدم لضاغط الهواء، طراز: أطلس كوبكو GA45+",MIN_MAX,RS-GUPCO,0,03B31D,0,EACH,663311900,COMPRESSOR USA,MM
324002,"Check valve  P/N: 1622 9062 00, used for Air Compressor, Model: Atlas Copco GA45+","صمام عدم الرجوع رقم القطعة: 1622 9062 00، يُستخدم لضاغط هواء، طراز: أطلس كوبكو GA45+",MIN_MAX,RS-GUPCO,0,02U39,0,EACH,1622 9062 00,COMPRESSOR USA,MM
324007,"ELEMENT SPACER, P/N:1622 6600 00, used for Air Compressor, Model: Atlas Copco GA45+","فاصل عنصر، رقم القطعة: 1622 6600 00، يُستخدم لضاغط هواء، طراز: أطلس كوبكو GA45+",MIN_MAX,RS-GUPCO,0,02U39E,0,EACH,1622660000,COMPRESSOR USA,MM
324008,"ELEMENT WASHER, P/N:1625 5050 01, used for Air Compressor, Model: Atlas Copco GA45+","غسالة عنصر التسخين، رقم القطعة: 1625 5050 01، تُستخدم لضاغط الهواء، طراز: أطلس كوبكو GA45+",MIN_MAX,RS-GUPCO,0,02U39F,0,EACH,1625 5050 01,COMPRESSOR USA,MM
324014,"SPM Nipple, P/N 1619 6032 00 , used for Air Compressor, Model: Atlas Copco GA45+","حلمة SPM، رقم القطعة 1619 6032 00، تُستخدم لضاغط هواء، طراز: أطلس كوبكو GA45+",MIN_MAX,RS-GUPCO,0,02U39F,0,EACH,1619 6032 00,COMPRESSOR USA,MM
324017,"Spacer Motor, P/N:  1622 9023 00, used for Air Compressor, Model: Atlas Copco GA45+","محرك فاصل، رقم القطعة: 1622 9023 00، يُستخدم لضاغط هواء، طراز: أطلس كوبكو GA45+",MIN_MAX,RS-GUPCO,0,02U39F,0,EACH,1622 9023 00,COMPRESSOR USA,MM
325958,"Temperature Transmitter, P/N : 1089070812 , used for Air Compressor, Model: Atlas Copco GA45+","جهاز إرسال درجة الحرارة، رقم القطعة: 1089070812، يُستخدم مع ضاغط هواء، طراز: أطلس كوبكو GA45+",MIN_MAX,RS-GUPCO,0,,0,EACH,1089070812,COMPRESSOR USA,MM
326230,"Element Fuel/Water separator P/N : 5134493,Used for R#6  New Diesel Gen. 3512 S/N LY700385  Manufacturer. CATERPILLAR","فاصل وقود/ماء من نوع Element، رقم القطعة: 5134493، يُستخدم مع مولد الديزل الجديد R#6 رقم 3512، الرقم التسلسلي: LY700385، الشركة المصنعة: كاتربيلر",MIN_MAX,RS-GUPCO,0,05d13h,0,EACH,5134493,CATERPILLAR,MM
326231,Restriction Indicator air filter P/N 6I-2933 Used for R#6 New Diesel Gen. 3512 S/N LY700385  Manufacturer. CATERPILLAR,"مؤشر انسداد فلتر الهواء، رقم القطعة 6I-2933، يُستخدم مع محرك الديزل الجديد R#6 من الجيل 3512، الرقم التسلسلي LY700385، من إنتاج شركة كاتربيلر.",MIN_MAX,RS-GUPCO,0,04l06e,0,EACH,6I-2933,CATERPILLAR,MM
316994,"Union Tube, P/N: 199108B used for Waukesha Gas Engine F-3521 GSI","وصلة أنبوبية، رقم القطعة: 199108B، تُستخدم لمحرك غاز واكيشا F-3521 GSI",MIN_MAX,RS-GUPCO,0,02Q31,0,EACH,199108B,ENGINE USA,MM
320078,"Gauge , 100 Psi , bottom mount , 3/8'' T , P/N :A-18450-A, for Ariel gas compressor model: JGE/4","مقياس ضغط، 100 رطل لكل بوصة مربعة، تركيب سفلي، وصلة 3/8 بوصة، رقم القطعة: A-18450-A، لضاغط غاز أرييل طراز: JGE/4",MIN_MAX,RS-GUPCO,0,,0,EACH,A-18450-A,COMPRESSOR USA,MM
320079,"Gauge , 100 Psi , back mount , 3/8'' T , P/N : A-18451-A","مقياس ضغط، 100 رطل/بوصة مربعة، مثبت من الخلف، وصلة 3/8 بوصة، رقم القطعة: A-18451-A",MIN_MAX,RS-GUPCO,0,,0,EACH,A-18451-A,COMPRESSOR USA,MM
320082,"Gauge , 7500 PSI, back mount ,3/8"" T, P/N : A-17258-A , for Ariel gas compressor model: JGE/4","مقياس ضغط، 7500 رطل لكل بوصة مربعة، تركيب خلفي، وصلة 3/8 بوصة، رقم القطعة: A-17258-A، لضاغط غاز أرييل طراز: JGE/4",MIN_MAX,RS-GUPCO,0,,0,EACH,A-17258-A,COMPRESSOR USA,MM
320083,"Resettable Pin Indicator or Ariel gas compressor model: JGE/4 , P/N: A-18243","مؤشر دبوس قابل لإعادة الضبط أو ضاغط غاز أرييل طراز: JGE/4، رقم القطعة: A-18243",MIN_MAX,RS-GUPCO,0,,0,EACH,A-18243,COMPRESSOR USA,MM
320086,"Thread gauge , P/N : A-15236","مقياس الخيط، رقم القطعة: A-15236",MIN_MAX,RS-GUPCO,0,,0,EACH,A-15236,COMPRESSOR USA,MM
322199,"LS thurst cap. PN 400300083, used for philadelphia Gear Unit Model No: 125 MHS S/N :127010","غطاء دفع LS، رقم القطعة 400300083، يُستخدم لوحدة تروس فيلادلفيا، رقم الموديل: 125 MHS، الرقم التسلسلي: 127010",MIN_MAX,RS-GUPCO,0,,0,EACH,~,BR/SL/S.PLG/FLT,PU
325509,"OIL MOBIL PEGASUS 805 OR OIL DHAX 7200 LA SAE 40, CHEVRON EGYPT LUBRICANTS","زيت موبيل بيغاسوس 805 أو زيت داكس 7200 LA SAE 40، زيوت تشحيم شيفرون مصر",MIN_MAX,RS-GUPCO,0,,0,DRUM,,LUBR & GREASE,MM
325961,"Temperature Switch, P/N : 1089063729 , used for Air Compressor, Model: Atlas Copco GA45+","مفتاح حراري، رقم القطعة: 1089063729، يُستخدم لضاغط هواء، طراز: أطلس كوبكو GA45+",MIN_MAX,RS-GUPCO,0,,0,EACH,1089063729,COMPRESSOR USA,MM
325965,"Oil Cooler, P/N : 1625564531 , used for Air Compressor, Model: Atlas Copco GA45+","مبرد زيت، رقم القطعة: 1625564531، يُستخدم لضاغط هواء، طراز: أطلس كوبكو GA45+",MIN_MAX,RS-GUPCO,0,,0,EACH,1625564531,COMPRESSOR USA,MM
323150,"Control Unit Module (ESM ), P/N: 740825, ECU Serial Number: 10958 used for Waukesha F-3524 G, S/N: 3182312","وحدة التحكم الإلكترونية (ESM)، رقم القطعة: 740825، الرقم التسلسلي لوحدة التحكم الإلكترونية: 10958، مستخدمة في Waukesha F-3524 G، الرقم التسلسلي: 3182312",MIN_MAX,RS-GUPCO,0,02Q46B,0,EACH,740825,ENGINE USA,MM
323151,"Transducer Oil Pressure, P/N: A740118, used for Waukesha F-3524 G, S/N: 3182312","محول ضغط الزيت، رقم القطعة: A740118، يستخدم مع جهاز Waukesha F-3524 G، الرقم التسلسلي: 3182312",MIN_MAX,RS-GUPCO,0,02Q52,0,EACH,A740118,ENGINE USA,MM
323152,"Transducer Intake Manifold Pressure , P/N: A740119, used for Waukesha F-3524 G, S/N: 3182312","محول ضغط مشعب السحب، رقم القطعة: A740119، يستخدم لـ Waukesha F-3524 G، الرقم التسلسلي: 3182312",MIN_MAX,RS-GUPCO,0,03H25D,0,EACH,A740119,ENGINE USA,MM
316349,"Thrust Plat, P/N: 168230, used for Waukesha Gas Engine F-2895 G","لوحة الدفع، رقم القطعة: 168230، تُستخدم لمحرك الغاز Waukesha F-2895 G",INSURANCE_SPARE,RS-GUPCO,0,02Q50D,0,EACH,168230,ENGINE USA,MM
309893,"Lube Oil Pump , P/N : CA200380A , used for Waukesha Gas Engine F2895 & F3521 , MANUFACTURE : Waukesha consist of the fol","مضخة زيت التشحيم، رقم القطعة: CA200380A، تُستخدم لمحركات الغاز من نوع Waukesha F2895 وF3521، من إنتاج شركة Waukesha، وتتكون من المكونات التالية:",INSURANCE_SPARE,RS-GUPCO,0,,0,EACH,CA200380A,ENGINE USA,MM
316857,"Spark Plug, P/N: 60999Z, used for Waukesha F-3524 G","شمعة إشعال، رقم القطعة: 60999Z، تُستخدم مع طراز Waukesha F-3524 G",MIN_MAX,RS-GUPCO,0,02Q50,0,EACH,60999Z,ENGINE USA,MM
323992,"Piston for  Combi valve, P/N 1613 2359 00, used for Air Compressor, Model: Atlas Copco GA45+","مكبس لصمام كومبي، رقم القطعة 1613 2359 00، يُستخدم لضاغط هواء، طراز: أطلس كوبكو GA45+",MIN_MAX,RS-GUPCO,0,02U41H,0,EACH,1613 2359 00,COMPRESSOR USA,MM
316860,"Boot Silicone, P/N: 740011A, used for Waukesha F-3524 G","غطاء سيليكون، رقم القطعة: 740011A، يُستخدم مع جهاز Waukesha F-3524 G",MIN_MAX,RS-GUPCO,0,03H25C,0,EACH,740011A,ENGINE USA,MM
316388,"HS BEARING BAB RDL 3.625X3.625X5.000. PN BM085457, used for Gear Unit Model No: N1402C , MANUFACTURER LUFKIN GEAR","محمل HS BAB RDL 3.625X3.625X5.000، رقم القطعة BM085457، يُستخدم لوحدة التروس رقم الموديل: N1402C، من إنتاج شركة لوفكين جير.",MIN_MAX,RS-GUPCO,0,02G57C,3112102,EACH,BM085457,BR/SL/S.PLG/FLT,PU
313464,Low tension wire cable P/N: 593069-30 for Ez rail ignition system,"كابل سلكي منخفض الجهد، رقم القطعة: 593069-30، لنظام إشعال Ez rail",MIN_MAX,RS-GUPCO,0,,0,EACH,593069-30,ENGINE USA,MM
313467,Ez rail L/B P/N:593506-021 A,سكة Ez rail L/B P/N:593506-021 A,INSURANCE_SPARE,RS-GUPCO,0,,0,EACH,593506-021 A,ENGINE USA,MM
313469,Ez junction box P/N:593500-201,صندوق توصيل Ez رقم القطعة: 593500-201,INSURANCE_SPARE,RS-GUPCO,0,,0,EACH,593500-201,ENGINE USA,MM
308449,Turbocharger Oil-Tube Assembly P/N: 261-0973 for C32 Diesel Gen.  S.No. JSJ02015 (Genuine Part Don't Substitute).,"مجموعة أنابيب زيت الشاحن التوربيني رقم القطعة: 261-0973 لمحرك الديزل C32 رقم التسلسل العام JSJ02015 (قطعة أصلية، لا تستخدم بديلًا).",INSURANCE_SPARE,RS-GUPCO,0,04K05,0,EACH,1CA2610973,CATERPILLAR,MM
308450,Turbocharger Oil-Connector P/N:6V-8642 for C32 Diesel Gen.  S.No. JSJ02015 (Genuine Part Don't Substitute.,"وصلة زيت الشاحن التوربيني رقم القطعة: 6V-8642 لمحرك الديزل C32 رقم التسلسل العام JSJ02015 (قطعة أصلية، لا تستخدم بديلاً).",MIN_MAX,RS-GUPCO,0,04K05,0,EACH,5CA6V8642,CATERPILLAR,MM
308456,Pulley 4 groove P/N:301-4172 for C32 Diesel Gen.  S.No. JSJ02015 (Genuine Part Don't Substitute).,"بكرة ذات 4 أخاديد P/N:301-4172 لمحرك الديزل C32 Gen. S.No. JSJ02015 (قطعة أصلية، لا تستخدم بديلًا).",INSURANCE_SPARE,RS-GUPCO,0,04K05,0,EACH,1CA3014172,CATERPILLAR,MM
308461,Seal Liner P/N:155-0809 for C32 Diesel Gen.  S.No. JSJ02015 (Genuine Part Don't Substitute).,"بطانة مانعة للتسرب رقم القطعة: 155-0809 لمحرك الديزل C32 رقم التسلسل العام JSJ02015 (قطعة أصلية، لا تستخدم بديلاً).",MIN_MAX,RS-GUPCO,0,03A08,0,EACH,5CA1550809,CATERPILLAR,MM
308486,"CLAMP-HOSE for air tube , for  Caterpillar diesel engine C32 , Genset serial   JSJ02015 (Genuine Part Don't Substitute)","مشبك خرطوم لأنبوب الهواء، لمحرك ديزل كاتربيلر C32، مولد كهربائي برقم تسلسلي JSJ02015 (قطعة أصلية، لا تستخدم بديلاً)",MIN_MAX,RS-GUPCO,0,04K03,0,EACH,1CA8T4988,CATERPILLAR,MM
308488,"Hose Radiator (Inlet), for  Caterpillar diesel engine C32 , Genset serial   JSJ02015 (Genuine Part Don't Substitute)","خرطوم رادياتير (مدخل)، لمحرك ديزل كاتربيلر C32، مولد كهربائي برقم تسلسلي JSJ02015 (قطعة أصلية، لا تستخدم بديلاً)",MIN_MAX,RS-GUPCO,0,03P03C,0,EACH,1CA3368953,CATERPILLAR,MM
313465,Right bank cable    P/N: 793101-36 for Ez-rail ignition system,كابل الضفة اليمنى رقم القطعة: 793101-36 لنظام الإشعال Ez-rail,INSURANCE_SPARE,RS-GUPCO,0,,0,EACH,793101-36,ENGINE USA,MM
306841,"TUBE, GEARCASE SCAVENGE Part No.23821853 For Air Comp.IR Model R75I S.No. VK2637U14264 Genuine Part do not substitute","أنبوب تنظيف علبة التروس، رقم القطعة 23821853، لضاغط الهواء طراز R75I، الرقم التسلسلي VK2637U14264. قطعة أصلية، لا تستخدم بديلًا.",MIN_MAX,RS-GUPCO,0,,0,EACH,23821853,COMPRESSOR USA,MM
314995,O-RING for main water pump for Waukesha engine model L7042GSI P.No. # 155248N (Don't Substitute ) Reference catalog Form,"حلقة مانعة للتسرب لمضخة الماء الرئيسية لمحرك واكيشا طراز L7042GSI، رقم القطعة 155248N (لا تستخدم بديلًا). راجع نموذج الكتالوج المرجعي.",MIN_MAX,RS-GUPCO,0,03/H25A,6923108,EACH,176883D,ENGINE USA,MM
308484,"ELBOW-RUBBER for air cleaner , for  Caterpillar diesel engine C32 , Genset serial   JSJ02015 (Genuine Part Don't Substit","كوع مطاطي لفلتر الهواء، لمحرك ديزل كاتربيلر C32، مولد كهربائي برقم تسلسلي JSJ02015 (قطعة أصلية، لا تستخدم بديلًا).",INSURANCE_SPARE,RS-GUPCO,0,03A08D,0,EACH,1CA1355294,CATERPILLAR,MM
308490,"Clamp-T Bolt, for  Caterpillar diesel engine C32 , Genset serial   JSJ02015 (Genuine Part Don't Substitute)","مسمار تثبيت على شكل حرف T، لمحرك ديزل كاتربيلر C32، مولد كهربائي برقم تسلسلي JSJ02015 (قطعة أصلية، لا تستخدم بديلاً)",MIN_MAX,RS-GUPCO,0,04K03,0,EACH,5CA2303671,CATERPILLAR,MM
309412,"See item#319054 For Alternative) Shell Omala S4 WE 220 , Advanced Synthetic Gear oil for worm gear reduction systems (in","(انظر المنتج رقم 319054 للاطلاع على بديل) زيت تروس شل أومالا S4 WE 220، زيت تروس اصطناعي متطور لأنظمة تخفيض التروس الدودية (في",PLANNED_WO,RS-GUPCO,0,,0,PAIL,~,LUBR & GREASE,PU
313468,Ez rail R/B P/N:593506-021 B,سكة حديد Ez Rail R/B P/N:593506-021 B,INSURANCE_SPARE,RS-GUPCO,0,,0,EACH,593506-021 B,ENGINE USA,MM
311292,"Bearing, Roller tapered cone ID: 1.3125"" W: 0.9478"", tapered cup OD: 3.125"" W: 0.6875"" SKF P/N K43132/43312.","محمل، مخروطي أسطواني، القطر الداخلي: 1.3125 بوصة، العرض: 0.9478 بوصة، كوب مخروطي، القطر الخارجي: 3.125 بوصة، العرض: 0.6875 بوصة، رقم القطعة SKF: K43132/43312.",MIN_MAX,RS-GUPCO,0,02G59D,7313105,EACH,~,BR/SL/S.PLG/FLT,PU
119623,"PISTON, W/B STD. 14.1/8 K","مكبس، قاعدة عجلات قياسية 14.1/8 كيلو",INSURANCE_SPARE,RS-GUPCO,0,01E17E,8025100,EACH,C-2662,COMPRESSOR USA,MM
119594,"SIGHT GLASS , P/N A-5374","زجاج الرؤية، رقم القطعة A-5374",INSURANCE_SPARE,RS-GUPCO,0,02U16,8025100,EACH,A-5374,COMPRESSOR USA,MM
119624,LUBE OIL PUMP JGH,مضخة زيت التشحيم JGH,INSURANCE_SPARE,RS-GUPCO,0,,8025100,EACH,,COMPRESSOR USA,MM
119559,"L.O.PRESS GAUGE, ASHCROLFT , P/N : A-0261","مقياس لوبريس، أشكرُفت، رقم القطعة: A-0261",MIN_MAX,RS-GUPCO,0,,8025100,EACH,A-0261,COMPRESSOR USA,MM
117102,"GASKET, GOVERNOR","حشية، منظم السرعة",INSURANCE_SPARE,RS-GUPCO,0,,6923108,EACH,,ENGINE USA,MM
316859,"Extension Spark Plug, P/N: A211797G, used for Waukesha F-3524 G","شمعة إشعال إضافية، رقم القطعة: A211797G، تُستخدم مع جهاز Waukesha F-3524 G",INSURANCE_SPARE,RS-GUPCO,0,02Q50,0,EACH,A211797R,ENGINE USA,MM
308857,"SENSOR, TEMPERATURE THERMISTOR Installed on filter air panel Part No.23522253","مستشعر، مقاوم حراري، مثبت على لوحة فلتر الهواء، رقم القطعة 23522253",MIN_MAX,RS-GUPCO,0,02U39A,8009155,EACH,23522253,COMPRESSOR USA,MM
316347,"Single Cyl. Sleeve Kit 8.25:1 CR, P/N: G-932-172, used for Waukesha Gas Engine F-2895 G","طقم أكمام أسطوانة مفردة بنسبة انضغاط 8.25:1، رقم القطعة: G-932-172، يُستخدم لمحرك غاز واكيشا F-2895 G",INSURANCE_SPARE,RS-GUPCO,0,01C11H,0,EACH,G-932-172,ENGINE USA,MM
316391,"SEAL HS-N10C SPLIT AIR PURGE. PN CM163536, used for Gear Unit Model No: N1402C, MANUFACTURER LUFKIN GEAR","صمام تنقية هواء منفصل SEAL HS-N10C. رقم القطعة CM163536، يُستخدم مع وحدة التروس رقم الموديل: N1402C، من إنتاج شركة لوفكين جير.",MIN_MAX,RS-GUPCO,0,,3112102,EACH,CM163536,BR/SL/S.PLG/FLT,PU
316423,"HOLD TILL 1/12/2026, Complete Gear Box BHP750, gear ratio 2.81 : 1 included main lube oil pump, pressure and temperature","يُحفظ حتى 1/12/2026، علبة تروس كاملة BHP750، نسبة التروس 2.81:1، تشمل مضخة زيت التشحيم الرئيسية، ومقياس الضغط ودرجة الحرارة",INSURANCE_SPARE,RS-GUPCO,0,,3120102,EACH,,BR/SL/S.PLG/FLT,PU
306842,"TUBE, GEARCASE SCAVENGE Part No.23821861 For Air Comp.IR Model R75I S.No. VK2637U14264 Genuine Part do not substitute","أنبوب تنظيف علبة التروس، رقم القطعة 23821861، لضاغط الهواء طراز R75I، الرقم التسلسلي VK2637U14264. قطعة أصلية، لا تستخدم بديلًا.",MIN_MAX,RS-GUPCO,0,,0,EACH,23821861,COMPRESSOR USA,MM
306848,"TUBE, SCAVENGE .25 OD Part No.23549629 For Air Comp.IR Model R75I- A125 S.No. VK2637U14264 Genuine Part do not substitut","أنبوب تجميع، قطر خارجي 0.25 بوصة، رقم القطعة 23549629، لضاغط الهواء طراز R75I-A125، الرقم التسلسلي VK2637U14264. قطعة أصلية، لا تستخدم بديلاً.",INSURANCE_SPARE,RS-GUPCO,0,02U51E,0,EACH,23549629,COMPRESSOR USA,MM
316157,"STD REPAIR KIT FOR J.C. Mechanical seal, TYPE-8B1, Size 3.375"" for 2.875"" SHAFT, DWG. NO. CF-SP-59007, (The stationary f","طقم إصلاح قياسي لمانع التسرب الميكانيكي JC، النوع 8B1، مقاس 3.375 بوصة لعمود 2.875 بوصة، رقم الرسم CF-SP-59007، (الجزء الثابت من",MIN_MAX,RS-GUPCO,0,,7909108,EACH,~,BELT/TRANSMIT,PU
317625,"Ring, process side PN. A04068","حلقة، جانب العملية، رقم القطعة A04068",MIN_MAX,RS-GUPCO,0,02T03E,7916010,EACH,A04068,PUMP MISC,PU
316861,"Centrifuge Cleaning Kit, P/N: G-962-1600, used for Waukesha F-3524 G","طقم تنظيف جهاز الطرد المركزي، رقم القطعة: G-962-1600، يُستخدم مع جهاز Waukesha F-3524 G",MIN_MAX,RS-GUPCO,0,03H25C,0,EACH,G-962-1600,ENGINE USA,MM
316862,"Fuel Carburetor, P/N: 59036, used for Waukesha F-3524 G","مكربن وقود، رقم القطعة: 59036، يُستخدم مع Waukesha F-3524 G",INSURANCE_SPARE,RS-GUPCO,0,02Q50,0,EACH,59036,ENGINE USA,MM
318047,"OIL SEPARATOR AND SCAVENGE LINE KIT, Part No. 2901 9200 40, used for Air Compressor, Model: Atlas Copco G75+","طقم فاصل الزيت وخط السحب، رقم القطعة 2901 9200 40، يُستخدم لضاغط الهواء، طراز: أطلس كوبكو G75+",MIN_MAX,RS-GUPCO,0,05 / e 06 a,0,EACH,2901 9200 40,COMPRESSOR USA,MM
308865,"COOLER, OIL Part No.23859564","مبرد زيت، رقم القطعة 23859564",INSURANCE_SPARE,RS-GUPCO,0,01/E19B,8009155,EACH,23859564,COMPRESSOR USA,MM
308866,"GASKET, SELF GRIPPING Part No. 23394190","حشية ذاتية التثبيت، رقم القطعة 23394190",MIN_MAX,RS-GUPCO,0,,8009155,EACH,23394190,COMPRESSOR USA,MM
318767,Holding band 60/130 V418 180x3/4 1.4401 PN HBDT8060130003V418 - Material Certificates acc.to DIN EN 10204 3.1 Spare part,حزام تثبيت 60/130 V418 180x3/4 1.4401 PN HBDT8060130003V418 - شهادات المواد وفقًا للمعيار DIN EN 10204 3.1 قطعة غيار,MIN_MAX,RS-GUPCO,0,02 T03C,7918107,EACH,HBDT8060130003V418,PUMP MISC,PU
318768,Holding band 60/130 V415 127x3/4 1.4401 PNHBDT8060130003V415 - Material Certificates acc.to DIN EN 10204 3.1 Spare part,حزام تثبيت 60/130 V415 127x3/4 1.4401 PNHBDT8060130003V415 - شهادات المواد وفقًا للمعيار DIN EN 10204 3.1 قطعة غيار,MIN_MAX,RS-GUPCO,0,02 T03C,7918107,EACH,PNHBDT8060130003V415,PUMP MISC,PU
318965,"MOONEY REGULATOR Repair Kit, P/N: 489670 , used for Waukesha F-3521 GSI","طقم إصلاح منظم MOONEY، رقم القطعة: 489670، يُستخدم مع Waukesha F-3521 GSI",MIN_MAX,RS-GUPCO,0,,0,EACH,489670,ENGINE USA,MM
318765,"Joint grease SEEPEX 10325 cart. 310ccm, PN BGFS010325KC0, Spare part for commission no. 350140","شحم مفاصل SEEPEX 10325، عبوة سعة 310 سم مكعب، رقم القطعة BGFS010325KC0، قطعة غيار لرقم التشغيل 350140",MIN_MAX,RS-GUPCO,0,03 B18F,7918107,EACH,BGFS010325KC0,PUMP MISC,PU
318045,"Oil Filter Element, Part No. 2901 9200 10, used for Air Compressor, Model: Atlas Copco G75+","عنصر فلتر الزيت، رقم القطعة 2901 9200 10، يُستخدم لضاغط الهواء، طراز: أطلس كوبكو G75+",MIN_MAX,RS-GUPCO,0,05/E06,0,EACH,2901 9200 10,COMPRESSOR USA,MM
319340,"Filter Kit UD 310+ Part No. 2901300410 used for Air Compressor, Model: Atlas Copco G75+ SN:APIS45248401","طقم فلتر UD 310+ رقم القطعة 2901300410، يُستخدم لضاغط الهواء، طراز: أطلس كوبكو G75+، الرقم التسلسلي: APIS45248401",INSURANCE_SPARE,RS-GUPCO,0,02 u 45 b,0,EACH,2901300410,COMPRESSOR USA,MM
324010,"ELEMENT KEY PARALLEL,P/N: 1629 0308 25, used for Air Compressor, Model: Atlas Copco GA45+","مفتاح عنصر متوازي، رقم القطعة: 1629 0308 25، يُستخدم لضاغط هواء، طراز: أطلس كوبكو GA45+",MIN_MAX,RS-GUPCO,0,02U39F,0,EACH,1629 0308 25,COMPRESSOR USA,MM
324016,"HEXAGON Bolt for Element, P/N 0147 1364 03 , used for Air Compressor, Model: Atlas Copco GA45+","مسمار سداسي للعنصر، رقم القطعة 0147 1364 03، يُستخدم لضاغط الهواء، طراز: أطلس كوبكو GA45+",MIN_MAX,RS-GUPCO,0,02U41,0,EACH,147136403,COMPRESSOR USA,MM
319725,"O-Ring, P/N: 0663 2113 43, used for Air Compressor, Model: Atlas Copco G75+","حلقة مانعة للتسرب، رقم القطعة: 0663 2113 43، تُستخدم لضاغط هواء، طراز: أطلس كوبكو G75+",MIN_MAX,RS-GUPCO,0,03B29A,0,EACH,,COMPRESSOR USA,MM
319707,"Temperature Sensor, P/N: 1089 9989 61, used for Air Compressor, Model: Atlas Copco G75+","مستشعر درجة الحرارة، رقم القطعة: 1089 9989 61، يُستخدم لضاغط الهواء، طراز: أطلس كوبكو G75+",MIN_MAX,RS-GUPCO,0,,0,EACH,1089 9989 61,COMPRESSOR USA,MM
324011,"Air End Gear, Part no. 1622 3110 65, used for Air Compressor, Model: Atlas Copco GA45+, S/N: APIS45798401&S/N: APIS45755","ترس طرف الهواء، رقم القطعة 1622 3110 65، يُستخدم لضاغط هواء، طراز: أطلس كوبكو GA45+، الرقم التسلسلي: APIS45798401 والرقم التسلسلي: APIS45755",MIN_MAX,RS-GUPCO,0,02U39F,0,EACH,1622 3110 66,COMPRESSOR USA,MM
324015,"HEXAGON Bolt for oil nozzle, P/N 0147 1322 03 , used for Air Compressor, Model: Atlas Copco GA45+","مسمار سداسي لفوهة الزيت، رقم القطعة 0147 1322 03، يُستخدم لضاغط الهواء، طراز: أطلس كوبكو GA45+",MIN_MAX,RS-GUPCO,0,02U41,0,EACH,147132203,COMPRESSOR USA,MM
320085,"Proximity switch ,P/N : A-18255 , for Ariel gas compressor model: JGE/4","مفتاح تقارب، رقم القطعة: A-18255، لضاغط غاز أرييل طراز: JGE/4",MIN_MAX,RS-GUPCO,0,,0,EACH,A-18255,COMPRESSOR USA,MM
315479,"HOLD TILL 1/12/ 2026 , Outboard Split Seal Used for Bingham horizontal Pump size 4x6x10, axially split , type BB3","يُحفظ حتى 1/12/2026، مانع تسرب خارجي منقسم يُستخدم لمضخة بينغهام الأفقية، مقاس 4×6×10، منقسم محوريًا، من النوع BB3",MIN_MAX,RS-GUPCO,0,,7902110,EACH,,BR/SL/S.PLG/FLT,PU
319446,Spark Plug For Waukesha Gas Engine P/N 60999G,"شمعة إشعال لمحرك بنزين من نوع واكيشا، رقم القطعة 60999G",MIN_MAX,RS-GUPCO,0,02CAB5,0,EACH,60999G or RTM77N,ENGINE USA,MM
318512,"LINES GP-TURBOCHARGER OIL P/N 212-1487,  for Caterpillar diesel Engine Model : 3406C, Engine Serial No.  6TB26272","زيت شاحن توربيني LINES GP رقم القطعة 212-1487، لمحرك ديزل كاتربيلر طراز: 3406C، الرقم التسلسلي للمحرك: 6TB26272",INSURANCE_SPARE,RS-GUPCO,0,04L02B,0,SET,~,CATERPILLAR,MM
317659,"Water Regulator P/N: 4W4011  , used for Caterpillar G-398 & G-399","منظم مياه رقم القطعة: 4W4011، يُستخدم مع جرافات كاتربيلر G-398 و G-399",MIN_MAX,RS-GUPCO,0,04J12C,0,EACH,4W4011,CATERPILLAR,MM
316036,F.F. Lubricator Pump P/N A-1764 for Ariel Gas Compressor Model JGE/4,مضخة تزييت FF رقم القطعة A-1764 لضاغط غاز أرييل طراز JGE/4,INSURANCE_SPARE,RS-GUPCO,0,,0,EACH,A-18526-A,COMPRESSOR USA,MM
316351,"PISTON ASSY UNL, 5-1/8RU CL, P/N AB-0394 for Ariel Gas Compressor 5-1/2 inch bore cylinders, Frame S/N F-10743","مجموعة مكبس غير محدودة، 5-1/8RU CL، رقم القطعة AB-0394 لضاغط غاز أرييل، أسطوانات بقطر 5-1/2 بوصة، رقم تسلسل الإطار F-10743",INSURANCE_SPARE,RS-GUPCO,0,02U41A,8001108,EACH,AC-3741,COMPRESSOR USA,MM
316357,"GASKET,RET,77-5/8 X20-3/8X1/32  , P/N: C-6200 (Manufacture Ariel) for ariel gas compressor model : JGE/4 Frame S/N F-107","حشية، إرجاع، 77-5/8 × 20-3/8 × 1/32، رقم القطعة: C-6200 (صنع شركة أرييل) لضاغط غاز أرييل طراز: JGE/4، رقم الإطار التسلسلي F-107",INSURANCE_SPARE,RS-GUPCO,0,03B31C,8001108,EACH,C-6200,COMPRESSOR USA,MM
316350,"Variable Volume Clearance Pocket (R- VVCP) Serial no.: U166069 , P/N G-11085 for Ariel Gas Compressor 5-1/2 inch bore cy","جيب خلوص متغير الحجم (R-VVCP) الرقم التسلسلي: U166069، رقم القطعة G-11085 لضاغط غاز أرييل بقطر 5.5 بوصة",INSURANCE_SPARE,RS-GUPCO,0,01E17C,8001108,EACH,G-11085,COMPRESSOR USA,MM
323140,"Bridge Valve-Assembly, P/N: A211792C , used for Waukesha F-3524 G, S/N: 3182312","مجموعة صمام الجسر، رقم القطعة: A211792C، تُستخدم مع Waukesha F-3524 G، الرقم التسلسلي: 3182312",MIN_MAX,RS-GUPCO,0,02Q52,0,EACH,A211792E,ENGINE USA,MM
323718,"Bridge valve P/N 3487743 for C32 Diesel Gen. set  S.No. JSJ02015 , Engine serial: PRH02017  (Genuine Part Don't Substitu","صمام جسري رقم القطعة 3487743 لمجموعة مولدات الديزل C32، الرقم التسلسلي JSJ02015، الرقم التسلسلي للمحرك: PRH02017 (قطعة أصلية، لا تستخدم بديلًا).",MIN_MAX,RS-GUPCO,0,04L02F,0,EACH,3487743,CATERPILLAR,MM
313466,Left bank cable    P/N:793101-72 for Ez-rail ignition system,كابل الضفة اليسرى رقم القطعة: 793101-72 لنظام الإشعال Ez-rail,INSURANCE_SPARE,RS-GUPCO,0,,0,EACH,ALT-793101-72-OE,ENGINE USA,MM
319723,"Nipple, P/N: 1625 4287 03, used for Air Compressor, Model: Atlas Copco G75+","حلمة، رقم القطعة: 1625 4287 03، تُستخدم لضاغط هواء، طراز: أطلس كوبكو G75+",MIN_MAX,RS-GUPCO,0,02U43A,0,EACH,,COMPRESSOR USA,MM
319732,"Hose Oil, P/N: 1625 2073 04, used for Air Compressor, Model: Atlas Copco G75+","زيت خرطوم، رقم القطعة: 1625 2073 04، يُستخدم لضاغط هواء، طراز: أطلس كوبكو G75+",MIN_MAX,RS-GUPCO,0,03B31G,0,EACH,,COMPRESSOR USA,MM
319863,"Plug in shaft, 62/130 AISI 316L, 100 reduced, 75x120, DWG No. 307, Import code No. 84139100 with fitting grease used for","عمود توصيل، 62/130 AISI 316L، مخفض بنسبة 100%، 75x120، رقم الرسم 307، رمز الاستيراد 84139100، مع شحم تركيب يُستخدم لـ",MIN_MAX,RS-GUPCO,0,02 T03C,7918107,EACH,STWJ006213000AOVK0,PUMP MISC,PU
319872,"Stator, 60/300-6L NBR, DWG No. 601, Spare part for Seepex commission no. 350141,Commodity Code/Import Code Number: 84139","الجزء الثابت، 60/300-6 لتر NBR، رقم الرسم 601، قطعة غيار لرقم عمولة Seepex 350141، رمز السلعة/رقم رمز الاستيراد: 84139",MIN_MAX,RS-GUPCO,0,01M01,7918107,EACH,350140STA,PUMP MISC,PU
319869,"Pin, coupling rod 60/130 L5, DWG. NO. 402, Spare part for Seepex commission no. 350141,Commodity Code/Import Code Number","دبوس، قضيب توصيل 60/130 L5، رقم الرسم 402، قطعة غيار لرقم عمولة Seepex 350141، رمز السلعة/رقم رمز الاستيراد",MIN_MAX,RS-GUPCO,0,02 T03C,7918107,EACH,KBOL506013000XXXXX,PUMP MISC,PU
319871,"Rotor, 60/300-6L AISI 316L Duktil 250¼m - Material Certificates acc.to DIN EN 10204 3.1, DWG NO. 600, Spare part for See","دوّار، 60/300-6L AISI 316L Duktil 250¼m - شهادات المواد وفقًا للمعيار DIN EN 10204 3.1، رقم الرسم 600، قطعة غيار لـ (انظر)",MIN_MAX,RS-GUPCO,0,01M01,7918107,EACH,ROTJ00603000AN09BX,PUMP MISC,PU
320162,"Tap tapered for pipe, ground thread HSS, regular thread NPT, list No. 2119 size (3/8 "" - 18) part no. 36125, Morse Cutti","صنبور مخروطي للأنابيب، خيط أرضي من الفولاذ عالي السرعة، خيط عادي NPT، رقم القائمة 2119، المقاس (3/8 بوصة - 18)، رقم القطعة 36125، مورس كاتي",MIN_MAX,RS-GUPCO,0,,0,EACH,~,TOOLS,PU
319337,"thermostatic kit 40 Degree P/N:2901161600 ,  used for Air Compressor, Model: Atlas Copco G75+ SN:APIS45248401","طقم منظم حرارة 40 درجة، رقم القطعة: 2901161600، يُستخدم لضاغط هواء، طراز: أطلس كوبكو G75+، الرقم التسلسلي: APIS45248401",MIN_MAX,RS-GUPCO,0,03B31E,0,EACH,2901161600,COMPRESSOR USA,MM
323722,"Seal O-ring for water pump replacement  P/N 6V-5063 for C32 Diesel Gen. set  S.No. JSJ02015 , Engine serial: PRH02017  (","حلقة مانعة للتسرب لاستبدال مضخة الماء، رقم القطعة 6V-5063، لمجموعة مولدات الديزل C32، الرقم التسلسلي JSJ02015، الرقم التسلسلي للمحرك: PRH02017 (",MIN_MAX,RS-GUPCO,0,03A08E,0,EACH,6V-5063,CATERPILLAR,MM
323725,"Seal O-ring for water pump replacement  P/N 231-4708 for C32 Diesel Gen. set  S.No. JSJ02015 , Engine serial: PRH02017 ","حلقة مانعة للتسرب لاستبدال مضخة الماء، رقم القطعة 231-4708، لمجموعة مولدات الديزل C32، الرقم التسلسلي JSJ02015، الرقم التسلسلي للمحرك: PRH02017",MIN_MAX,RS-GUPCO,0,03A08E,0,EACH,231-4708,CATERPILLAR,MM
323996,"Plug Oil Stop Valve, P/N 1622 9087 00, used for Air Compressor, Model: Atlas Copco GA45+","صمام إيقاف الزيت، رقم القطعة 1622 9087 00، يُستخدم لضاغط الهواء، طراز: أطلس كوبكو GA45+",MIN_MAX,RS-GUPCO,0,02U39E,0,EACH,1622 9087 00,COMPRESSOR USA,MM
324009,"ELEMENT WASHER SCREW,P/N: 0211 1409 00, used for Air Compressor, Model: Atlas Copco GA45+","برغي غسالة عنصر التسخين، رقم القطعة: 0211 1409 00، يُستخدم لضاغط الهواء، طراز: أطلس كوبكو GA45+",MIN_MAX,RS-GUPCO,0,02U41,0,EACH,211140900,COMPRESSOR USA,MM
323142,"O-Ring, P/N: 211830, used for Waukesha F-3524 G, S/N: 3182312","حلقة دائرية، رقم القطعة: 211830، تُستخدم مع جهاز Waukesha F-3524 G، الرقم التسلسلي: 3182312",MIN_MAX,RS-GUPCO,0,03H25D,0,EACH,211830,ENGINE USA,MM
323144,"Arm Rocker Assembly, P/N: C211790A, used for Waukesha F-3524 G, S/N: 3182312","مجموعة ذراع التأرجح، رقم القطعة: C211790A، تُستخدم مع Waukesha F-3524 G، الرقم التسلسلي: 3182312",MIN_MAX,RS-GUPCO,0,02Q52,0,EACH,G11790A,ENGINE USA,MM
323145,"KIT Gasket Head Single, P/N: 977-68, used for Waukesha F-3524 G, S/N: 3182312","طقم حشية رأس مفردة، رقم القطعة: 977-68، يستخدم لـ Waukesha F-3524 G، الرقم التسلسلي: 3182312",MIN_MAX,RS-GUPCO,0,02Q52,0,EACH,G-977-68,ENGINE USA,MM
319715,"O-Ring, P/N: 0663 2119 92, used for Air Compressor, Model: Atlas Copco G75+","حلقة مانعة للتسرب، رقم القطعة: 0663 2119 92، تُستخدم لضاغط هواء، طراز: أطلس كوبكو G75+",MIN_MAX,RS-GUPCO,0,03B31E,0,EACH,0663 2119 92,COMPRESSOR USA,MM
319716,"Hose Assembly from SCVG to Air End, P/N: 0574 8000 45, used for Air Compressor, Model: Atlas Copco G75+","مجموعة خرطوم من صمام التحكم في ضغط الهواء إلى وحدة ضغط الهواء، رقم القطعة: 0574 8000 45، تُستخدم لضاغط هواء، طراز: أطلس كوبكو G75+",MIN_MAX,RS-GUPCO,0,03B31F,0,EACH,,COMPRESSOR USA,MM
319717,"Hose Assembly from Oil filter to Air End, P/N: 1625 2073 06, used for Air Compressor, Model: Atlas Copco G75+","خرطوم توصيل من فلتر الزيت إلى وحدة ضغط الهواء، رقم القطعة: 1625 2073 06، يُستخدم لضاغط هواء، طراز: أطلس كوبكو G75+",MIN_MAX,RS-GUPCO,0,03B31F,0,EACH,,COMPRESSOR USA,MM
319718,"Hose Assembly from Air End to Air Receiver, P/N: 1625 4045 00, used for Air Compressor, Model: Atlas Copco G75+","مجموعة خرطوم من وحدة ضغط الهواء إلى خزان الهواء، رقم القطعة: 1625 4045 00، تُستخدم لضاغط هواء، طراز: أطلس كوبكو G75+",MIN_MAX,RS-GUPCO,0,02U45F,0,EACH,,COMPRESSOR USA,MM
319719,"Nipple, P/N: 0571 0036 07, used for Air Compressor, Model: Atlas Copco G75+","حلمة، رقم القطعة: 0571 0036 07، تُستخدم لضاغط هواء، طراز: أطلس كوبكو G75+",MIN_MAX,RS-GUPCO,0,02U43A,0,EACH,,COMPRESSOR USA,MM
321618,"OIL HDAX 7200 LA SAE 40 , CHEVRON EGYPT LUBRICANTS",زيت HDAX 7200 LA SAE 40 - زيوت تشحيم شيفرون مصر,MIN_MAX,RS-GUPCO,136,YARD,0,DRUM,~,LUBR & GREASE,MM
323721,"Seal Lip type for  (water temperature regulator ) P/N 3S-9643 for C32 Diesel Gen. set  S.No. JSJ02015 , Engine serial: P","مانع تسرب من نوع الشفة لمنظم درجة حرارة الماء، رقم القطعة 3S-9643، لمجموعة مولدات الديزل C32، الرقم التسلسلي JSJ02015، رقم المحرك التسلسلي: P",MIN_MAX,RS-GUPCO,0,04L02F,0,EACH,3S-9643,CATERPILLAR,MM
323727,"Joint Expansion for exhaust manifold P/N:243-3566 for C32 Diesel Gen. set  S.No. JSJ02015 , Engine serial: PRH02017  (Ge","وصلة تمدد لمشعب العادم، رقم القطعة: 243-3566، لمجموعة مولدات الديزل C32، الرقم التسلسلي: JSJ02015، الرقم التسلسلي للمحرك: PRH02017 (Ge",MIN_MAX,RS-GUPCO,0,04L02G,0,EACH,243-3566,CATERPILLAR,MM
323764,"Ring Piston P/N 2239159 for C32 Diesel Gen. set  S.No. JSJ02015 , Engine serial: PRH02017  (Genuine Part Don't Substitut","مكبس حلقي رقم القطعة 2239159 لمولد ديزل C32، رقم التسلسل JSJ02015، رقم تسلسل المحرك: PRH02017 (قطعة أصلية، لا تستخدم بديلاً).",MIN_MAX,RS-GUPCO,0,04L06D,0,EACH,2239159,CATERPILLAR,MM
323765,"Ring Piston P/N 2382707 for C32 Diesel Gen. set  S.No. JSJ02015 , Engine serial: PRH02017  (Genuine Part Don't Substitut","مكبس حلقي رقم القطعة 2382707 لمجموعة مولدات الديزل C32، رقم التسلسل JSJ02015، رقم تسلسل المحرك: PRH02017 (قطعة أصلية، لا تستخدم بديلاً).",MIN_MAX,RS-GUPCO,0,04L06D,0,EACH,2382707,CATERPILLAR,MM
325966,"Hose from oil filter to oil cooler, P/N : 1625207303 , used for Air Compressor, Model: Atlas Copco GA45+","خرطوم من فلتر الزيت إلى مبرد الزيت، رقم القطعة: 1625207303، يُستخدم لضاغط الهواء، طراز: أطلس كوبكو GA45+",MIN_MAX,RS-GUPCO,0,,0,EACH,1625207303,COMPRESSOR USA,MM
325967,"Pipe Scavenge line Assembly, P/N : 1625822801 , used for Air Compressor, Model: Atlas Copco GA45+","مجموعة خط تجميع أنابيب السحب، رقم القطعة: 1625822801، تُستخدم لضاغط هواء، طراز: أطلس كوبكو GA45+",MIN_MAX,RS-GUPCO,0,,0,EACH,1625822801,COMPRESSOR USA,MM
323719,"Ball for rocker arm shaft  P/N 4B-9782 for C32 Diesel Gen. set  S.No. JSJ02015 , Engine serial: PRH02017  (Genuine Part","كرة لعمود ذراع التأرجح، رقم القطعة 4B-9782، لمجموعة مولدات الديزل C32، الرقم التسلسلي JSJ02015، الرقم التسلسلي للمحرك: PRH02017 (قطعة أصلية)",MIN_MAX,RS-GUPCO,0,04L02F,0,EACH,4B-9782,CATERPILLAR,MM
323737,"Spacer (9.8X15.85X37.6 MMTHK) for unit injector P/N 100-5072 for C32 Diesel Gen. set  S.No. JSJ02015 , Engine serial: PR","فاصل (9.8 × 15.85 × 37.6 مم) لحاقن الوحدة رقم 100-5072 لمجموعة مولدات الديزل C32، الرقم التسلسلي JSJ02015، الرقم التسلسلي للمحرك: PR",MIN_MAX,RS-GUPCO,0,04L04B,0,EACH,100-5072,CATERPILLAR,MM
323743,"bolt  for Intake manifold P/N 2P-7557 for C32 Diesel Gen. set  S.No. JSJ02015 , Engine serial: PRH02017  (Genuine Part D","مسمار لمدخل الهواء، رقم القطعة 2P-7557، لمجموعة مولدات الديزل C32، الرقم التسلسلي JSJ02015، الرقم التسلسلي للمحرك: PRH02017 (قطعة أصلية من الفئة D)",MIN_MAX,RS-GUPCO,0,04L04C,0,EACH,2P-7557,CATERPILLAR,MM
323748,"Bolt  12 PT for valve mechanism P/N:338-4562 for C32 Diesel Gen. set  S.No. JSJ02015 , Engine serial: PRH02017  (Genuine","مسمار 12 نقطة لآلية الصمام، رقم القطعة: 338-4562، لمجموعة مولدات الديزل C32، الرقم التسلسلي: JSJ02015، الرقم التسلسلي للمحرك: PRH02017 (أصلي)",MIN_MAX,RS-GUPCO,0,04L04E,0,EACH,338-4562,CATERPILLAR,MM
323758,"Kit cylinder head install P/N 4553259 for C32 Diesel Gen. set  S.No. JSJ02015 , Engine serial: PRH02017  (Genuine Part D","طقم تركيب رأس الأسطوانة، رقم القطعة 4553259، لمولد الديزل C32، رقم التسلسل JSJ02015، رقم تسلسل المحرك: PRH02017 (قطعة أصلية من الفئة D)",MIN_MAX,RS-GUPCO,0,03P03C,0,EACH,4553259,CATERPILLAR,MM
323759,"Kit aftecooler & lines install P/N 4761065 for C32 Diesel Gen. set  S.No. JSJ02015 , Engine serial: PRH02017  (Genuine P","طقم تركيب مبرد ما بعد الاحتراق وخطوطه، رقم القطعة 4761065، لمولد ديزل C32، الرقم التسلسلي JSJ02015، رقم المحرك التسلسلي: PRH02017 (أصلي)",MIN_MAX,RS-GUPCO,0,04L06A,0,EACH,4761065,CATERPILLAR,MM
323762,"Bearing pin piston P/N 2296259 for C32 Diesel Gen. set  S.No. JSJ02015 , Engine serial: PRH02017  (Genuine Part Don't Su","دبوس محمل المكبس، رقم القطعة 2296259، لمجموعة مولدات الديزل C32، الرقم التسلسلي JSJ02015، الرقم التسلسلي للمحرك: PRH02017 (قطعة أصلية، لا تستخدمها).",MIN_MAX,RS-GUPCO,0,04L06B,0,EACH,2296259,CATERPILLAR,MM
326499,"Pump, positive displacement, controlled volume, complete with an electric motor, pressure relief valve, pulsation dampen","مضخة إزاحة موجبة، ذات حجم مُتحكم به، مزودة بمحرك كهربائي وصمام لتخفيف الضغط ومخمد للنبضات",INSURANCE_SPARE,RS-GUPCO,0,,0,EACH,PRH41-65G1FNZ,PUMP MISC,PU
323763,"Body Piston P/N 3196717 for C32 Diesel Gen. set  S.No. JSJ02015 , Engine serial: PRH02017  (Genuine Part Don't Substitut","مكبس جسم المحرك رقم القطعة 3196717 لمجموعة مولدات الديزل C32، رقم التسلسل JSJ02015، رقم تسلسل المحرك: PRH02017 (قطعة أصلية، لا تستخدم بديلاً).",MIN_MAX,RS-GUPCO,0,04L06C,0,EACH,3196717,CATERPILLAR,MM
323990,"Air / oil filter kit, P/N 2901 9200 00, Used for Air compressor Atlas Copco Model GA45+","طقم فلتر هواء/زيت، رقم القطعة 2901 9200 00، يُستخدم لضاغط هواء أطلس كوبكو طراز GA45+",MIN_MAX,RS-GUPCO,0,02U39H,0,EACH,2901 9200 00,COMPRESSOR USA,MM
323994,"Oil Stop Valve, P/N 1622 9089 20, used for Air Compressor, Model: Atlas Copco GA45+","صمام إيقاف الزيت، رقم القطعة 1622 9089 20، يُستخدم لضاغط الهواء، طراز: أطلس كوبكو GA45+",MIN_MAX,RS-GUPCO,0,02U39E,0,EACH,1622 9089 20,COMPRESSOR USA,MM
323995,"Spring Oil Stop Valve, P/N 1622 5662 00, used for Air Compressor, Model: Atlas Copco GA45+","صمام إيقاف زيت زنبركي، رقم القطعة 1622 5662 00، يُستخدم لضاغط هواء، طراز: أطلس كوبكو GA45+",MIN_MAX,RS-GUPCO,0,02U39E,0,EACH,1622 5662 00,COMPRESSOR USA,MM
326714,"GEAR OIL MEROPA 68 ,AGMA NO 2 ,LUBRICATION OIL FOR HORIZONTAL GEARBOXES , ( Drum )","زيت تروس ميروبا 68، أغما رقم 2، زيت تشحيم لعلب التروس الأفقية، (برميل)",MIN_MAX,RS-GUPCO,4,Yard,0,DRUM,~,LUBR & GREASE,PU
308871,"VALVE, SOLENOID DRAIN .50 BSPP IN, .25 NPT OUT Part No.23588940","صمام تصريف الملف اللولبي، مدخل 0.50 بوصة BSPP، مخرج 0.25 بوصة NPT، رقم القطعة 23588940",INSURANCE_SPARE,RS-GUPCO,0,02U49A,8009155,EACH,23588940,COMPRESSOR USA,MM
306833,Air End Part No.23540131 For Air Comp.IR Model R75I S.No. VK2637U14264 Genuine Part do not substitute,"رقم قطعة وحدة ضغط الهواء 23540131، لضاغط الهواء طراز R75I، الرقم التسلسلي VK2637U14264. قطعة أصلية، لا تستخدم بديلًا.",MIN_MAX,RS-GUPCO,0,1.00E+17,0,EACH,23540131,COMPRESSOR USA,MM
307086,"Engine Intake Air Pressure Sensor , P/N 276-6793 , for C32 Diesel Gen.  S.No. JSJ02015 (Genuine Part Don't Substitute)","حساس ضغط هواء سحب المحرك، رقم القطعة 276-6793، لمحرك الديزل C32، الرقم التسلسلي العام JSJ02015 (قطعة أصلية، لا تستخدم بديلاً)",INSURANCE_SPARE,RS-GUPCO,0,04K07H,0,EACH,1CA2766793,CATERPILLAR,MM
307087,"Engine Crankshaft Timing Sensor , P/N 201-6615 , for C32 Diesel Gen.  S.No. JSJ02015 (Genuine Part Don't Substitute)","حساس توقيت عمود المرفق للمحرك، رقم القطعة 201-6615، لمحرك الديزل C32، الرقم التسلسلي العام JSJ02015 (قطعة أصلية، لا تستخدم بديلاً)",INSURANCE_SPARE,RS-GUPCO,0,04K07H,0,EACH,1CA2016615,CATERPILLAR,MM
307084,"Fuel Differential Pressure Sensor , P/N 258-0883 , for C32 Diesel Gen.  S.No. JSJ02015 (Genuine Part Don't Substitute)","مستشعر فرق ضغط الوقود، رقم القطعة 258-0883، لمحركات الديزل C32، رقم التسلسل العام JSJ02015 (قطعة أصلية، لا تستخدم بديلاً)",INSURANCE_SPARE,RS-GUPCO,0,04K07H,0,EACH,1CA2580883,CATERPILLAR,MM
308471,"Seal valve cover base , P/N 222-6456 , for C32 Diesel Gen.  S.No. JSJ02015 (Genuine Part Don't Substitute)","غطاء صمام مانع للتسرب، رقم القطعة 222-6456، لمحرك الديزل C32، رقم التسلسل JSJ02015 (قطعة أصلية، لا تستخدم بديلاً).",INSURANCE_SPARE,RS-GUPCO,0,03A08C,0,EACH,222-6456,CATERPILLAR,MM
308854,"HSTCV""<200PSIG"" Part No.23812340C","صمام HSTCV ""<200PSIG"" رقم القطعة 23812340C",MIN_MAX,RS-GUPCO,0,02U39A,8009155,EACH,23812340,COMPRESSOR USA,MM
308483,"clamp for exhaust turbocharger side , for  Caterpillar diesel engine C32 , Genset serial   JSJ02015 (Genuine Part Don't","مشبك لجانب شاحن التوربو للعادم، لمحرك ديزل كاتربيلر C32، مولد كهربائي برقم تسلسلي JSJ02015 (قطعة أصلية، لا تستخدمها).",INSURANCE_SPARE,RS-GUPCO,0,04K03,0,EACH,1CA4W8118,CATERPILLAR,MM
308485,"CLAMP-HOSE for air cleaner housing rubber , for  Caterpillar diesel engine C32 , Genset serial   JSJ02015 (Genuine Part","مشبك خرطوم مطاطي لعلبة فلتر الهواء، لمحرك ديزل كاتربيلر C32، مولد كهربائي برقم تسلسلي JSJ02015 (قطعة أصلية)",MIN_MAX,RS-GUPCO,0,04K03,0,EACH,1CA8T4990,CATERPILLAR,MM
308487,"HOSE for air pipe , for  Caterpillar diesel engine C32 , Genset serial   JSJ02015 (Genuine Part Don't Substitute)","خرطوم لأنبوب الهواء، لمحرك ديزل كاتربيلر C32، مولد كهربائي برقم تسلسلي JSJ02015 (قطعة أصلية، لا تستخدم بديلاً)",INSURANCE_SPARE,RS-GUPCO,0,03A08D,0,EACH,1CA2798914,CATERPILLAR,MM
308468,Body as Piston P/N:367-5160 for C32 Diesel Gen.  S.No. JSJ02015 (Genuine Part Don't Substitute).,"جسم المكبس P/N:367-5160 لمحرك الديزل C32 Gen. S.No. JSJ02015 (قطعة أصلية، لا تستخدم بديلاً).",INSURANCE_SPARE,RS-GUPCO,0,04K03,0,EACH,1CA3675160,CATERPILLAR,MM
308469,Sender Temperature P/N:265-7430 for C32 Diesel Gen.  S.No. JSJ02015 (Genuine Part Don't Substitute).,"رقم القطعة لدرجة حرارة المرسل: 265-7430 لمولد الديزل C32 رقم التسلسل JSJ02015 (قطعة أصلية، لا تستخدم بديلاً).",INSURANCE_SPARE,RS-GUPCO,0,04K03,0,EACH,1CA2657430,CATERPILLAR,MM
308479,"Check valve , for  Caterpillar diesel engine C32 , Genset serial   JSJ02015 (Genuine Part Don't Substitute)","صمام فحص، لمحرك ديزل كاتربيلر C32، مولد كهربائي برقم تسلسلي JSJ02015 (قطعة أصلية، لا تستخدم بديلاً)",INSURANCE_SPARE,RS-GUPCO,0,03A08D,0,EACH,420-1792,CATERPILLAR,MM
308489,"Hose Radiator (Outlet), for  Caterpillar diesel engine C32 , Genset serial   JSJ02015 (Genuine Part Don't Substitute)","خرطوم مشعاع (مخرج)، لمحرك ديزل كاتربيلر C32، مولد كهربائي برقم تسلسلي JSJ02015 (قطعة أصلية، لا تستخدم بديلاً)",INSURANCE_SPARE,RS-GUPCO,0,03P03C,0,EACH,1CA3368954,CATERPILLAR,MM
308495,"Air Hose, for  Caterpillar diesel engine C32 , Genset serial   JSJ02015 (Genuine Part Don't Substitute)","خرطوم هواء، لمحرك ديزل كاتربيلر C32، مولد كهربائي برقم تسلسلي JSJ02015 (قطعة أصلية، لا تستخدم بديلاً)",INSURANCE_SPARE,RS-GUPCO,0,03A08E,0,EACH,1CA3375340,CATERPILLAR,MM
308859,"O-RING, STANDARD -237 3.375 ID X .125 WIDTH Part NO.95022349","حلقة دائرية، قياسية -237، قطر داخلي 3.375 × عرض 0.125، رقم القطعة 95022349",MIN_MAX,RS-GUPCO,0,03B31D,8009155,EACH,95022349,COMPRESSOR USA,MM
308869,"COOLER, AIR  Part No.23859572","مبرد هواء، رقم القطعة 23859572",INSURANCE_SPARE,RS-GUPCO,0,01/E19B,8009155,EACH,23859572,COMPRESSOR USA,MM
306843,"ORING, STANDARD -253 5.380 ID X .125 WIDTH Part No.95060745  For Air Comp.IR Model R75I S.No. VK2637U14264 Genuine Part","حلقة مانعة للتسرب، قياسية -253، قطر داخلي 5.380 × عرض 0.125، رقم القطعة 95060745، لضاغط هواء طراز R75I، الرقم التسلسلي VK2637U14264، قطعة أصلية",MIN_MAX,RS-GUPCO,0,03B31D,0,EACH,95060745,COMPRESSOR USA,MM
306769,"Valve, Inlet HAKG 110 ON/OFF Fixed speed part No. 23421274",صمام مدخل HAKG 110 تشغيل/إيقاف سرعة ثابتة رقم القطعة 23421274,INSURANCE_SPARE,RS-GUPCO,0,02U51,0,EACH,23421274,COMPRESSOR USA,MM
306772,"Valve, Orifice/Check (1.42 MM/0.56 Inches) part No. 23544612","صمام، فتحة/فحص (1.42 مم/0.56 بوصة) رقم القطعة 23544612",PLANNED_WO,RS-GUPCO,0,,0,EACH,23544612,COMPRESSOR USA,MM
306775,"Tube, Air End Discharge (3INCH) part No. 23543457","أنبوب، مخرج هواء طرفي (3 بوصة) رقم القطعة 23543457",INSURANCE_SPARE,RS-GUPCO,0,03P01E,0,EACH,23543457,COMPRESSOR USA,MM
306777,"Filter, Air NLG21-24 High Dust (MANN) part No. 23415805",فلتر هواء عالي الغبار NLG21-24 (MANN) رقم القطعة 23415805,INSURANCE_SPARE,RS-GUPCO,0,03/X08H,0,EACH,23415805,COMPRESSOR USA,MM
308451,Air Inlet-Clamp-V-Band P/N:9N-1941 for C32 Diesel Gen.  S.No. JSJ02015 (Genuine Part Don't Substitute).,"مشبك مدخل الهواء على شكل حرف V رقم القطعة: 9N-1941 لمحرك الديزل C32 رقم التسلسل العام JSJ02015 (قطعة أصلية، لا تستخدم بديلاً).",MIN_MAX,RS-GUPCO,0,04K05,0,EACH,1CA9N1941,CATERPILLAR,MM
308452,Air Inlet-Seal P/N:236-1637 for C32 Diesel Gen.  S.No. JSJ02015 (Genuine Part Don't Substitute).,"مانع تسرب مدخل الهواء رقم القطعة: 236-1637 لمحرك الديزل C32 رقم التسلسل العام JSJ02015 (قطعة أصلية، لا تستخدم بديلاً).",INSURANCE_SPARE,RS-GUPCO,0,04K05,0,EACH,1CA2361637,CATERPILLAR,MM
308497,"Seal O-Ring, for  Caterpillar diesel engine C32 , Genset serial   JSJ02015 (Genuine Part Don't Substitute)","حلقة مانعة للتسرب، لمحرك ديزل كاتربيلر C32، مولد كهربائي برقم تسلسلي JSJ02015 (قطعة أصلية، لا تستخدم بديلاً)",MIN_MAX,RS-GUPCO,0,03A08,0,EACH,10CA8T1703,CATERPILLAR,MM
306776,"Valve, Min. Press. Check DN51 Outlet & DN 64 Inlet part No. 23378011","صمام، فحص الحد الأدنى للضغط، مخرج DN51 ومدخل DN64، رقم القطعة 23378011",INSURANCE_SPARE,RS-GUPCO,0,02/U49,0,EACH,23378011,COMPRESSOR USA,MM
308454,Pump GP-Water P/N:230-4172 for C32 Diesel Gen.  S.No. JSJ02015 (Genuine Part Don't Substitute).,"مضخة GP-Water P/N:230-4172 لمولد الديزل C32 رقم التسلسل JSJ02015 (قطعة أصلية، لا تستخدم بديلًا).",INSURANCE_SPARE,RS-GUPCO,0,04K05,0,EACH,230-4172,CATERPILLAR,MM
308492,"Fuel Hose, for  Caterpillar diesel engine C32 , Genset serial   JSJ02015 (Genuine Part Don't Substitute)","خرطوم وقود، لمحرك ديزل كاتربيلر C32، مولد كهربائي برقم تسلسلي JSJ02015 (قطعة أصلية، لا تستخدم بديلاً)",INSURANCE_SPARE,RS-GUPCO,0,03P03,0,EACH,1CA4568420,CATERPILLAR,MM
308493,"Fuel Hose, for  Caterpillar diesel engine C32 , Genset serial   JSJ02015 (Genuine Part Don't Substitute)","خرطوم وقود، لمحرك ديزل كاتربيلر C32، مولد كهربائي برقم تسلسلي JSJ02015 (قطعة أصلية، لا تستخدم بديلاً)",INSURANCE_SPARE,RS-GUPCO,0,03P03,0,EACH,1CA4568416,CATERPILLAR,MM
308494,"Air Hose, for  Caterpillar diesel engine C32 , Genset serial   JSJ02015 (Genuine Part Don't Substitute)","خرطوم هواء، لمحرك ديزل كاتربيلر C32، مولد كهربائي برقم تسلسلي JSJ02015 (قطعة أصلية، لا تستخدم بديلاً)",INSURANCE_SPARE,RS-GUPCO,0,03A08D,0,EACH,1CA2177088,CATERPILLAR,MM
308855,"ORIFICE Main Injection (55-75kW 14 BARG / 75-100HP 200 PSIG)  , P/NO. 23583743","فتحة حقن رئيسية (55-75 كيلوواط 14 بار / 75-100 حصان 200 رطل لكل بوصة مربعة)، رقم القطعة 23583743",MIN_MAX,RS-GUPCO,0,02U47,8009155,EACH,23583743,COMPRESSOR USA,MM
308856,"O-RING, M22 X 1.5 19.300 ID X 2.200 WIDTH , P/NO. 96759352","حلقة دائرية، M22 × 1.5، القطر الداخلي 19.300 × العرض 2.200، رقم القطعة 96759352",MIN_MAX,RS-GUPCO,0,03/B31E,8009155,EACH,96759352,COMPRESSOR USA,MM
119553,PISTON ROD,قضيب المكبس,INSURANCE_SPARE,RS-GUPCO,0,01E23C,8025100,EACH,C-0887,COMPRESSOR USA,MM
119611,VALVE RETAINER,مثبت الصمام,INSURANCE_SPARE,RS-GUPCO,0,,8025100,EACH,B-1606,COMPRESSOR USA,MM
119621,"PISTON, W/B STUD 6 1/4 K:K-HP","مكبس، مسمار تثبيت قاعدة العجلات 6 1/4 K:K-HP",INSURANCE_SPARE,RS-GUPCO,0,01E23C,8025100,EACH,C-1012,COMPRESSOR USA,MM
308491,"Clamp-Hose, for  Caterpillar diesel engine C32 , Genset serial   JSJ02015 (Genuine Part Don't Substitute)","مشبك خرطوم، لمحرك ديزل كاتربيلر C32، مولد كهربائي برقم تسلسلي JSJ02015 (قطعة أصلية، لا تستخدم بديلاً)",MIN_MAX,RS-GUPCO,0,04K03,0,EACH,5CA9X2201,CATERPILLAR,MM
306847,"TUBE, HSTCV TO OIL FILTER Part No. 23548779 For Air Comp.IR Model R75I S.No. VK2637U14264 Genuine Part do not substitute","أنبوب صمام التحكم في ضغط الهواء الساخن إلى فلتر الزيت، رقم القطعة 23548779، لضاغط الهواء طراز R75I، الرقم التسلسلي VK2637U14264. قطعة أصلية، لا تستخدم بديلًا.",INSURANCE_SPARE,RS-GUPCO,0,02U51E,0,EACH,23548779,COMPRESSOR USA,MM
308863,"TRANSDUCER, PRESSURE 225 PSI, 5 VDC Part NO.23700370","محول طاقة، ضغط 225 رطل لكل بوصة مربعة، 5 فولت تيار مستمر، رقم القطعة 23700370",INSURANCE_SPARE,RS-GUPCO,0,02/U49,8009155,EACH,49147127,COMPRESSOR USA,MM
308868,"VALVE, TEMPERATURE CONTROL 135F, M33x2 PORTS PER ISO 6149-1 Part No.23615090","صمام للتحكم في درجة الحرارة 135 فهرنهايت، منافذ M33x2 وفقًا للمعيار ISO 6149-1، رقم القطعة 23615090",SURPLUS,RS-GUPCO,0,02/U49,8009155,EACH,23615090,COMPRESSOR USA,MM
306832,"Latch Door Part No.23180565 "" For Air Comp.IR Model R75I S.No. VK2637U14264 Genuine Part do not substitute","مزلاج باب، رقم القطعة 23180565، لضاغط هواء طراز R75I، الرقم التسلسلي VK2637U14264. قطعة أصلية، لا تستخدم بديلًا.",MIN_MAX,RS-GUPCO,0,02U51B,0,EACH,23180565,COMPRESSOR USA,MM
306834,Elbow Discharge Part No.23542863 For Air Comp.IR Model R75I S.No. VK2637U14264 Genuine Part do not substitute,"وصلة تصريف على شكل كوع، رقم القطعة 23542863، لضاغط الهواء طراز R75I، الرقم التسلسلي VK2637U14264. قطعة أصلية، لا يُقبل الاستبدال.",INSURANCE_SPARE,RS-GUPCO,0,02/U51,0,EACH,23542863,COMPRESSOR USA,MM
306851,"HOSE, EHT-32 (STRAIGHT X 90 DEG) 1202 MILLIMETERS LONG  Part No.23626443 Hose bet. Min. pressure valve and Air Cooler","خرطوم، EHT-32 (مستقيم × 90 درجة) بطول 1202 مليمتر، رقم القطعة 23626443، خرطوم بين صمام الحد الأدنى للضغط ومبرد الهواء.",INSURANCE_SPARE,RS-GUPCO,0,03P01E,0,EACH,23626443,COMPRESSOR USA,MM
306835,O-Ring inlet valve Part No.95998076 For Air Comp.IR Model R75I S.No. VK2637U14264 Genuine Part do not substitute,"صمام مدخل بحلقة مانعة للتسرب، رقم القطعة 95998076، لضاغط الهواء طراز R75I، الرقم التسلسلي VK2637U14264. قطعة أصلية، لا تستخدم بديلًا.",MIN_MAX,RS-GUPCO,0,03B31D,0,EACH,95998076,COMPRESSOR USA,MM
315480,"HOLD TILL 1/12/2026 , Inboar Split Seal Used for Bingham horizontal Pump size 4x6x10, axially split , type BB3","يُحفظ حتى 1/12/2026، مانع تسرب داخلي منقسم يُستخدم لمضخة بينغهام الأفقية مقاس 4×6×10، منقسم محوريًا، من النوع BB3",MIN_MAX,RS-GUPCO,0,,7902110,EACH,,BR/SL/S.PLG/FLT,PU
316354,"Check valve KIT,DBL,RETRO A-18496 for ariel gas compressor model : JGE/4 Frame S/N F-10743","طقم صمام فحص مزدوج، طراز قديم A-18496 لضاغط غاز أرييل طراز: JGE/4، رقم تسلسلي F-10743",INSURANCE_SPARE,RS-GUPCO,0,02U41A,8001108,EACH,A-18496,COMPRESSOR USA,MM
319333,"Air/Oil Filter kit C146 RIF (Cosists of 1 each Air Filter + 2 each Oil Filter) Part No. 2901920010, used for Air Compres","طقم فلتر هواء/زيت C146 RIF (يتكون من فلتر هواء واحد + فلترين للزيت) رقم القطعة 2901920010، يُستخدم لضاغط الهواء",MIN_MAX,RS-GUPCO,0,,0,EACH,2901920010,COMPRESSOR USA,MM
323137,"Piston 9-3/8"" Dia. Compression Ratio 8:1 (3 Ring), P/N: 205604L, used for Waukesha F-3524 G, S/N: 3182312","مكبس بقطر 9-3/8 بوصة، نسبة انضغاط 8:1 (3 حلقات)، رقم القطعة: 205604L، يُستخدم مع ماكينة Waukesha F-3524 G، الرقم التسلسلي: 3182312",MIN_MAX,RS-GUPCO,0,02Q52,0,EACH,205604S,ENGINE USA,MM
164469,"COUPLING, LOWER HALF ITEM NO. 614","وصلة، النصف السفلي، رقم الصنف 614",MIN_MAX,RS-GUPCO,0,02S21C,7907160,EACH,C03036F1695933,PUMP MISC,PU
164478,"HOLD TILL 1/12/2026,  BELL, SUCTION STAINLESS STEEL 316 ITEM NO.689","يُحفظ حتى 1/12/2026، جرس، شفط، فولاذ مقاوم للصدأ 316، رقم الصنف 689",MIN_MAX,RS-GUPCO,0,,7907160,EACH,,PUMP MISC,PU
137322,"GASKET, GAR 660 ITEM NO. 207-Z","حشية، GAR 660، رقم الصنف 207-Z",SURPLUS,RS-GUPCO,0,,7902108,EACH,400.207Z,PUMP MISC,PU
293350,"KIT , REPAIR  FOR WATER PUMP , P/N : G-960-291 , P/F. WAUKESHA GAS ENGINE , MODEL : L7042GU (NATURAL ASPIRATED), SIZE  :","طقم إصلاح مضخة الماء، رقم القطعة: G-960-291، محرك بنزين واكيشا، الموديل: L7042GU (سحب طبيعي)، الحجم:",MIN_MAX,RS-GUPCO,0,,0,EACH,G-960-291,ENGINE USA,MM
319339,"Element Air End Part No. 1632003980 used for Air Compressor, Model: Atlas Copco G75+ SN:APIS45248401","وحدة ضغط الهواء رقم 1632003980، تُستخدم لضاغط الهواء، طراز: أطلس كوبكو G75+، الرقم التسلسلي: APIS45248401",MIN_MAX,RS-GUPCO,0,,0,EACH,1632003980,COMPRESSOR USA,MM
323149,"Lever Governor, P/N: 211220X, used for Waukesha F-3524 G, S/N: 3182312","منظم ذراع، رقم القطعة: 211220X، يستخدم مع Waukesha F-3524 G، الرقم التسلسلي: 3182312",MIN_MAX,RS-GUPCO,0,02Q52,0,EACH,211220X,ENGINE USA,MM
319338,"PREV. Maint Kit RSULTRA FS Part No. 2901920070 used for Air Compressor, Model: Atlas Copco G75+ SN:APIS45248401","طقم الصيانة السابق RSULTRA FS رقم القطعة 2901920070، يُستخدم لضاغط الهواء، طراز: Atlas Copco G75+، الرقم التسلسلي: APIS45248401",MIN_MAX,RS-GUPCO,0,03Q02C,0,EACH,2901920070,COMPRESSOR USA,MM
319714,"Oil Stop Valve/Check Valve Kit, P/N: 2901 2012 00, used for Air Compressor, Model: Atlas Copco G75+","طقم صمام إيقاف الزيت/صمام فحص، رقم القطعة: 2901 2012 00، يُستخدم لضاغط الهواء، طراز: أطلس كوبكو G75+",MIN_MAX,RS-GUPCO,0,03B31E,0,EACH,2901 2012 00,COMPRESSOR USA,MM
319724,"Element Mounting Kit, P/N: 2901 2047 00, used for Air Compressor, Model: Atlas Copco G75+","طقم تركيب عنصر التسخين، رقم القطعة: 2901 2047 00، يُستخدم لضاغط الهواء، طراز: أطلس كوبكو G75+",MIN_MAX,RS-GUPCO,0,03B31E,0,EACH,2901204700,COMPRESSOR USA,MM
319727,"Hose Air Filter, P/N: 1622 0965 80, used for Air Compressor, Model: Atlas Copco G75+","فلتر هواء خرطومي، رقم القطعة: 1622 0965 80، يُستخدم لضاغط هواء، طراز: أطلس كوبكو G75+",MIN_MAX,RS-GUPCO,0,03Q02C,0,EACH,,COMPRESSOR USA,MM
319729,"Unloader Kit, P/N: 2901 1463 00, used for Air Compressor, Model: Atlas Copco G75+","طقم تفريغ، رقم القطعة: 2901 1463 00، يُستخدم لضاغط هواء، طراز: أطلس كوبكو G75+",MIN_MAX,RS-GUPCO,0,,0,EACH,,COMPRESSOR USA,MM
319711,"Ball Valve, P/N: 0852 0010 20, used for Air Compressor, Model: Atlas Copco G75+","صمام كروي، رقم القطعة: 0852 0010 20، يُستخدم لضاغط هواء، طراز: أطلس كوبكو G75+",INSURANCE_SPARE,RS-GUPCO,0,02U45A,0,EACH,0852 0010 20,COMPRESSOR USA,MM
319336,"Kit Wear Drain Part No. 2200902017  used for Air Compressor, Model: Atlas Copco G75+ SN:APIS45248401","طقم تصريف التآكل، رقم القطعة 2200902017، يُستخدم لضاغط الهواء، طراز: أطلس كوبكو G75+، الرقم التسلسلي: APIS45248401",MIN_MAX,RS-GUPCO,0,03B31E,0,EACH,2200902017,COMPRESSOR USA,MM
319726,"Nipple, P/N: 0571 0036 13, used for Air Compressor, Model: Atlas Copco G75+","حلمة، رقم القطعة: 0571 0036 13، تُستخدم لضاغط هواء، طراز: أطلس كوبكو G75+",MIN_MAX,RS-GUPCO,0,02U43A,0,EACH,,COMPRESSOR USA,MM
319703,"Cable, P/N: 1622 1799 09, used for Air Compressor, Model: Atlas Copco G75+","كابل، رقم القطعة: 1622 1799 09، يُستخدم لضاغط هواء، طراز: أطلس كوبكو G75+",MIN_MAX,RS-GUPCO,0,02U45E,0,EACH,,COMPRESSOR USA,MM
319710,"Temperature Switch, P/N: 1089 0637 29, used for Air Compressor, Model: Atlas Copco G75+","مفتاح حراري، رقم القطعة: 1089 0637 29، يُستخدم لضاغط هواء، طراز: أطلس كوبكو G75+",MIN_MAX,RS-GUPCO,0,02U45F,0,EACH,,COMPRESSOR USA,MM
317626,"Ring, intermediate PN. A05178","حلقة، متوسطة، رقم القطعة A05178",MIN_MAX,RS-GUPCO,0,02T03E,7916010,EACH,A05178,PUMP MISC,PU
317627,"Coupling, All metal flexible discs (FLENDER BY SIEMENS), Type ARPEX ARP-6 MCECM Series, Size 190-6","وصلة، أقراص معدنية مرنة بالكامل (FLENDER من SIEMENS)، من النوع ARPEX ARP-6 MCECM، مقاس 190-6",SURPLUS,RS-GUPCO,0,,7916010,EACH,~,PUMP MISC,PU
323154,"Thermistor Oil, Water, Intake Manifold, P/N: A740120, used for Waukesha F-3524 G, S/N: 3182312","ثيرمستور زيت، ماء، مشعب السحب، رقم القطعة: A740120، يستخدم لـ Waukesha F-3524 G، الرقم التسلسلي: 3182312",MIN_MAX,RS-GUPCO,0,02Q52,0,EACH,A740120,ENGINE USA,MM
319866,"Collar, 102,9x130x12 AISI 316L, DWG No. 372, Spare part for Seepex commission no. 350141,Commodity Code/Import Code Numb","طوق، 102.9 × 130 × 12، فولاذ مقاوم للصدأ AISI 316L، رقم الرسم 372، قطعة غيار لرقم عمولة Seepex 350141، رمز السلعة/رقم رمز الاستيراد",MIN_MAX,RS-GUPCO,0,02 T03C,7918107,EACH,RSTJ00K29N0A200000,PUMP MISC,PU
325951,"Clip  Hose Air Inlet, P/N : 0347611900 , used for Air Compressor, Model: Atlas Copco GA45+","خرطوم مدخل الهواء بمشبك، رقم القطعة: 0347611900، يُستخدم لضاغط الهواء، طراز: أطلس كوبكو GA45+",MIN_MAX,RS-GUPCO,0,,0,EACH,347611900,COMPRESSOR USA,MM
325954,"Hose from Air Receiver to Cooler, P/N : 1625595300 , used for Air Compressor, Model: Atlas Copco GA45+","خرطوم من خزان الهواء إلى المبرد، رقم القطعة: 1625595300، يُستخدم لضاغط الهواء، طراز: أطلس كوبكو GA45+",MIN_MAX,RS-GUPCO,0,,0,EACH,1625595300,COMPRESSOR USA,MM
323720,"Temperature Regulator (92 degC ) P/N 2485513 for C32 Diesel Gen. set  S.No. JSJ02015 , Engine serial: PRH02017  (Genuine","منظم حرارة (92 درجة مئوية) رقم القطعة 2485513 لمجموعة مولدات الديزل C32، الرقم التسلسلي JSJ02015، الرقم التسلسلي للمحرك: PRH02017 (أصلي)",MIN_MAX,RS-GUPCO,0,04L02F,0,EACH,2485513,CATERPILLAR,MM
316361,"Connecting Rod Ass. Part no. A205507A, used for Waukesha Gas Engine F-2895 G","مجموعة ذراع التوصيل، رقم القطعة A205507A، تُستخدم لمحرك الغاز Waukesha F-2895 G",INSURANCE_SPARE,RS-GUPCO,0,01C13E,0,EACH,C205707A,ENGINE USA,MM
316863,"Carburetor Single Mixture Gasket Kit, P/N: G-914-001, used for Waukesha F-3524 G","طقم حشيات خليط الوقود الأحادي للمكربن، رقم القطعة: G-914-001، يُستخدم مع مكربن Waukesha F-3524 G",MIN_MAX,RS-GUPCO,0,02Q50D,0,EACH,G-914-001,ENGINE USA,MM
323136,"Piston Ring KIT, P/N: 907-241, used for Waukesha F-3524 G, S/N: 3182312","طقم حلقات مكبس، رقم القطعة: 907-241، يُستخدم مع ماكينة Waukesha F-3524 G، الرقم التسلسلي: 3182312",MIN_MAX,RS-GUPCO,0,02Q52,0,EACH,G-907-241,ENGINE USA,MM
323139,"Head Cylinder Assembly, P/N: CA205002F, used for Waukesha F-3524 G, S/N: 3182312","مجموعة رأس الأسطوانة، رقم القطعة: CA205002F، تُستخدم في Waukesha F-3524 G، الرقم التسلسلي: 3182312",MIN_MAX,RS-GUPCO,0,01C11B,0,EACH,EA205002H & 214302C & 211830,ENGINE USA,MM
323761,"Retainer- Pin P/N 2302569 for C32 Diesel Gen. set  S.No. JSJ02015 , Engine serial: PRH02017  (Genuine Part Don't Substit","دبوس تثبيت - رقم القطعة 2302569 لمجموعة مولدات الديزل C32، الرقم التسلسلي JSJ02015، الرقم التسلسلي للمحرك: PRH02017 (قطعة أصلية، لا تستخدم بديلًا).",MIN_MAX,RS-GUPCO,0,04L06B,0,EACH,2302569,CATERPILLAR,MM
323997,"Hose from Air End to Air Receiver, P/N: 1625 5955 00, used for Air Compressor, Model: Atlas Copco GA45+","خرطوم من وحدة ضغط الهواء إلى خزان الهواء، رقم القطعة: 1625 5955 00، يُستخدم لضاغط هواء، طراز: أطلس كوبكو GA45+",MIN_MAX,RS-GUPCO,0,02U39E,0,EACH,1625 5955 00,COMPRESSOR USA,MM
323998,"Screw Hose from Air End to Air Receiver  , P/N: 0211 1363 03, used for Air Compressor, Model: Atlas Copco GA45+","خرطوم لولبي من طرف الهواء إلى خزان الهواء، رقم القطعة: 0211 1363 03، يُستخدم لضاغط هواء، طراز: أطلس كوبكو GA45+",MIN_MAX,RS-GUPCO,0,02U41,0,EACH,211136303,COMPRESSOR USA,MM
323999,"Plain Washer  Hose from Air End to Air Receiver  , P/N: 0301 2344 00, used for Air Compressor, Model: Atlas Copco GA45+","خرطوم غسيل عادي من وحدة ضغط الهواء إلى خزان الهواء، رقم القطعة: 0301 2344 00، يُستخدم مع ضاغط هواء، طراز: أطلس كوبكو GA45+",MIN_MAX,RS-GUPCO,0,02U41,0,EACH,301234400,COMPRESSOR USA,MM
324003,"Spring Check valve  P/N: 1625 8407 00, used for Air Compressor, Model: Atlas Copco GA45+","صمام فحص زنبركي، رقم القطعة: 1625 8407 00، يُستخدم لضاغط هواء، طراز: أطلس كوبكو GA45+",MIN_MAX,RS-GUPCO,0,02U41,0,EACH,1625 8407 00,COMPRESSOR USA,MM
324006,"Element, P/N:1632 0086 80, used for Air Compressor, Model: Atlas Copco GA45+","عنصر، رقم القطعة: 1632 0086 80، يُستخدم لضاغط هواء، طراز: أطلس كوبكو GA45+",MIN_MAX,RS-GUPCO,0,01E17B,0,EACH,1632 0086 80,COMPRESSOR USA,MM
324012,"Oil Nozzle Element, P/N 1622 8704 00, used for Air Compressor, Model: Atlas Copco GA45+","عنصر فوهة الزيت، رقم القطعة 1622 8704 00، يُستخدم لضاغط الهواء، طراز: أطلس كوبكو GA45+",MIN_MAX,RS-GUPCO,0,02U39F,0,EACH,1622 8704 00,COMPRESSOR USA,MM
320084,"Cycle indicator ,P/N : A-18682 , for divider valve for Ariel gas compressor model: JGE/4","مؤشر دورة، رقم القطعة: A-18682، لصمام التوزيع الخاص بضاغط غاز أرييل طراز: JGE/4",MIN_MAX,RS-GUPCO,0,,0,EACH,A-18682,COMPRESSOR USA,MM
308453,Air Inlet-Elbow P/N:236-1161 for C32 Diesel Gen.  S.No. JSJ02015 (Genuine Part Don't Substitute).,"مدخل الهواء - الكوع P/N:236-1161 لمحرك الديزل C32 Gen. S.No. JSJ02015 (قطعة أصلية، لا تستخدم بديلاً).",INSURANCE_SPARE,RS-GUPCO,0,01D12A,0,EACH,1CA2361161,CATERPILLAR,MM
308467,Ring Piston oil Control P/N:246-5659 for C32 Diesel Gen.  S.No. JSJ02015 (Genuine Part Don't Substitute).,"حلقة مكبس التحكم في الزيت P/N:246-5659 لمحرك الديزل C32 Gen. S.No. JSJ02015 (قطعة أصلية، لا تستخدم بديلاً).",MIN_MAX,RS-GUPCO,0,04K03,0,EACH,1CA2465659,CATERPILLAR,MM
316864,"Breather Foam Filter, P/N: 489113, used for Waukesha F-3524 G","فلتر رغوي للتهوية، رقم القطعة: 489113، يُستخدم مع جهاز Waukesha F-3524 G",MIN_MAX,RS-GUPCO,0,02Q50,0,EACH,489113,ENGINE USA,MM
323141,"Screw Adjusting, P/N: 211820B, used for Waukesha F-3524 G, S/N: 3182312","برغي ضبط، رقم القطعة: 211820B، يُستخدم مع ماكينة Waukesha F-3524 G، الرقم التسلسلي: 3182312",MIN_MAX,RS-GUPCO,0,02Q52,0,EACH,211820B,ENGINE USA,MM
323146,"Ignition Power Module, P/N: 740822B,Serial Number: 10788 used for Waukesha F-3524 G, S/N: 3182312","وحدة طاقة الإشعال، رقم القطعة: 740822B، الرقم التسلسلي: 10788، تُستخدم مع Waukesha F-3524 G، الرقم التسلسلي: 3182312",MIN_MAX,RS-GUPCO,0,02Q52,0,EACH,740822B,ENGINE USA,MM
323147,"Governor, P/N: 214046, used for Waukesha F-3524 G, S/N: 3182312","حاكم، رقم القطعة: 214046، يستخدم لـ Waukesha F-3524 G، الرقم التسلسلي: 3182312",MIN_MAX,RS-GUPCO,0,02Q52,0,EACH,214046B,ENGINE USA,MM
323728,"Clamp for joint expansion for exhaust manifold P/N 8N0879  for C32 Diesel Gen. set  S.No. JSJ02015 , Engine serial: PRH0","مشبك لتوسيع وصلة مشعب العادم، رقم القطعة 8N0879، لمجموعة مولدات الديزل C32، الرقم التسلسلي JSJ02015، الرقم التسلسلي للمحرك: PRH0",MIN_MAX,RS-GUPCO,0,04L04A,0,EACH,8N0879,CATERPILLAR,MM
323729,"Seal O-ring  For clamp of exhaust manifold P/N 2433565 for C32 Diesel Gen. set  S.No. JSJ02015 , Engine serial: PRH02017","حلقة مانعة للتسرب لمشبك مشعب العادم، رقم القطعة 2433565، لمجموعة مولدات الديزل C32، الرقم التسلسلي JSJ02015، الرقم التسلسلي للمحرك: PRH02017",MIN_MAX,RS-GUPCO,0,04L04A,0,EACH,2433565,CATERPILLAR,MM
323749,"Injector harness P/N 4358538  for C32 Diesel Gen. set  S.No. JSJ02015 , Engine serial: PRH02017  (Genuine Part Don't Sub","ضفيرة حاقن الوقود، رقم القطعة 4358538، لمجموعة مولدات الديزل C32، الرقم التسلسلي JSJ02015، الرقم التسلسلي للمحرك: PRH02017 (قطعة أصلية، لا تستخدم بديلًا).",MIN_MAX,RS-GUPCO,0,04L04E,0,EACH,4358538,CATERPILLAR,MM
327158,"Coupling Flexmaster, P/N: 208706D, used for Waukesha P-9390 GSI , (SET=2 EA)","وصلة فليكس ماستر، رقم القطعة: 208706D، تستخدم مع جهاز Waukesha P-9390 GSI، (مجموعة = 2 قطعة)",INSURANCE_SPARE,RS-GUPCO,0,,0,SET,208706D,ENGINE USA,MM
325963,"Air receiver ball valve drain, P/N : 0852001151 , used for Air Compressor, Model: Atlas Copco GA45+","صمام تصريف كروي لخزان الهواء، رقم القطعة: 0852001151، يُستخدم لضاغط الهواء، طراز: أطلس كوبكو GA45+",MIN_MAX,RS-GUPCO,0,,0,EACH,852001151,COMPRESSOR USA,MM
306854,"ORING, STANDARD -228 2.250 ID X .125 WIDTH Oring bet. Min. press. Valve and air cooler hose Part No.95987988 For Air C","حلقة مانعة للتسرب، قياسية -228، قطر داخلي 2.250 بوصة × عرض 0.125 بوصة. حلقة مانعة للتسرب بين صمام الحد الأدنى للضغط وخرطوم مبرد الهواء. رقم القطعة 95987988 لمبرد الهواء",MIN_MAX,RS-GUPCO,0,03/B31D,0,EACH,95987988,COMPRESSOR USA,MM
325960,"Minimum Pressure Kit, P/N : 2901145300 , used for Air Compressor, Model: Atlas Copco GA45+","طقم الحد الأدنى للضغط، رقم القطعة: 2901145300، يُستخدم لضاغط الهواء، طراز: أطلس كوبكو GA45+",MIN_MAX,RS-GUPCO,0,,0,EACH,2901145300,COMPRESSOR USA,MM
325962,"Air receiver plug, P/N : 1202899200 , used for Air Compressor, Model: Atlas Copco GA45+","قابس استقبال الهواء، رقم القطعة: 1202899200، يُستخدم لضاغط الهواء، طراز: أطلس كوبكو GA45+",MIN_MAX,RS-GUPCO,0,,0,EACH,1202899200,COMPRESSOR USA,MM
325964,"After cooler, P/N : 1625594401 , used for Air Compressor, Model: Atlas Copco GA45+","مبرد لاحق، رقم القطعة: 1625594401، يُستخدم لضاغط هواء، طراز: أطلس كوبكو GA45+",MIN_MAX,RS-GUPCO,0,,0,EACH,1625594401,COMPRESSOR USA,MM
329900,"Distribution Block Valve, Part no. A-5340 used for Ariel Gas Compressor, Model: JGK/4","صمام توزيع الكتلة، رقم القطعة A-5340، يُستخدم لضاغط غاز أرييل، طراز: JGK/4",INSURANCE_SPARE,RS-GUPCO,0,,0,EACH,A-5340,COMPRESSOR USA,MM
323740,"Gasket air for Intake manifold P/N 226-5613 for C32 Diesel Gen. set  S.No. JSJ02015 , Engine serial: PRH02017  (Genuine","حشية هواء لمدخل الهواء، رقم القطعة 226-5613، لمجموعة مولدات الديزل C32، الرقم التسلسلي JSJ02015، الرقم التسلسلي للمحرك: PRH02017 (أصلية)",MIN_MAX,RS-GUPCO,0,04L04C,0,EACH,226-5613,CATERPILLAR,MM
323991,"Combi valve, P/N 1625 8421 00, used for Air Compressor, Model: Atlas Copco GA45+","صمام مُركّب، رقم القطعة 1625 8421 00، يُستخدم لضاغط هواء، طراز: أطلس كوبكو GA45+",MIN_MAX,RS-GUPCO,0,02U41H,0,EACH,1625 8421 00,COMPRESSOR USA,MM
323993,"Drain kit, P/N 2901 9906 85, used for Air Compressor, Model: Atlas Copco GA45+","طقم تصريف، رقم القطعة 2901 9906 85، يُستخدم لضاغط هواء، طراز: أطلس كوبكو GA45+",MIN_MAX,RS-GUPCO,0,02U41H,0,EACH,2901 9906 85,COMPRESSOR USA,MM
324004,"O-Ring Check valve  P/N: 0663 2120 13, used for Air Compressor, Model: Atlas Copco GA45+","صمام فحص بحلقة دائرية، رقم القطعة: 0663 2120 13، يُستخدم لضاغط هواء، طراز: أطلس كوبكو GA45+",MIN_MAX,RS-GUPCO,0,03B29A,0,EACH,0663 2120 13,COMPRESSOR USA,MM
324005,"Hose Oil filter, P/N: 1625 2073 05, used for Air Compressor, Model: Atlas Copco GA45+","خرطوم فلتر الزيت، رقم القطعة: 1625 2073 05، يُستخدم لضاغط هواء، طراز: أطلس كوبكو GA45+",MIN_MAX,RS-GUPCO,0,03B29A,0,EACH,1625 2073 05,COMPRESSOR USA,MM
325948,"Oil Stop Valve/Check Valve Kit, P/N : 2901201800 , used for Air Compressor, Model: Atlas Copco GA45+","طقم صمام إيقاف الزيت/صمام فحص، رقم القطعة: 2901201800، يُستخدم لضاغط الهواء، طراز: أطلس كوبكو GA45+",MIN_MAX,RS-GUPCO,0,,0,EACH,2901201800,COMPRESSOR USA,MM
324019,"Motor Gear, Part no. 1622 3110 65, used for Air Compressor, Model: Atlas Copco GA45+, S/N: APIS45798401&S/N: APIS4575590","ترس المحرك، رقم القطعة 1622 3110 65، يُستخدم لضاغط الهواء، طراز: أطلس كوبكو GA45+، الرقم التسلسلي: APIS45798401 والرقم التسلسلي: APIS4575590",MIN_MAX,RS-GUPCO,0,02U39F,0,EACH,1622 3110 65,COMPRESSOR USA,MM
307088,"EMCP Speed Sensor , P/N 4P-5820 , for C32 Diesel Gen.  S.No. JSJ02015 (Genuine Part Don't Substitute)","مستشعر سرعة EMCP، رقم القطعة 4P-5820، لمحركات الديزل C32، الرقم التسلسلي العام JSJ02015 (قطعة أصلية، لا تستخدم بديلاً)",INSURANCE_SPARE,RS-GUPCO,0,04K07H,0,EACH,1CA4P5820,CATERPILLAR,MM
308457,Pulley 1 groove P/N:304-6983 for C32 Diesel Gen.  S.No. JSJ02015 (Genuine Part Don't Substitute).,"بكرة ذات أخدود واحد P/N:304-6983 لمحرك الديزل C32 Gen. S.No. JSJ02015 (قطعة أصلية، لا تستخدم بديلًا).",INSURANCE_SPARE,RS-GUPCO,0,01D12A,0,EACH,1CA3046983,CATERPILLAR,MM
308464,Bearing Connecting Rod (Standard) P/N:232-3226 for C32 Diesel Gen.  S.No. JSJ02015 (Genuine Part Don't Substitute).,"ذراع توصيل محمل (قياسي) رقم القطعة: 232-3226 لمولد الديزل C32 رقم التسلسل JSJ02015 (قطعة أصلية، لا تستخدم بديلاً).",MIN_MAX,RS-GUPCO,0,04K05,0,EACH,1CA2323226,CATERPILLAR,MM
308466,Ring Piston Intermediate P/N:344-5153 for C32 Diesel Gen.  S.No. JSJ02015 (Genuine Part Don't Substitute).,"حلقة مكبس وسيطة رقم القطعة: 344-5153 لمحرك الديزل C32 رقم التسلسل العام JSJ02015 (قطعة أصلية، لا تستخدم بديلاً).",MIN_MAX,RS-GUPCO,0,04K03,0,EACH,1CA3445153,CATERPILLAR,MM
319054,"Industrial Gear oil AGMA No. 5, ISO Grade 220","زيت تروس صناعي AGMA رقم 5، درجة ISO 220",MIN_MAX,RS-GUPCO,0,YARD,0,BARREL,~,LUBR & GREASE,PU
323757,"Kit oil cooler & lines P/N 4553258 for C32 Diesel Gen. set  S.No. JSJ02015 , Engine serial: PRH02017  (Genuine Part Don'","طقم مبرد زيت وأنابيب، رقم القطعة 4553258، لمولد ديزل C32، الرقم التسلسلي JSJ02015، رقم المحرك التسلسلي: PRH02017 (قطعة أصلية).",MIN_MAX,RS-GUPCO,0,03A08E,0,EACH,4553258,CATERPILLAR,MM
323692,"Cylinder head GP P/N 3968375 for C32 Diesel Gen. set  S.No. JSJ02015 , Engine serial: PRH02017  (Genuine Part Don't Subs","رأس أسطوانة GP P/N 3968375 لمجموعة مولدات الديزل C32، الرقم التسلسلي JSJ02015، الرقم التسلسلي للمحرك: PRH02017 (قطعة أصلية، لا تستخدم بدائل).",MIN_MAX,RS-GUPCO,0,01D14H,0,EACH,3968375,CATERPILLAR,MM
308446,Pump GP-Engine Oil P/N:116-1980 for C32 Diesel Gen.  S.No. JSJ02015 (Genuine Part Don't Substitute.P/N:116-1980,"مضخة زيت محرك GP، رقم القطعة: 116-1980، لمحركات الديزل C32، الرقم التسلسلي العام: JSJ02015 (قطعة أصلية، لا تستخدم بديلًا).",INSURANCE_SPARE,RS-GUPCO,0,04K05,0,EACH,1CA5202924,CATERPILLAR,MM
308448,Turbocharger Oil-Tube Assembly P/N 252-6821 for C32 Diesel Gen.  S.No. JSJ02015 (Genuine Part Don't Substitute).,"مجموعة أنابيب زيت الشاحن التوربيني رقم القطعة 252-6821 لمحرك الديزل C32 رقم التسلسل العام JSJ02015 (قطعة أصلية، لا تستخدم بديلاً).",INSURANCE_SPARE,RS-GUPCO,0,04K05,0,EACH,1CA2526821,CATERPILLAR,MM
308458,Seal O-Ring P/N:9X-7371 for water Pump for C32 Diesel Gen.  S.No. JSJ02015 (Genuine Part Don't Substitute).,"حلقة مانعة للتسرب رقم القطعة: 9X-7371 لمضخة المياه لمولد الديزل C32 رقم التسلسل JSJ02015 (قطعة أصلية، لا تستخدم بديلاً).",MIN_MAX,RS-GUPCO,0,03A08C,0,EACH,1CA9X7371,CATERPILLAR,MM
308459,Liner cylinder P/N:322-1126 for C32 Diesel Gen.  S.No. JSJ02015 (Genuine Part Don't Substitute).,"بطانة الأسطوانة رقم القطعة: 322-1126 لمحرك الديزل C32 رقم التسلسل العام JSJ02015 (قطعة أصلية، لا تستخدم بديلاً).",INSURANCE_SPARE,RS-GUPCO,0,04K05,0,EACH,1CA5560701,CATERPILLAR,MM
321904,"Pump, submersible GRUNDFOS Model SP-95-3AB R5 DN100 PN16 6"" fitted with canned type motor MS6000REST40, 60 Hz. 3PH 480 V","مضخة غاطسة من نوع GRUNDFOS SP-95-3AB R5 DN100 PN16 6"" مزودة بمحرك من النوع المغلف MS6000REST40، 60 هرتز، 3 فاز، 480 فولت",INSURANCE_SPARE,RS-GUPCO,0,,0,EACH,"SP95- 3ABR DN100 6""3X440-460-4",PUMP MISC,PU
308858,"O-RING, M12 X 1.5 9.300 ID X 2.200 WIDTH Part No.96759295","حلقة دائرية، M12 × 1.5، القطر الداخلي 9.300 × العرض 2.200، رقم القطعة 96759295",INSURANCE_SPARE,RS-GUPCO,0,03B31D,8009155,EACH,96759295,COMPRESSOR USA,MM
308455,Turbocharger GP P/N:297-1024 for C32 Diesel Gen.  S.No. JSJ02015 (Genuine Part Don't Substitute.,"شاحن توربيني GP P/N:297-1024 لمحرك الديزل C32 Gen. S.No. JSJ02015 (قطعة أصلية، لا تستخدم بديلاً).",INSURANCE_SPARE,RS-GUPCO,0,01D12B,0,EACH,297-1024,CATERPILLAR,MM
308476,"Fuel hose for  Caterpillar diesel engine C32 , Genset serial   JSJ02015 (Genuine Part Don't Substitute)","خرطوم وقود لمحرك ديزل كاتربيلر C32، مولد كهربائي برقم تسلسلي JSJ02015 (قطعة أصلية، لا تستخدم بديلاً)",MIN_MAX,RS-GUPCO,0,03A08D,0,EACH,1CA3756148,CATERPILLAR,MM
323135,"Liner Single KIT, P/N: 932-282, used for Waukesha F-3524 G, S/N: 3182312","طقم بطانة مفردة، رقم القطعة: 932-282، يستخدم لآلة Waukesha F-3524 G، الرقم التسلسلي: 3182312",MIN_MAX,RS-GUPCO,0,01C13H,0,EACH,G-932-282,ENGINE USA,MM
323138,"Rod Connecting  Assembly, P/N: A205507D, used for Waukesha F-3524 G, S/N: 3182312","مجموعة توصيل القضيب، رقم القطعة: A205507D، تُستخدم مع Waukesha F-3524 G، الرقم التسلسلي: 3182312",MIN_MAX,RS-GUPCO,0,,0,EACH,A205507A,ENGINE USA,MM
306771,"Element, Separator Tank MANN & HUMMEL part No. 23708423","عنصر، خزان فاصل، مان آند هومل، رقم القطعة 23708423",INSURANCE_SPARE,RS-GUPCO,0,05/E08,0,EACH,23708423,COMPRESSOR USA,MM
306774,"Assembly, HSTCV","التجميع، HSTCV",INSURANCE_SPARE,RS-GUPCO,0,02/U51A,0,EACH,23546310,COMPRESSOR USA,MM
315481,"HOLD TILL 1/12/2026, Outboard Split Seal Used for IR horizontal pump 10x14 SD axially split type BB1.","يُحفظ حتى 1/12/2026، مانع تسرب خارجي منقسم يستخدم لمضخة IR أفقية 10x14 SD من النوع المنقسم محوريًا BB1.",MIN_MAX,RS-GUPCO,0,,7909106,EACH,,BR/SL/S.PLG/FLT,PU
307083,"Engine Fuel Pressure Sensor  , P/N 194-6725 , for C32 Diesel Gen.  S.No. JSJ02015 (Genuine Part Don't Substitute)","حساس ضغط وقود المحرك، رقم القطعة 194-6725، لمحرك الديزل C32، الرقم التسلسلي العام JSJ02015 (قطعة أصلية، لا تستخدم بديلاً)",INSURANCE_SPARE,RS-GUPCO,0,04K07G,0,EACH,1CA1946725,CATERPILLAR,MM
308496,"Seal O-Ring, for  Caterpillar diesel engine C32 , Genset serial   JSJ02015 (Genuine Part Don't Substitute)","حلقة مانعة للتسرب، لمحرك ديزل كاتربيلر C32، مولد كهربائي برقم تسلسلي JSJ02015 (قطعة أصلية، لا تستخدم بديلاً)",MIN_MAX,RS-GUPCO,0,03A08,0,EACH,10CA1090076,CATERPILLAR,MM
119606,VALVE RETAINER,مثبت الصمام,INSURANCE_SPARE,RS-GUPCO,0,02U16E,8025100,EACH,B-1078,COMPRESSOR USA,MM
308860,"SEPARATOR, MOISTURE 51MM WITH ISO 61/62 FLANGES Part No.23545593","فاصل رطوبة 51 مم مع حواف ISO 61/62، رقم القطعة 23545593",MIN_MAX,RS-GUPCO,0,02U39B,8009155,EACH,23545593,COMPRESSOR USA,MM
308447,Turbocharger Oil-Tube Assembly P/N:217-5678 for C32 Diesel Gen.  S.No. JSJ02015 (Genuine Part Don't Substitute).,"مجموعة أنابيب زيت الشاحن التوربيني رقم القطعة: 217-5678 لمحرك الديزل C32 رقم التسلسل العام JSJ02015 (قطعة أصلية، لا تستخدم بديلاً).",INSURANCE_SPARE,RS-GUPCO,0,04K05,0,EACH,1CA2175678,CATERPILLAR,MM
308463,Seal LinerP/N:155-2793  for C32 Diesel Gen.  S.No. JSJ02015 (Genuine Part Don't Substitute).,"بطانة مانعة للتسرب رقم القطعة: 155-2793 لمحرك الديزل C32 رقم التسلسل العام JSJ02015 (قطعة أصلية، لا تستخدم بديلاً).",MIN_MAX,RS-GUPCO,0,03A08,0,EACH,5CA1552793,CATERPILLAR,MM
308465,Ring Piston Top P/N:349-2568 for C32 Diesel Gen.  S.No. JSJ02015 (Genuine Part Don't Substitute).,"حلقة مكبس علوية رقم القطعة: 349-2568 لمحرك الديزل C32 رقم التسلسل العام JSJ02015 (قطعة أصلية، لا تستخدم بديلاً).",MIN_MAX,RS-GUPCO,0,03K03,0,EACH,1CA3492568,CATERPILLAR,MM
308472,"FUEL PRESSURE REGULATING , P/N 327-4448 , for C32 Diesel Gen.  S.No. JSJ02015 (Genuine Part Don't Substitute)","منظم ضغط الوقود، رقم القطعة 327-4448، لمحركات الديزل C32، رقم التسلسل JSJ02015 (قطعة أصلية، لا تستخدم بديلاً)",INSURANCE_SPARE,RS-GUPCO,0,04K03,0,EACH,1CA3274448,CATERPILLAR,MM
306773,Filter Coolant M33X2 Coreless Spin-On part No. 23700362,"فلتر سائل التبريد M33X2 بدون قلب، قابل للتركيب باللف، رقم القطعة 23700362",MIN_MAX,RS-GUPCO,0,02U39C,0,EACH,23700362,COMPRESSOR USA,MM
308864,"SENSOR, TEMPERATURE THERMISTOR Installed at Oil Cooler Part No.23522238","مستشعر، مقاوم حراري، مثبت في مبرد الزيت، رقم القطعة 23522238",MIN_MAX,RS-GUPCO,0,02U39B,8009155,EACH,23522238,COMPRESSOR USA,MM
316353,"Crank End  HEAD 5-1/2H CL, P/N C-0621 for Ariel Gas Compressor 5-1/2 inch bore cylinders, Frame S/N F-10743","رأس عمود المرفق 5-1/2H CL، رقم القطعة C-0621 لضاغط غاز أرييل ذي أسطوانات بقطر 5-1/2 بوصة، رقم الهيكل F-10743",INSURANCE_SPARE,RS-GUPCO,0,02U41,8001108,EACH,C-5631,COMPRESSOR USA,MM
175534,"SHIM, GASKET","حشوة، حشية",INSURANCE_SPARE,RS-GUPCO,0,02Q28A,6923108,EACH,153029,ENGINE USA,MM
316352,"CAP screw 12 PT  5/8-11X5 P/N FC0120HU for Ariel Gas Compressor 5-1/2 inch bore cylinders, Frame S/N F-10743","برغي غطاء 12 نقطة 5/8-11X5 رقم القطعة FC0120HU لضاغط غاز أرييل، أسطوانات بقطر 5-1/2 بوصة، رقم تسلسل الإطار F-10743",INSURANCE_SPARE,RS-GUPCO,0,02U41A,8001108,EACH,FC0120HU,COMPRESSOR USA,MM
316356,"GASKET,ARL DBL LUBE BOX CVR,1/32  P/N: A-2349 (Manufacture Ariel) for ariel gas compressor model : JGE/4 Frame S/N F-107","حشية غطاء صندوق التشحيم المزدوج من آريل، 1/32، رقم القطعة: A-2349 (صنع شركة آريل) لضاغط غاز آريل طراز: JGE/4، رقم الإطار التسلسلي: F-107",MIN_MAX,RS-GUPCO,0,02U41,8001108,EACH,A-2349,COMPRESSOR USA,MM
320161,"Tap tapered for pipe, ground thread HSS, regular thread NPT, list No. 2119 size (1/4 "" - 18) part no. 36124, Morse Cutti","صنبور مخروطي للأنابيب، خيط أرضي من الفولاذ عالي السرعة، خيط عادي NPT، رقم القائمة 2119، المقاس (1/4 بوصة - 18)، رقم القطعة 36124، مورس كاتي",MIN_MAX,RS-GUPCO,0,,0,EACH,~,TOOLS,PU
316348,"Crank Case, P/N: C205220P, used for Waukesha Gas Engine F-2895 G","علبة المرافق، رقم القطعة: C205220P، تُستخدم لمحرك الغاز Waukesha F-2895 G",INSURANCE_SPARE,RS-GUPCO,0,01C21H,0,EACH,A205420B,ENGINE USA,MM
306844,"HOSE, HYDRAULIC - 16 / 28 INCHES LONG ORFS X 90 DEG. ELBOW ORFS Part No.85574952 or P.No.42707364  ""Hose bet. Oil filter","خرطوم هيدروليكي - طول 16/28 بوصة × كوع 90 درجة، رقم القطعة 85574952 أو رقم القطعة 42707364، خرطوم بين فلتر الزيت",INSURANCE_SPARE,RS-GUPCO,0,02U51B,0,EACH,42707364,COMPRESSOR USA,MM
306845,"HOSE, HYDRAULIC -16 / 32 INCHES LONG ORFS X 90 DEG. ELBOW ORFS Part No.85574960 or 24266207  ""Hose bet. separator tank a","خرطوم هيدروليكي - طول 16/32 بوصة × كوع بزاوية 90 درجة، رقم القطعة 85574960 أو 24266207. خرطوم بين خزان الفصل أ",INSURANCE_SPARE,RS-GUPCO,0,02U51C,0,EACH,24266207,COMPRESSOR USA,MM
306846,"HOSE, HYDRAULIC - 16 / 44 INCHES LONG ORFS X 90 DEG. ELBOW ORFS Part No.85575025 or 24266223  ""Oil Hose out from HSTCV a","خرطوم هيدروليكي - طول 16/44 بوصة × وصلة بزاوية 90 درجة، رقم القطعة 85575025 أو 24266223 ""خرطوم زيت خارج من صمام التحكم الهيدروليكي الهيدروليكي (HSTCV)",INSURANCE_SPARE,RS-GUPCO,0,02U51D,0,EACH,24266223,COMPRESSOR USA,MM
319867,"Coupling, rod 71/130 t=3429mm, Des. O/K/W, f. grease nipples, incl. KUB, AISI 316L, DWG. NO. 400, Spare part for Seepex","وصلة، قضيب 71/130، طوله 3429 مم، تصميم O/K/W، مزودة بحلمات تشحيم، بما في ذلك KUB، مصنوعة من الفولاذ المقاوم للصدأ AISI 316L، رقم الرسم 400، قطعة غيار لـ Seepex",MIN_MAX,RS-GUPCO,0,01M01,7918107,EACH,350140KST,PUMP MISC,PU
318964,"Gas regulator Fisher conversion with gas regulator piping and mounting brackets, P/N: G-962-1143, used for Waukesha F-35","منظم غاز من شركة فيشر، مزود بأنابيب منظم الغاز وأقواس التثبيت، رقم القطعة: G-962-1143، يُستخدم مع طائرة واكيشا F-35",MIN_MAX,RS-GUPCO,0,01C15D,0,EACH,G-962-1143,ENGINE USA,MM
317622,"Diaphragm set consist of diaphragm Ø189, PN. A03904, Diaphragm Ø212.5, PN. A04069","تتكون مجموعة الأغشية من غشاء قطره 189 مم، رقم القطعة A03904، وغشاء قطره 212.5 مم، رقم القطعة A04069",MIN_MAX,RS-GUPCO,0,03B18E,7916010,SET,~,PUMP MISC,PU
317624,"Ring, oil side PN. A04067-W","حلقة، جانب الزيت، رقم القطعة A04067-W",MIN_MAX,RS-GUPCO,0,02T03E,7916010,EACH,~,PUMP MISC,PU
317629,bladder used for pulsation dampener Model HSTX3,غشاء يستخدم لمخمد النبضات طراز HSTX3,MIN_MAX,RS-GUPCO,0,03B18E,7916010,EACH,HSTX3,PUMP MISC,PU
323153,"Pick Up Magnetic, P/N: A295844D, used for Waukesha F-3524 G, S/N: 3182312","لاقط مغناطيسي، رقم القطعة: A295844D، يُستخدم مع Waukesha F-3524 G، الرقم التسلسلي: 3182312",MIN_MAX,RS-GUPCO,0,,0,EACH,A295844F,ENGINE USA,MM
317623,"Valve assembly set consist of gasket PN. 0E420124.5SP1, valve seat PN. 11840, valve cap PN. 30016, Valve PN. 7/8GR101SO3","تتكون مجموعة صمام التجميع من حشية رقم القطعة 0E420124.5SP1، ومقعد صمام رقم القطعة 11840، وغطاء صمام رقم القطعة 30016، وصمام رقم القطعة 7/8GR101SO3",MIN_MAX,RS-GUPCO,0,02T03E,7916010,SET,~,PUMP MISC,PU
321225,"Radiator Group P/N: 386-9671 for Caterpillar C32 Genset serial :JSJ02015 , Engine serial number : PRH02017 , Arrng.:343-","مجموعة المبردات، رقم القطعة: 386-9671، لمولد كاتربيلر C32، الرقم التسلسلي: JSJ02015، الرقم التسلسلي للمحرك: PRH02017، الترتيب: 343-",INSURANCE_SPARE,RS-GUPCO,0,07YARD,0,EACH,386-9671,CATERPILLAR,MM
317012,"Tap tapered for pipe, ground thread HSS, regular thread NPT, list No. 2119 size (1/2 "" - 14) part no. 36126, Morse Cutti","صنبور مخروطي للأنابيب، خيط أرضي من الفولاذ عالي السرعة، خيط عادي NPT، رقم القائمة 2119، المقاس (1/2 بوصة - 14)، رقم القطعة 36126، مورس كاتي",MIN_MAX,RS-GUPCO,0,,0,EACH,~,TOOLS,PU
323715,"Rocker arm As for intake and exhaust P/N 4373863 for C32 Diesel Gen. set  S.No. JSJ02015 , Engine serial PRH02017  (Genu","ذراع التأرجح (للسحب والعادم) رقم القطعة 4373863 لمجموعة مولدات الديزل C32، الرقم التسلسلي JSJ02015، الرقم التسلسلي للمحرك PRH02017 (الأصلي)",MIN_MAX,RS-GUPCO,0,04L02E,0,EACH,4373863,CATERPILLAR,MM
323716,"Rocker arm GP (Exhaust) P/N 20R3317, for C32 Diesel Gen. set  S.No. JSJ02015 , Engine serial: PRH02017  (Genuine Part Do","ذراع التأرجح GP (العادم) رقم القطعة 20R3317، لمجموعة مولدات الديزل C32 رقم التسلسل JSJ02015، رقم تسلسل المحرك: PRH02017 (قطعة أصلية)",MIN_MAX,RS-GUPCO,0,04L02E,0,EACH,20R3317,CATERPILLAR,MM
323738,"Bolt (3/8-16 X 4 IN) for unit injector P/N 8S-9191for C32 Diesel Gen. set  S.No. JSJ02015 , Engine serial: PRH02017  (Ge","مسمار (3/8-16 × 4 بوصة) لحاقن الوحدة رقم القطعة 8S-9191 لمجموعة مولدات الديزل C32، الرقم التسلسلي JSJ02015، الرقم التسلسلي للمحرك: PRH02017 (Ge",MIN_MAX,RS-GUPCO,0,04L04C,0,EACH,8S-9191,CATERPILLAR,MM
322200,"HS thurst cap. PN 400300084, used for philadelphia Gear Unit Model No: 125 MHS S/N :127010","غطاء دفع HS، رقم القطعة 400300084، يُستخدم لوحدة تروس فيلادلفيا، رقم الموديل: 125 MHS، الرقم التسلسلي: 127010",MIN_MAX,RS-GUPCO,0,,0,EACH,~,BR/SL/S.PLG/FLT,PU
318513,"TURBOCHARGER GP P/N 1305469,  for Caterpillar diesel Engine Model : 3406C,  Engine Serial No. 6TB26272","شاحن توربيني GP P/N 1305469، لمحرك ديزل كاتربيلر طراز: 3406C، الرقم التسلسلي للمحرك: 6TB26272",MIN_MAX,RS-GUPCO,0,01d14b,0,EACH,1305469,CATERPILLAR,MM
319721,"Thermometer, Part no. 1089 0708 12, used for Air Compressor, Model: Atlas Copco GA45+, S/N: APIS45798401&S/N: APIS457559","مقياس حرارة، رقم القطعة 1089 0708 12، يُستخدم لضاغط هواء، طراز: أطلس كوبكو GA45+، الرقم التسلسلي: APIS45798401 والرقم التسلسلي: APIS457559",MIN_MAX,RS-GUPCO,0,02U43A,0,EACH,1089070812,COMPRESSOR USA,MM
319722,"O-Ring, Part no. 0663 3130 00, used for Air Compressor, Model: Atlas Copco GA45+, S/N: APIS45798401&S/N: APIS45755901","حلقة دائرية، رقم القطعة 0663 3130 00، تُستخدم لضاغط هواء، طراز: أطلس كوبكو GA45+، الرقم التسلسلي: APIS45798401 والرقم التسلسلي: APIS45755901",MIN_MAX,RS-GUPCO,0,03B31F,0,EACH,,COMPRESSOR USA,MM
319728,"Hose Assembly from Separator to Inlet Valve, P/N: 0574 8000 37, used for Air Compressor, Model: Atlas Copco G75+","مجموعة خرطوم من الفاصل إلى صمام المدخل، رقم القطعة: 0574 8000 37، تُستخدم لضاغط هواء، طراز: أطلس كوبكو G75+",MIN_MAX,RS-GUPCO,0,,0,EACH,,COMPRESSOR USA,MM
319701,"Hose Oil, P/N: 1625 2073 01, used for Air Compressor, Model: Atlas Copco G75+","زيت خرطوم، رقم القطعة: 1625 2073 01، يُستخدم لضاغط هواء، طراز: أطلس كوبكو G75+",MIN_MAX,RS-GUPCO,0,03B31F,0,EACH,,COMPRESSOR USA,MM
319705,"Pressure Transmitter, P/N: 1091 0001 22, used for Air Compressor, Model: Atlas Copco G75+","جهاز إرسال الضغط، رقم القطعة: 1091 0001 22، يُستخدم مع ضاغط هواء، طراز: أطلس كوبكو G75+",MIN_MAX,RS-GUPCO,0,02U45E,0,EACH,,COMPRESSOR USA,MM
319709,"Nipple, P/N: 0571 0035 94, used for Air Compressor, Model: Atlas Copco G75+","حلمة، رقم القطعة: 0571 0035 94، تُستخدم لضاغط هواء، طراز: أطلس كوبكو G75+",MIN_MAX,RS-GUPCO,0,02U45F,0,EACH,,COMPRESSOR USA,MM
319887,"Tube, Turbo Oil Drain L/B P/N 208744T for Waukesha Gas Engine 7042 GSI",أنبوب تصريف زيت التوربو L/B P/N 208744T لمحرك غاز Waukesha 7042 GSI,INSURANCE_SPARE,RS-GUPCO,0,02Q31,0,EACH,214000D,ENGINE USA,MM
320081,"Gauge , 5000 PSI, back mount ,3/8"" T , P/N : A-17257-A ,  for Ariel gas compressor model: JGE/4","مقياس ضغط، 5000 رطل لكل بوصة مربعة، تركيب خلفي، 3/8 بوصة T، رقم القطعة: A-17257-A، لضاغط غاز أرييل طراز: JGE/4",MIN_MAX,RS-GUPCO,0,,0,EACH,A-17257-A,COMPRESSOR USA,MM
323693,"Sleeve injector P/N 2634920 for C32 Diesel Gen. set  S.No. JSJ02015 , Engine serial: PRH02017                 (Genuine P","حاقن أسطواني رقم القطعة 2634920 لمجموعة مولدات الديزل C32، الرقم التسلسلي JSJ02015، الرقم التسلسلي للمحرك: PRH02017 (أصلي)",MIN_MAX,RS-GUPCO,0,04L02C,0,EACH,2634920,CATERPILLAR,MM
323709,"Rocker arm GP unit injector 20R3319 (4373881) used for C32 Diesel Gen. set  S.No. JSJ02015 , Engine serial: PRH02017  (G","حاقن وحدة GP ذو ذراع التأرجح 20R3319 (4373881) المستخدم في مجموعة مولدات الديزل C32، الرقم التسلسلي JSJ02015، الرقم التسلسلي للمحرك: PRH02017 (G",MIN_MAX,RS-GUPCO,0,04L02D,0,EACH,20R3319,CATERPILLAR,MM
323710,"Rocker Arm AS P/N 4373880 for unit injector Rocker Arm used for C32 Diesel Gen. set  S.No. JSJ02015 , Engine serial: PRH","ذراع التأرجح AS P/N 4373880 لحاقن الوحدة، ذراع التأرجح المستخدم في مولد الديزل C32، الرقم التسلسلي JSJ02015، الرقم التسلسلي للمحرك: PRH",MIN_MAX,RS-GUPCO,0,04L02D,0,EACH,4373880,CATERPILLAR,MM
323736,"Clamp for unit injector P/N 6I-0213 for C32 Diesel Gen. set  S.No. JSJ02015 , Engine serial: PRH02017  (Genuine Part Don","مشبك لحاقن الوحدة رقم القطعة 6I-0213 لمجموعة مولدات الديزل C32، الرقم التسلسلي JSJ02015، الرقم التسلسلي للمحرك: PRH02017 (قطعة أصلية)",MIN_MAX,RS-GUPCO,0,04L04B,0,EACH,6I-0213,CATERPILLAR,MM
323744,"Injector height tool P/N 9U7227 for C32 Diesel Gen. set  S.No. JSJ02015 , Engine serial: PRH02017  (Genuine Part Don't S","أداة قياس ارتفاع حاقن الوقود، رقم القطعة 9U7227، لمجموعة مولدات الديزل C32، الرقم التسلسلي JSJ02015، الرقم التسلسلي للمحرك: PRH02017 (قطعة أصلية، لا تقم باستبدالها).",MIN_MAX,RS-GUPCO,0,04L04,0,EACH,9U7227,CATERPILLAR,MM
323747,"Bolt (5/16 -18 *1.75 in) for valve cover mechanism P/N 7X0440 for C32 Diesel Gen. set  S.No. JSJ02015 , Engine serial: P","مسمار (5/16 -18 *1.75 بوصة) لآلية غطاء الصمام، رقم القطعة 7X0440، لمجموعة مولدات الديزل C32، الرقم التسلسلي JSJ02015، رقم المحرك التسلسلي: P",MIN_MAX,RS-GUPCO,0,04L04E,0,EACH,7X0440,CATERPILLAR,MM
323734,"Bolt -high temperarure (3/8-16 X 1.75 in) P/N 2N-2765 for turbocharger for C32 Diesel Gen. set  S.No. JSJ02015 , Engine","مسمار مقاوم للحرارة العالية (3/8-16 × 1.75 بوصة) رقم القطعة 2N-2765 لشاحن توربيني لمجموعة مولدات الديزل C32، الرقم التسلسلي JSJ02015، محرك",MIN_MAX,RS-GUPCO,0,04L04B,0,EACH,2N-2765,CATERPILLAR,MM
326232,OIL CAT DEO ENGINE 3E-9840 FOR CATERPILLAR DIESEL GENERATOR PACKAGE MODEL 3512 (208 LITER)  Manufacturer. CATERPILLAR,زيت محرك كاتربيلر ديو 3E-9840 لمولد ديزل كاتربيلر طراز 3512 (208 لتر). الشركة المصنعة: كاتربيلر,MIN_MAX,RS-GUPCO,0,,0,EACH,3E-9840,CATERPILLAR,MM
323519,"INJECTOR GP-FUEL , P/N 276-8307  , for C32 Diesel Gen.  S.No. JSJ02015 (Genuine Part Don't Substitute) Manufacturer: Cat","حاقن وقود GP، رقم القطعة 276-8307، لمحركات الديزل C32، الرقم التسلسلي العام JSJ02015 (قطعة أصلية، لا تستخدم بديلًا). الشركة المصنعة: كاتربيلر",MIN_MAX,RS-GUPCO,0,04L02C,0,EACH,276-8307,CATERPILLAR,MM
144822,"LEVER, GOVERNOR ( 156339A )","ليفر، الحاكم (156339أ)",INSURANCE_SPARE,RS-GUPCO,0,,6923015,EACH,208564C,ENGINE USA,MM
325959,"Temperature Sensor, P/N : 1089057412 , used for Air Compressor, Model: Atlas Copco GA45+","مستشعر درجة الحرارة، رقم القطعة: 1089057412، يُستخدم لضاغط الهواء، طراز: أطلس كوبكو GA45+",MIN_MAX,RS-GUPCO,0,,0,EACH,1089057412,COMPRESSOR USA,MM
323695,"seal o-ring Sleeve injector P/N 9X7430  for C32 Diesel Gen. set  S.No. JSJ02015 , Engine serial: PRH02017 (Genuine Part","حلقة مانعة للتسرب، جلبة حاقن، رقم القطعة 9X7430، لمجموعة مولدات الديزل C32، الرقم التسلسلي JSJ02015، الرقم التسلسلي للمحرك: PRH02017 (قطعة أصلية)",MIN_MAX,RS-GUPCO,0,03A08E,0,EACH,9X7430,CATERPILLAR,MM
323712,"Seal-O-Ring P/N 8L2777 for (Intake & Exhaust) Rocker Arm used for C32 Diesel Gen. set  S.No. JSJ02015 , Engine serial: P","حلقة مانعة للتسرب (O-Ring) رقم القطعة 8L2777 لذراع التأرجح (السحب والعادم) المستخدمة في مولد ديزل C32، الرقم التسلسلي JSJ02015، الرقم التسلسلي للمحرك: P",MIN_MAX,RS-GUPCO,0,03A08E,0,EACH,8L2777,CATERPILLAR,MM
323755,"Kit turbocharger install P/N 4337503 for C32 Diesel Gen. set  S.No. JSJ02015 , Engine serial: PRH02017  (Genuine Part Do","طقم تركيب شاحن توربيني رقم القطعة 4337503 لمولد ديزل C32، رقم التسلسل JSJ02015، رقم تسلسل المحرك: PRH02017 (قطعة أصلية)",MIN_MAX,RS-GUPCO,0,04L04G,0,EACH,4337503,CATERPILLAR,MM
323708,"bushing for cam shaft 216-5582 P/N 2165582 for C32 Diesel Gen. set  S.No. JSJ02015 , Engine serial: PRH02017  (Genuine P","جلبة عمود الكامات 216-5582، رقم القطعة 2165582، لمجموعة مولدات الديزل C32، الرقم التسلسلي JSJ02015، الرقم التسلسلي للمحرك: PRH02017 (أصلية)",MIN_MAX,RS-GUPCO,0,04L02C,0,EACH,2165582,CATERPILLAR,MM
323711,"Button  for rocker arm adjusting screw for unit injector P/N 1924151 for C32 Diesel Gen. set  S.No. JSJ02015 , Engine se","زر ضبط برغي ذراع التأرجح لحاقن الوحدة، رقم القطعة 1924151، لمجموعة مولدات الديزل C32، الرقم التسلسلي JSJ02015، مجموعة المحرك",MIN_MAX,RS-GUPCO,0,04L02D,0,EACH,1924151,CATERPILLAR,MM
323714,"Seal O-ring for rocker arm adjusting screw for unit injector P/N 1123102 for C32 Diesel Gen. set  S.No. JSJ02015 , Engin","حلقة مانعة للتسرب لمسمار ضبط ذراع التأرجح لحاقن الوحدة، رقم القطعة 1123102، لمجموعة مولدات الديزل C32، الرقم التسلسلي JSJ02015، المحرك",MIN_MAX,RS-GUPCO,0,03A08E,0,EACH,1123102,CATERPILLAR,MM
323717,"Rocker arm GP (Intake) P/N 20R3318, for C32 Diesel Gen. set  S.No. JSJ02015 , Engine serial: PRH02017  (Genuine Part Don","ذراع التأرجح GP (مدخل الهواء) رقم القطعة 20R3318، لمجموعة مولدات الديزل C32 رقم التسلسل JSJ02015، رقم تسلسل المحرك: PRH02017 (قطعة أصلية)",MIN_MAX,RS-GUPCO,0,04L02F,0,EACH,20R3318,CATERPILLAR,MM
323724,"Gasket for water pump replacement P/N 4N-1946 for C32 Diesel Gen. set  S.No. JSJ02015 , Engine serial: PRH02017  (Genuin","حشية بديلة لمضخة الماء، رقم القطعة 4N-1946، لمجموعة مولدات الديزل C32، الرقم التسلسلي JSJ02015، الرقم التسلسلي للمحرك: PRH02017 (أصلية)",MIN_MAX,RS-GUPCO,0,04L02G,0,EACH,4N-1946,CATERPILLAR,MM
323733,"Gasket for turbocharger P/N 1S-4295 for C32 Diesel Gen. set  S.No. JSJ02015 , Engine serial: PRH02017  (Genuine Part Don","حشية شاحن توربيني رقم القطعة 1S-4295 لمجموعة مولدات الديزل C32، الرقم التسلسلي JSJ02015، الرقم التسلسلي للمحرك: PRH02017 (قطعة أصلية)",MIN_MAX,RS-GUPCO,0,04L04A,0,EACH,1S-4295,CATERPILLAR,MM
323735,"Spacer (11.13 X19.05X 19-MM THK) for turbocharger P/N 114-9223 for C32 Diesel Gen. set  S.No. JSJ02015 , Engine serial:","فاصل (11.13 × 19.05 × 19 مم سمك) لشاحن توربيني رقم القطعة 114-9223 لمجموعة مولدات الديزل C32 رقم التسلسل JSJ02015، رقم المحرك التسلسلي:",MIN_MAX,RS-GUPCO,0,04L04B,0,EACH,114-9223,CATERPILLAR,MM
323741,"Clamp air for Intake manifold elbow P/N 6L-3005 for C32 Diesel Gen. set  S.No. JSJ02015 , Engine serial: PRH02017  (Genu","مشبك هواء لكوع مشعب السحب، رقم القطعة 6L-3005، لمجموعة مولدات الديزل C32، الرقم التسلسلي JSJ02015، الرقم التسلسلي للمحرك: PRH02017 (أصلي)",MIN_MAX,RS-GUPCO,0,04L04D,0,EACH,6L-3005,CATERPILLAR,MM
325953,"Unloader Kit, P/N : 2901162200 , used for Air Compressor, Model: Atlas Copco GA45+","طقم تفريغ، رقم القطعة: 2901162200، يُستخدم لضاغط هواء، طراز: أطلس كوبكو GA45+",MIN_MAX,RS-GUPCO,0,,0,EACH,2901162200,COMPRESSOR USA,MM
325955,"Pipe Air Discharge, P/N : 1625595000 , used for Air Compressor, Model: Atlas Copco GA45+","مخرج هواء أنبوبي، رقم القطعة: 1625595000، يُستخدم لضاغط هواء، طراز: أطلس كوبكو GA45+",MIN_MAX,RS-GUPCO,0,,0,EACH,1625595000,COMPRESSOR USA,MM
323752,"Kit water pump Rebuild P/N 3777037 for C32 Diesel Gen. set  S.No. JSJ02015 , Engine serial: PRH02017  (Genuine Part Don'","طقم إعادة بناء مضخة مياه، رقم القطعة 3777037، لمجموعة مولدات الديزل C32، الرقم التسلسلي JSJ02015، الرقم التسلسلي للمحرك: PRH02017 (قطعة أصلية).",MIN_MAX,RS-GUPCO,0,04L04G,0,EACH,3777037,CATERPILLAR,MM
308470,"Turning Tool for Fuel Injector , P/N 9S-9082 , for C32 Diesel Gen.  S.No. JSJ02015 (Genuine Part Don't Substitute)","أداة خراطة لحاقن الوقود، رقم القطعة 9S-9082، لمحركات الديزل C32، الرقم التسلسلي العام JSJ02015 (قطعة أصلية، لا تستخدم بديلاً)",MIN_MAX,RS-GUPCO,0,04 K 03 B,0,EACH,1CA9S9082,CATERPILLAR,MM
308480,"fuel hose , for  Caterpillar diesel engine C32 , Genset serial   JSJ02015 (Genuine Part Don't Substitute)","خرطوم وقود، لمحرك ديزل كاتربيلر C32، مولد كهربائي برقم تسلسلي JSJ02015 (قطعة أصلية، لا تستخدم بديلاً)",INSURANCE_SPARE,RS-GUPCO,0,03A08D,0,EACH,1CA3839585,CATERPILLAR,MM
308481,"fuel hose , for  Caterpillar diesel engine C32 , Genset serial   JSJ02015 (Genuine Part Don't Substitute)","خرطوم وقود، لمحرك ديزل كاتربيلر C32، مولد كهربائي برقم تسلسلي JSJ02015 (قطعة أصلية، لا تستخدم بديلاً)",INSURANCE_SPARE,RS-GUPCO,0,03P03,0,EACH,1CA3836032,CATERPILLAR,MM
327159,"Clamp Rubber, P/N: 153402M, used for Waukesha P-9390 GSI , (SET=2 EA)","مشبك مطاطي، رقم القطعة: 153402M، يستخدم مع Waukesha P-9390 GSI، (مجموعة = 2 قطعة)",INSURANCE_SPARE,RS-GUPCO,0,,0,SET,153402M,ENGINE USA,MM
308867,"GASKET, STRIP .06THK X .75 WIDE W/ADHESIVE BACK Part No.39117312","حشية شريطية، سمك 0.06 بوصة × عرض 0.75 بوصة، مزودة بظهر لاصق، رقم القطعة 39117312",MIN_MAX,RS-GUPCO,0,,8009155,EACH,39117312,COMPRESSOR USA,MM
308870,"HOSE, 130 MM I.D. MOULDED AIR INTAKE Part No.23585896","خرطوم مدخل هواء مصبوب بقطر داخلي 130 مم، رقم القطعة 23585896",INSURANCE_SPARE,RS-GUPCO,0,03P01E,8009155,EACH,23585896,COMPRESSOR USA,MM
327161,"Elbow Flex, P/N: 199111G, used for Waukesha P-9390 GSI, (SET=2 EA)","وصلة مرنة للكوع، رقم القطعة: 199111G، تستخدم مع جهاز Waukesha P-9390 GSI، (مجموعة = 2 قطعة)",INSURANCE_SPARE,RS-GUPCO,0,,0,SET,199111G,ENGINE USA,MM
323930,"Coupling Flex Master 1'' , Part No: 169847A , (SET=2 EA)","وصلة مرنة رئيسية 1 بوصة، رقم القطعة: 169847A، (مجموعة = 2 قطعة)",INSURANCE_SPARE,RS-GUPCO,0,,0,SET,169847A,ENGINE USA,MM
323143,"Seal Ring Square Section, P/N: 211670D , used for Waukesha F-3524 G, S/N: 3182312","حلقة مانعة للتسرب مربعة المقطع، رقم القطعة: 211670D، تستخدم لماكينة Waukesha F-3524 G، الرقم التسلسلي: 3182312",MIN_MAX,RS-GUPCO,0,03H25D,0,EACH,211670D,ENGINE USA,MM
323148,"Rod Governor, P/N: A214061, used for Waukesha F-3524 G, S/N: 3182312","منظم قضيب، رقم القطعة: A214061، يستخدم مع Waukesha F-3524 G، الرقم التسلسلي: 3182312",MIN_MAX,RS-GUPCO,0,02Q52,0,EACH,A214061,ENGINE USA,MM
330408,"COOLANT LONGLIFE G12+ RTU 50/50 FOR GAS ENGINES ""DRUM 209L"" Mfg.SHELL","سائل تبريد طويل الأمد G12+ جاهز للاستخدام 50/50 لمحركات البنزين ""برميل 209 لتر"" من إنتاج شركة شل",MIN_MAX,RS-GUPCO,0,,0,EACH,SHELL LL G12+ RTU 50/50,LUBR & GREASE,MM
325952,"Hose Assembly from Separator to Unloader, P/N : 0574800036 , used for Air Compressor, Model: Atlas Copco G4A5+","مجموعة خرطوم من الفاصل إلى جهاز التفريغ، رقم القطعة: 0574800036، تُستخدم لضاغط هواء، طراز: أطلس كوبكو G4A5+",MIN_MAX,RS-GUPCO,0,,0,EACH,574800036,COMPRESSOR USA,MM
325956,"Pressure Transducer, P/N : 1089057567 , used for Air Compressor, Model: Atlas Copco GA45+","محول ضغط، رقم القطعة: 1089057567، يُستخدم مع ضاغط هواء، طراز: أطلس كوبكو GA45+",MIN_MAX,RS-GUPCO,0,,0,EACH,1089057567,COMPRESSOR USA,MM
324018,"MOTOR PARALLEL KEY,P/N: 1625 5052 01,  used for Air Compressor, Model: Atlas Copco GA45+","مفتاح توصيل متوازي للمحرك، رقم القطعة: 1625 5052 01، يُستخدم لضاغط هواء، طراز: أطلس كوبكو GA45+",MIN_MAX,RS-GUPCO,0,02U39F,0,EACH,1625 5052 01,COMPRESSOR USA,MM
323694,"seal o-ring Sleeve injector  P/N 1662904 for C32 Diesel Gen. set  S.No. JSJ02015 , Engine serial: PRH02017  (Genuine Par","حلقة مانعة للتسرب، جلبة حاقن، رقم القطعة 1662904، لمجموعة مولدات الديزل C32، الرقم التسلسلي JSJ02015، الرقم التسلسلي للمحرك: PRH02017 (قطعة أصلية)",MIN_MAX,RS-GUPCO,0,03A08E,0,EACH,1662904,CATERPILLAR,MM
323723,"Seal O-ring for water pump replacement  P/N 192-4309 for C32 Diesel Gen. set  S.No. JSJ02015 , Engine serial: PRH02017 ","حلقة مانعة للتسرب لاستبدال مضخة الماء، رقم القطعة 192-4309، لمجموعة مولدات الديزل C32، الرقم التسلسلي JSJ02015، الرقم التسلسلي للمحرك: PRH02017",MIN_MAX,RS-GUPCO,0,03A08E,0,EACH,192-4309,CATERPILLAR,MM
323726,"Stud for Exhaust manifold P/N 0S0699 for C32 Diesel Gen. set  S.No. JSJ02015 , Engine serial: PRH02017  (Genuine Part Do","مسمار تثبيت مشعب العادم، رقم القطعة 0S0699، لمجموعة مولدات الديزل C32، الرقم التسلسلي JSJ02015، الرقم التسلسلي للمحرك: PRH02017 (قطعة أصلية).",MIN_MAX,RS-GUPCO,0,04L02G,0,EACH,0S0699,CATERPILLAR,MM
318044,"HOLD TILL 1/1/2027 , Hold and dont reorder until modify Part Number for element part no , Air Filter Element, Part No. 1","يُرجى الانتظار حتى 1/1/2027، ولا تُعيد الطلب حتى يتم تعديل رقم القطعة لعنصر فلتر الهواء، رقم القطعة 1",INSURANCE_SPARE,RS-GUPCO,0,03/P01D,0,EACH,1625 7692 00,COMPRESSOR USA,MM
324013,"O-Ring Oil Nozzle, P/N 0663 2107 84, used for Air Compressor, Model: Atlas Copco GA45+","فوهة زيت بحلقة مانعة للتسرب، رقم القطعة 0663 2107 84، تُستخدم لضاغط هواء، طراز: أطلس كوبكو GA45+",MIN_MAX,RS-GUPCO,0,03B29A,0,EACH,0663 2107 84,COMPRESSOR USA,MM
325284,"Clamp, Seal  USED FOR GAS ENGINE P9390 GSI PART NO.: 209802C, (SET=2 EA)","مشبك، مانع تسرب يستخدم لمحرك الغاز P9390 GSI رقم القطعة: 209802C، (مجموعة = 2 قطعة)",INSURANCE_SPARE,RS-GUPCO,0,,0,SET,209802C,ENGINE USA,MM
323742,"Seal O-ring for Intake manifold elbow P/N 6V-6353 for C32 Diesel Gen. set  S.No. JSJ02015 , Engine serial: PRH02017  (Ge","حلقة مانعة للتسرب لكوع مشعب السحب، رقم القطعة 6V-6353، لمجموعة مولدات الديزل C32، الرقم التسلسلي JSJ02015، الرقم التسلسلي للمحرك: PRH02017 (Ge",MIN_MAX,RS-GUPCO,0,03A08E,0,EACH,6V-6353,CATERPILLAR,MM
323746,"Bolt (5/16 -18 *1.5 in) P/N: 1A-9579 for base valve cover for C32 Diesel Gen. set  S.No. JSJ02015 , Engine serial: PRH02","مسمار (5/16 -18 *1.5 بوصة) رقم القطعة: 1A-9579 لغطاء صمام القاعدة لمجموعة مولدات الديزل C32، الرقم التسلسلي: JSJ02015، الرقم التسلسلي للمحرك: PRH02",MIN_MAX,RS-GUPCO,0,04L04D,0,EACH,1A-9579,CATERPILLAR,MM
323750,"External engine Harness P/N 3780741  for C32 Diesel Gen. set  S.No. JSJ02015 , Engine serial: PRH02017  (Genuine Part Do","ضفيرة أسلاك المحرك الخارجية رقم القطعة 3780741 لمجموعة مولدات الديزل C32، الرقم التسلسلي JSJ02015، الرقم التسلسلي للمحرك: PRH02017 (قطعة أصلية)",MIN_MAX,RS-GUPCO,0,04L04E,0,EACH,3780741,CATERPILLAR,MM
323751,"Injector connector (Cap As  Unit injector) P/N 7E-6508 for C32 Diesel Gen. set  S.No. JSJ02015 , Engine serial: PRH02017","موصل حاقن الوقود (غطاء حاقن الوقود) رقم القطعة 7E-6508 لمجموعة مولدات الديزل C32، الرقم التسلسلي JSJ02015، الرقم التسلسلي للمحرك: PRH02017",MIN_MAX,RS-GUPCO,0,04L04G,0,EACH,7E-6508,CATERPILLAR,MM
308473,"Hose (21.6 IN) for diesel fuel line Caterpillar diesel engine C32 , Genset serial   JSJ02015 (Genuine Part Don't Substit","خرطوم (21.6 بوصة) لخط وقود الديزل لمحرك ديزل كاتربيلر C32، مولد كهربائي برقم تسلسلي JSJ02015 (قطعة أصلية، لا تستخدم بديلاً).",INSURANCE_SPARE,RS-GUPCO,0,03A08,0,EACH,590CA4231981,CATERPILLAR,MM
308462,Seal Liner P/N:155-0810 for C32 Diesel Gen.  S.No. JSJ02015 (Genuine Part Don't Substitute).,"بطانة مانعة للتسرب رقم القطعة: 155-0810 لمحرك الديزل C32 رقم التسلسل العام JSJ02015 (قطعة أصلية، لا تستخدم بديلاً).",MIN_MAX,RS-GUPCO,0,03A08C,0,EACH,1CA1550810,CATERPILLAR,MM
308460,Band Filler P/N:9L-5854 for C32 Diesel Gen.  S.No. JSJ02015 (Genuine Part Don't Substitute).,"حشو الشريط P/N:9L-5854 لمحرك الديزل C32 Gen. S.No. JSJ02015 (قطعة أصلية، لا تستخدم بديلاً).",MIN_MAX,RS-GUPCO,0,03A08,0,EACH,10CA9L5854,CATERPILLAR,MM
308474,"Fuel hose for  Caterpillar diesel engine C32 , Genset serial   JSJ02015 (Genuine Part Don't Substitute)","خرطوم وقود لمحرك ديزل كاتربيلر C32، مولد كهربائي برقم تسلسلي JSJ02015 (قطعة أصلية، لا تستخدم بديلاً)",MIN_MAX,RS-GUPCO,0,03A08C,0,EACH,1CA3227615,CATERPILLAR,MM
308475,"fuel hose for  Caterpillar diesel engine C32 , Genset serial   JSJ02015 (Genuine Part Don't Substitute)","خرطوم وقود لمحرك ديزل كاتربيلر C32، مولد كهربائي برقم تسلسلي JSJ02015 (قطعة أصلية، لا تستخدم بديلاً)",MIN_MAX,RS-GUPCO,0,03A08D,0,EACH,1CA3611997,CATERPILLAR,MM
308477,"check valve GP ( priming pump base) for  Caterpillar diesel engine C32 , Genset serial   JSJ02015 (Genuine Part Don't Su","صمام فحص GP (قاعدة مضخة التحضير) لمحرك ديزل كاتربيلر C32، مولد كهربائي برقم تسلسلي JSJ02015 (قطعة أصلية، لا تستخدمها).",INSURANCE_SPARE,RS-GUPCO,0,03A08D,0,EACH,420-1795,CATERPILLAR,MM
319334,"Filter Mesh LD20X-ED12 Part No. 2902016102, used for Air Compressor, Model: Atlas Copco G75+ SN:APIS45248401","شبكة ترشيح LD20X-ED12، رقم القطعة 2902016102، تُستخدم لضاغط هواء، طراز: أطلس كوبكو G75+، الرقم التسلسلي: APIS45248401",MIN_MAX,RS-GUPCO,0,03B31E,0,EACH,2902016102,COMPRESSOR USA,MM
308861,"FILTER, ION EXCHANGE RESIN 125-450HP Part No.38430906","فلتر، راتنج التبادل الأيوني 125-450 حصان، رقم القطعة 38430906",INSURANCE_SPARE,RS-GUPCO,0,02/U49,8009155,EACH,38430906,COMPRESSOR USA,MM
307085,"Atmosphric Pressure Sensor , P/N 274-6717 , for C32 Diesel Gen.  S.No. JSJ02015 (Genuine Part Don't Substitute)","مستشعر الضغط الجوي، رقم القطعة 274-6717، لمحركات الديزل C32، رقم التسلسل JSJ02015 (قطعة أصلية، لا تستخدم بديلاً)",INSURANCE_SPARE,RS-GUPCO,0,04K07H,0,EACH,1CA2746717,CATERPILLAR,MM
306836,"MOUNT, ISOLATION DUROMETER 60 Part No. 23591779 For Air Comp.IR Model R75I S.No. VK2637U14264 Genuine Part do not substi","حامل، عازل، صلابة 60، رقم القطعة 23591779، لضاغط الهواء طراز R75I، الرقم التسلسلي VK2637U14264. قطعة أصلية، لا تستبدل.",MIN_MAX,RS-GUPCO,0,02U39A,0,EACH,23591779,COMPRESSOR USA,MM
306839,"O-RING, VITON RTR HSG TO GRCS / SEAL COVER Part No.23518509  For Air Comp.IR Model R75I S.No. VK2637U14264 Genuine Part","حلقة مانعة للتسرب من الفيتون، رقم القطعة 23518509، لضاغط الهواء طراز R75I، الرقم التسلسلي VK2637U14264، قطعة أصلية",MIN_MAX,RS-GUPCO,0,03B31D,0,EACH,23518509,COMPRESSOR USA,MM
119622,"PISTON, W/B STD. 9 5/8 K","مكبس، قاعدة عجلات قياسية 9 5/8 كيلوجول",INSURANCE_SPARE,RS-GUPCO,0,,8025100,EACH,C-3173,COMPRESSOR USA,MM
306840,"VALVE, IN-LINE CHECK (-4 ORFS MALE X -4 ORFS MALE) Part No.23453020",صمام فحص خطي (-4 ORFS ذكر × -4 ORFS ذكر) رقم القطعة 23453020,MIN_MAX,RS-GUPCO,0,02/U51,0,EACH,23453020,COMPRESSOR USA,MM
317621,Gasket maintenance Kit.,طقم صيانة الحشيات.,MIN_MAX,RS-GUPCO,0,03B18E,7916010,SET,~,PUMP MISC,PU
317628,"Pulsation Dampener, Fox model HSTX3, DWG. No. 17-7082-DW-HSTX3, Capacity 2,3 L","مخمد نبضات، طراز فوكس HSTX3، رقم الرسم 17-7082-DW-HSTX3، سعة 2.3 لتر",MIN_MAX,RS-GUPCO,0,02T03F,7916010,EACH,~,PUMP MISC,PU
320160,"Drill CHUCK model 20N, JACOBS BALL BEARING KEY TYPE, capacity 3/8-1"", tapered mount 5 JT, comin with service kit 30348.","ظرف مثقاب طراز 20N، نوع مفتاح محمل كروي من جاكوبس، سعة 3/8-1 بوصة، تركيب مخروطي 5 JT، يأتي مع طقم خدمة 30348.",MIN_MAX,RS-GUPCO,0,,0,EACH,~,TOOLS,PU
320163,"Tap tapered for pipe, ground thread HSS, regular thread NPT, list No. 2119 size (1 "" - 11.5) part no. 36128, Morse Cutti","صنبور مخروطي للأنابيب، خيط أرضي من الفولاذ عالي السرعة، خيط عادي NPT، رقم القائمة 2119، المقاس (1 بوصة - 11.5 بوصة)، رقم القطعة 36128، مورس كاتي",MIN_MAX,RS-GUPCO,0,,0,EACH,~,TOOLS,PU
319885,"Tube, Turbo Oil Drain R/B P/N 208744U for Waukesha Gas Engine 7042 GSI",أنبوب تصريف زيت التوربو R/B P/N 208744U لمحرك غاز Waukesha 7042 GSI,INSURANCE_SPARE,RS-GUPCO,0,02Q31,0,EACH,214000C,ENGINE USA,MM
320080,"Gauge , 3000 PSI, back mount ,3/8"" T , P/N : A-17256-A ,for Ariel gas compressor model: JGE/4","مقياس ضغط، 3000 رطل لكل بوصة مربعة، تركيب خلفي، 3/8 بوصة T، رقم القطعة: A-17256-A، لضاغط غاز أرييل طراز: JGE/4",MIN_MAX,RS-GUPCO,0,,0,EACH,A-17256-A,COMPRESSOR USA,MM
319868,"Sleeve, retaining 60/130 steel, DWG No. 404 Spare part for Seepex commission no. 350141,Commodity Code/Import Code Numbe","جلبة تثبيت من الفولاذ 60/130، رقم الرسم 404، قطعة غيار لوحدة Seepex رقم 350141، رمز السلعة/رقم رمز الاستيراد",MIN_MAX,RS-GUPCO,0,02 T03C,7918107,EACH,GKHN306013000XXXXX,PUMP MISC,PU
319870,"Bush, guide 60/130 1.7131, DWG. NO. 403 Spare part for Seepex commission no. 350141,Commodity Code/Import Code Number: 8","بوش، دليل 60/130 1.7131، رسم رقم 403، قطعة غيار لـ Seepex، رقم الطلب 350141، رمز السلعة/رقم رمز الاستيراد: 8",MIN_MAX,RS-GUPCO,0,02 T03C,7918107,EACH,FBUL706013000XXXXX,PUMP MISC,PU
323713,Nut-JAM (9/16-18 THD) for rocker arm adjusting screw for unit injector P/N 1965070 for C32 Diesel Gen. set  S.No. JSJ02,صامولة تثبيت (9/16-18 THD) لمسمار ضبط ذراع التأرجح لحاقن الوحدة رقم القطعة 1965070 لمجموعة مولدات الديزل C32 رقم التسلسل JSJ02,MIN_MAX,RS-GUPCO,0,04L02E,0,EACH,1965070,CATERPILLAR,MM
323760,"Pin - Piston P/N 5245565 for C32 Diesel Gen. set  S.No. JSJ02015 , Engine serial: PRH02017  (Genuine Part Don't Substitu","دبوس - مكبس رقم القطعة 5245565 لمجموعة مولدات الديزل C32، الرقم التسلسلي JSJ02015، الرقم التسلسلي للمحرك: PRH02017 (قطعة أصلية، لا تستخدم بديلًا).",MIN_MAX,RS-GUPCO,0,04L06B,0,EACH,5245565,CATERPILLAR,MM
119484,"Compression spring, UNL P/N A-0498 for Ariel Gas Compressor 5-1/2 inch bore cylinders, Frame S/N F-10743","زنبرك ضغط، رقم القطعة UNL A-0498 لأسطوانات ضاغط غاز أرييل بقطر 5.5 بوصة، رقم الهيكل F-10743",MIN_MAX,RS-GUPCO,0,,8001108,EACH,,COMPRESSOR USA,MM
319731,"O-Ring, Part no. 0663 7138 00, used for Air Compressor, Model: Atlas Copco GA45+, S/N: APIS45798401&S/N: APIS45755901","حلقة دائرية، رقم القطعة 0663 7138 00، تُستخدم لضاغط هواء، طراز: أطلس كوبكو GA45+، الرقم التسلسلي: APIS45798401 والرقم التسلسلي: APIS45755901",MIN_MAX,RS-GUPCO,0,03B31G,0,EACH,,COMPRESSOR USA,MM
319708,"Nipple, P/N: 1622 4867 00, used for Air Compressor, Model: Atlas Copco G75+","حلمة، رقم القطعة: 1622 4867 00، تُستخدم لضاغط هواء، طراز: أطلس كوبكو G75+",MIN_MAX,RS-GUPCO,0,02U45F,0,EACH,,COMPRESSOR USA,MM
316422,"Gearbox LUFKIN model N1402C, gear ratio 2.561:1 meets requirements of API 613 1st. edition included main lube oil pump,","علبة تروس من طراز LUFKIN N1402C، نسبة التروس 2.561:1، تلبي متطلبات معيار API 613 الإصدار الأول، وتشمل مضخة زيت التشحيم الرئيسية.",INSURANCE_SPARE,RS-GUPCO,0,,3112102,EACH,~,BR/SL/S.PLG/FLT,PU
325949,"Element Mounting Kit, P/N : 2901201500 , used for Air Compressor, Model: Atlas Copco GA45+","طقم تركيب عنصر التسخين، رقم القطعة: 2901201500، يُستخدم لضاغط الهواء، طراز: أطلس كوبكو GA45+",MIN_MAX,RS-GUPCO,0,,0,EACH,2901201500,COMPRESSOR USA,MM
325950,"Hose Air Inlet, P/N: 1625827000 , used for Air Compressor, Model: Atlas Copco GA45+","خرطوم مدخل الهواء، رقم القطعة: 1625827000، يُستخدم لضاغط الهواء، طراز: أطلس كوبكو GA45+",MIN_MAX,RS-GUPCO,0,,0,EACH,1625827000,COMPRESSOR USA,MM
325957,"Cable Pressure Transducer, P/N : 1614879100 , used for Air Compressor, Model: Atlas Copco GA45+","محول ضغط الكابل، رقم القطعة: 1614879100، يُستخدم مع ضاغط الهواء، طراز: أطلس كوبكو GA45+",MIN_MAX,RS-GUPCO,0,,0,EACH,1614879100,COMPRESSOR USA,MM
325306,OIL ENGINE MOBIL DELVAC MX 15 W 40,زيت محرك موبيل ديلفاك إم إكس 15 دبليو 40,MIN_MAX,RS-GUPCO,17,YARD,0,DRUM,~,LUBR & GREASE,MM
326956,"DISN 800 Unit Ignition Module, Part No. 791816-100C , Mfg.: Altronic, used for Waukesha Gas Engines 12 & 16 Cylinders","وحدة الإشعال DISN 800، رقم القطعة 791816-100C، من إنتاج شركة Altronic، تُستخدم لمحركات Waukesha الغازية ذات 12 و 16 أسطوانة.",MIN_MAX,RS-GUPCO,0,,0,EACH,791816-100C,ENGINE USA,MM
326957,"DISN 800 Unit Ignition Module, Part No. 791808-100C , Mfg.: Altronic, used for Waukesha Gas Engines 6 Cylinders","وحدة الإشعال DISN 800، رقم القطعة 791808-100C، من إنتاج شركة Altronic، تُستخدم لمحركات Waukesha الغازية ذات 6 أسطوانات.",MIN_MAX,RS-GUPCO,0,,0,EACH,791808-100C,ENGINE USA,MM
326958,"Main Harness for DISN 800 Unit used with EZ-Rail Ignition System, Part no. 793015-16 , Mfg.: Altronic, used for Waukesha","مجموعة الأسلاك الرئيسية لوحدة DISN 800 المستخدمة مع نظام الإشعال EZ-Rail، رقم القطعة 793015-16، من إنتاج شركة Altronic، وتستخدم في سيارات Waukesha",MIN_MAX,RS-GUPCO,0,,0,EACH,793015-16,ENGINE USA,MM
326916,"SHIELDED HARNESS ( 808 Unit - 6 Output ) - Altronic DISN 800 "" C"" Series Unit To Junction Box , P/N : 793 014-6","مجموعة أسلاك محمية (وحدة 808 - 6 مخارج) - وحدة Altronic DISN 800 من سلسلة ""C"" إلى صندوق التوصيل، رقم القطعة: 793 014-6",MIN_MAX,RS-GUPCO,0,,0,EACH,793 014-6,ENGINE USA,MM
326917,"SHIELDED HARNESS ( 812/816  Unit - 12 Output ) - Altronic DISN 800 "" C"" Series Unit To Junction Box ,P/N : 793 015-12","حزمة أسلاك محمية (الوحدة 812/816 - 12 مخرجًا) - وحدة Altronic DISN 800 من سلسلة ""C"" إلى صندوق التوصيل، رقم القطعة: 793 015-12",MIN_MAX,RS-GUPCO,0,,0,EACH,793 015-12,ENGINE USA,MM
308862,AIR FILTER ElEMENT Part NO.23429798,فلتر هواء - رقم القطعة 23429798,MIN_MAX,RS-GUPCO,0,05F02H,8009155,EACH,23429798,COMPRESSOR USA,MM
315482,"HOLD TILL 1/12/2026 , Inboar Split Seal Used for IR horizontal pump 10x14 SD axially split type BB1.","يُحفظ حتى 1/12/2026، مانع تسرب داخلي منقسم يستخدم لمضخة IR أفقية 10x14 SD من النوع المنقسم محوريًا BB1.",MIN_MAX,RS-GUPCO,0,,7909106,EACH,,BR/SL/S.PLG/FLT,PU
320087,"Divider block for , P/N : A-6160-C , for Ariel gas compressor model: JGE/4","كتلة فاصلة، رقم القطعة: A-6160-C، لضاغط غاز أرييل طراز: JGE/4",INSURANCE_SPARE,RS-GUPCO,0,,0,EACH,A-6160-C,COMPRESSOR USA,MM
321254,SEAL KIT 168 PN SEAL KIT 168 P (Used for PNH41-40E1FNZ PRIMEROYAL MILTON-ROY PUMPS),طقم مانع التسرب 168 PN طقم مانع التسرب 168 P (يستخدم لمضخات PNH41-40E1FNZ PRIMEROYAL MILTON-ROY),INSURANCE_SPARE,RS-GUPCO,0,03A12C,7311556,KIT,3051186031F,PUMP CENTRIFUG,PU
321251,FLAT DIAPHRAGM 168 DMR (Used for PNH41-40E1FNZ PRIMEROYAL MILTON-ROY PUMPS),غشاء مسطح 168 DMR (يستخدم لمضخات PNH41-40E1FNZ PRIMEROYAL MILTON-ROY),INSURANCE_SPARE,RS-GUPCO,0,02R02,7311556,EACH,09804000051N,PUMP CENTRIFUG,PU
321252,CHECK VALVE ASM SUC+DIS D25 LD (Used for PNH41-40E1FNZ PRIMEROYAL MILTON-ROY PUMPS),صمام فحص ASM SUC+DIS D25 LD (يستخدم لمضخات PNH41-40E1FNZ PRIMEROYAL MILTON-ROY),INSURANCE_SPARE,RS-GUPCO,0,02R02,7311556,KIT,3050591322F,PUMP CENTRIFUG,PU
321253,CROSSHEAD SEALS KIT ET SUPPORT (Used for PNH41-40E1FNZ PRIMEROYAL MILTON-ROY PUMPS),طقم مانعات التسرب لرأس المضخة ودعامة (يستخدم لمضخات PNH41-40E1FNZ PRIMEROYAL MILTON-ROY),INSURANCE_SPARE,RS-GUPCO,0,02R02,7311556,KIT,3051360010F,PUMP CENTRIFUG,PU
318766,Universal joint sleeve 60/130 PN MANF006013000XXXXX NBR -EUR1 certificate / supplier#s declaration: origin EU Spare part,جلبة وصلة عالمية 60/130 PN MANF006013000XXXXX NBR -EUR1 شهادة / إقرار المورد: منشأ الاتحاد الأوروبي قطعة غيار,MIN_MAX,RS-GUPCO,0,03 B18 F,7918107,EACH,MANF006013000XXXXX,PUMP MISC,PU
316389,"HS SEAL, 3.500 BORE SPLIT. PN BM108877, used for Gear Unit Model No: N1402C , MANUFACTURER LUFKIN GEAR","مانع تسرب عالي الضغط، بقطر داخلي 3.500، رقم القطعة BM108877، يُستخدم لوحدة التروس رقم الموديل: N1402C، من إنتاج شركة لوفكين جير.",INSURANCE_SPARE,RS-GUPCO,0,,3112102,EACH,~,BR/SL/S.PLG/FLT,PU
316390,"SEAL LSP-N14C SPLIT AIR PURGE. PN CM163540, used for Gear Unit Model No: N1402C , MANUFACTURER LUFKIN GEAR","مانع تسرب هواء منقسم LSP-N14C. رقم القطعة CM163540، يُستخدم لوحدة التروس رقم الموديل: N1402C، من إنتاج شركة لوفكين جير.",INSURANCE_SPARE,RS-GUPCO,0,,3112102,EACH,~,BR/SL/S.PLG/FLT,PU
316856,"Gasket Valve Cover, P/N: 153994C, used for Waukesha F-3524 G","غطاء صمام مزود بحشية، رقم القطعة: 153994C، يُستخدم مع جهاز Waukesha F-3524 G",MIN_MAX,RS-GUPCO,0,03H25C,0,EACH,153994C,ENGINE USA,MM
316858,"O-Ring P/N: 292843, used for Waukesha F-3524 G","حلقة دائرية برقم القطعة: 292843، تُستخدم مع جهاز Waukesha F-3524 G",MIN_MAX,RS-GUPCO,0,03H25C,0,EACH,292843,ENGINE USA,MM
316865,"Starter Pinion kit. P/N: 214342, used for Waukesha F-3524 G","طقم تروس بدء التشغيل. رقم القطعة: 214342، يُستخدم مع Waukesha F-3524 G",INSURANCE_SPARE,RS-GUPCO,0,02Q50,0,EACH,214342,ENGINE USA,MM
317011,"Tap tapered for pipe, ground thread HSS, regular thread NPT, list No. 2119 size (3/4 "" - 14) part no. 36127, Morse Cutti","صنبور مخروطي للأنابيب، خيط أرضي من الفولاذ عالي السرعة، خيط عادي NPT، رقم القائمة 2119، المقاس (3/4 بوصة - 14)، رقم القطعة 36127، مورس كاتي",MIN_MAX,RS-GUPCO,0,,0,EACH,~,TOOLS,PU
319886,Flange Oil Drain ASM P/N E157330D for Waukesha Gas Engine 7042 GSI,مجموعة تصريف زيت الشفة ASM P/N E157330D لمحرك غاز Waukesha 7042 GSI,MIN_MAX,RS-GUPCO,0,02Q31,0,EACH,G-962-555,ENGINE USA,MM
102807,"BRONZE Tube 3/4"" ID x 1-1/2"" OD x 1 ft. LG, BISMUTH TIN BRONZE FEDERALLOY b C89835, confirm to ASTM B-584.","أنبوب برونزي 3/4 بوصة قطر داخلي × 1-1/2 بوصة قطر خارجي × 1 قدم طول، برونز القصدير البزموت FEDERALLOY b C89835، مطابق لمعيار ASTM B-584.",MIN_MAX,RS-GUPCO,0,,0,EACH,ASTM B-584,METALS& PLASTIC,PU
102808,"BRONZE TUBE ¾ ID X 1.5/8 OD X 1 FT. LG, BISMUTH TIN BRONZE FEDERALLY III C89835, CONFIRM TO ASTM B-584","أنبوب برونزي، القطر الداخلي ¾ بوصة × القطر الخارجي 1.5/8 بوصة × الطول 1 قدم، برونز قصدير البزموت، معتمد من الاتحاد الأوروبي C89835، مطابق للمواصفات ASTM B-584",PLANNED_WO,RS-GUPCO,4,,0,EACH,MCB-1226,METALS& PLASTIC,PU
106359,"PUMP, FRESH WATER, C/W 3 PH 60 HZ 230/460 V. MOTOR P/N. 78634-08 MNFG. RIEY BEAIRD USA ,","مضخة مياه عذبة، تعمل بثلاثة أطوار، 60 هرتز، 230/460 فولت. رقم قطعة المحرك: 78634-08، من إنتاج شركة ريي بيرد الأمريكية.",PLANNED_WO,RS-GUPCO,0,,318202,EACH,78634-08,CAMP,PU
102995,"Four Leg  wire Rope Sling SWL 6.9 ton @ 0-45  Degrees,  2.4m Length x 16mm diameter, IWRC, 1960 Grade, Galvanized, termi","حبل رفع سلكي رباعي الأرجل، حمولة آمنة 6.9 طن عند زاوية 0-45 درجة، طول 2.4 متر × قطر 16 مم، معتمد من IWRC، درجة 1960، مجلفن، طرفي",MIN_MAX,RS-GUPCO,0,,0,EACH,~,CORDG & CHAIN,MM
107233,"PACKING, RUBBER SHEETING PLAIN 1/4"" THICK. 1 MTR.  WIDE,6 MTRS.LENGTH DOUBLE LOCKED                   REF.MRRS-5098/98 N","تغليف، صفائح مطاطية عادية بسماكة 1/4 بوصة، عرض 1 متر، طول 6 أمتار، قفل مزدوج، رقم المرجع MRRS-5098/98 N",PLANNED_WO,RS-GUPCO,0,,0,REEL,,PACK & INSULAT,PU
107259,"SHIM STOCK, 0.004"" THICK 6"" WIDTH (100 IN/ROLL)  S OLID BRASS.","مادة حشو، سمك 0.004 بوصة، عرض 6 بوصات (100 بوصة/لفة) نحاس صلب.",PLANNED_WO,RS-GUPCO,0,,0,REEL,~,PACK & INSULAT,PU
107260,"SHIM STOCK, 0.006"" THICK 6"" WIDTH (100 IN/ROLL)  S OLID BRASS.   ""PRECISION BRAND""  P/N  :   17S-6","حشوة معدنية، سمك 0.006 بوصة، عرض 6 بوصات (100 بوصة/لفة)، نحاس صلب. ماركة ""بريسيجن""، رقم القطعة: 17S-6",PLANNED_WO,RS-GUPCO,0,,0,REEL,17S-6,PACK & INSULAT,PU
107262,"SHIM STOCK, 0.008"" THICK 6"" WIDTH (100 IN/ROLL)  S OLID BRASS.","مادة حشو، سمك 0.008 بوصة، عرض 6 بوصات (100 بوصة/لفة) نحاس صلب.",PLANNED_WO,RS-GUPCO,0,,0,REEL,1758,PACK & INSULAT,PU
107263,"SHIM STOCK, 0.009"" THICK 6"" WIDTH (100 IN/ROLL )   SOLID BRASS.","مادة حشو، سمك 0.009 بوصة، عرض 6 بوصات (100 بوصة/لفة) نحاس صلب.",MIN_MAX,RS-GUPCO,0,02C12F,0,REEL,~,PACK & INSULAT,PU
107265,"PACKING RING 3/8""Diameter SQ   CRANE PACKING STYLE 1340   ISSUE UNIT IS REEL (30 FT)","حلقة تعبئة بقطر 3/8 بوصة، نمط تعبئة رافعة مربعة 1340، وحدة الإصدار عبارة عن بكرة (30 قدمًا).",MIN_MAX,RS-GUPCO,0,,0,REEL,~,PACK & INSULAT,PU
107268,PACKING 1/4' SQUARE # TEFLONE,عبوة مربعة 1/4 بوصة # تيفلون,INSURANCE_SPARE,RS-GUPCO,0,,0,REEL,~,PACK & INSULAT,PU
107269,"PACKING 3/8"" SQUARE # TEFLONE",عبوة مربعة 3/8 بوصة # تيفلون,MIN_MAX,RS-GUPCO,0,,0,REEL,~,PACK & INSULAT,MM
107322,"SEALANT, ALUMINUM SILICON ""G.E."" NO. 1209   STANDA RD PACKAGE 12 EA  @ STD. PKG. 12   P/N  :   SCS120 9","مادة مانعة للتسرب، ألومنيوم سيليكون ""GE"" رقم 1209، عبوة قياسية تحتوي على 12 قطعة. رقم القطعة: SCS120 9",MIN_MAX,RS-GUPCO,10,03G12F,0,EACH,SCS1209,PACK & INSULAT,MM
107017,"BOLT, 7/8"" SHANK DIA, 4-1/2"" LENGTH, BLACK, HEX HD  WITH HEX NUT, WHITWORTH THRD-GRADE B5   @STD. PKG . 15","مسمار، قطر الساق 7/8 بوصة، طول 4-1/2 بوصة، أسود اللون، رأس سداسي مع صامولة سداسية، من نوع ويتوورث THRD-GRADE B5، عبوة قياسية. 15",MIN_MAX,RS-GUPCO,0,02B54A,0,EACH,~,GEN. HARDWARE,MM
107427,TEXACO PREMIUM RB# 2 GREASE SOAP-LITHIUM  ( OR EQUIVALENT)  CHEVRON TYPE :  SRI GREASE 2 ( CAN = 16 / KG ),صابون شحم تيكساكو بريميوم RB# 2-ليثيوم (أو ما يعادله) نوع شيفرون: شحم SRI 2 (العلبة = 16 / كجم),MIN_MAX,RS-GUPCO,0,09Yard,0,CAN,~,LUBR & GREASE,MM
107205,"MARKER, LUMBER CRAYON GOLD COLOR FOR COLD SURFACE  @ STD. PKG. 72","قلم تحديد، قلم تلوين للخشب، لون ذهبي للأسطح الباردة، عبوة قياسية 72",INSURANCE_SPARE,RS-GUPCO,0,02B43B,0,BOX,,GEN. HARDWARE,MM
107440,"COMPOUND, FOR ENGINE COOLING SYSTEM ""NALCO""   NALC OOL 2000 (55 GAL/DR).  (MSDS REQUIRED)","مركب لتبريد محرك ""نالكو"" NALC OOL 2000 (55 جالون/علبة). (مطلوب صحيفة بيانات السلامة)",PLANNED_WO,RS-GUPCO,0,,0,DRUM,,LUBR & GREASE,MM
107185,"WASHER, FLAT STANDARD ID 7/8"", OD 1-1/8"",          THICK 21/128"" WROUGHT IRON                         @ STD. PKG. 50","غسالة مسطحة قياسية، القطر الداخلي 7/8 بوصة، القطر الخارجي 1-1/8 بوصة، السماكة 21/128 بوصة، حديد مشغول، عبوة قياسية 50 قطعة",INSURANCE_SPARE,RS-GUPCO,0,02B47A,0,PACKAGE,,GEN. HARDWARE,MM
103114,"EMERY, CLOTH 2"" WIDTH X 50 YRD LENGTH ALUMINUM OXI DE GRIT NO 80.  @ STD. PKG. 1","ورق صنفرة، عرض 2 بوصة × طول 50 ياردة، حبيبات أكسيد الألومنيوم رقم 80. عبوة قياسية رقم 1",MIN_MAX,RS-GUPCO,3,02C86B,0,ROLL,4687A57,GEN. COMPOUND,MM
103117,"SEALANT, GASKET FORM ""A"" ""PERMATEX"" NO 1 TYPE ""C""( 11 OZ/TUBE).","مادة مانعة للتسرب، حشية من النوع ""أ"" ""بيرماتكس"" رقم 1 النوع ""ج"" (11 أونصة/أنبوب).",MIN_MAX,RS-GUPCO,1,,0,EACH,80003,GEN. COMPOUND,MM
103118,"SEALANT, FORM A GASKET PERMATEX NO 2B (3 OZ TUBE)  STOCK NO 21474  (LOCTITE 30514).","مادة مانعة للتسرب، من النوع A، حشية PERMATEX رقم 2B (أنبوب 3 أونصة) رقم المخزون 21474 (LOCTITE 30514).",MIN_MAX,RS-GUPCO,0,02C88,0,EACH,~,GEN. COMPOUND,MM
103144,"COMPOUND, THREAD SEALING H-DUTY ,SLIC-TITE PASTE   W/TEFLON.  @ STD. PKG. 24   P/N  :   1000----P/N.4 2019","معجون مانع للتسرب عالي التحمل، مركب مانع للتسرب مع التفلون. عبوة قياسية 24 قطعة، رقم القطعة: 1000----4، 2019",INSURANCE_SPARE,RS-GUPCO,0,02C72C,0,EACH,42019,GEN. COMPOUND,MM
107521,"CLAMP, HOSE SS BAND AND SCREW MAX HOSE OD 1/4"" MNFG. DIXON ,","مشبك، خرطوم، شريط من الفولاذ المقاوم للصدأ، ومسمار، أقصى قطر خارجي للخرطوم 1/4 بوصة، من إنتاج شركة ديكسون.",MIN_MAX,RS-GUPCO,0,02/C85,0,EACH,QS/246210020,HOSES & CONNECT,MM
102809,"BAR, BRONZE CORED BOST BEARING, 13"" LONG, 7/8"" ID ,1-1/2"" OD (HANSEN AND YORKE CO)","قضيب، محمل برونزي ذو قلب، طوله 13 بوصة، قطره الداخلي 7/8 بوصة، وقطره الخارجي 1-1/2 بوصة (شركة هانسن ويورك)",MIN_MAX,RS-GUPCO,0,,0,EACH,~,METALS& PLASTIC,PU
102810,"BAR, BRONZE of copper alloy no. C937, SIZE 29/32"" O.D X 13"" LONG","قضيب من البرونز، سبيكة نحاسية رقم C937، مقاس 29/32 بوصة قطر خارجي × 13 بوصة طول",MIN_MAX,RS-GUPCO,0,,0,EACH,B937,METALS& PLASTIC,PU
102811,"BAR, BRONZE of copper alloy no. C937, 13"" LONG, 1"" ID, 2"" OD.","قضيب، برونز من سبيكة نحاسية رقم C937، طوله 13 بوصة، قطره الداخلي 1 بوصة، وقطره الخارجي 2 بوصة.",MIN_MAX,RS-GUPCO,0,02B19D,0,EACH,BC-816,METALS& PLASTIC,PU
102814,"BAR, BRONZE of copper alloy no. C937, 13"" LONG, 1"" ID, 4"" OD.","قضيب، برونز من سبيكة نحاسية رقم C937، طوله 13 بوصة، قطره الداخلي 1 بوصة، وقطره الخارجي 4 بوصات.",MIN_MAX,RS-GUPCO,0,,0,EACH,MCB-1664,METALS& PLASTIC,PU
102815,"BAR, BRONZE SOLID BOST 6-1/2 IN.LONG X 7/8 IN.OD.,","قضيب، برونز صلب، طوله 6-1/2 بوصة × قطره الخارجي 7/8 بوصة،",PLANNED_WO,RS-GUPCO,0,,0,EACH,SB-14,METALS& PLASTIC,MM
102816,"BAR, BRONZE SOLID BOST 6-1/2"" LONG X 1"" OD.","قضيب، برونز صلب، طوله 6-1/2 بوصة × قطره الخارجي 1 بوصة.",PLANNED_WO,RS-GUPCO,0,,0,EACH,SB-16,METALS& PLASTIC,PU
102818,"BAR, BRONZE BEARING SOLID 13"" LONG X 5/8"" OD MFG. A/A UK","قضيب برونزي صلب بمحمل، طوله 13 بوصة وقطره الخارجي 5/8 بوصة، صنع في المملكة المتحدة.",PLANNED_WO,RS-GUPCO,8,,0,EACH,~,METALS& PLASTIC,PU
102819,"BAR, BRONZE BEARING SOLID 13"" LONG X 3/4"" OD       (HANSEN AND YORKE CO) CAT NO MS-12","قضيب برونزي صلب للمحامل، طوله 13 بوصة وقطره الخارجي 3/4 بوصة (شركة هانسن ويورك)، رقم الصنف MS-12",PLANNED_WO,RS-GUPCO,10,02B19F,0,EACH,MS-12,METALS& PLASTIC,PU
102820,"BAR, BRONZE BEARING SOLID 13"" LONG X 7/8"" OD, Bronze alloy 182 chromium copper, chemical composition","قضيب برونزي صلب بطول 13 بوصة وقطر خارجي 7/8 بوصة، مصنوع من سبيكة برونزية من الكروم والنحاس 182، التركيب الكيميائي",PLANNED_WO,RS-GUPCO,0,,0,EACH,MS-14,METALS& PLASTIC,MM
102822,Gray Cast iron bar 7 ID X 11 OD X 13 Length.,"قضيب من الحديد الزهر الرمادي، القطر الداخلي 7 × القطر الخارجي 11 × الطول 13.",INSURANCE_SPARE,RS-GUPCO,0,,0,EACH,~,METALS& PLASTIC,PU
103094,"OIL, PENETRATING LIQUID WRENCH NO 1 ""RADIATOR SPECIALTY"" (16 FL.OZ/SPRAY CAN).@ STD.PKG.12 P/N. L1-12   MUST ORDER IN UN","زيت، سائل اختراق، مفتاح ربط رقم 1 ""مخصص للمبردات"" (16 أونصة سائلة/علبة بخاخ). @ عبوة قياسية من 12 قطعة، رقم القطعة L1-12. يجب طلبه في الولايات المتحدة.",PLANNED_WO,RS-GUPCO,0,,0,CAN,L1-12,GEN. COMPOUND,MM
107902,"BUSHING, 3/4"" X 1/2"" NPT HEX HEAD STD. CARBON STEE L GALV. ,A-105","جلبة، 3/4 بوصة × 1/2 بوصة NPT رأس سداسي قياسي، فولاذ كربوني مجلفن، A-105",MIN_MAX,RS-GUPCO,0,02D85A,0,EACH,~,FITTING/FLANGE,MM
107154,"NUT, HEX 7/8"" 9 TPI HEAVY STEEL BLACK NC THD @ STD . PKG. 25","صامولة سداسية 7/8 بوصة، 9 أسنان لكل بوصة، فولاذ ثقيل أسود، ملولبة بالنحاس، قياسية. عبوة من 25 قطعة.",INSURANCE_SPARE,RS-GUPCO,0,02B55E,0,EACH,1CA2J3505,GEN. HARDWARE,MM
102849,"BAR, 10-1/2"" DIA. X 13"" LONG GREY IRON CAST ROUND  CLASS 30------DIA.11""","قضيب، قطر 10.5 بوصة × طول 13 بوصة، حديد رمادي مصبوب دائري، فئة 30------ قطر 11 بوصة",INSURANCE_SPARE,RS-GUPCO,0,07YARD,0,EACH,8909K73,METALS& PLASTIC,PU
107514,"CLAMP, HOSE SS BAND AND SCREW MAX HOSE OD 3-7/8""","مشبك، خرطوم، شريط من الفولاذ المقاوم للصدأ، ومسمار، أقصى قطر خارجي للخرطوم 3-7/8 بوصة",MIN_MAX,RS-GUPCO,0,02C85C,0,EACH,~,HOSES & CONNECT,MM
103134,"INDICATOR, CRACK DYE PENETRANT PRUSSIAN BLUE PRECISION 50162 ""CROWN"" NO 6090 (5 AV OZ/SPRAY CAN MIN.ORDER 12 CN @ STD. P","مؤشر، صبغة اختراق الشقوق، أزرق بروسي، دقة 50162 ""كراون"" رقم 6090 (5 أونصة/علبة بخاخ، الحد الأدنى للطلب 12 علبة بسعر قياسي).",INSURANCE_SPARE,RS-GUPCO,0,02C70C (1),0,CAN,,GEN. COMPOUND,MM
103135,AIROSOL CANS (FLAMABLE) CRC 125 03060  11 OZ,علب الأيروسول (قابلة للاشتعال) CRC 125 03060 11 أونصة,INSURANCE_SPARE,RS-GUPCO,0,,0,EACH,~,GEN. COMPOUND,MM
107491,"HOSE, METAL, 1-1/2"" ID X 18"" LONG 360 PSI MAX WP A T 70 DEG F LEAKPROOF CARBON STEEL W/SOLID NPT MALE  FITTINGS","خرطوم معدني، قطر داخلي 1.5 بوصة × طول 18 بوصة، أقصى ضغط تشغيل 360 رطل لكل بوصة مربعة عند درجة حرارة 70 درجة فهرنهايت، فولاذ كربوني مانع للتسرب مع وصلات ذكر NPT صلبة",MIN_MAX,RS-GUPCO,0,02C89G,0,EACH,~,HOSES & CONNECT,MM
107492,"HOSE, METAL, 2"" ID X 18"" LONG 315 PSI MAX WP AT 70  DEG F LEAKPROOF CARBON STEEL W/SOLID NPT MALE FIT TINGS","خرطوم معدني، قطر داخلي 2 بوصة × طول 18 بوصة، أقصى ضغط تشغيل 315 رطل لكل بوصة مربعة عند 70 درجة فهرنهايت، فولاذ كربوني مانع للتسرب مع وصلة ذكر NPT صلبة.",MIN_MAX,RS-GUPCO,0,02C87A,0,EACH,QS/241971320,HOSES & CONNECT,MM
107493,"HOSE, METAL, 1-1/2"" ID X 18"" LONG 360 PSI WP AT 70  DEG F LEAKPROOF CARBON STEEL W/SOLID MALE NPT FIT TING ONE END AND N","خرطوم معدني، قطر داخلي 1.5 بوصة × طول 18 بوصة، ضغط تشغيل 360 رطل لكل بوصة مربعة عند درجة حرارة 70 فهرنهايت، فولاذ كربوني مانع للتسرب مع وصلة ذكر صلبة NPT في أحد طرفيه و N",MIN_MAX,RS-GUPCO,0,,0,EACH,~,HOSES & CONNECT,MM
107494,"HOSE, METAL, 2"" ID X 18"" LONG 315 PSI MAX WP AT 70  DEG F LEAKPROOF CARBON STEEL W/SOLID MALE NPT FIT TING ONE END AND N","خرطوم معدني، قطر داخلي 2 بوصة × طول 18 بوصة، أقصى ضغط تشغيل 315 رطل لكل بوصة مربعة عند 70 درجة فهرنهايت، فولاذ كربوني مانع للتسرب مع وصلة ذكر صلبة NPT من أحد طرفيه و N",MIN_MAX,RS-GUPCO,0,,0,EACH,QS/241971340,HOSES & CONNECT,MM
108690,"TACHOMETER, DIGITAL MOD. SPD-100","مقياس سرعة الدوران، رقمي، طراز SPD-100",MIN_MAX,RS-GUPCO,0,02F14C,0,EACH,SPD-100,METERS & GAUGE,MM
108692,"PICK-UP, MAGNETIC 5/8- 18 UNF - 2A THREAD TYPE 135 Manufacture  DYNALCO","لاقط مغناطيسي، 5/8-18 UNF - 2A نوع الخيط 135، من إنتاج شركة دينالكو",MIN_MAX,RS-GUPCO,0,02F14D,0,EACH,M135,METERS & GAUGE,MM
108670,DIGITAL PYROMETER DYNALOCO TEMP.                   RANG 50 TO + 1800F THERMOCUPLE K,"مقياس حرارة رقمي دينالوكو، نطاق درجة الحرارة من 50 إلى +1800 فهرنهايت، مزدوج حراري K",PLANNED_WO,RS-GUPCO,0,,0,EACH,TMP-100-DC-13,METERS & GAUGE,MM
107504,"HOSE, WATER 3/4"" ID WRAPPED LOW PRESSURE NEOPRENE  COVER, PLAIN END 2 PLY OF STRONG FABRIC","خرطوم ماء بقطر داخلي 3/4 بوصة، مغلف بغطاء من النيوبرين منخفض الضغط، طرف عادي، طبقتان من قماش متين.",MIN_MAX,RS-GUPCO,0,,0,FEET,QS/242315016,HOSES & CONNECT,MM
107508,"COUPLING, HOSE, INTERLOCKING, GROUND JOINT MALE C/ W 4 BOLT CLAMP CADMIUM PLATED NPT THD FOR 2"" ID HO SE","وصلة خرطوم، متشابكة، وصلة تأريض ذكر مع مشبك تثبيت رباعي البراغي مطلي بالكادميوم، سن لولبي NPT لخرطوم بقطر داخلي 2 بوصة",PLANNED_WO,RS-GUPCO,0,02C90C (1),0,EACH,,HOSES & CONNECT,MM
103109,"EMERY, CLOTH 1-1/2"" X 50 YRD ALUMINUM OXIDE GRIT NO.100. NORTON 09990","إيمري، قطعة قماش مقاس 1-1/2 بوصة × 50 ياردة، حبيبات أكسيد الألومنيوم رقم 100. نورتون 09990",MIN_MAX,RS-GUPCO,4,,0,REEL,~,GEN. COMPOUND,MM
102805,"BAR, MILD STEEL COLD ROLLED 1-1/4 IN.OD.           STOCK NO.(CF-C1018)(1045)","قضيب من الفولاذ الطري المدلفن على البارد، قطره الخارجي 1-1/4 بوصة، رقم المخزون (CF-C1018)(1045)",MIN_MAX,RS-GUPCO,0,07YARD,0,EACH,~,METALS& PLASTIC,PU
109632,"KIT, REPAIR for Mech. seal 1-3/4""(J.C) TYPE 8BIT-0 MATS.CODE XO581O151 (Mating faces are silcon carbide Vs Tungisten car","طقم إصلاح مانع تسرب ميكانيكي 1-3/4 بوصة (JC) من النوع 8BIT-0، رمز المادة XO581O151 (أسطح التلامس مصنوعة من كربيد السيليكون مقابل كربيد التنجستن)",INSURANCE_SPARE,RS-GUPCO,0,,3010111,EACH,89696441,BELT/TRANSMIT,PU
109633,REPAIR KIT FOR MECH.SEAL J.C SIZE 1-3/4 TYPE 8B1-0 MAT CODEXDIO81 DWG NO CF-SP-40273 (The stationary face is silicon car,طقم إصلاح لمانع التسرب الميكانيكي JC مقاس 1-3/4 نوع 8B1-0 رمز المادة XDIO81 رقم الرسم CF-SP-40273 (السطح الثابت مصنوع من السيليكون),INSURANCE_SPARE,RS-GUPCO,0,02G32D,7907176,EACH,~,BELT/TRANSMIT,PU
109664,": R. Kit for MECHANICAL SEAL, 2 IN. TYPE BB1, MAT. CODE X O15 1 O58 1, (The stationary face is silicon carbide and the r","طقم إصلاح مانع تسرب ميكانيكي، 2 بوصة، نوع BB1، رمز المادة X O15 1 O58 1، (السطح الثابت مصنوع من كربيد السيليكون و r",INSURANCE_SPARE,RS-GUPCO,0,,3003118,EACH,~,BELT/TRANSMIT,PU
109665,"CARTRIDGE J.C. TYPE 8B1-0 SIZE 2 INCH MAT. CODE X D1O81, (The stationary face is silicon carbide and the rotating face i","خرطوشة من نوع JC 8B1-0، مقاس 2 بوصة، رمز المادة X D1O81، (السطح الثابت مصنوع من كربيد السيليكون والسطح الدوار i",PLANNED_WO,RS-GUPCO,0,,7907173,EACH,87041302,BELT/TRANSMIT,PU
109667,"HOLD TILL 1/12/2026 , MECH. SEAL COMPLETE WITH GLAND AND SLEEVE ""J.C"" TYPE 8B1 SIZE 2.125"", SEAL ASSEMBLY NO. A8-2125-06","يُحفظ حتى 1/12/2026، مانع تسرب ميكانيكي كامل مع حشوة وغلاف من النوع ""JC"" 8B1، مقاس 2.125 بوصة، رقم مجموعة مانع التسرب A8-2125-06",MIN_MAX,RS-GUPCO,0,,7909130,EACH,82294778,BELT/TRANSMIT,PU
109668,"MECHANICAL SEAL,  2-1/8"" SEAL TYPE 8BIT, MAT.CODE XD1O81 WITH DWG NO. CF-SP-70116 , USED FOR UNION PUMP SIZE 6X6X13VLK","مانع تسرب ميكانيكي، 2-1/8 بوصة، نوع مانع التسرب 8 بت، رمز المادة XD1O81 مع رقم الرسم CF-SP-70116، يُستخدم لمضخة وصلة مقاس 6×6×13VLK",SURPLUS,RS-GUPCO,0,02/G38G,3010119,EACH,81436156,BELT/TRANSMIT,PU
109670,"MECH.SEAL, J.C.TYPE 8B1 MAT.CODE XD1O81 DRW.NO.H.SP-2087  CONSIST.OF: O-RING P/N.0000-2131-9548 WASHER P/N. A8-2125-025","مانع تسرب ميكانيكي، من النوع JCTYPE 8B1، رمز المادة XD1O81، رقم الرسم H.SP-2087، يتكون من: حلقة دائرية رقم القطعة 0000-2131-9548، غسالة رقم القطعة A8-2125-025",INSURANCE_SPARE,RS-GUPCO,0,02/G38G,3003124,EACH,~,BELT/TRANSMIT,PU
109878,"V - BELT, 3VX900/04  3VX Section Edge Cogged V-belts/4 bands, OC:90.000 IN. IC: 0.375 IN T:0.313 IN ""GATES OR UNIROYAL""","حزام على شكل حرف V، 3VX900/04، حزام مسنن على شكل حرف V ذو حافة مقطعية 3VX/4 أشرطة، OC:90.000 بوصة، IC: 0.375 بوصة، T:0.313 بوصة ""GATES OR UNIROYAL""",INSURANCE_SPARE,RS-GUPCO,0,03/C24B,7321128,SET,3VX900,BELT/TRANSMIT,PU
110105,"CUP BEARING, TAPERED, OD:5.1181"", W:0.9449"" CH:0.1 0"", ""TIMKEN"" P/N  :   JM716610","محمل كوبي مخروطي، القطر الخارجي: 5.1181 بوصة، العرض: 0.9449 بوصة، الارتفاع: 0.1 بوصة، رقم القطعة من ""تيمكين"": JM716610",INSURANCE_SPARE,RS-GUPCO,0,02F34G (1),0,EACH,JM716610,BR/SL/S.PLG/FLT,MM
110108,"REPAIR KIT, FOR COUPLING FLEXIBOX METASTREAM MODEL 100 T,WITH 9"" STANDARD SPACER INSTALLED ON BENGHAM PUMP TYPE MSD-D S/","طقم إصلاح، لوصلة صندوق مرن من طراز ميتاستريم 100 T، مع فاصل قياسي 9 بوصات مثبت على مضخة بنجام من نوع MSD-D S/",INSURANCE_SPARE,RS-GUPCO,0,,7902106,KIT,1910065,BR/SL/S.PLG/FLT,PU
110110,"COUPLING, COMPLETE ""KOPPERS"" NO. 4 HOLSET CB       MOUNTING B TO DUPLICATE SER NO. FA-585220","وصلة كاملة من نوع ""كوبرز"" رقم 4، حامل هولسيت CB B، لتكرار الرقم التسلسلي FA-585220",PLANNED_WO,RS-GUPCO,0,,7902232,EACH,,BR/SL/S.PLG/FLT,PU
110111,"COUPLING, COMPLETE BETWEEN GEAR BOX & PUMP (THOMA S# 562 WITH TAPERED BORE HUBS)",وصلة كاملة بين علبة التروس والمضخة (THOMA S# 562 مع محاور ذات تجويف مخروطي),PLANNED_WO,RS-GUPCO,1,,7902107,EACH,,BR/SL/S.PLG/FLT,PU
110112,"REPAIR KIT, CONSISTS OF:- WSAHERS , BOLTS AND LOCKNUT FOR COUPLING ""THOMAS"" SERIES 71 SIZE 562","طقم إصلاح، يتكون من: حلقات، براغي وصواميل قفل لوصلة ""توماس"" من السلسلة 71، مقاس 562",INSURANCE_SPARE,RS-GUPCO,0,,7902107,KIT,618484,BR/SL/S.PLG/FLT,PU
109871,"V-BELT, WAUK P/NO A209617 FOR MAIN WATER PUMP","سير على شكل حرف V، من إنتاج شركة WAUK، رقم القطعة A209617، لمضخة المياه الرئيسية",MIN_MAX,RS-GUPCO,0,03D13D,6923116,SET,A209617,BELT/TRANSMIT,MM
110103,"COUPLING COMPLETE, ""THOMAS"" SERIES 52, SIZE 500, BETWEEN PUMP AND GEAR BOX, DISTANCE","وصلة كاملة، سلسلة ""توماس"" 52، مقاس 500، بين المضخة وعلبة التروس، المسافة",MIN_MAX,RS-GUPCO,0,,3118209,EACH,~,BR/SL/S.PLG/FLT,PU
110104,"KIT, REPAIR, FOR ITEM 313 ABOVE, CONSISTS OF: DISC PACK P/N. 620735 2 ST WASHER P/N. 711460 32 EA BOLT P/N. 516095 16 EA","طقم إصلاح للعنصر رقم 313 أعلاه، يتكون من: مجموعة أقراص رقم 620735، وغسالة رقم 711460 (32 قطعة)، ومسمار رقم 516095 (16 قطعة).",INSURANCE_SPARE,RS-GUPCO,0,02G72,3118209,KIT,~,BR/SL/S.PLG/FLT,PU
110115,"COUPLING, COMPLETE BETWEEN PUMP AND GEARBOX BALANCED. REXNORD SERIES 71 SIZE 462","وصلة متوازنة بالكامل بين المضخة وعلبة التروس. سلسلة ريكسنورد 71، مقاس 462",INSURANCE_SPARE,RS-GUPCO,0,,7902112,EACH,~,BR/SL/S.PLG/FLT,PU
110116,"KIT, REPAIR FOR COUPLING SERIES 71 MODEL 462       CONSIST OF:- 2 PCS #29292 DISC PACK                             1 PC","طقم إصلاح وصلة السلسلة 71، الموديل 462، يتكون من: قطعتين من قرص رقم 29292، قطعة واحدة",INSURANCE_SPARE,RS-GUPCO,0,,7902112,KIT,~,BR/SL/S.PLG/FLT,PU
110117,"KIT,REPAIR FOR COUPLING # 700 CMP                  CONSIST OF : 2   PCS # 20803-S DISK PACK                        16  P","طقم إصلاح وصلة رقم 700 CMP يتكون من: قطعتين رقم 20803-S، عبوة أقراص 16 قطعة",INSURANCE_SPARE,RS-GUPCO,0,02F36E (1),7902112,KIT,,BR/SL/S.PLG/FLT,PU
110192,"COOLER, OIL ITEM NO. 58.","مبرد زيت، رقم الصنف 58.",INSURANCE_SPARE,RS-GUPCO,0,02/F44D (1),3110102,EACH,,BR/SL/S.PLG/FLT,PU
109681,"CARTRIDGE FOR MECH.SEAL J.C. TANDEM TYPE 8B1T/81T  SIZE 1-1/8"" MAT.COD N P1 D1, DWG NO. CF-SP-45358","خرطوشة لمانع التسرب الميكانيكي JC من النوع المزدوج 8B1T/81T، مقاس 1-1/8 بوصة، رمز المادة N P1 D1، رقم الرسم CF-SP-45358",INSURANCE_SPARE,RS-GUPCO,0,,3010114,EACH,~,BELT/TRANSMIT,PU
109682,"INB.MECH.SEAL J.C. TYPE 8B1                        SIZE 1-3/8"" MAT.CODE N P1 D1                       & OUTB.MECH.SEAL J","مانع تسرب ميكانيكي داخلي من النوع JC 8B1، مقاس 1-3/8 بوصة، رمز المادة N P1 D1 ومانع تسرب ميكانيكي خارجي J",INSURANCE_SPARE,RS-GUPCO,0,,3010114,KIT,,BELT/TRANSMIT,PU
109683,"MECHANICAL SEAL, 1-1/4 IN. ""J.C"" TYPE 1,MAT. CODE  XF-1D1,DWG. NO. CF-SP-40270","مانع تسرب ميكانيكي، 1-1/4 بوصة، النوع ""JC"" 1، رمز المادة XF-1D1، رقم الرسم CF-SP-40270",INSURANCE_SPARE,RS-GUPCO,0,02G4F,3003122,EACH,~,BELT/TRANSMIT,PU
109684,"MECHANICAL SEAL, (J.C) 1-3/8 TYPE 8B1T-0 MATS.CODE XDIO8I (The stationary face is silicon carbide and the rotating face","مانع تسرب ميكانيكي، (JC) 1-3/8 النوع 8B1T-0 رمز المادة XDIO8I (السطح الثابت مصنوع من كربيد السيليكون والسطح الدوار",MIN_MAX,RS-GUPCO,0,02G40F,3010109,EACH,89172727,BELT/TRANSMIT,PU
109685,"KIT, REPAIR FOR MECHANICAL SEAL TYPE 8B1T-0 MATS.CODE XDIO8I DWG.NO. SF-CF-46576 (The stationary face is silicon carbide","طقم إصلاح مانع تسرب ميكانيكي من النوع 8B1T-0، رمز المادة XDIO8I، رقم الرسم SF-CF-46576 (السطح الثابت مصنوع من كربيد السيليكون)",SURPLUS,RS-GUPCO,0,,3010109,EACH,B30104,BELT/TRANSMIT,PU
109686,"MECHANICAL SEAL, 1-1/2"" 'J.C' TYPE 8B1, MAT CODE   BP-1D1, DWG. NO. CF-SP-35671-27","مانع تسرب ميكانيكي، 1-1/2 بوصة، نوع JC 8B1، رمز المادة BP-1D1، رقم الرسم CF-SP-35671-27",PLANNED_WO,RS-GUPCO,0,,3003120,EACH,81474114,BELT/TRANSMIT,PU
109688,"MECHANICAL SEAL, 1-1/2"", ""J.C"" TYPE 8B1, MAT CODE XP-1D1, DWG.NO. CF-SP-35671","مانع تسرب ميكانيكي، 1-1/2 بوصة، ""JC"" النوع 8B1، رمز المادة XP-1D1، رقم الرسم CF-SP-35671",MIN_MAX,RS-GUPCO,0,02/G42A,3003108,EACH,B009-27,BELT/TRANSMIT,PU
109690,"MECHANICAL SEAL, 1-1/2"" 'JC' TYPE 8B-1, MAT. CODE XD1O81, (The stationary face is silicon carbide and the rotating face","مانع تسرب ميكانيكي، 1-1/2 بوصة، نوع JC 8B-1، رمز المادة XD1O81، (السطح الثابت مصنوع من كربيد السيليكون والسطح الدوار",INSURANCE_SPARE,RS-GUPCO,0,,3003114,EACH,~,BELT/TRANSMIT,PU
109691,"GLAND& SLEEVE  , 316 SS ,  used for  MECHANICAL, SEAL TYPE 8B1 SIZE 1 1/2"" "" BORE FOR 1 INCH SHAFT, DWG NO. CF-SP-40273","حلقة مانعة للتسرب وغلاف، مصنوعة من الفولاذ المقاوم للصدأ 316، تُستخدم في التطبيقات الميكانيكية، نوع مانع التسرب 8B1، مقاس 1 1/2 بوصة، فتحة لعمود قطره 1 بوصة، رقم الرسم CF-SP-40273",INSURANCE_SPARE,RS-GUPCO,0,,3010116,EACH,~,BELT/TRANSMIT,PU
109692,"MECH, SEAL ""J.C"" TYPE 881 SIZE 1 1/2 IN. MAT.CODE XD1O81, (The stationary face is silicon carbide and the rotating face","MECH، ختم ""JC"" من النوع 881، مقاس 1 1/2 بوصة، رمز المادة XD1O81، (السطح الثابت مصنوع من كربيد السيليكون والسطح الدوار",MIN_MAX,RS-GUPCO,0,,7907171,EACH,87042030,BELT/TRANSMIT,PU
109701,"KIT, REPAIR SIZE 2-3/4 TYPE 8B-10 CODE   X D-1O81 DRAWING H-SP-4986-1 (The stationary face is silicon carbide and the ro","طقم إصلاح، مقاس 2-3/4، نوع 8B-10، رمز X D-1O81، رسم H-SP-4986-1 (السطح الثابت مصنوع من كربيد السيليكون والسطح الدائري)",INSURANCE_SPARE,RS-GUPCO,0,02G42E,3010126,EACH,~,BELT/TRANSMIT,PU
109639,"COMPLETE J.C. TYPE T-8B1-O , SIZE 3-7/8"" , SHAFT SIZE 3.260"" , MAT.CODE X01510581 , DWG.NO.: HSP-37908-1 (REF. DWG.: CF-","مجموعة كاملة من نوع JC T-8B1-O، مقاس 3-7/8 بوصة، مقاس العمود 3.260 بوصة، رمز المادة X01510581، رقم الرسم: HSP-37908-1 (رسم مرجعي: CF-",INSURANCE_SPARE,RS-GUPCO,0,,3010121,EACH,,BELT/TRANSMIT,PU
109640,"MECHANICAL SEAL 3 3/4"" ""J.C"",SEAL TYPE 8B1, MAT.CODE X/D/1/O8/1 DWG.NO.CF-SP-90729-1/2(The stationary face is silicon ca","مانع تسرب ميكانيكي 3 3/4 بوصة ""JC""، نوع مانع التسرب 8B1، رمز المادة X/D/1/O8/1، رقم الرسم CF-SP-90729-1/2 (السطح الثابت مصنوع من السيليكون)",MIN_MAX,RS-GUPCO,0,02G36D,3010128,EACH,87045742,BELT/TRANSMIT,PU
109641,"REPAIR KIT.MECH.SEAL SIZE 3-7/8"", MAT.CODE XD1O581 DWG.NO. CF-SP-90729-1 (The stationary face is silicon carbide and the","طقم إصلاح. مانع تسرب ميكانيكي، مقاس 3-7/8 بوصة، رمز المادة XD1O581، رقم الرسم CF-SP-90729-1 (السطح الثابت مصنوع من كربيد السيليكون و",INSURANCE_SPARE,RS-GUPCO,0,,3010128,EACH,B28305,BELT/TRANSMIT,PU
109872,"V-BELT, WATER PUMP MNFG.""WAUKESHA"" , USA @ ACTIVE AT LOCATION 45 ,","حزام على شكل حرف V، مصنع مضخة مياه ""واكيشا""، الولايات المتحدة الأمريكية @ نشط في الموقع 45،",INSURANCE_SPARE,RS-GUPCO,0,03C24A,6923114,EACH,3VX800,BELT/TRANSMIT,MM
115755,ENGINE SHIMS (SINGLE SLOT)                         P/N. 940-13,حشوات المحرك (فتحة واحدة) رقم القطعة 940-13,PLANNED_WO,RS-GUPCO,0,,0,SET,G-940-13,ENGINE USA,MM
109739,"GOVERNOR, DIAL ELECTRIC MECHANICAL TYPE UG8 WITH   EXPLOSION PROOF SYNCHRONIZER MOTOR 115 VOLT 900:   1550 RPM IDENTICAL","منظم سرعة كهربائي ميكانيكي من النوع UG8 مزود بمحرك متزامن مقاوم للانفجار، 115 فولت، 900-1550 دورة في الدقيقة، مطابق تمامًا",INSURANCE_SPARE,RS-GUPCO,0,01/A05A,3023108,EACH,8520-058G11,BELT/TRANSMIT,MM
109693,"MECH. SEAL J.C. TYPE 8B1 SIZE 1-1/2"" MAT CODE BD1O81 DWG NO. CF-SP-35671-27 CONSIST OF silicon carbide stationary face a","مانع تسرب ميكانيكي من النوع JC 8B1، مقاس 1-1/2 بوصة، رمز المادة BD1O81، رقم الرسم CF-SP-35671-27، يتكون من وجه ثابت من كربيد السيليكون أ",MIN_MAX,RS-GUPCO,0,02G42E,3003120,EACH,89748838,BELT/TRANSMIT,PU
109694,"REPAIR KIT, FOR MECH. SEAL J.C. TYPE 881-0 SIZE 1-1/2"" IN MAT CODE X D1O81 DWG NO CF-SP-47056 (The stationary face is si","طقم إصلاح، لمانع تسرب ميكانيكي من نوع JC 881-0، مقاس 1-1/2 بوصة، رمز المادة X D1O81، رقم الرسم CF-SP-47056 (الوجه الثابت هو si",INSURANCE_SPARE,RS-GUPCO,1,02G42D,7907170,EACH,~,BELT/TRANSMIT,PU
109696,"MECH.SEAL J.C. TYPE 8B1 SIZE 1-1/2""  MAT. CODE XD1O81, (The stationary face is Silicon carbide and the rotating face is","مانع تسرب ميكانيكي من النوع JC 8B1، مقاس 1-1/2 بوصة، رمز المادة XD1O81، (السطح الثابت مصنوع من كربيد السيليكون والسطح الدوار من",INSURANCE_SPARE,RS-GUPCO,0,02G42D,3003114,EACH,PSD-21495,BELT/TRANSMIT,PU
109697,"REPAIR KIT,FOR MEC.SEAL J.C.TYPE 8B1 SIZE 1-1/2 IN MAT CODE XD1O81, (The stationary face is silicon carbide and the rota","طقم إصلاح، لختم MEC.SEAL JCTYPE 8B1 مقاس 1-1/2 بوصة، رمز المادة XD1O81، (السطح الثابت مصنوع من كربيد السيليكون والسطح الدوار",INSURANCE_SPARE,RS-GUPCO,0,,7907171,EACH,~,BELT/TRANSMIT,PU
110036,"BEARING ROLLER TAPERED ID:O.75 IN. W:O 8598 IN.""TIMKEN"" CONE AND CUP MNFG. TEMKEN USA","بكرة محمل مخروطية، القطر الداخلي: 0.75 بوصة، العرض: 0.8598 بوصة. من إنتاج شركة تيمكين الأمريكية.",INSURANCE_SPARE,RS-GUPCO,0,02G68G,0,EACH,21075/21212,BR/SL/S.PLG/FLT,PU
110118,"COUPLING, METASTREAM TYPE SPACER, SIZE M600/S METASTREAM COUPLING MHSS-0900 DONT SUBSTITUTE ""FLEXIBOX CO."" (NEED DISTANC","وصلة، فاصل من نوع ميتاستريم، مقاس M600/S، وصلة ميتاستريم MHSS-0900، لا تستبدلها بوصلة ""FLEXIBOX CO."" (يلزم وجود مسافة)",PLANNED_WO,RS-GUPCO,1,,3109110,EACH,87144538,BR/SL/S.PLG/FLT,PU
110119,"KIT REPAIR, FOR COUPLING METASTREAM TYPE SPACER,   SIZE M600/S (CONSISTS OF 2 EA DISC PACK BOLTS      AND WASHERS)","طقم إصلاح، لوصلة فاصلة من نوع ميتاستريم، مقاس M600/S (يتكون من 2 من براغي وصواميل قرصية)",INSURANCE_SPARE,RS-GUPCO,0,,3109110,KIT,MHSS0900,BR/SL/S.PLG/FLT,PU
110120,"Standard repair kit consists of two disc packs kit, 16 EA forged link and 16EA nuts and bolts for THOMAS COUPLING TYPE","تتكون مجموعة الإصلاح القياسية من مجموعتين من أقراص الوصل، و16 وصلة مزورة، و16 صامولة ومسمار لوصلة توماس من النوع المحدد.",INSURANCE_SPARE,RS-GUPCO,0,,7907140,EACH,,BR/SL/S.PLG/FLT,PU
110122,"Hold till 1 / 12 / 2026 , COUPLING, COMPLETE (SN 308675) , CONSIST OF : 1 THREDED RING P/N A01111F000 2297, ITEM # 607 1","يُحفظ حتى 1/12/2026، وصلة كاملة (الرقم التسلسلي 308675)، تتكون من: حلقة ملولبة واحدة، رقم القطعة A01111F000 2297، رقم الصنف 607 1",INSURANCE_SPARE,RS-GUPCO,0,,7907166,EACH,,BR/SL/S.PLG/FLT,PU
110124,COUPLING SLEEVE WOOD'S SURE-FLEX  CAT.NO. 7J,"وصلة سحب من وودز شور فليكس، رقم الصنف 7J",INSURANCE_SPARE,RS-GUPCO,0,03G46D,0,EACH,~,BR/SL/S.PLG/FLT,PU
110125,COUPLING SLEEVE WOOD'S SURE-FLEX CAT.NO. 8J,"وصلة سحب من وودز شور فليكس، رقم الصنف 8J",INSURANCE_SPARE,RS-GUPCO,0,03G46D,0,EACH,~,BR/SL/S.PLG/FLT,PU
110126,COUPLING REXNORD ES 3 CONSIST OF:,يتكون نظام التوصيل REXNORD ES 3 من:,INSURANCE_SPARE,RS-GUPCO,0,02G74G,7907116,EACH,RS3R,BR/SL/S.PLG/FLT,PU
110127,"OMEGA, COMPLETE SPACER COUPLING,                   SPACER OMEGA #ES4-R.                               CONSISTING OF THE","أوميغا، وصلة فاصلة كاملة، فاصل أوميغا رقم ES4-R. تتكون من",INSURANCE_SPARE,RS-GUPCO,0,,7907113,EACH,~,BR/SL/S.PLG/FLT,PU
110128,COUPLING REXNORD ES 5 CONSIST OF:,يتكون نظام التوصيل REXNORD ES 5 من:,MIN_MAX,RS-GUPCO,0,,7907121,EACH,A00664A01,BR/SL/S.PLG/FLT,PU
109876,"V-Belt, Caterpillar P/N 4N8216 OR Gates P/N BX53","حزام على شكل حرف V، كاتربيلر رقم القطعة 4N8216 أو جيتس رقم القطعة BX53",MIN_MAX,RS-GUPCO,0,03/C24C,7103139,EACH,4N8216,BELT/TRANSMIT,MM
109877,"V-BELT,  P/N. 96203VX0710                          MNFG. GATES OR EQUIVALENT    USA","حزام على شكل حرف V، رقم القطعة 96203VX0710، من إنتاج شركة جيتس أو ما يعادلها في الولايات المتحدة الأمريكية",MIN_MAX,RS-GUPCO,0,03C24H,7321129,EACH,3VX710,BELT/TRANSMIT,PU
110129,"COUPLING, COMPLETE TO BE REXNORD OMEGA SPACER      COUPLING SIZE 10","وصلة كاملة من نوع ريكسنورد أوميغا، مقاس 10",PLANNED_WO,RS-GUPCO,0,,7907123,EACH,~,BR/SL/S.PLG/FLT,PU
110130,"Coupling, rigid spacer consist of hub driver 1.250 inch shaft, Hub Pump 1.00 Inch shaft, Adjusting plate 1.00 inch shaft","تتكون وصلة التوصيل والفاصل الصلب من عمود محرك المحور بطول 1.250 بوصة، وعمود مضخة المحور بطول 1.00 بوصة، وعمود لوحة الضبط بطول 1.00 بوصة.",MIN_MAX,RS-GUPCO,0,02G76D,7907171,EACH,308852Coupling,BR/SL/S.PLG/FLT,PU
110131,"COUPLING COMPLETE, SN 309586 MODEL VIT-FF SIZE 3X6ALC :","وصلة كاملة، الرقم التسلسلي 309586، الموديل VIT-FF، المقاس 3X6ALC:",PLANNED_WO,RS-GUPCO,1,,7907165,EACH,,BR/SL/S.PLG/FLT,PU
110133,"Coupling complete, sure-flex size 6, type S, 1"" BTS flange, TB Wood's incorporated","وصلة كاملة، مقاس Sure-Flex 6، نوع S، شفة BTS مقاس 1 بوصة، من إنتاج TB Wood's.",INSURANCE_SPARE,RS-GUPCO,1,,0,EACH,503,BR/SL/S.PLG/FLT,PU
110134,"COUPLING, COMPLETE",وصلة كاملة,PLANNED_WO,RS-GUPCO,0,,7907170,EACH,,BR/SL/S.PLG/FLT,PU
110185,"BEARING, SPLIT H.S. (CCW) ITEM NO. 14 P/N. 40280-0395 MNFG. PHILADELPHIA GEAR USA","محمل ذو رأس مقسم (عكس اتجاه عقارب الساعة) رقم الصنف 14، رقم القطعة 40280-0395، صنع في شركة فيلادلفيا جير بالولايات المتحدة الأمريكية",INSURANCE_SPARE,RS-GUPCO,0,01A03C,3116102,EACH,40280-0395,BR/SL/S.PLG/FLT,PU
110186,"BEARING, SPLIT H.S (CW) ITEM NO 15 MNFG.""PHILADELPHIA GEAR"" USA","محمل ذو محورين (مع عقارب الساعة) رقم الصنف 15، صنع في شركة ""فيلادلفيا جير"" الأمريكية",INSURANCE_SPARE,RS-GUPCO,0,01A03C,3116102,EACH,40280-0394,BR/SL/S.PLG/FLT,PU
110187,"BEARING, SPLIT L.S. (CCW) ITEM NO. 16. P/N. 40280-0399 MNFG. PHILADELPHIA GEAR USA","محمل، منقسم LS (عكس اتجاه عقارب الساعة) رقم الصنف 16. رقم القطعة 40280-0399. صنع في شركة فيلادلفيا جير، الولايات المتحدة الأمريكية.",INSURANCE_SPARE,RS-GUPCO,0,01A03D,3116102,EACH,40280-0399,BR/SL/S.PLG/FLT,PU
110188,"BEARING, SPLIT L.S (CW) ITEM NO 17 P/N. 40280-0398 MNFG. PHILADELPHIA GEAR USA","محمل، منقسم LS (مع عقارب الساعة) رقم الصنف 17، رقم القطعة 40280-0398، صنع في شركة فيلادلفيا جير بالولايات المتحدة الأمريكية",INSURANCE_SPARE,RS-GUPCO,0,01A03D,3116102,EACH,~,BR/SL/S.PLG/FLT,PU
110189,"PUMP, OIL P/N  :   5CF,PT.NO.35000-2250","مضخة زيت، رقم القطعة: 5CF، رقم الجزء: 35000-2250",SURPLUS,RS-GUPCO,0,02G80E,3116102,EACH,35000-2250,BR/SL/S.PLG/FLT,PU
109788,"V-BELT, MULTIPLE TYPE                              OC:104.200 IN IC:100.000 IN TW:0.875 IN T:0.563 I N""GATES"" OR DAYCO""","حزام على شكل حرف V، متعدد الأنواع OC: 104.200 بوصة IC: 100.000 بوصة TW: 0.875 بوصة T: 0.563 بوصة IN""GATES"" OR DAYCO""",INSURANCE_SPARE,RS-GUPCO,0,,0,EACH,CP-100,BELT/TRANSMIT,MM
109789,"V-BELT, MULTIPLE TYPE                              OC:109.200 IN IC:105.000 IN TW:0.875 IN T:0.563 I N""GATES OR UNIROYAL","حزام على شكل حرف V، متعدد الأنواع OC: 109.200 بوصة IC: 105.000 بوصة TW: 0.875 بوصة T: 0.563 بوصة بوابات أو يوني رويال",SURPLUS,RS-GUPCO,0,03C10A,0,EACH,C105,BELT/TRANSMIT,MM
109790,"V-BELT, MULTIPLE TYPE HI-POWER II V-BELTS          OC:124.200 IN IC:120.000 IN TW:0.875 IN T:0.563 I N""GATES "" DO NOT SU","حزام على شكل حرف V، متعدد الأنواع عالي القدرة II، أحزمة على شكل حرف V، OC: 124.200 بوصة، IC: 120.000 بوصة، TW: 0.875 بوصة، T: 0.563 بوصة، البوابات لا تعمل",MIN_MAX,RS-GUPCO,0,,0,EACH,C120,BELT/TRANSMIT,MM
109792,"V-BELT, MULTIPLE TYPE                              OC:148.200 IN IC:144.000 IN TW:0.875 IN T:0.563 I N""GATES OR UNIROYAL","حزام على شكل حرف V، متعدد الأنواع OC: 148.200 بوصة IC: 144.000 بوصة TW: 0.875 بوصة T: 0.563 بوصة بوابات أو يوني رويال",INSURANCE_SPARE,RS-GUPCO,0,03C12A,0,EACH,C144,BELT/TRANSMIT,MM
109793,"V-BELT, MULTIPLE TYPE                              OC:162.200 IN IC:158.000 IN TW:0.875 IN T:0.563 I N""GATES OR UNIROYAL","حزام على شكل حرف V، متعدد الأنواع OC: 162.200 بوصة IC: 158.000 بوصة TW: 0.875 بوصة T: 0.563 بوصة بوابات أو يوني رويال",MIN_MAX,RS-GUPCO,0,03C12A,0,EACH,C158,BELT/TRANSMIT,MM
109794,"V-BELT, MULTIPLE TYPE HI-POWER II V-BELTS          OC:166.200 IN IC:162.000 IN TW:0.875 IN T:0.563 I N""GATES"" DO NOT SUB","حزام على شكل حرف V، متعدد الأنواع عالي القدرة II، أحزمة على شكل حرف V، OC: 166.200 بوصة، IC: 162.000 بوصة، TW: 0.875 بوصة، T: 0.563 بوصة، لا تقم باستبدال البوابات.",MIN_MAX,RS-GUPCO,0,03C12A,6923126,EACH,C162,BELT/TRANSMIT,MM
109731,"MECHANICAL SEAL, JOHN CRANE COMPLETE CARTRIDGE     TYPE 8B-10 SIZE 3-1/8"" NATERIAL CODE XD1081        ASSY. NO, A8-3125-","مانع تسرب ميكانيكي، خرطوشة كاملة من جون كرين، النوع 8B-10، المقاس 3-1/8 بوصة، رمز المادة XD1081، رقم التجميع A8-3125-",MIN_MAX,RS-GUPCO,0,02G50G,3010124,EACH,81006638,BELT/TRANSMIT,PU
109732,"MECH.SEAL, J.C. TYPE 8B1-O                         SIZE 3-3/8"" MAT.CODE XD1081, DWG.NO. CF-SP-79775","مانع تسرب ميكانيكي، نوع JC 8B1-O، مقاس 3-3/8 بوصة، رمز المادة XD1081، رقم الرسم CF-SP-79775",INSURANCE_SPARE,RS-GUPCO,0,,3010124,KIT,~,BELT/TRANSMIT,PU
109786,"V-BELT, MULTIPLE TYPE                              OC:94.200 IN IC:90.000 IN TW:0.875 IN T:0.563 IN   ""GATES OR UNIROYAL","حزام على شكل حرف V، متعدد الأنواع، قطر الدائرة المفتوحة: 94.200 بوصة، قطر الدائرة الداخلية: 90.000 بوصة، عرض الدائرة: 0.875 بوصة، سمك الدائرة: 0.563 بوصة، من نوع Gates أو UniRoyal",PLANNED_WO,RS-GUPCO,0,,0,EACH,C90,BELT/TRANSMIT,MM
109787,"V-BELT, MULTIPLE TYPE HI-POWER II V-BELTS          OC:100.000 IN IC:96.000 IN TW:0.875 IN T:0.563 IN  ""GATES"" DO NOT SUB","حزام على شكل حرف V، متعدد الأنواع عالي القدرة II، أحزمة على شكل حرف V، OC: 100.000 بوصة، IC: 96.000 بوصة، TW: 0.875 بوصة، T: 0.563 بوصة، ""البوابات"" لا تستبدل",MIN_MAX,RS-GUPCO,0,03C08A,0,EACH,C96,BELT/TRANSMIT,MM
110099,"COUPLING, FLEX BETWEEN DEMING PUMP S/N 178 TYPE AI  IMPELLER DIA 3-1/2"" PROD NO 390407500001  AND 1.5  HP RELIANCE ELECT","وصلة مرنة بين مضخة ديمينغ، الرقم التسلسلي 178، النوع AI، قطر المروحة 3.5 بوصة، رقم المنتج 390407500001، ومحرك كهربائي ريلاينس بقدرة 1.5 حصان.",PLANNED_WO,RS-GUPCO,0,,4723204,EACH,~,BR/SL/S.PLG/FLT,PU
109888,"V-BELT, BANDED WEDGE TYPE 4 BANDS                  OC:106.000 IN                                      GATES OR UNIROAL","حزام على شكل حرف V، نوع إسفيني مُرَبَّع، 4 أشرطة، OC:106.000 في البوابات أو UNIROAL",INSURANCE_SPARE,RS-GUPCO,0,03C26A,0,EACH,4/5V1060,BELT/TRANSMIT,MM
109895,"BELTS, 3VX750","أحزمة، 3VX750",INSURANCE_SPARE,RS-GUPCO,0,03C30A,8009159,EACH,37948700,BELT/TRANSMIT,MM
110102,"COUPLING COMPLETE METASTREAM, TYPE TSC, SIZE 1ST, DWG (D-1B615-1) MODEL TSC 110 USED FOR BINGHAM PUMP, SIZE 3X6X9E.SER.N","وصلة كاملة من نوع ميتاستريم، طراز TSC، مقاس 1ST، رسم (D-1B615-1)، موديل TSC 110، تُستخدم مع مضخة بينغهام، مقاس 3×6×9E.SER.N",INSURANCE_SPARE,RS-GUPCO,0,,0,EACH,89555380,BR/SL/S.PLG/FLT,PU
110035,"CONE BEARING, ROLLER TAPERED ID:1.25"" W:0.8125""CH;  0.31 IN. 'TIMKEN"".P/N:15126","محمل مخروطي، أسطواني مدبب، القطر الداخلي: 1.25 بوصة، العرض: 0.8125 بوصة، الارتفاع: 0.31 بوصة، من إنتاج شركة تيمكين، رقم القطعة: 15126",INSURANCE_SPARE,RS-GUPCO,0,,0,EACH,33206,BR/SL/S.PLG/FLT,MM
115756,COMPLETE ENGINE SHIM (VHP6)                        P/N. 940-14,مجموعة حشوات المحرك الكاملة (VHP6) رقم القطعة 940-14,PLANNED_WO,RS-GUPCO,0,,0,SET,G-940-14,ENGINE USA,MM
109642,"SLEEVE, WITH O-RING                                P/N F-3875-147-0550","كم، مع حلقة دائرية، رقم القطعة F-3875-147-0550",INSURANCE_SPARE,RS-GUPCO,0,,3010121,EACH,F3875-147-0550,BELT/TRANSMIT,PU
109643,"MECHANICAL SEAL, 1.1/2 IN TYPE 8B1                 MAT. SPEC. BP-IDI. DWG.NO. CF-SP-3567-27           P/N. CFSP-55671 (B","مانع تسرب ميكانيكي، 1.5 بوصة، النوع 8B1، مواصفات المادة: BP-IDI، رقم الرسم: CF-SP-3567-27، رقم القطعة: CFSP-55671 (B",MIN_MAX,RS-GUPCO,0,,3003120,EACH,81452303,BELT/TRANSMIT,PU
109644,"MECH SEAL, Complete Cartridge (Sleeve, Collar and Flange must be included in the complete seal), SIZE 1.5, TYPE T_8B1 MA","مانع تسرب ميكانيكي، خرطوشة كاملة (يجب أن يشمل مانع التسرب الكامل الغلاف والطوق والشفة)، مقاس 1.5، نوع T_8B1 MA",PLANNED_WO,RS-GUPCO,1,,0,EACH,89192216,BELT/TRANSMIT,PU
109645,"REPAIR KIT, FOR MECHANICAL SEAL SIZE 1.5"" TYPE T-B81,MAT. CODE XD1O81,DWG NO. 921722 GA.THIS REPAIR KIT IS RELATED TO ME","طقم إصلاح، لمانع تسرب ميكانيكي مقاس 1.5 بوصة من النوع T-B81، رمز المادة XD1O81، رقم الرسم 921722 GA. طقم الإصلاح هذا مرتبط بي",PLANNED_WO,RS-GUPCO,3,,0,EACH,,BELT/TRANSMIT,PU
109646,"MECH. SEAL, COMPLETE ""J.C"" TYPE 8B1T-0 1-3/4"" MAT .CODE XF511D1 DWG NO. CF-SP-46473","مانع تسرب ميكانيكي كامل من النوع ""JC"" 8B1T-0، مقاس 1-3/4 بوصة، رمز المادة XF511D1، رقم الرسم CF-SP-46473",INSURANCE_SPARE,RS-GUPCO,0,,7907121,EACH,~,BELT/TRANSMIT,PU
109647,"REPAIR KIT, FOR MECH SEAL ""J.C"" TYPE 8BIT-O 1 3/4 ""MAT CODE XF511D1 DWG CF-SP46473","طقم إصلاح، لمانع التسرب الميكانيكي ""JC"" من النوع 8BIT-O 1 3/4 بوصة، رمز المادة XF511D1، الرسم CF-SP46473",MIN_MAX,RS-GUPCO,0,,7907121,EACH,87107816,BELT/TRANSMIT,PU
109648,"CARTRIDGE J.C. TYPE 8B1-O                          SIZE 3"" MAT.CODE XF511D1, DWG NO. CF-SP-46421      ASSEMBLY AB-3000-2","خرطوشة من النوع JC 8B1-O، مقاس 3 بوصات، رمز المادة XF511D1، رقم الرسم CF-SP-46421، مجموعة AB-3000-2",INSURANCE_SPARE,RS-GUPCO,0,02G38,3010118,EACH,~,BELT/TRANSMIT,PU
109650,"MECANICAL SEAL, JOHN CRANE TYPE T8B1-0,SIZE 3 3/4 ""MAT.CODE XF511D1. DRG.NO.CF-SP-46424.ASSY.NO.      A8-3750-152, SEAT","مانع تسرب ميكانيكي، جون كرين من النوع T8B1-0، مقاس 3 3/4 بوصة، رمز المادة XF511D1، رقم الرسم CF-SP-46424، رقم التجميع A8-3750-152، مقعد",MIN_MAX,RS-GUPCO,0,02g38b,3010120,EACH,89672858,BELT/TRANSMIT,PU
109651,"KIT, REPAIR  CONSISTING OF :                       2 EA SEAT PT.NO.D-3500-087-9200 ,2 EA O-RING PT N O0000-243-9548, 2 E","طقم إصلاح يتكون من: قطعتين من مقعد رقم القطعة D-3500-087-9200، قطعتين من حلقة منع التسرب رقم القطعة O0000-243-9548، قطعتين من",MIN_MAX,RS-GUPCO,0,02G38H,3010120,KIT,1125-2006-0550,BELT/TRANSMIT,PU
109652,"MECHANICAL SEAL,TYPE 1,SIZE  1-1/8"",DWG NO. CF-SP-59141 AS THE MECH.","مانع تسرب ميكانيكي، النوع 1، الحجم 1-1/8 بوصة، رقم الرسم CF-SP-59141 كما هو ميكانيكي.",MIN_MAX,RS-GUPCO,0,02G36H,3003146,EACH,89179287,BELT/TRANSMIT,PU
109750,"ACTUATOR, GOVERNOR (WOODWARD) EG-3P","مشغل، منظم (وودوارد) EG-3P",INSURANCE_SPARE,RS-GUPCO,0,,6923126,EACH,163853U,BELT/TRANSMIT,MM
109751,"ACTUATOR, EG-3P SER.NO.2094212                     MNFG.""WAUKESHA"" USA","المحرك، EG-3P SER.NO.2094212 MNFG.""WAUKESHA"" الولايات المتحدة الأمريكية",MIN_MAX,RS-GUPCO,0,,6923124,EACH,E8250-502,BELT/TRANSMIT,MM
109850,V-BELT P/N. 3VX710                                 MNFG. GATES OR EQUIVALENT     USA,"حزام على شكل حرف V، رقم القطعة 3VX710، من إنتاج شركة غيتس أو ما يعادلها، الولايات المتحدة الأمريكية",PLANNED_WO,RS-GUPCO,0,,0,EACH,3VX710,BELT/TRANSMIT,MM
110140,HARDWARE (SET = 8 EA) CONSIST OF:-1 EA BOLT    P/N . 606H 1 EA NUT     P/N. 606N 1 EA WASHERS P/N. 60 -7 F/DANA COUPLING,"مجموعة أدوات التثبيت (٨ قطع) تتكون من: ١ مسمار رقم القطعة ٦٠٦H، ١ صامولة رقم القطعة ٦٠٦N، ١ حلقة معدنية رقم القطعة ٦٠-٧، وصلة دانا F",INSURANCE_SPARE,RS-GUPCO,0,,3104102,SET,D60BNW,BR/SL/S.PLG/FLT,PU
110141,"ELEMENT, FLEX (STAINLESS) (ST = 34 EA) P/N:60-5-SS",عنصر مرن (ستانلس ستيل) (ST = 34 قطعة) رقم القطعة: 60-5-SS,SURPLUS,RS-GUPCO,0,02F40D (1),3104102,SET,605SS,BR/SL/S.PLG/FLT,PU
109817,"V-BELT,   P/N. DA-00501","حزام على شكل حرف V، رقم القطعة DA-00501",INSURANCE_SPARE,RS-GUPCO,1,,324100,EACH,DA-00501,BELT/TRANSMIT,MM
109742,"SWITCH, ELECTRONIC SPEED MODEL ESSB-2AC            START PRODUCTS INC 8109 N LAWNDAL AV               SKOKIE IL,APPLICAT","مفتاح إلكتروني، طراز ESSB-2AC، منتجات بدء التشغيل، 8109 شمال شارع لوندال، سكوكى، إلينوي، تطبيق",OBSOLETE,RS-GUPCO,0,02E01C (1),0,EACH,SA-1879-02884,BELT/TRANSMIT,PU
109861,BELT WATER PUMPAUX   P/N. C166507                  1 ST = 2 EA                                        MNF WAUKESHA     U,"مضخة مياه بحزام، رقم القطعة C166507، عدد القطع: 2، من إنتاج شركة واكيشا المحدودة.",MIN_MAX,RS-GUPCO,0,,6923128,SET,C166507,BELT/TRANSMIT,MM
107382,"HOLD TILL 1/10/2027 , EXTENDED LIFE COOLANT PRE-MIXED 50/50 FOR VHP WAUKESHA ENGINES (L7042GSI,L5108GSI&F3521GSI)","يُحفظ حتى 1/10/2027، سائل تبريد طويل الأمد مخلوط مسبقًا بنسبة 50/50 لمحركات VHP WAUKESHA (L7042GSI، L5108GSI وF3521GSI)",MIN_MAX,RS-GUPCO,41,,0,DRUM,~,LUBR & GREASE,MM
110145,"STARTER, AIR ASSEMBLY , A/M STARTERS MANUFACTURER MODEL AM -5RH2-2S, SERIAL NO: 9653, MAX .PRESSURE 150PSI P/N : AM5RH2.","بادئ التشغيل، مجموعة الهواء، بادئات التشغيل A/M، موديل AM -5RH2-2S، الرقم التسلسلي: 9653، أقصى ضغط 150 رطل لكل بوصة مربعة، رقم القطعة: AM5RH2.",INSURANCE_SPARE,RS-GUPCO,0,,0,EACH,82518,BR/SL/S.PLG/FLT,MM
109859,"V-BELT, RADIATOR FAN  SET/3 EA                     MNFG.""WAUKESHA"" USA","حزام على شكل حرف V، مجموعة مراوح تبريد / 3 قطع، من إنتاج شركة ""واكيشا"" الأمريكية",MIN_MAX,RS-GUPCO,0,,6923122,SET,A27970,ENGINE USA,MM
109862,"V-BELT, SET WATER PUMP, WAUKESHA (SET=2EA)","حزام على شكل حرف V، طقم مضخة مياه، واكيشا (الطقم = قطعتان)",MIN_MAX,RS-GUPCO,0,,6923108,SET,A168540,BELT/TRANSMIT,MM
109863,"V-BELT,  WATER PUMP, WAUKESHA MNFG.""WAUKESHA""   USA","حزام على شكل حرف V، مضخة مياه، من إنتاج شركة واكيشا للتصنيع. ""واكيشا"" الولايات المتحدة الأمريكية",INSURANCE_SPARE,RS-GUPCO,0,03/C22A,6923108,EACH,169749,BELT/TRANSMIT,MM
109870,"V-BELT, SET WATER PUMP, WAUKESHA (SET=2EA)         @ SEE P.C. 6923106                                 ""GATES NO 7760"" WA","حزام على شكل حرف V، طقم مضخة مياه، واكيشا (طقم = قطعتان) @ انظر PC 6923106 ""GATES NO 7760"" WA",MIN_MAX,RS-GUPCO,0,03D15E,6923108,SET,A-199868A,BELT/TRANSMIT,MM
103129,"COMPOUND, NEVER SEEZ NSBT-16 (16 OZ.) BRUSH TOP CANS @ STD.PKG. 12 MNFG. QUICKSOURCE , Product code no. 73831","مركب، لا يُرى أبدًا NSBT-16 (16 أونصة) علب بفرشاة علوية @ عبوة قياسية. 12 مصنعة من قبل كويك سورس، رقم رمز المنتج 73831",MIN_MAX,RS-GUPCO,2,02C88C,0,CAN,NSBT-16,GEN. COMPOUND,MM
103130,"NEVER SEEZ COMPOUND, NS168 (8 LB/CAN)  ( STANDARD  PACKAGE 4 EA)   @ STD. PKG. 4","مركب نيفر سيز، NS168 (8 أرطال/علبة) (عبوة قياسية 4 علب) @ STD. PKG. 4",MIN_MAX,RS-GUPCO,0,02C80D,0,CAN,~,GEN. COMPOUND,MM
109864,"BELT WATER PUMP MAIN MNFG. WAUKESHA    USA , (1 set = 3 each )","حزام مضخة المياه الرئيسي، من إنتاج شركة واكيشا الأمريكية، (مجموعة واحدة = 3 قطع)",MIN_MAX,RS-GUPCO,0,,6923128,SET,A169911,BELT/TRANSMIT,MM
103431,"VANE, DURA VAN       P/N. 093107","ريشة، دورا فان P/N. 093107",SURPLUS,RS-GUPCO,0,,4704103,EACH,93107,AUTO SHOP EQUIP,PU
110175,"WASHER, SPRING","غسالة، ربيع",INSURANCE_SPARE,RS-GUPCO,0,02G80B,3101104,EACH,90402-25,BR/SL/S.PLG/FLT,MM
110177,"MOTOR, STARTING MODEL 52CL SER.NO. 8404-010        ROTATION-CW MAX. PRESSURE 150 PSI","محرك بدء التشغيل، طراز 52CL، الرقم التسلسلي 8404-010، دوران باتجاه عقارب الساعة، أقصى ضغط 150 رطل لكل بوصة مربعة",INSURANCE_SPARE,RS-GUPCO,0,,3101106,EACH,52625-06,BR/SL/S.PLG/FLT,MM
110149,"VANE SET, (SET OF 5 VANE) P/N.:10BM-42-5(3020633)","مجموعة ريش، (مجموعة من 5 ريش) رقم القطعة: 10BM-42-5(3020633)",PLANNED_WO,RS-GUPCO,2,,7103126,EACH,10BM-42-5,BR/SL/S.PLG/FLT,MM
115754,"ENGINE SHIMS (DOUBLE SLOT) P/N. 940-8 ,","حشوات المحرك (فتحة مزدوجة) رقم القطعة 940-8،",PLANNED_WO,RS-GUPCO,0,,0,SET,G-940-8,ENGINE USA,MM
110022,"BEARING, ROLLER TAPERED CONE-ID:1.25"" W:0.66""CH:0. 2753""/TAPERED CUP-OD:2.328"" W:0.465""CH:0.046""""TIMK EN"" LM67048/LM6701","محمل، أسطواني مخروطي - القطر الداخلي: 1.25 بوصة، العرض: 0.66 بوصة، المسافة بين المحورين: 0.2753 بوصة / كوب مخروطي - القطر الخارجي: 2.328 بوصة، العرض: 0.465 بوصة، المسافة بين المحورين: 0.046 بوصة، TIMK EN، LM67048/LM6701",INSURANCE_SPARE,RS-GUPCO,0,02G68D,0,EACH,~,BR/SL/S.PLG/FLT,PU
109680,"MECHANICAL SEAL, 1 1/4 IN. ""J.C"" TYPE 8B1, MAT. CODE XD1O81 DWG. NO. CF-SP-50751 (The stationary face is silicon carbide","مانع تسرب ميكانيكي، 1 1/4 بوصة، من النوع ""JC"" 8B1، رمز المادة XD1O81، رقم الرسم CF-SP-50751 (السطح الثابت مصنوع من كربيد السيليكون)",MIN_MAX,RS-GUPCO,0,02G4D,3003138,EACH,89142816,BELT/TRANSMIT,PU
109700,"KIT,REPAIR FOR MECH. SEAL(J.C.) TYPE 8B1           SIZE 1.875"" MAT.CODE BF,51 1D1                     SEAL ASSY NO.A8-18","طقم إصلاح مانع تسرب ميكانيكي (JC) من النوع 8B1، مقاس 1.875 بوصة، رمز المادة BF,51 1D1، رقم مجموعة مانع التسرب A8-18",PLANNED_WO,RS-GUPCO,1,,7909128,EACH,,BELT/TRANSMIT,PU
109630,"MECHANICAL SEAL, 1-3/4""(J.C) TYPE 8BIT-0 MATS.COD EX1F1D1,DRW.NO.CF-SP-46575","مانع تسرب ميكانيكي، 1-3/4 بوصة (JC) النوع 8BIT-0 رمز المادة EX1F1D1، رقم الرسم CF-SP-46575",PLANNED_WO,RS-GUPCO,3,,3010111,EACH,89230299,BELT/TRANSMIT,PU
109910,BEARING SKF  SIZE  6207 ZZ,محمل SKF مقاس 6207 ZZ,MIN_MAX,RS-GUPCO,0,,0,EACH,6207  ZZ,BR/SL/S.PLG/FLT,PU
109911,BEARING  SKF  SIZE 6208  ZZ,محمل SKF مقاس 6208 ZZ,MIN_MAX,RS-GUPCO,0,,0,EACH,SKF-6208-ZZ/C3,BR/SL/S.PLG/FLT,PU
110322,"ELEMENT, FILTER (DO NOT SUBSTITUTE)                ""CATERPILLER""                                      @ STD. PKG. 12","عنصر، فلتر (لا تستبدله) ""كاتربيلر"" @ عبوة قياسية 12",MIN_MAX,RS-GUPCO,0,05/C06,0,EACH,12CA1R0659,BR/SL/S.PLG/FLT,MM
110323,"ELEMENT, FILTER FOR CATERPILLAR ENGINE MODEL 3412 PART NO. 9M2342","عنصر فلتر لمحرك كاتربيلر موديل 3412، رقم القطعة 9M2342",MIN_MAX,RS-GUPCO,0,02/G82B,7103139,EACH,9M2342,BR/SL/S.PLG/FLT,MM
110324,"ELEMENT, ""A"" FUEL FILTER                           <CATEPILLAR DO NOT SUBSTITUTE)                     @ STD. PKG. 12","عنصر، فلتر وقود ""أ"" (كاتيبر، لا تستبدله) @ العبوة القياسية 12",MIN_MAX,RS-GUPCO,0,05C10,7103144,EACH,12CA1R0724,CATERPILLAR,MM
110328,"FILTER, PANEL AIR CLEANER, (THIS ITEM TO BE SUPPLIED FROM ORIGINAL MANUFACTURER & NOT FROM SUPPLY HOUSE, OTHERWISE IT WI","فلتر، لوحة تنقية الهواء، (يجب توريد هذا المنتج من الشركة المصنعة الأصلية وليس من مستودع التوريد، وإلا فإنه سيتلف)",MIN_MAX,RS-GUPCO,0,05B12H,7103116,EACH,1CA6L4714,BR/SL/S.PLG/FLT,MM
110329,"ELEMENT, FILTER","عنصر، مرشح",SURPLUS,RS-GUPCO,0,05C11A (1),7103130,EACH,4L9852,BR/SL/S.PLG/FLT,MM
115757,COMPLETE ENGINE SHIM (VHP12)                       P/N. 940-15,مجموعة حشوات المحرك الكاملة (VHP12) رقم القطعة 940-15,INSURANCE_SPARE,RS-GUPCO,0,02P41D,0,SET,G-940-15,ENGINE USA,MM
115758,"DRIVEN EQUIPMENT ST.STEEL SHIMS 5""X5""              P/N. 940-23","حشوات فولاذية مقاومة للصدأ من شركة DRIVEN EQUIPMENT، مقاس 5 بوصات × 5 بوصات، رقم القطعة 940-23",MIN_MAX,RS-GUPCO,0,02P41TOP,0,SET,G-940.-23,ENGINE USA,MM
109634,"FACE, STATIONARY silicon carbide P/No. 617715SL-D, FIG NO.S-14","وجه ثابت من كربيد السيليكون، رقم القطعة 617715SL-D، رقم الشكل S-14",INSURANCE_SPARE,RS-GUPCO,0,02G32E,3002124,EACH,617715SL,BELT/TRANSMIT,PU
109635,"FACE, ROTATING tungsten carbide P/No. 671340NQ-D, FIG NO. S-15.","وجه، دوار من كربيد التنجستن رقم القطعة 671340NQ-D، رقم الشكل S-15.",SURPLUS,RS-GUPCO,0,02E21C (1),3002124,EACH,671340NQ,BELT/TRANSMIT,PU
109722,"REPAIR KIT, STATIONARY FACE silicon carbide P/No. 617715SL-D& ROTATING FACE tungsten carbide P/No.671340NQ-D","طقم إصلاح، وجه ثابت من كربيد السيليكون، رقم القطعة 617715SL-D، ووجه دوار من كربيد التنجستن، رقم القطعة 671340NQ-D",MIN_MAX,RS-GUPCO,0,02G48,3002126,EACH,939075-003,BELT/TRANSMIT,PU
109774,"V-BELT, MULTIPLE TYPE                              OC:77.300 IN IC:75.000 IN TW:0.500 IN T:0.344 IN   ""GATES OR UNIROYAL","حزام على شكل حرف V، متعدد الأنواع OC: 77.300 بوصة IC: 75.000 بوصة TW: 0.500 بوصة T: 0.344 بوصة ""GATES OR UNIROYAL",MIN_MAX,RS-GUPCO,0,03C04B,0,EACH,AP75,BELT/TRANSMIT,MM
110381,"OIL FILTER ELEMENT, P/N. 39911631  (INGERSOLL RAND GENUINE PARTS , MADE IN USA AND PROVIDE ORGINE CERTIFICATE , DO NOT S","عنصر فلتر الزيت، رقم القطعة 39911631 (قطع غيار أصلية من إنجرسول راند، صنع في الولايات المتحدة الأمريكية، مع شهادة المنشأ، لا تقم بـ",MIN_MAX,RS-GUPCO,0,02C89F,8009166,EACH,39911631,BR/SL/S.PLG/FLT,MM
110564,"JOINT, EXPANSTION RUBBER STYLE SFRT 150 TUBE NR MEDIA FLOW1458 GPM TEMPERATURE RATING 90 DEG F MAX.PRESSURE RATING 150 P","وصلة مطاطية للتمدد، نوع SFRT 150، معدل تدفق الوسط 1458 جالونًا في الدقيقة، درجة حرارة التشغيل 90 درجة فهرنهايت، أقصى ضغط تشغيل 150 رطلًا",MIN_MAX,RS-GUPCO,0,03 /M05H,0,EACH,RU-C10R,COOLERS,PU
109995,"BEARING, BALL ANGULAR CONTACT SINGLE ROW MEDIUM (3 00) SERIES STRIP STEEL RETAINER ID:2.3622 IN.OD:5. 1181 IN. W:1.2205","محمل كروي ذو تلامس زاوي، صف واحد، متوسط (300)، شريط فولاذي، حامل داخلي: 2.3622 بوصة، خارجي: 5.1181 بوصة، عرض: 1.2205 بوصة",INSURANCE_SPARE,RS-GUPCO,0,02G68A,0,EACH,R80571223,BR/SL/S.PLG/FLT,MM
110001,"BEARING SKF , DOUBLE ROW ANGULAR CONTACT BALL BEARING , ID:1.1811"" OD:2.4409"" W:O.937"" P/N: 3206 A","محمل SKF، محمل كروي مزدوج الصفوف ذو تلامس زاوي، القطر الداخلي: 1.1811 بوصة، القطر الخارجي: 2.4409 بوصة، العرض: 0.937 بوصة، رقم القطعة: 3206 A",INSURANCE_SPARE,RS-GUPCO,0,,0,EACH,3206 A,BR/SL/S.PLG/FLT,PU
110406,"SPARK PLUG 18MM,SP 20 ,""CHAMPION""P/N.:RHM77N","شمعة إشعال 18 مم، SP 20، ""تشامبيون"" رقم القطعة: RHM77N",SURPLUS,RS-GUPCO,0,02CAB5 (1),6923128,EACH,RHM77N,BR/SL/S.PLG/FLT,MM
110213,"PLATE , PUMP DRIVE.P/N  :   AM 087701","لوحة، محرك مضخة. رقم القطعة: AM 087701",INSURANCE_SPARE,RS-GUPCO,0,02G80,3112100,EACH,AM 087701,BR/SL/S.PLG/FLT,PU
110214,"COUPLING, PUMP P/N  :   093699","وصلة مضخة، رقم القطعة: 093699",INSURANCE_SPARE,RS-GUPCO,0,,3112100,EACH,93699,BR/SL/S.PLG/FLT,PU
110310,"ELEMENT AIR CLEANER MNFG. WAUKESHA , USA ,","شركة إليمنت لتصنيع أجهزة تنقية الهواء، واكيشا، الولايات المتحدة الأمريكية.",MIN_MAX,RS-GUPCO,0,,6923128,EACH,209364,BR/SL/S.PLG/FLT,MM
109704,"COLLAR,                                            P/N: D-3000-984-0530","طوق، رقم القطعة: D-3000-984-0530",PLANNED_WO,RS-GUPCO,0,,3010122,EACH,D-3000-984-053,BELT/TRANSMIT,PU
109705,"SEAL, MECHANICAL LESS GLAND AND SLEEVE             TYPE 8 B 1-0 SIZE 3.5 DWG.NO. CF-SP-94569-1        WITH MATING RING P","مانع تسرب ميكانيكي بدون غدة وغمد من النوع 8 ب 1-0، مقاس 3.5، رقم الرسم CF-SP-94569-1 مع حلقة توصيل P",MIN_MAX,RS-GUPCO,0,02G44C,3010122,EACH,89142732,BELT/TRANSMIT,PU
109636,"SLEEVE, SH WITH O-RING P/N F-3250-699-0500 for JOHN CRANE mech. Seal type 8B1-O, 3.750 diam.","جلبة، SH مع حلقة دائرية P/N F-3250-699-0500 لجون كرين ميكانيكي. نوع مانع التسرب 8B1-O، قطر 3.750.",MIN_MAX,RS-GUPCO,0,,3010128,EACH,87159954/81045043,BELT/TRANSMIT,PU
109637,"COLLAR, DR                                         D-3250-351-0500.","كولار، دكتور دي-3250-351-0500.",MIN_MAX,RS-GUPCO,0,02G32G,3010128,EACH,81025115,BELT/TRANSMIT,PU
109638,"CARTRIDGE MECHANICAL SEAL, SIZE 3-7/8"", with a design functionally equivalent to a John Crane Type AB1-O, MAT.CODE. XD1O","مانع تسرب ميكانيكي للخرطوشة، مقاس 3-7/8 بوصة، بتصميم مكافئ وظيفيًا لنوع John Crane AB1-O، رمز المادة XD1O",STRATEGIC_WO,RS-GUPCO,4,,3010121,EACH,~,BELT/TRANSMIT,PU
151760,"BEARING, BALL ANGULAR CONTACT DOUBLE ROW MEDIUM (3 00) SERIES ID:1.1811 IN. OD:2.8346 IN. W:1.1875 IN . ""SKF","محمل كروي ذو تلامس زاوي مزدوج الصفوف متوسط (300) من سلسلة ID: 1.1811 بوصة، OD: 2.8346 بوصة، W: 1.1875 بوصة. ""SKF",INSURANCE_SPARE,RS-GUPCO,0,02G85F,7907114,EACH,8055 30666,BR/SL/S.PLG/FLT,PU
110403,"SPARK PLUG, CHAMPION P/N. RTM79 ( PACKAG= 8 EA)","شمعة إشعال، من شركة تشامبيون، رقم القطعة RTM79 (العبوة = 8 قطع)",MIN_MAX,RS-GUPCO,0,02CAB,3601100,EACH,RTM79,ENGINE USA,MM
110404,"SPARK PLUG, Part no. # RTL85G","شمعة إشعال، رقم القطعة: RTL85G",MIN_MAX,RS-GUPCO,0,02CAB10,3601100,EACH,RTL85G,BR/SL/S.PLG/FLT,MM
110211,"PUMP, TUTHILL OIL, MODEL 4RCIF-RHS ,ITEM NO.26","مضخة، زيت توثيل، موديل 4RCIF-RHS، رقم الصنف 26",INSURANCE_SPARE,RS-GUPCO,0,02/F46B (1),3120102,EACH,,BR/SL/S.PLG/FLT,PU
109778,"V-BELT, MULTIPLE TYPE HI-POWER II V-BELTS OC:92.800 IN IC:90.000 IN TW:0.656 IN T:0.438 IN ""GATES"" DO NOT SUBSTITUTE","حزام على شكل حرف V، متعدد الأنواع عالي الطاقة II، أحزمة على شكل حرف V، OC: 92.800 بوصة، IC: 90.000 بوصة، TW: 0.656 بوصة، T: 0.438 بوصة، ""بوابات"" لا تستبدل",SURPLUS,RS-GUPCO,0,03C06A,0,EACH,B90,BELT/TRANSMIT,MM
109779,"V-BELT, MULTIPLE TYPE                              OC:98.800 IN IC:96.000 IN TW:0.656 IN T:0.436 IN   ""GATES OR UNIROYAL","حزام على شكل حرف V، متعدد الأنواع OC:98.800 بوصة IC:96.000 بوصة TW:0.656 بوصة T:0.436 بوصة ""GATES OR UNIROYAL",INSURANCE_SPARE,RS-GUPCO,0,,0,EACH,B96,BELT/TRANSMIT,MM
109784,"V-BELT, MULTIPLE TYPE HI-POWER II V-BELTS          OC:122.800 IN IC:120.000 IN TW:0.656 IN T:0.438 I NMNFG.""GATES ""","حزام على شكل حرف V، متعدد الأنواع عالي القدرة II، أحزمة على شكل حرف V، القطر الخارجي: 122.800 بوصة، القطر الداخلي: 120.000 بوصة، عرض الحزام: 0.656 بوصة، سمك الحزام: 0.438 بوصة، مصنعة من قبل شركة ""GATES"".",INSURANCE_SPARE,RS-GUPCO,0,,0,EACH,B120,BELT/TRANSMIT,MM
110113,"COUPLING, COMPLETE,SIZE 550,""THOMAS""TYPE--CMR, FSH -55-28-005, S.A.E. BOLTING 5.484""/5.485"" BORE 3/4""  TAPER WITH S.S. E","وصلة كاملة، مقاس 550، نوع ""توماس"" - CMR، FSH -55-28-005، براغي SAE بقطر 5.484/5.485 بوصة، مخروطية 3/4 بوصة مع فولاذ مقاوم للصدأ",PLANNED_WO,RS-GUPCO,1,,3118210,EACH,550-CMR-ETO,BR/SL/S.PLG/FLT,PU
110114,"DISC, PACK ITEM C REXNORD P/N. 31962 DISC PACK ONL Y P/N  :   AM093422(FOR ITEM 276 ABOVE)","قرص، عبوة، الصنف ج، ريكسنورد، رقم القطعة 31962، عبوة أقراص فقط، رقم القطعة: AM093422 (للصنف 276 أعلاه)",INSURANCE_SPARE,RS-GUPCO,0,02 /E 74,3118210,EACH,31962,BR/SL/S.PLG/FLT,PU
109796,"V-BELT, C-195 MNFG. WAUKESHA USA ,","حزام على شكل حرف V، C-195، صنع في واكيشا، الولايات المتحدة الأمريكية.",INSURANCE_SPARE,RS-GUPCO,0,03C14A,6923117,EACH,C-195,BELT/TRANSMIT,MM
109798,"V-BELT,WEDGE TYPE HEAVY DUTY FUGURE  1             106 IN,OC ,625 IN IC, .531 IN.T                    MNFG.""GATES""","حزام على شكل حرف V، من النوع الإسفيني شديد التحمل، الشكل 1، 106 بوصة، OC، 625 بوصة IC، 0.531 بوصة T، من إنتاج ""GATES"".",INSURANCE_SPARE,RS-GUPCO,0,03C16  (1),0,EACH,5VX1060,BELT/TRANSMIT,MM
110269,"ELEMENT, FG-36 FOR PECO GAS FILTER FOR GENERATORS SERIES 85 MODEL 85-3-FG-36 S/N. 11685 south turbines and mech maint di","عنصر، FG-36 لفلتر غاز PECO للمولدات من السلسلة 85، الطراز 85-3-FG-36، الرقم التسلسلي 11685، شركة ساوث توربينز آند ميك ماينت دي",MIN_MAX,RS-GUPCO,1,05A03,0,EACH,11708,BR/SL/S.PLG/FLT,MM
110295,"ELEMENT, PRIMARY FUEL FILTER P/N  :   162614---P./ N.F911C","عنصر، فلتر الوقود الأساسي، رقم القطعة: 162614---P./ N.F911C",PLANNED_WO,RS-GUPCO,0,,6923111,EACH,162614,BR/SL/S.PLG/FLT,MM
109671,"REPAIR KIT FOR MECH. SEAL TYPE 8B1, SIZE 2.125"", SEAL ASSEMBLY NO. A8-2125-068& DWG. No. CF-SP-65636, PRIMARY& MATING RI","طقم إصلاح لمانع تسرب ميكانيكي من النوع 8B1، مقاس 2.125 بوصة، رقم مجموعة مانع التسرب A8-2125-068 ورقم الرسم CF-SP-65636، مانع التسرب الأساسي ومانع التسرب المتوافق",INSURANCE_SPARE,RS-GUPCO,0,02E15D (1),7909130,EACH,89392273,BELT/TRANSMIT,PU
110457,"DRIVE BEARING 3-7/16"" : DODGE P2B-TAF-307RE",محمل قيادة 3-7/16 بوصة: دودج P2B-TAF-307RE,INSURANCE_SPARE,RS-GUPCO,0,01B06D,6923128,EACH,,COOLERS,MM
110528,"VALVE, 1-1/2 IN PILOT OPERATED NO","صمام، 1-1/2 بوصة، يعمل بنظام التحكم الآلي، لا",INSURANCE_SPARE,RS-GUPCO,0,02G30A (1),3216102,EACH,V-704-7B,COOLERS,MM
109974,"BEARING BALL CONRAD TYPE SINGLE ROW RADIAL WITH SN AP RING MEDIUM (300) SERIES STRIP STEEL RETAINER I D:1,378 IN.OD:3.14","محمل كروي من نوع كونراد، صف واحد شعاعي مع حلقة SN AP متوسطة (سلسلة 300)، شريط تثبيت فولاذي، القطر الداخلي: 1.378 بوصة، القطر الخارجي: 3.14 بوصة",INSURANCE_SPARE,RS-GUPCO,0,02F20B (1),0,EACH,307SG,BR/SL/S.PLG/FLT,PU
109978,"BEARING, BALL CONRAD TYPE SINGLE ROW RADIAL SHIELD ONE SIDE MEDIUM (300) SERIES STRIP STEEL RETAINER ID:1.7717 IN. OD:3.",محمل كروي من نوع كونراد صف واحد شعاعي درع جانب واحد متوسط (300) سلسلة شريط فولاذي حامل ID:1.7717 بوصة OD:3.,MIN_MAX,RS-GUPCO,0,02G66C,0,EACH,SKF6309Z,BR/SL/S.PLG/FLT,PU
109715,"MECHANICAL SEAL, MODEL U-1437 MAT. CODE NO 5T1V (Mating faces are silicon carbide& tungsten carbide). COMPLETE WITH GLAN","مانع تسرب ميكانيكي، طراز U-1437، رمز المادة 5T1V (أسطح التلامس مصنوعة من كربيد السيليكون وكربيد التنجستن). كامل مع غطاء",PLANNED_WO,RS-GUPCO,0,,0,EACH,L-848-01  869E0421-001,BELT/TRANSMIT,PU
109716,"Cartridge for FLOWSERVE mech. Seal, MODEL U-1437 MAT. CODE NO 5T4V.(The stationary face is silicon carbide and the rotat","خرطوشة مانع تسرب ميكانيكي من FLOWSERVE، موديل U-1437، رمز المادة 5T4V. (السطح الثابت مصنوع من كربيد السيليكون، والسطح الدوار...)",PLANNED_WO,RS-GUPCO,0,,3002106,EACH,L-835-09,BELT/TRANSMIT,PU
151707,"SLEEVE, SHAFT","الكم، العمود",MIN_MAX,RS-GUPCO,0,,3002106,EACH,751158DB,BELT/TRANSMIT,PU
109762,"V-BELT WEDGE TYPE HEAVY DUTY, P/N: 3V710, OC: 71.000"", IC: 0.375"", T: 0.313 (GATES)","حزام على شكل حرف V من النوع الإسفيني شديد التحمل، رقم القطعة: 3V710، OC: 71.000، IC: 0.375، T: 0.313 (GATES)",MIN_MAX,RS-GUPCO,0,03C02H,0,EACH,3V710,BELT/TRANSMIT,MM
110458,"FAN BEARING 2-11/16"" :DODGE P2B-TAF-211RE",محمل مروحة 2-11/16 بوصة: دودج P2B-TAF-211RE,INSURANCE_SPARE,RS-GUPCO,0,01B06D,6923128,EACH,~,COOLERS,MM
110293,"FILTER,RESTRICTOR INDICATOR AIR CLEANER          P /N  :   153790","فلتر، مؤشر تقييد تدفق الهواء، منقي هواء، رقم القطعة: 153790",INSURANCE_SPARE,RS-GUPCO,0,,6923108,EACH,153790,BR/SL/S.PLG/FLT,MM
110296,"ELEMENT, SECONDARY FUEL FILTER @ STD. PKG. 1 P/N 162615, P/N PF902, MNFG. BALDWIN USA, (THIS ITEM TO BE SUPPLIED FROM OR","عنصر، فلتر وقود ثانوي @ عبوة قياسية 1 رقم القطعة 162615، رقم القطعة PF902، صنع بواسطة بالدوين الولايات المتحدة الأمريكية، (يتم توريد هذا المنتج من أو",PLANNED_WO,RS-GUPCO,0,,6923110,EACH,162615,BR/SL/S.PLG/FLT,MM
110300,"ELEMENT, AIR CLEANER, P/N.:169180-B(PA-2 690), MNFG.""WAUKESHA"" USA, (THIS ITEM TO BE SUPPLIED FROM ORIGINAL MANUFACTURER","عنصر تنقية الهواء، رقم القطعة: 169180-B (PA-2 690)، صنع في الولايات المتحدة الأمريكية من قبل شركة ""واكيشا""، (يتم توريد هذا المنتج من الشركة المصنعة الأصلية).",MIN_MAX,RS-GUPCO,4,01C24H,0,EACH,169180N,ENGINE USA,MM
110309,"ELEMENT, STRAINER P/N  :   208472C","عنصر، مصفاة، رقم القطعة: 208472C",INSURANCE_SPARE,RS-GUPCO,0,02/F58A (1),6923128,EACH,489489,BR/SL/S.PLG/FLT,MM
109672,"MECH., SEAL COMPLETE Type 8-B1, Mat. Code X DIO8I (The stationary face is silicon carbide and the rotating face is tungs","MECH., مانع تسرب كامل من النوع 8-B1، رمز المادة X DIO8I (السطح الثابت مصنوع من كربيد السيليكون والسطح الدوار مصنوع من التنجستن)",PLANNED_WO,RS-GUPCO,0,,3003148,EACH,~,BELT/TRANSMIT,PU
109673,"MATING RING FOR J.C MECH. SEAL DWG NO. H-SP-8651, Silicon Carbide material, P/No. D-2001-015-9221.","حلقة تزاوج لختم JC الميكانيكي رقم الرسم H-SP-8651، مادة كربيد السيليكون، رقم القطعة D-2001-015-9221.",SURPLUS,RS-GUPCO,0,02G40,3003148,EACH,81027604,BELT/TRANSMIT,PU
109674,O-RING,حلقة دائرية,PLANNED_WO,RS-GUPCO,0,,3003148,EACH,81044897,BELT/TRANSMIT,PU
110136,"COUPLING, COMPLETE, CONSISTS OF THE FOLLOWING:",تتكون وصلة التوصيل الكاملة مما يلي:,PLANNED_WO,RS-GUPCO,1,,7907172,EACH,,BR/SL/S.PLG/FLT,PU
109806,"V-BELT, AUTOMOTIVE TYPE RAW EDGE-NEUTRAL CORD      OV:70.250 IN TW:0.531 IN                           ""GATES""    EQUIV.","حزام على شكل حرف V، نوع السيارات، حافة خام - سلك محايد، OV:70.250 بوصة، TW:0.531 بوصة، ""GATES"" EQUIV.",INSURANCE_SPARE,RS-GUPCO,0,03C16A(1),0,EACH,2056956,BELT/TRANSMIT,PU
110061,FILTER OIL P/N  :   610J0200,رقم قطعة فلتر الزيت: 610J0200,PLANNED_WO,RS-GUPCO,0,02G70D,5322100,EACH,610J0200,BR/SL/S.PLG/FLT,MM
109675,"Primary ring 2.25 inch TCNickel (9205) , Drawing (A8-2250-031) A822500319205","حلقة أساسية 2.25 بوصة من النيكل المطلي بالتنغستن (9205)، رسم (A8-2250-031) A822500319205",SURPLUS,RS-GUPCO,0,02G40,3003148,EACH,A8-2250-31-905,BELT/TRANSMIT,PU
109676,ANTI RING                                          P/NO. A8-2250-118-7500,"مضاد للرنين، رقم القطعة: A8-2250-118-7500",SURPLUS,RS-GUPCO,0,02/G40B,3003148,EACH,81020612,BELT/TRANSMIT,PU
110146,"STARTER, AIR PT.NO.SS800GB03R31.","بادئ التشغيل، رقم قطعة الهواء SS800GB03R31.",INSURANCE_SPARE,RS-GUPCO,0,,6923106,EACH,SS800GB03R31.,BR/SL/S.PLG/FLT,MM
110168,"MOTOR, STARTING MODEL NO.52A AIR/GAS TURBINE       STARTING MOTOR FOR STARTING PRESS OF 50 PSIG       TECH DEV.INC. QUOT","محرك بدء التشغيل، طراز رقم 52A، محرك بدء تشغيل توربينات الهواء/الغاز لضغط بدء تشغيل 50 رطل لكل بوصة مربعة، شركة تيك ديف. إنك.",MIN_MAX,RS-GUPCO,0,,6923015,EACH,T12160001B1R,BR/SL/S.PLG/FLT,MM
110170,"HOUSING, TURBINE (RH-21)",غلاف التوربين (RH-21),INSURANCE_SPARE,RS-GUPCO,0,02/F42F (1),3101104,EACH,52074,BR/SL/S.PLG/FLT,MM
110171,AUTOMATIC TRIP VALVE INLET ASSY. (REPLACED BY P/N .52-017),مجموعة مدخل صمام الفصل التلقائي (تم استبدالها برقم القطعة .52-017),PLANNED_WO,RS-GUPCO,0,,3101102,EACH,52000-00-017,BR/SL/S.PLG/FLT,MM
110173,"BEARING,","محمل،",INSURANCE_SPARE,RS-GUPCO,0,,3101104,EACH,91001,BR/SL/S.PLG/FLT,MM
110174,"SHAFT,","رمح،",INSURANCE_SPARE,RS-GUPCO,0,02G80A,3101104,EACH,19446,BR/SL/S.PLG/FLT,MM
109717,"FACE, STATIONARY","وجه، أدوات مكتبية",INSURANCE_SPARE,RS-GUPCO,0,02/G48,3002130,EACH,614464-GE,BELT/TRANSMIT,PU
109718,"FACE, ROTATING","وجه، دوار",INSURANCE_SPARE,RS-GUPCO,0,02E05A (1),3002130,EACH,614457DH,BELT/TRANSMIT,PU
109719,"REPAIR KIT, FIG NOS S-4, S-13, S-14, S-15 CONSISTS OF:- U-CUP P/NO. 614462GU O-RING P/NO. 568326GU SATTIONARY FACE silic","طقم إصلاح، أرقام الأشكال S-4، S-13، S-14، S-15، يتكون من: - كوب على شكل حرف U رقم القطعة 614462GU، حلقة دائرية رقم القطعة 568326GU، وجه ثابت من السيليكون",MIN_MAX,RS-GUPCO,0,02G48D,3002114,EACH,A2R1552-01-K11,BELT/TRANSMIT,PU
109720,"KIT, REPAIR CONSISTS OF:DRIVE PIN S-3,U-CUP S-4, SEAT GASKET S-13,STA.FACE S-14,(silicon carbide) ROT, FACE ASSY. S-15,","طقم الإصلاح يتكون من: دبوس القيادة S-3، كوب U S-4، حشية المقعد S-13، وجه المقعد S-14، مجموعة وجه (كربيد السيليكون) S-15.",INSURANCE_SPARE,RS-GUPCO,1,02G48,3002106,KIT,045600-570-004,BELT/TRANSMIT,PU
109721,"KIT, REPAIR CONSISTS OF:DRIVE PINS S-3,U-CUP S-4, SEAT GASKET S-13,STA.FACE S-14,SLEEVE GASKET S-19, BUSHING S-24,FLG.GA","طقم الإصلاح يتكون من: دبابيس تثبيت S-3، وكأس على شكل حرف U S-4، وحشية مقعد S-13، وسطح مقعد S-14، وحشية جلبة S-19، وجلبة S-24، وفلجات GA",MIN_MAX,RS-GUPCO,0,02G48F,3002114,KIT,A2R1552-01-K12,BELT/TRANSMIT,PU
109706,"MECHANICAL SEAL, 1-15/16"" TYPE U-2250 MAT CODE 5T4V WITH SLEEVE AND GLAND {mating faces silicon carbide P/No. 617715SL-D","مانع تسرب ميكانيكي، 1-15/16 بوصة، النوع U-2250، رمز المادة 5T4V، مع غلاف وحشوة (أسطح التلامس من كربيد السيليكون، رقم القطعة 617715SL-D)",INSURANCE_SPARE,RS-GUPCO,0,02/G44C,3002126,EACH,L-840-16,BELT/TRANSMIT,PU
109707,"MECHANICAL SEAL, MODEL U-2250 MAT.CODE U-225-5T4V COMPLETE, {mating faces silicon carbide P/No. 617715SL-D& tungsten car","مانع تسرب ميكانيكي، طراز U-2250، رمز المادة U-225-5T4V، كامل، {أسطح التلامس من كربيد السيليكون، رقم القطعة 617715SL-D، وكربيد التنجستن}",INSURANCE_SPARE,RS-GUPCO,0,02G46,3002124,EACH,1B-8547-16,BELT/TRANSMIT,PU
109708,"SLEEVE, SHAFT 1-15/16""","كم، عمود 1-15/16 بوصة",MIN_MAX,RS-GUPCO,0,06G46F,3002126,EACH,751317-DB,BELT/TRANSMIT,PU
109709,"SLEEVE, SHAFT FIG NO. S-1 .","الكم، العمود رقم الشكل S-1.",PLANNED_WO,RS-GUPCO,0,,3002108,EACH,3R2675DB,BELT/TRANSMIT,PU
109710,"SHAFT, SLEEVE NO. S-1","العمود، الكم رقم S-1",INSURANCE_SPARE,RS-GUPCO,0,02G46,3002124,EACH,158001DB,BELT/TRANSMIT,PU
109990,"BEARING, BALL CONRAD TYPE SINGLE ROW RADIAL SHIELD  BOTH SIDES MEDIUM (300)SERIES STRIP STEEL RETAINE R ID:2.1654 IN. OD","محمل كروي من نوع كونراد، صف واحد، درع شعاعي على كلا الجانبين، متوسط (سلسلة 300)، شريط فولاذي، حامل داخلي: 2.1654 بوصة، قطر خارجي",MIN_MAX,RS-GUPCO,0,,0,EACH,63112Z,BR/SL/S.PLG/FLT,PU
109991,"BEARING, BALL CONRAD TYPE SINGLE ROW RADIAL SHIELD  BOTH SIDES MEDIUM (300)SERIES STRIP STEEL RETAINE R ID:2.3622 IN. OD","محمل كروي من نوع كونراد، صف واحد، درع شعاعي على كلا الجانبين، متوسط (سلسلة 300)، شريط فولاذي، حامل داخلي: 2.3622 بوصة، قطر خارجي",MIN_MAX,RS-GUPCO,0,02G66F,4510102,EACH,SKF-6312-ZZ,BR/SL/S.PLG/FLT,PU
110150,"STARTER, AIR AND GAS MOTOR SIZE 150 BMG 150 PSI MA X MODEL E21RH6 FOR I.R. AIR STARTER & GAS MOTOR SI ZE 150 BMG MODEL E","بادئ تشغيل، محرك هواء وغاز، حجم 150 BMG، ضغط 150 رطل/بوصة مربعة، موديل E21RH6، لبادئ تشغيل الهواء ومحرك الغاز، حجم 150 BMG، موديل E",MIN_MAX,RS-GUPCO,2,,0,EACH,~,BR/SL/S.PLG/FLT,MM
103383,"PUMP, COMPLETE WITHOUT ELEC. MOTOR, 2"" BLACKMER PO SITIVE DISPLACEMENT, ID NO. 41B1, SER.NO. 80857,PU MP ONLY NO GEAR RE","مضخة كاملة بدون محرك كهربائي، إزاحة موجبة 2 بوصة من بلاكمر، رقم التعريف 41B1، الرقم التسلسلي 80857، المضخة فقط بدون تروس",INSURANCE_SPARE,RS-GUPCO,0,,4723204,EACH,~,AUTO SHOP EQUIP,PU
109843,"V-BELT, AUTOMOTIVE TYPE RAW EDGE-NEUTRAL CORD      OC:49.375 IN TW:0.406 IN    P/N. 9433752           ""GEN.MOT."" OR EQUI","حزام على شكل حرف V، نوع السيارات، حافة خام - سلك محايد، قطر الدائرة: 49.375 بوصة، عرض السلك: 0.406 بوصة، رقم القطعة: 9433752 ""GEN.MOT."" أو ما يعادله",PLANNED_WO,RS-GUPCO,0,,0,EACH,9433752,BELT/TRANSMIT,PU
109904,BEARING TYPE MRC.NO.T-114 AZ FOR WATER MAKER PUMP PACK WASH.  MNFG.  MRC     USA,محمل من النوع MRC.NO.T-114 AZ لغسيل مجموعة مضخات جهاز تحلية المياه. صنع في الولايات المتحدة الأمريكية بواسطة MRC,MIN_MAX,RS-GUPCO,0,02G62A,7320102,EACH,~,BR/SL/S.PLG/FLT,PU
110502,"JACKET, WATER HEATER EXPLOSION PROO P/N. D110 ER/K S/012 EREL,(P/N. HB125110000)","غلاف مقاوم للانفجار لسخان المياه، رقم القطعة D110 ER/K S/012 EREL، (رقم القطعة HB125110000)",INSURANCE_SPARE,RS-GUPCO,0,02G43,0,EACH,HB125110000,COOLERS,MM
109728,"KIT, REPAIR CONSISTS OF:ROT.FACE ASSY S-15,DRIVE COLLAR S-58,SET SCREW S-57-1,SET SCREW S-57, DISATER BUSHING S-24,SLEEV","طقم الإصلاح يتكون من: مجموعة وجه الدوران S-15، طوق القيادة S-58، برغي التثبيت S-57-1، برغي التثبيت S-57، جلبة الموزع S-24، غلاف",INSURANCE_SPARE,RS-GUPCO,0,03/G44B,3002112,KIT,A2N00404_11_K1,BELT/TRANSMIT,PU
110028,"BEARING,ROLLER TAPERED CONE ID:2.25"" W:1.183"" CH:  0.14""  ""TIMKEN""         P/N. 3979","محمل أسطواني مخروطي الشكل، القطر الداخلي: 2.25 بوصة، العرض: 1.183 بوصة، المسافة بين مركز الثقل: 0.14 بوصة، من إنتاج شركة ""تيمكين""، رقم القطعة: 3979",PLANNED_WO,RS-GUPCO,0,02G68F,0,EACH,3979,BR/SL/S.PLG/FLT,MM
110336,"OIL FILTER, ASSY, P/N 39259668  (INGERSOLL RAND GENUINE PARTS , MADE IN USA AND PROVIDE ORGINE CERTIFICATE , DO NOT SUBS","فلتر زيت، مجموعة، رقم القطعة 39259668 (قطع غيار أصلية من إنجرسول راند، صنع في الولايات المتحدة الأمريكية، مع شهادة منشأ، لا تقبل ببدائل).",PLANNED_WO,RS-GUPCO,2,,8009166,EACH,39259668,BR/SL/S.PLG/FLT,MM
110305,"FILTER, FUEL OIL P/N  :   207494","فلتر زيت الوقود، رقم القطعة: 207494",SURPLUS,RS-GUPCO,0,01B04B (1),6923114,EACH,207494,BR/SL/S.PLG/FLT,MM
110326,FILTER AS FUEL,فلتر كوقود,INSURANCE_SPARE,RS-GUPCO,0,02/F60G (1),7103121,EACH,1R0740,BR/SL/S.PLG/FLT,MM
110207,PINTON  AND  GEAR,بينتون آند جير,INSURANCE_SPARE,RS-GUPCO,0,01A01D (1),3120102,SET,67316E_9,BR/SL/S.PLG/FLT,PU
110208,"PINTON,BEARING ITEM NO'S 15&8                      MNFG.""TERRY"" GERMANY","بينتون، محامل، أرقام الأصناف 15 و8، مصنعة من قبل ""تيري"" ألمانيا",INSURANCE_SPARE,RS-GUPCO,0,01/ A01  B,3120102,EACH,,BR/SL/S.PLG/FLT,PU
110209,"GEAR BEARING (DRIVING END)ITEM NO'S 17&20          MNFG.""TERRY"" GERMANY","محمل تروس (طرف القيادة) رقمي الصنف 17 و20، صنع في ألمانيا من قبل شركة ""تيري"".",INSURANCE_SPARE,RS-GUPCO,0,01 / A01  B,3120102,EACH,,BR/SL/S.PLG/FLT,PU
109730,"MECHANICAL SEAL, COMPLETE WITH FLANGE SLEEVE AND   GASKET ""BURG WARNER"" UX-2125-5N4A DRAWING          NO.IA-8499-03","مانع تسرب ميكانيكي، كامل مع غلاف شفة وحشية ""بورغ وارنر"" UX-2125-5N4A، رقم الرسم IA-8499-03",INSURANCE_SPARE,RS-GUPCO,0,02E03G (1),3002132,EACH,UA-2125-5N4A,BELT/TRANSMIT,PU
109924,"BEARING, WIDE INNER RING, MEDIUM SERIES, FOR       STRAIGHT SHAFT MOUNTING, CYLINDERICAL 0.D. NON     RELUB. TYPE SHAFT","محمل ذو حلقة داخلية عريضة، من السلسلة المتوسطة، لتركيب عمود مستقيم، عمود أسطواني بقطر خارجي صفري، من النوع غير القابل لإعادة التزييت.",MIN_MAX,RS-GUPCO,0,02G62D,7320102,EACH,601410293,BR/SL/S.PLG/FLT,PU
110217,"BEARING, HS.P/N  :   BM 085457","محمل، HS.P/N: BM 085457",INSURANCE_SPARE,RS-GUPCO,0,02/G80,3112100,EACH,BM 085457,BR/SL/S.PLG/FLT,PU
110219,"PUMP, OIL 020 CW P/N  :   E7075860",مضخة زيت 020 CW رقم القطعة: E7075860,INSURANCE_SPARE,RS-GUPCO,0,,3112100,EACH,7075860,BR/SL/S.PLG/FLT,PU
110220,"FILTER, CARTRIDGE P/N  :   E 7079407","فلتر، خرطوشة، رقم القطعة: E 7079407",SURPLUS,RS-GUPCO,0,,3112100,EACH,E 7079407,BR/SL/S.PLG/FLT,PU
274398,"CARTRIDIGE, J.C., DOUBLE MECH. SEAL, SIZE ¦1.375, TYPE T-5620-P BIG BORE VERSION, DWG NO. HSP-38060, PARENT 7907106","خرطوشة، JC، مانع تسرب ميكانيكي مزدوج، مقاس 1.375 بوصة، نوع T-5620-P إصدار ذو تجويف كبير، رقم الرسم HSP-38060، الأصل 7907106",INSURANCE_SPARE,RS-GUPCO,0,02V11F,0,EACH,89292759,PUMP MISC,PU
110225,"COUPLING, PUMP P/N  :   AM 093422","وصلة مضخة، رقم القطعة: AM 093422",INSURANCE_SPARE,RS-GUPCO,0,02G82C,3112102,EACH,AM 093422,BR/SL/S.PLG/FLT,PU
110227,"SEAL, L.SP P/N  :   BM 085388","ختم، رقم القطعة: BM 085388",INSURANCE_SPARE,RS-GUPCO,0,,3112102,EACH,BM 085388,BR/SL/S.PLG/FLT,PU
110228,"GASKET, COVER P/N  :   BP077636","حشية، غطاء، رقم القطعة: BP077636",INSURANCE_SPARE,RS-GUPCO,0,02/F48A (1),3112102,EACH,BP077636,BR/SL/S.PLG/FLT,PU
110229,"BEARING, L.SP.P/N  :   CM 086835","محمل، L.SP.P/N: CM 086835",MIN_MAX,RS-GUPCO,0,01A03E,3112102,EACH,CM 086835,BR/SL/S.PLG/FLT,PU
110230,"KEY, L.SP. 1.1/4 X 1.1/4 X 5.11/16 P/N  :   E 7056 991","مفتاح، L.SP. 1.1/4 × 1.1/4 × 5.11/16 رقم القطعة: E 7056 991",PLANNED_WO,RS-GUPCO,0,,3112102,EACH,E 7056991,BR/SL/S.PLG/FLT,PU
110206,RANDOLPH GEAR BOX COMPLETE MODEL G-300 WITH        GEAR RATIO 1:1 AND ANTIREVERSE RATCHET TO          OPERATE AT 1760 RP,"علبة تروس راندولف كاملة، طراز G-300، بنسبة تروس 1:1، ومزودة بآلية مانعة للانعكاس تعمل بسرعة 1760 دورة في الدقيقة.",PLANNED_WO,RS-GUPCO,0,,0,EACH,,BR/SL/S.PLG/FLT,PU
110357,"FILTER, AIR BREATHER","فلتر، جهاز تنفس الهواء",SURPLUS,RS-GUPCO,1,,7902107,EACH,1071378,BR/SL/S.PLG/FLT,PU
274472,Gasket Suction Cover (item no.351),غطاء شفط مانع للتسرب (رقم الصنف 351),SURPLUS,RS-GUPCO,0,,7907120,EACH,68267 5108,PUMP MISC,PU
110231,"GAUGE,OIL LEVEL P/N  :   E7075895","مقياس مستوى الزيت، رقم القطعة: E7075895",PLANNED_WO,RS-GUPCO,0,,3112102,EACH,E7075895,BR/SL/S.PLG/FLT,PU
110232,"PUMP, OIL 030 CW P/N  :   E 7075862",مضخة زيت 030 CW رقم القطعة: E 7075862,INSURANCE_SPARE,RS-GUPCO,0,,3112102,EACH,E 7075862,BR/SL/S.PLG/FLT,PU
110233,"KEY, PUMP P/N  :   E 7056953","مفتاح، مضخة، رقم القطعة: E 7056953",PLANNED_WO,RS-GUPCO,0,,3112102,EACH,E 7056953,BR/SL/S.PLG/FLT,PU
109689,"CARTRIDGE J.C. TYPE 8B-1 SIZE 3.375"" MAT CODE Q/X D1O81 DWG.NO. CF-SP-59007 (The stationary face is silicon carbide and","خرطوشة من النوع JC 8B-1، مقاس 3.375 بوصة، رمز المادة Q/X D1O81، رقم الرسم CF-SP-59007 (السطح الثابت مصنوع من كربيد السيليكون و",INSURANCE_SPARE,RS-GUPCO,0,02G42C,7909108,EACH,~,BELT/TRANSMIT,PU
109702,"J.C TYPE 8B1-0 SIZE 3.5"" DWG.NO. CF-SF-94569-1 WITH MATING RING silicon carbide AND PRIMARY RING tungsten carbide, MATER","JC النوع 8B1-0 المقاس 3.5 بوصة رقم الرسم CF-SF-94569-1 مع حلقة توصيل من كربيد السيليكون وحلقة أساسية من كربيد التنجستن، المادة",INSURANCE_SPARE,RS-GUPCO,0,02G44A,3010122,EACH,~,BELT/TRANSMIT,PU
109703,"SLEEVE, WITH O-RING.                               P/N:F-3500-415-0530","كمّ، مع حلقة مانعة للتسرب. رقم القطعة: F-3500-415-0530",INSURANCE_SPARE,RS-GUPCO,0,02G44C,3010122,EACH,F3500-415-0530,BELT/TRANSMIT,PU
110262,"COOLER, LUBE OIL MNFG.""AMARILLO"" USA","مبرد زيت التشحيم MNFG ""أماريلو"" الولايات المتحدة الأمريكية",INSURANCE_SPARE,RS-GUPCO,0,02/F50B (1),3101200,EACH,,BR/SL/S.PLG/FLT,PU
110263,"OIL SEAL MNFG. AMARILLO , USA","شركة تصنيع مانع تسرب الزيت، أماريلو، الولايات المتحدة الأمريكية",PLANNED_WO,RS-GUPCO,0,,3101202,EACH,415379,BR/SL/S.PLG/FLT,PU
110264,"DRIVE, RIGHT ANGLE GEAR COMPLETE MODEL SSH750A gear ratio 2:3 solid shaft transmission rated for 750 HP @ 1760 RPM, figu","ناقل حركة كامل بزاوية قائمة، طراز SSH750A، نسبة التروس 2:3، عمود صلب، مصمم لتحمل 750 حصانًا عند 1760 دورة في الدقيقة، الشكل",INSURANCE_SPARE,RS-GUPCO,0,01B02H,3101202,EACH,~,BR/SL/S.PLG/FLT,PU
110302,"ELEMENT AIR CLEANER, P/N.:169180G,NEW PT.NO.169180X ----P./N.PA2693, MNFG. BALDWIN USA,","جهاز تنقية الهواء ELEMENT، رقم القطعة: 169180G، رقم القطعة الجديد: 169180X ---- رقم القطعة: PA2693، صنع في الولايات المتحدة الأمريكية: BALDWIN",MIN_MAX,RS-GUPCO,0,05B04,6923116,EACH,169180K,BR/SL/S.PLG/FLT,MM
110303,"ELEMENT, AIR CLEANER P/N.169180L, for engine Model:F3521G S/N:5283702784 @ STD. PKG. 1 MNFG. BALDWIN USA,  (THIS ITEM TO","عنصر تنقية الهواء، رقم القطعة 169180L، لمحرك طراز: F3521G، الرقم التسلسلي: 5283702784، عبوة قياسية واحدة، من إنتاج شركة بالدوين الأمريكية. (هذا المنتج لـ",MIN_MAX,RS-GUPCO,0,05B06,6923114,EACH,169180L,BR/SL/S.PLG/FLT,MM
109653,"MECHANICAL SEAL, 1-1/2"" 'J.C' TYPE 9B, MAT. CODE   QP-1D1,DWG. NO. CF-SP-35630","مانع تسرب ميكانيكي، 1-1/2 بوصة، نوع JC 9B، رمز المادة QP-1D1، رقم الرسم CF-SP-35630",INSURANCE_SPARE,RS-GUPCO,0,02G38B,7321272,EACH,CF-SP-35630,BELT/TRANSMIT,PU
109654,"MECHANICAL SEAL, 1"" TYPE T1 MATERIAL SPEC BP1C1    DRG NO. D-SP-1639","مانع تسرب ميكانيكي، 1 بوصة، النوع T1، مواصفات المادة BP1C1، رقم الرسم D-SP-1639",INSURANCE_SPARE,RS-GUPCO,0,02E17B (1),3010104,SET,81004455,BELT/TRANSMIT,PU
109655,"MECHANICAL SEAL, 1"" TYPE 1 MAT SPEC QF191","مانع تسرب ميكانيكي، 1 بوصة، النوع 1، مواصفات المادة QF191",PLANNED_WO,RS-GUPCO,0,,3010110,EACH,,BELT/TRANSMIT,PU
109656,"MECH.SEAL J.C. TYPE 1                              SIZE 1-1/4"" MAT SPEC XF1D1 DWG.NO. CF-SP-40270     CONSIST OF. RING,G","مانع تسرب ميكانيكي من النوع JC 1، مقاس 1-1/4 بوصة، مواصفات المادة XF1D1، رقم الرسم CF-SP-40270، يتكون من: حلقة، G",PLANNED_WO,RS-GUPCO,0,,3003122,EACH,,BELT/TRANSMIT,PU
109657,"MECHANICAL SEAL, 1.3/8 IN. TYPE T1 MAT. SPEC AR1K 1CODE NO 0349/1/-/A32768.                           WITH COLLAR F-SP-1","مانع تسرب ميكانيكي، 1.3/8 بوصة، النوع T1، مواصفات المادة AR1K 1، رقم الكود 0349/1/-/A32768، مع طوق F-SP-1",PLANNED_WO,RS-GUPCO,0,,3010108,EACH,,BELT/TRANSMIT,PU
109659,"MECHANICAL SEAL JOHN CRANE, Size 1-3/4"" TYPE 8BIT-0, MATS.CODE XO581O581 (primary ring and mating ring material is silic","مانع تسرب ميكانيكي من جون كرين، مقاس 1-3/4 بوصة، نوع 8BIT-0، رمز المادة XO581O581 (مادة الحلقة الأساسية وحلقة التوصيل هي السيليكون)",PLANNED_WO,RS-GUPCO,0,,3007102,EACH,,BELT/TRANSMIT,PU
109661,"SLEEVE,                                            .","كم،                                            .",INSURANCE_SPARE,RS-GUPCO,0,,3003112,EACH,81170088,BELT/TRANSMIT,PU
109711,"CARTRIDGE J.C. TYPE 1B                             SIZE 1-1/2"" MAT.CODE XP1D1 DWG.NO. CF-SP-45194     COMPLETE WITH GLAN","خرطوشة من النوع JC 1B، مقاس 1-1/2 بوصة، رمز المادة XP1D1، رقم الرسم CF-SP-45194، كاملة مع رأس غليون",PLANNED_WO,RS-GUPCO,0,,3003142,EACH,89230296,BELT/TRANSMIT,PU
109713,"MECHANICAL SEAL, MODEL U-1187 MAT. CODE NO 5T1V, (The stationary face is silicon carbide and the rotating face is 316/tu","مانع تسرب ميكانيكي، طراز U-1187، رمز المادة 5T1V، (السطح الثابت مصنوع من كربيد السيليكون والسطح الدوار مصنوع من الفولاذ المقاوم للصدأ 316/tu",MIN_MAX,RS-GUPCO,0,02 G 46,3002118,EACH,939093-001,BELT/TRANSMIT,PU
109714,"MECHANICAL SEAL, MODEL U-1437 MAT. CODE NO 5T1V COMPLETE WITH GLAND S-11, GASKET S-18, DRIVE COLLAR S-S8, SHAFT SLEEV S-","مانع تسرب ميكانيكي، طراز U-1437، رمز المادة 5T1V، كامل مع حشوة S-11، حشية S-18، طوق قيادة S-S8، جلبة عمود S-",PLANNED_WO,RS-GUPCO,0,,3002114,EACH,A2R1552-01,BELT/TRANSMIT,PU
109723,"REPAIR KIT, STA.FACE S-14 silicon carbide P/No. 617715SL-D&ROT, FACE ASSY. S-15 tungsten carbide P/No. 671340NQ-D","طقم إصلاح، سطح STA S-14 من كربيد السيليكون، رقم القطعة 617715SL-D&ROT، مجموعة سطح S-15 من كربيد التنجستن، رقم القطعة 671340NQ-D",INSURANCE_SPARE,RS-GUPCO,0,02/G50,3002108,KIT,841C0102-003,BELT/TRANSMIT,PU
109724,"REPAIR KIT, CONSISTS OF:U-CUP S-4,SEAT GASKET S-13 ,STA.FACE S-14 AND ROT.FACE S-15, mating faces silicon carbide P/No.","طقم إصلاح، يتكون من: كوب على شكل حرف U S-4، حشية المقعد S-13، وجه المقعد S-14 ووجه الدوران S-15، أسطح التزاوج من كربيد السيليكون P/No.",INSURANCE_SPARE,RS-GUPCO,0,02/G50A,3002128,KIT,1B-8547-16-K11,BELT/TRANSMIT,PU
109726,"MECHANICAL SEAL, COMPLETE ASSY. TYPE UK-4000 MAT CODE 5T4V.CONSIST OF:SEAL FLANGE S-11,SHAFT SLEEVE S-1,SLEEVE GASKET S-","مانع تسرب ميكانيكي، مجموعة كاملة. النوع UK-4000، رمز المادة 5T4V. يتكون من: شفة مانع التسرب S-11، جلبة عمود الدوران S-1، حشية الجلبة S-",MIN_MAX,RS-GUPCO,0,02G50,3002112,EACH,809767-001,BELT/TRANSMIT,PU
109727,"SLEEVE, SHAFT FIG NO. S-1.","كم، عمود الشكل رقم S-1.",INSURANCE_SPARE,RS-GUPCO,0,02E03B (1),3002112,EACH,3N00684DB,BELT/TRANSMIT,PU
103585,"FLUX, FLUID ""WELCO 500"" FOR ALL SOFT SOLDERS EXCEP T WHITE METALS EACH/4 OZ.BT.","مادة FLUX، سائل ""WELCO 500"" لجميع أنواع اللحام الناعم باستثناء المعادن البيضاء، كل عبوة / 4 أونصة.",INSURANCE_SPARE,RS-GUPCO,8,02L38A,0,CAN,~,WELDING EQUIP,MM
103590,"PASTE, SOLDERING KESTER 1 LB/CAN.",معجون لحام كيستر 1 رطل/علبة.,PLANNED_WO,RS-GUPCO,0,02L12E (1),0,POUND,,WELDING EQUIP,MM
103342,"BRUSH, WIRE 4"" O.D. X 0.01R WIRE X 1/2 A.HOLE 4500  R.P.M. ""ADAVANCE PRODUCT NO. 604-30.","فرشاة، سلك 4 بوصة OD × 0.01R سلك × 1/2 فتحة A. 4500 دورة في الدقيقة ""ADAVANCE PRODUCT NO. 604-30.",MIN_MAX,RS-GUPCO,0,,0,EACH,7779-S-30,AUTO SHOP EQUIP,MM
103569,"ATTACHMENT, CIRCULAR CUTTING FOR TIP SERIES 1 & 2, ""VICTOR"" MODEL NO. D-496.","ملحق، قطع دائري لسلسلة رؤوس القطع 1 و 2، موديل ""فيكتور"" رقم D-496.",SURPLUS,RS-GUPCO,0,02L08C (1),0,EACH,,WELDING EQUIP,MM
114312,"HOSE, 1/4 IN R1-MALE PIPE BOTH ENDS X 20 IN LONG P /N  :   D5000","خرطوم، أنبوب ذكر R1 مقاس 1/4 بوصة من كلا الطرفين × طول 20 بوصة، رقم القطعة: D5000",PLANNED_WO,RS-GUPCO,0,,6404202,EACH,D5000,CRANES,MM
103391,"ROTOR, AND SHAFT # 13 P/N. 261409 MFG. BLACKMER USA","الدوار والعمود رقم 13، رقم القطعة 261409، من إنتاج شركة بلاكمر الأمريكية.",INSURANCE_SPARE,RS-GUPCO,0,02K48,4723204,EACH,261409,AUTO SHOP EQUIP,MM
103392,Vane Bronze For Blackmer Pump Model GXS2 Id No. 41b1 S/N 80857d Catalogue No. # 14 Pt.No. 093924,"ريشة برونزية لمضخة بلاكمر طراز GXS2، رقم التعريف 41b1، الرقم التسلسلي 80857d، رقم الكتالوج # 14، رقم القطعة 093924",INSURANCE_SPARE,RS-GUPCO,0,02L12F,4723204,EACH,93924,AUTO SHOP EQUIP,MM
103396,"BEARING,NO. 24,P/N  :   903158","محمل، رقم 24، رقم القطعة: 903158",INSURANCE_SPARE,RS-GUPCO,0,02L12F,4723204,EACH,903158,AUTO SHOP EQUIP,MM
103372,"GUN, CLEANING (JP-291)                             MNF. JENNY      USA","مسدس، تنظيف (JP-291) MNF. جيني الولايات المتحدة الأمريكية",PLANNED_WO,RS-GUPCO,0,,4710104,EACH,JE-291,AUTO SHOP EQUIP,MM
273736,V.Belt Part No.: 5VX830 FOR GAS GENERATOR AT RAS BAKR.  To be foreign and dont substitute,حزام V رقم القطعة: 5VX830 لمولد الغاز في راس بكر. يجب أن يكون المنتج مستوردًا ولا يُستبدل.,PLANNED_WO,RS-GUPCO,0,,0,EACH,5VX830,BELT/TRANSMIT,MM
110210,"COUPLING, UFH-75(E-22)","وصلة، UFH-75(E-22)",INSURANCE_SPARE,RS-GUPCO,0,02/F46B (1),3120102,EACH,13860,BR/SL/S.PLG/FLT,PU
103559,"CRAYON, LUMBER YELLOW REGULAR DIXON CAT. NO. 496.- ---P/N.MKL80321","قلم تلوين، لون أصفر خشبي عادي، من إنتاج شركة ديكسون، رقم الكتالوج 496.- ---P/N.MKL80321",INSURANCE_SPARE,RS-GUPCO,0,02L08A (1),0,EACH,,WELDING EQUIP,MM
103563,"KIT, DURMETALL INDUSTRIAL EACH CONTAINS: 10 KG     DURMETALL STD. 0.24 KG DURMETALL FLUIDIZER-0.5 LT .DURMETALL SPECIAL","مجموعة دورميتال الصناعية، تحتوي كل منها على: 10 كجم من دورميتال القياسي، 0.24 كجم من مُميِّع دورميتال، 0.5 لتر من دورميتال الخاص",MIN_MAX,RS-GUPCO,0,,0,KIT,~,WELDING EQUIP,MM
103322,"PUMP, ROTARY HAND, FLOW RATE 10 GPM SERIES ""A""""BOS TER""   P/N  :   V110H","مضخة يدوية دوارة، معدل تدفق 10 جالون في الدقيقة، سلسلة ""أ"" ""بوس تير""، رقم القطعة: V110H",MIN_MAX,RS-GUPCO,0,02L10A,0,EACH,V110H,AUTO SHOP EQUIP,MM
103380,"ROTARY HAND 1-1/4"" ""BLACKMER"" NO.BR-828-A MFG. BLACKMERE,USA","دوار يدوي 1-1/4 بوصة ""بلاكمير"" رقم BR-828-A صنع في شركة بلاكمير، الولايات المتحدة الأمريكية",PLANNED_WO,RS-GUPCO,0,,0,EACH,103380,AUTO SHOP EQUIP,MM
103626,"AMMETER, # 180,P/N  :   S-7514-4","مقياس التيار الكهربائي، رقم 180، رقم القطعة: S-7514-4",INSURANCE_SPARE,RS-GUPCO,0,02L26B (1),4912102,EACH,S-7514-4,WELDING EQUIP,MM
112357,"PIPE, EXHAUST FLEXIBLE S.S. CORRUGATED TYPE 4 INC.  INSIDE DIA.20"" LENGTH","أنبوب عادم مرن من الفولاذ المقاوم للصدأ مموج من النوع 4، قطر داخلي 20 بوصة، طول",INSURANCE_SPARE,RS-GUPCO,0,02L44E(1),0,EACH,,MARINE EQUIP,MM
103461,"GUN, STEERING GEAR 12 OZ CAPACITY ""LINCOLN"" MOD. N O. 615 OR EQUAV.","بندقية، جهاز توجيه سعة 12 أونصة ""لينكولن"" موديل رقم 615 أو ما يعادله.",OBSOLETE,RS-GUPCO,0,02K21D (1),0,EACH,,AUTO SHOP EQUIP,MM
103462,"GUN, GREASE,""CAMERON ""P.NO. 19873-1---","مسدس، شحم، كاميرون، رقم القطعة 19873-1",PLANNED_WO,RS-GUPCO,0,,0,EACH,19873-1,AUTO SHOP EQUIP,MM
103465,"MOTOR, OIL PUMP MODEL 9669-4                       FOR ""ALEMIT""PUMP, AIR OPERATED HIGH PRESSURE       MFG. ALEMITE","محرك، مضخة زيت طراز 9669-4 لمضخة ""أليميت""، تعمل بالهواء المضغوط، عالية الضغط، من إنتاج شركة أليميت.",MIN_MAX,RS-GUPCO,0,,4701102,EACH,9969-B,AUTO SHOP EQUIP,MM
103466,"ADJUSTOSHOT,P/N : 8320.3 , old P/N  was : 7421-A","ADJUSTOSHOT، رقم القطعة: 8320.3، رقم القطعة القديم: 7421-A",PLANNED_WO,RS-GUPCO,0,,4701102,EACH,8320.3,AUTO SHOP EQUIP,MM
103468,"HOSE, HIGH PRESSURE 40 FT,P/N  :   317875-40","خرطوم ضغط عالٍ بطول 40 قدمًا، رقم القطعة: 317875-40",MIN_MAX,RS-GUPCO,0,,4701102,EACH,317875-40,AUTO SHOP EQUIP,MM
103324,"HOSE, WITH COUPLING ""ALEMITE"" HOSE # 317850-1 COUP LING # 308730,P/N  :   6703-A","خرطوم مع وصلة ""أليميت"" رقم الخرطوم 317850-1، رقم الوصلة 308730، رقم القطعة: 6703-A",MIN_MAX,RS-GUPCO,1,03G25G,0,EACH,6703-A,AUTO SHOP EQUIP,MM
103325,"COUPLING, AIR QUICK DETACH, P/N 308730, MFG: ALEMITE, USA.","اقتران، فصل سريع للهواء، رقم القطعة 308730، MFG: ALEMITE، الولايات المتحدة الأمريكية.",MIN_MAX,RS-GUPCO,0,02L10B,0,EACH,308730-A,AUTO SHOP EQUIP,MM
103337,"BRUSH, WIRE CUP 6"" (0.020"" CRIMPED) BLACK & DECKER",فرشاة سلكية كوبية 6 بوصات (0.020 بوصة مجعدة) بلاك آند ديكر,MIN_MAX,RS-GUPCO,0,,0,EACH,12398,AUTO SHOP EQUIP,MM
103544,"REGULATOR FOR PICK-UP 5.71, 4.31 MODEL             ""TNBI B SIC CERT.41997""","منظم ضغط لشاحنة بيك أب 5.71، 4.31 موديل ""TNBI B SIC CERT.41997""",SURPLUS,RS-GUPCO,0,02CA12 (1),4912104,EACH,E-5-314250,WELDING EQUIP,PU
115937,"INDICATOR, RESTRICTION, AIR CLEANER","مؤشر، تقييد، منقي هواء",PLANNED_WO,RS-GUPCO,0,02Q41G (1),6923108,EACH,153789,ENGINE USA,MM
115939,"WASHER, VALVE SPRING","غسالة، زنبرك الصمام",PLANNED_WO,RS-GUPCO,0,02Q02B (1),6923108,EACH,153883A,ENGINE USA,MM
115940,"RETAINER, VALVE SPRING","مثبت، زنبرك الصمام",INSURANCE_SPARE,RS-GUPCO,0,02/P25,6923108,EACH,153884D,ENGINE USA,MM
116481,"REGULATOR, OIL LEVEL PEN",منظم مستوى الزيت,INSURANCE_SPARE,RS-GUPCO,0,,6923106,EACH,,ENGINE USA,MM
115943,"ARM, ROCKER-INTAKE ACTUATOR","ذراع، مشغل مدخل الهواء",PLANNED_WO,RS-GUPCO,0,,6923106,EACH,AF153892F,ENGINE USA,MM
115944,"GASKET, VALVE ROCKE ARM COVER .","الحشية، غطاء ذراع الصمام الصخري.",MIN_MAX,RS-GUPCO,0,02P23A,6923108,EACH,153894D,ENGINE USA,MM
115946,"GASKET, EXHAUST MANIFOLD",حشية مشعب العادم,MIN_MAX,RS-GUPCO,0,02P23,6923108,EACH,153896G,ENGINE USA,MM
112355,"DISK CLUTCH,BRAKE UNIT                             DRAWING NO:A3/0091A",رسم تخطيطي لوحدة القابض القرصي والفرامل رقم: A3/0091A,INSURANCE_SPARE,RS-GUPCO,0,02/L-44F,5322104,EACH,,MARINE EQUIP,MM
112352,"TRANSMITTER,","جهاز الإرسال،",INSURANCE_SPARE,RS-GUPCO,0,02L44C,5322100,EACH,552J0965,MARINE EQUIP,MM
112353,"WIRE,LOWER CONTROL P.V.C. DRAWING NO:95_2809_000-- --PRICE IS PER ONE FOOT OF 1/8"" PVC COATED LINE,P/ N.BK0260","سلك تحكم سفلي من مادة PVC، رقم الرسم: 95_2809_000 -- -- السعر للقدم الواحدة من خط مطلي بمادة PVC مقاس 1/8 بوصة، رقم القطعة: BK0260",PLANNED_WO,RS-GUPCO,0,,5322104,REEL,,MARINE EQUIP,MM
103436,"DISC, P/N 063803, MFG: BLACKMER, USA, (DISCS MADE IN CHINA WILL NOT BE ACCEPTED).","قرص، رقم القطعة 063803، الشركة المصنعة: بلاكمر، الولايات المتحدة الأمريكية، (لن يتم قبول الأقراص المصنوعة في الصين).",PLANNED_WO,RS-GUPCO,0,,4704104,EACH,63803,AUTO SHOP EQUIP,PU
103437,"CYLINDER,P/N  :   023801","أسطوانة، رقم القطعة: 023801",PLANNED_WO,RS-GUPCO,0,,4704104,EACH,23801,AUTO SHOP EQUIP,PU
103439,"VANE,P/N  :   091419","VANE، رقم القطعة: 091419",PLANNED_WO,RS-GUPCO,0,,4704104,EACH,91419,AUTO SHOP EQUIP,PU
103444,"MECHANICAL SEAL, JOHN CRANE NO. 9  P/N. 333104","مانع تسرب ميكانيكي، جون كرين رقم 9، رقم القطعة 333104",INSURANCE_SPARE,RS-GUPCO,0,,4704103,EACH,333104,AUTO SHOP EQUIP,PU
103448,"COUPLING, BETWEEN GEAR BOX & PUMP AL150 1 X 1.3/8""",وصلة بين علبة التروس والمضخة AL150 1 × 1.3/8 بوصة,INSURANCE_SPARE,RS-GUPCO,0,02K21B (1),4704104,EACH,D5016,AUTO SHOP EQUIP,PU
103449,"ENGINE, CLEANING/AIR SPRAY GUN MOD.140B,14 CFM @50  10"" NOZZLE W/1/4"" NPT MALE AIR CONN W/TUBING TO S IPHON FLUID FROM C","محرك، مسدس رش تنظيف/هواء موديل 140B، 14 قدم مكعب في الدقيقة عند 50 درجة فهرنهايت، فوهة 10 بوصات مع وصلة هواء ذكر NPT 1/4 بوصة مع أنبوب لسحب السائل من المحرك.",PLANNED_WO,RS-GUPCO,1,,0,EACH,6530-00000-1,AUTO SHOP EQUIP,MM
112356,"SEAL DOOR COMPLETE WITH MATERIAL FOT INSTALLATION  ,PN : Z450020","مانع تسرب الباب كامل مع مواد التركيب، رقم القطعة: Z450020",INSURANCE_SPARE,RS-GUPCO,0,03G17B (1),5314100,METER,Z450020,MARINE EQUIP,MM
112365,"LIGHT, SEARCH ZEEKRO 170-W, 24 V. WITH SPARE 12 LA MP 24VOLT MATCHED WITH THIS DIMATION P/N  :   9975 860","مصباح كشاف زيكرو 170 واط، 24 فولت، مع بطارية احتياطية 12 أمبير 24 فولت متوافقة مع هذا المصباح (رقم القطعة: 9975860)",INSURANCE_SPARE,RS-GUPCO,0,02L46H (1),5304102,EACH,9975860,MARINE EQUIP,MM
115665,GASKET KIT COMPLETE ( BOTTOM GASKET KIT NO.        900-1028 & TOP GASKET KIT NO. 979-250 ),طقم حشيات كامل (طقم الحشية السفلية رقم 900-1028 وطقم الحشية العلوية رقم 979-250),INSURANCE_SPARE,RS-GUPCO,0,,6923122,SET,G-979-265,ENGINE USA,MM
115668,"BASE, GASKET  SET","قاعدة، مجموعة حشيات",INSURANCE_SPARE,RS-GUPCO,0,02P47A (1),6923106,EACH,G-900-1025,ENGINE USA,MM
115669,"KIT, SINGLE PISTON RING","طقم، حلقة مكبس واحدة",PLANNED_WO,RS-GUPCO,0,,6923108,EACH,G-907-146,ENGINE USA,MM
115670,"KIT, RING, SINGLE PISTON SUPPERCEDED BY: G-907-147","طقم، حلقة، مكبس واحد، تم استبداله بـ: G-907-147",MIN_MAX,RS-GUPCO,0,02P43B,6923106,EACH,G-907-147,ENGINE USA,MM
116180,"SPRING, VALVE, OUTER, CYLINDER HEAD GROUP (OLD P/N  204135)","زنبرك، صمام، خارجي، مجموعة رأس الأسطوانة (رقم القطعة القديم 204135)",PLANNED_WO,RS-GUPCO,0,02Q21D (1),6923108,EACH,204135A,ENGINE USA,MM
116181,"VALVE, INTAKE  30 DEG.","صمام، مدخل 30 درجة.",PLANNED_WO,RS-GUPCO,0,02Q17A (1),6923106,EACH,204236K,ENGINE USA,MM
115969,ACTUATOR ROD,قضيب التشغيل,INSURANCE_SPARE,RS-GUPCO,0,,6923116,EACH,A163594B,ENGINE USA,MM
116112,"TUBE, OIL L.B. TURBOCHARGER OIL DRAIN",أنبوب تصريف زيت الشاحن التوربيني LB,INSURANCE_SPARE,RS-GUPCO,0,02P09,6923106,EACH,176246,ENGINE USA,MM
116114,"INSERT, VALVE SEAT","إدخال، مقعد الصمام",PLANNED_WO,RS-GUPCO,0,02Q38D(1),6923106,EACH,176352P,ENGINE USA,MM
116116,"SEAL, VALVE STEM WHITE","مانع تسرب، ساق الصمام أبيض",INSURANCE_SPARE,RS-GUPCO,0,~,6923108,EACH,176450E,ENGINE USA,MM
116093,"THERMOSTAT, 180 DEGREE","منظم حرارة، 180 درجة",MIN_MAX,RS-GUPCO,0,02Q13,6923108,EACH,211887D,ENGINE USA,MM
116096,"JOINT, BALL-R.H.",مفصل كروي يمين,PLANNED_WO,RS-GUPCO,0,02Q30B(1),6923114,EACH,199358D,ENGINE USA,MM
116097,"BEARING, ROD END",محمل طرف القضيب,MIN_MAX,RS-GUPCO,0,02P13,6923106,EACH,208434E,ENGINE USA,MM
115878,"WASHER, THRUST ,","غسالة، دفع،",INSURANCE_SPARE,RS-GUPCO,0,02P29H,6923108,EACH,153044C,ENGINE USA,MM
115880,"GASKET, WATER PUMP COVER",حشية غطاء مضخة الماء,MIN_MAX,RS-GUPCO,0,02P29F,6923108,EACH,153092B,ENGINE USA,MM
115908,"O-RING, OIL PAN DOOR ( P/NO. 153121 )","حلقة مانعة للتسرب، باب حوض الزيت (رقم القطعة 153121)",MIN_MAX,RS-GUPCO,0,,6923108,EACH,153121A,ENGINE USA,MM
115909,"GASKET, CRANKCASE WATER INLET FLANGE","حشية، شفة مدخل ماء علبة المرافق",PLANNED_WO,RS-GUPCO,0,,6923106,EACH,153139C,ENGINE USA,MM
115922,"TAPER, CRANKSHAFT PULLEY",بكرة عمود المرفق المخروطية,INSURANCE_SPARE,RS-GUPCO,0,,6923106,EACH,153161B,ENGINE USA,MM
115923,"DISC, UINVERSAL JOINT","القرص، المفصل العالمي",INSURANCE_SPARE,RS-GUPCO,0,,6923108,EACH,153272A,ENGINE USA,MM
115924,"GEAR, MAGNETO DRIVE- LARGE","ترس، محرك مغناطيسي - كبير",PLANNED_WO,RS-GUPCO,0,,6923108,EACH,153287,ENGINE USA,MM
115928,"ROD END, R.H P/NO. 153512","طرف قضيب، يمين، رقم القطعة 153512",INSURANCE_SPARE,RS-GUPCO,0,,6923125,EACH,208434F,ENGINE USA,MM
115931,"BRACKET,IDLER PULLY-ASSY,WATER PUMP","حامل، بكرة وسيطة، مضخة مياه",MIN_MAX,RS-GUPCO,1,02P25A,6923108,EACH,C153645A,ENGINE USA,MM
115934,LIFTER HYD VALVE,صمام هيدروليكي رافع,PLANNED_WO,RS-GUPCO,0,02Q61E (1),0,EACH,A153752U,ENGINE USA,MM
115935,"ROD, PUSH","قضيب، ادفع",MIN_MAX,RS-GUPCO,0,02P25C,6923108,EACH,A153754U,ENGINE USA,MM
116099,"ROD, GOVERNOR ASSY.","رود، جمعية الحاكم.",INSURANCE_SPARE,RS-GUPCO,0,01L04B,6923106,EACH,AA209615C,ENGINE USA,MM
116101,"CONNECTION, EXHAUST-FELXIBLE REPLACED BY P/N. 1995 15G",تم استبدال وصلة العادم المرنة بالرقم 15G لعام 1995,INSURANCE_SPARE,RS-GUPCO,0,02/P13,6923106,EACH,199515G,ENGINE USA,MM
115749,"SLEEVE, KIT SINGLE CYLINDER ,","غلاف، طقم أسطوانة واحدة،",INSURANCE_SPARE,RS-GUPCO,0,01C25C,6923106,EACH,G-932-182,ENGINE USA,MM
115763,"GASKET, KIT HEAD",طقم حشية رأس المحرك,MIN_MAX,RS-GUPCO,0,,6923106,EACH,G-977-49,ENGINE USA,MM
115764,"GASKET KIT, CYLINDER HEAD",طقم حشيات رأس الأسطوانة,MIN_MAX,RS-GUPCO,0,02P39B,6923108,EACH,G-977-48,ENGINE USA,MM
115765,"GASKET,KIT SINGLE HEAD",طقم حشية رأس واحد,PLANNED_WO,RS-GUPCO,0,,6923114,EACH,977-53,ENGINE USA,MM
115769,"HEAD SET, SUPPERECDED BY : G-979-266 ,","سماعة رأس، تم استبدالها بـ: G-979-266،",MIN_MAX,RS-GUPCO,0,02P39H,6923106,EACH,G-979-266,ENGINE USA,MM
115770,"EXHAUST, MAX SILENCER SIZE 10"", INLET AND OUTLET   FLANGES, LENGTH 59"", DIA 26""                       S/NO G-37251","عادم، أقصى حجم كاتم صوت 10 بوصات، حواف المدخل والمخرج، الطول 59 بوصة، القطر 26 بوصة، الرقم التسلسلي G-37251",INSURANCE_SPARE,RS-GUPCO,0,,6923120,EACH,MSA1-10,ENGINE USA,MM
116098,ADAPTER MAGNETO ASSEMLY,مجموعة محول المغناطيس,MIN_MAX,RS-GUPCO,0,,0,EACH,E199390C,ENGINE USA,MM
115894,"RING, PACKING-CYL. SLEEVE                          (UPPER AND MIDDLE GROOVES)","حلقة، غلاف أسطوانة التعبئة (الأخاديد العلوية والوسطى)",MIN_MAX,RS-GUPCO,0,03H30C (1),6923108,EACH,119396D,ENGINE USA,MM
115895,"RING, PACKING-CYL. SLEEVE (UPPER AND MIDDLE GROOVE S)","حلقة، غلاف أسطواني للحشو (الأخدود العلوي والأوسط)",MIN_MAX,RS-GUPCO,0,03H27C (1),6923106,EACH,119397G,ENGINE USA,MM
115901,"MUFFLER, EXHAUST MSA-2, SIZE 14""","كاتم صوت، عادم MSA-2، مقاس 14 بوصة",INSURANCE_SPARE,RS-GUPCO,0,07YARD (1),6923126,EACH,,ENGINE USA,MM
115902,"CONNECTOR, UNION","موصل، اتحاد",MIN_MAX,RS-GUPCO,0,,6923117,EACH,199108A,ENGINE USA,MM
115905,"GASKET, TURBOCHARGER CONNECTOR",حشية موصل الشاحن التوربيني,INSURANCE_SPARE,RS-GUPCO,0,02Q65C (1),6923108,EACH,151011B,ENGINE USA,MM
115801,"LEAD, PRIMARY","قائد، أساسي",SURPLUS,RS-GUPCO,0,02Q54F (1),6918202,EACH,RSI-2012L48,ENGINE USA,MM
115747,"KIT, CAMSHAFT BUSHING",طقم جلبة عمود الكامات,INSURANCE_SPARE,RS-GUPCO,0,02P41C (1),6923121,EACH,G-927-43,ENGINE USA,MM
116125,"VALVE, CHECK, TURBO PRELUBE OIL SYSTEM","صمام، فحص، نظام تزييت التوربو المسبق",MIN_MAX,RS-GUPCO,1,02P09G,6923116,EACH,177053,ENGINE USA,MM
116127,"STARTER, AIR","بادئ التشغيل، هواء",MIN_MAX,RS-GUPCO,0,01C23C,6923116,EACH,209180E,ENGINE USA,MM
116136,"BEARING, ( W 2.3/16"" SHAFT @ 1/4""X 1/2"" KEYWAY) FO R COOLER MODEL 10913ESV-175-438-S, SER. NO. 120537","محمل (عمود بقطر 2.3/16 بوصة، مجرى مفتاح 1/4 × 1/2 بوصة) لمبرد موديل 10913ESV-175-438-S، الرقم التسلسلي 120537",PLANNED_WO,RS-GUPCO,0,,0,EACH,12268-001,ENGINE USA,MM
116141,"TUBE, WATER BY PASS-UPPER","أنبوب، ماء جانبي علوي",INSURANCE_SPARE,RS-GUPCO,0,02Q29G (1),6923106,EACH,A194673,ENGINE USA,MM
116142,"CONNECTOR, FLEX .","موصل، مرن.",INSURANCE_SPARE,RS-GUPCO,0,,6923117,EACH,194769G,ENGINE USA,MM
116143,"CONNECTOR, FLEX, OIL PRIMING PUMP GP.","موصل، مرن، مضخة تحضير الزيت GP.",INSURANCE_SPARE,RS-GUPCO,0,02P07C,6923106,EACH,194769K,ENGINE USA,MM
116144,"LUBRICATOR, AIR STARTER FOR PRELUBE PUMP MOTOR","مُشحِّم، مُشغِّل هواء لمحرك مضخة التشحيم المسبق",PLANNED_WO,RS-GUPCO,0,,6923116,EACH,194840,ENGINE USA,MM
116145,"LUBRICATOR, AIR STARTER","مُزَلِّق، مُشغِّل هوائي",PLANNED_WO,RS-GUPCO,0,,6923117,EACH,194840H,ENGINE USA,MM
116020,"O-RING, 18.5X19X.25 P/N. 168922P ,  (SET=2 EA)","حلقة دائرية، 18.5 × 19 × 0.25، رقم القطعة 168922P، (مجموعة من قطعتين)",INSURANCE_SPARE,RS-GUPCO,0,,6923123,EACH,168922P,ENGINE USA,MM
116405,HALL-EFFECT PICK-UP,التقاط تأثير هول,MIN_MAX,RS-GUPCO,0,02Q18D,3601100,EACH,791050-2,ENGINE USA,MM
116150,"PISTON, 8-1/2 DIA. (8.25 TO 1 COMPRESSION RATIO)","مكبس، قطر 8-1/2 بوصة (نسبة ضغط 8.25 إلى 1)",INSURANCE_SPARE,RS-GUPCO,0,01C23B,6923108,EACH,205204X,ENGINE USA,MM
116152,"PISTON, 9-3/8"" DIA. (8 TO 1 COMPRESSION RATIO)","مكبس، قطره 9-3/8 بوصة (نسبة الضغط 8 إلى 1)",INSURANCE_SPARE,RS-GUPCO,0,01C13H (1),6923106,EACH,205504P,ENGINE USA,MM
116153,"ROD, CONNECTING ASM","قضيب، مجموعة التوصيل",INSURANCE_SPARE,RS-GUPCO,0,01C19H,6923117,EACH,A205407H,ENGINE USA,MM
116155,"TUBE, INJECTION TO OVERLOW HEADER","أنبوب، حقن إلى رأس التغذية",INSURANCE_SPARE,RS-GUPCO,0,01M02E,6923114,EACH,153978,ENGINE USA,MM
115804,"LEAD, SPYDER","الرصاص، العنكبوت",INSURANCE_SPARE,RS-GUPCO,0,02Q54F (1),6918202,EACH,RSI-T6L16,ENGINE USA,MM
115805,"RAIL, ASSY. R.B.","سكة حديدية، مجموعة RB",INSURANCE_SPARE,RS-GUPCO,0,01M02C (1),3601100,EACH,RSI-0269,ENGINE USA,MM
115785,"CRANK SHAFT & CRANK SHAFT BEARING,KIT","عمود المرفق ومحمل عمود المرفق، طقم",INSURANCE_SPARE,RS-GUPCO,0,01C27H,6923116,EACH,A200411E,ENGINE USA,MM
115793,"GASKET, INLET FLANGE","حشية، شفة المدخل",INSURANCE_SPARE,RS-GUPCO,0,02P27F,6923116,EACH,B2694,ENGINE USA,MM
115794,"GASKET, WATER INLET PIPE",حشية أنبوب مدخل الماء,PLANNED_WO,RS-GUPCO,0,,6923108,EACH,214307,ENGINE USA,MM
116188,"MANIFOLD,","مشعب،",INSURANCE_SPARE,RS-GUPCO,0,01C21A,6923116,EACH,A204542E,ENGINE USA,MM
116190,"Cylinder Head Assembly Engine Model:L7042G Natural Aspirated, P/No: DA204702R Waukesha  GENUINE PART , MADE IN USA, DO N","مجموعة رأس الأسطوانة، طراز المحرك: L7042G، سحب طبيعي، رقم القطعة: DA204702R، قطعة أصلية من شركة Waukesha، صنع في الولايات المتحدة الأمريكية.",MIN_MAX,RS-GUPCO,0,01C13H,6923122,EACH,DA204702R,ENGINE USA,MM
116191,"CAMSHAFT,","عمود الحدبات،",INSURANCE_SPARE,RS-GUPCO,0,01C25H,6923106,EACH,AA204923F,ENGINE USA,MM
116192,"BEARING, CONNECTING ROD ASSY. P/N: A205210",مجموعة محمل وذراع توصيل. رقم القطعة: A205210,MIN_MAX,RS-GUPCO,0,,6923121,EACH,A205210,ENGINE USA,MM
116193,"BEARING, CONNECTING ROD ASSEMBLY",مجموعة المحمل وذراع التوصيل,INSURANCE_SPARE,RS-GUPCO,6,02Q19A (1),6923121,EACH,A205210B,ENGINE USA,MM
115786,"dont reorder till update description , CAP, RADIATOR","لا تعيد الطلب حتى يتم تحديث الوصف، غطاء، مشعاع",PLANNED_WO,RS-GUPCO,0,02P27C (1),6923106,EACH,AAX0839,ENGINE USA,MM
116195,"SLEEVE, CYLINDER","غلاف، أسطوانة",INSURANCE_SPARE,RS-GUPCO,0,01C13H (1),6923106,EACH,205130S,ENGINE USA,MM
116199,"PUMP, WATER ASSEMBLY consists of : Water Pump # G205060A + Cover water pump # 200161B",تتكون مجموعة مضخة المياه من: مضخة مياه رقم G205060A + غطاء مضخة المياه رقم 200161B,MIN_MAX,RS-GUPCO,0,01C11H,6923114,EACH,G-962-1072,ENGINE USA,MM
115806,"RAIL, ASSY. L.B.","سكة حديدية، مجموعة. رطل",INSURANCE_SPARE,RS-GUPCO,0,01M02B (1),3601100,EACH,RSI-0270,ENGINE USA,MM
115815,"SPYDER LEAD,","قائد سبايدر،",SURPLUS,RS-GUPCO,0,02Q56D (1),6918204,EACH,RSI-T6L30,ENGINE USA,MM
115816,"SPYDER LEAD,","قائد سبايدر،",SURPLUS,RS-GUPCO,0,02Q56D (1),6918204,EACH,RSI-T6L41,ENGINE USA,MM
115817,"LEAD, SPYDER","الرصاص، العنكبوت",SURPLUS,RS-GUPCO,0,02Q56D (1),6918204,EACH,RSI-T6L66,ENGINE USA,MM
115818,"LEAD, SPYDER","الرصاص، العنكبوت",SURPLUS,RS-GUPCO,0,02Q56E (1),6918204,EACH,RSI-T6L75,ENGINE USA,MM
115819,"LEAD, R. RAIL","الرصاص، سكة حديد",INSURANCE_SPARE,RS-GUPCO,0,02P21C (1),6918202,EACH,RSI-22866,ENGINE USA,MM
115820,"LEAD, SHIELDED , FOR  16 CYL.  MAGNETO","رصاص، محمي، لمغناطيس 16 أسطوانة",INSURANCE_SPARE,RS-GUPCO,0,02P33A,3601100,EACH,393021-1,ENGINE USA,MM
115821,"LEAD, L.B. REAL","ليد، إل بي ريال",INSURANCE_SPARE,RS-GUPCO,0,02Q56H (1),6918202,EACH,RSI-22878,ENGINE USA,MM
115781,"FIRE, SAFE OIL LEVEL CONTROLLER KENCO-TULSA        MODEL LCE 17FS WITH MICRO SWITCH",جهاز تحكم آمن في مستوى الزيت من نوع كينكو-تولسا طراز LCE 17FS مزود بمفتاح صغير,MIN_MAX,RS-GUPCO,0,,6923111,EACH,KLCE-17-FS,ENGINE USA,MM
115826,"SHIELDED, IGNITION SYSTEM WAUKSHA L7042G/L5108     (FLANGE)                                           MAGNETO P/N:12A33H","نظام إشعال محمي، WAUKSHA L7042G/L5108 (فلنجة) مغناطيس رقم القطعة: 12A33H",PLANNED_WO,RS-GUPCO,0,,6923106,KIT,,ENGINE USA,MM
116210,"GASKET, ELBOW",حشية الكوع,PLANNED_WO,RS-GUPCO,0,,6923117,EACH,207827B,ENGINE USA,MM
116211,"FLANGE, EXHAUST BY-PASS","شفة، وصلة جانبية للعادم",PLANNED_WO,RS-GUPCO,0,,6923116,EACH,207828B,ENGINE USA,MM
115797,"BEARING, IDLER ASSEMBLY (1.7/16"" SHAFT @ 3/16""X 3/8"" KEYWAY, TWO BEARING  P/NO 5923 & PLATE ) , FOR COOLER MODEL 10913ES","مجموعة محمل، بكرة وسيطة (عمود 1.7/16 بوصة @ مجرى مفتاح 3/16 بوصة × 3/8 بوصة، محملان رقم القطعة 5923 ولوحة)، لمبرد موديل 10913ES",PLANNED_WO,RS-GUPCO,0,,0,EACH,5923,ENGINE USA,MM
115773,"CABLE, TRANSFORMER SERIES 3000 SHIELDED, ALTRONUC COMPANY, DO NOT SUBSTITUTE.","كابل، محول سلسلة 3000 محمي، شركة ألترونك، لا تستبدله.",INSURANCE_SPARE,RS-GUPCO,0,,3601100,EACH,RSI-RIB24,ENGINE USA,MM
103407,"SEAL, MECH. COMP. (FOR KEROSINE FUEL) # 153,P/N. 3 31430----PT.NO.331602","مانع تسرب، مجموعة ميكانيكية (لوقود الكيروسين) رقم 153، رقم القطعة 3 31430---- رقم القطعة 331602",SURPLUS,RS-GUPCO,0,02K-17E (1),4723204,EACH,331602,AUTO SHOP EQUIP,PU
116215,ELBOW RUBBER.,مطاط الكوع.,INSURANCE_SPARE,RS-GUPCO,0,03H27G (1),6923121,EACH,207929A,ENGINE USA,MM
115970,"COUPLING,","اقتران،",PLANNED_WO,RS-GUPCO,0,,6923122,EACH,163721B,ENGINE USA,MM
115972,"HOSE,","خرطوم،",INSURANCE_SPARE,RS-GUPCO,0,03H27D (1),6923122,EACH,A164494K,ENGINE USA,MM
115973,"HOSE,","خرطوم،",INSURANCE_SPARE,RS-GUPCO,0,03H27A,6923122,EACH,A164494 Y,ENGINE USA,MM
115975,"CONNECTOR, FLEX","موصل، مرن",INSURANCE_SPARE,RS-GUPCO,0,02Q10D (1),6923114,EACH,164922T,ENGINE USA,MM
115798,"CONNECTION, HOSE 2"" I.D.X 4-1/2""",وصلة خرطوم بقطر داخلي 2 بوصة وطول 4.5 بوصة,INSURANCE_SPARE,RS-GUPCO,0,03H30B (1),6923108,EACH,Y6174,ENGINE USA,MM
116452,"VALVE, AIR GAS ASSY.","صمام، مجموعة غاز الهواء.",MIN_MAX,RS-GUPCO,0,02R18A (1),6923106,EACH,499250,ENGINE USA,MM
116453,"DIAPHRAGM,","غشاء،",MIN_MAX,RS-GUPCO,0,03H27,6923108,EACH,499251,ENGINE USA,MM
116454,"HOLDER, DISC ASSY.","حامل، مجموعة القرص.",PLANNED_WO,RS-GUPCO,0,,6923108,EACH,IC7831,ENGINE USA,MM
103364,"BRUSH,P/N  :   131602-00","فرشاة، رقم القطعة: 131602-00",INSURANCE_SPARE,RS-GUPCO,0,02K19B (1),4700001,EACH,131602-00,AUTO SHOP EQUIP,MM
115745,MAIN BEARING KIT,طقم محامل رئيسية,INSURANCE_SPARE,RS-GUPCO,0,,6923121,EACH,G-918-344,ENGINE USA,MM
116456,"GASKET, 3"" I.D., FOR DRESSER","حشية، قطر داخلي 3 بوصات، لخزانة الملابس",INSURANCE_SPARE,RS-GUPCO,0,,6923108,EACH,499805,ENGINE USA,MM
116457,COMPRESSION TEST TYPE DIESEL TOOL NO 499940,أداة اختبار الضغط من نوع ديزل رقم 499940,INSURANCE_SPARE,RS-GUPCO,0,03H27G,0,EACH,474035,ENGINE USA,MM
116172,"GUIDE, VALVE, EXHAUST (OLD P/N 204009X  AND P/N 20 4009F)","دليل، صمام، عادم (رقم القطعة القديم 204009X ورقم القطعة 204009F)",PLANNED_WO,RS-GUPCO,0,02Q50C(1),6923108,EACH,204109T,ENGINE USA,MM
116173,"SPRING, VALVE, INNER, CYLINDER HEAD GROUP (OLD P/N  20435)","زنبرك، صمام، داخلي، مجموعة رأس الأسطوانة (رقم القطعة القديم 20435)",INSURANCE_SPARE,RS-GUPCO,0,02Q21B (1),6923108,EACH,204035A,ENGINE USA,MM
116176,"VALVE, BUTTERFLY ASSY., L.B.","صمام، مجموعة فراشة، رطل",MIN_MAX,RS-GUPCO,0,02P03F,6923122,EACH,E204072,ENGINE USA,MM
116177,"VALVE, BUTTERFLY ASSY. R.B. ,","صمام، مجموعة الفراشة RB،",MIN_MAX,RS-GUPCO,0,,6923106,EACH,A204072B,ENGINE USA,MM
116179,"GUIDE, VALVE INTAKE NATURALLY ASPIRATED WITH","دليل، صمام سحب الهواء الطبيعي مع",PLANNED_WO,RS-GUPCO,0,02Q52C (1),6923106,EACH,204209,ENGINE USA,MM
116117,"GASKET, THERMOSTAT HOUSING TO EXHAUST MANIFOLD","حشية، غطاء منظم الحرارة إلى مشعب العادم",PLANNED_WO,RS-GUPCO,0,02P09E,6923108,EACH,176586,ENGINE USA,MM
116118,"GASKET, THERMOSTAT HOUSING TO WATER MANIFOLD","حشية، غطاء منظم الحرارة إلى مشعب الماء",PLANNED_WO,RS-GUPCO,0,02Q40B (1),6923108,EACH,176587,ENGINE USA,MM
116124,"RING, SEAL SQURE CUT (USE WITH LARGE WATER INLET A ND/OR OUTLET)","حلقة، مانع تسرب ذو قطع مربع (يستخدم مع مدخل و/أو مخرج مياه كبير)",MIN_MAX,RS-GUPCO,0,03H28H,6923106,EACH,176883F,ENGINE USA,MM
115779,"DIAPHRAGM, IMPCO","غشاء، إمبكو",MIN_MAX,RS-GUPCO,4,03H30B,6923106,EACH,499222,ENGINE USA,MM
116102,"CONNECTION, EXHAUST","اتصال، عادم",INSURANCE_SPARE,RS-GUPCO,0,,6923122,EACH,199516J,ENGINE USA,MM
115949,AIR ACTUATOR ASSEMPLE,مجموعة مشغل الهواء,INSURANCE_SPARE,RS-GUPCO,0,,6923128,EACH,C155553C,ENGINE USA,MM
116105,"RING, INSULATING, EXH. MANIFOLD GP.","حلقة عازلة، مشعب عادم GP.",MIN_MAX,RS-GUPCO,0,02P09A,6923106,EACH,199942,ENGINE USA,MM
116147,"STRIP, INSULATION",شريط عازل,MIN_MAX,RS-GUPCO,0,02P07E,6923108,EACH,199942A,ENGINE USA,MM
116148,"GEAR, CRANKSHAFT SUPPERCEDED BY : 200012J",تم استبدال ترس عمود المرفق بالرقم: 200012J,INSURANCE_SPARE,RS-GUPCO,0,02P07H,6923106,EACH,200012K,ENGINE USA,MM
116162,"BEARING , CAMSHAFT-FRONT ( UPPER OR LOWER HALF)",محمل عمود الكامات - أمامي (النصف العلوي أو السفلي),INSURANCE_SPARE,RS-GUPCO,0,02P05C,6923108,EACH,200027B,ENGINE USA,MM
116163,"BEARING , CAMSHAFT-CENTER , INTERMEDIATE & REAR    (UPPER OR LOWER HALF)","محمل، عمود الكامات - المركز، المتوسط والخلفي (النصف العلوي أو السفلي)",INSURANCE_SPARE,RS-GUPCO,0,02Q46H (1),6923108,EACH,200050B,ENGINE USA,MM
116165,"PUMP, ASSY. OIL (STANDARD ROTATION)","مضخة، مجموعة زيت (دوران قياسي)",INSURANCE_SPARE,RS-GUPCO,0,01C23B,6923106,EACH,G-962-403,ENGINE USA,MM
116170,"PUMP, ASSY. WATER (STD. ROTATION)","مضخة، مجموعة الماء (دوران قياسي)",MIN_MAX,RS-GUPCO,0,01C21H,6923106,EACH,G-962-1070,ENGINE USA,MM
115891,"GASKET, EXHAUST CONNECTON NATURALLY / ASPIRTED",حشية وصلة العادم (عادم طبيعي/مروحي),UNDER_CLASSIFICATION,RS-GUPCO,0,,6929015,EACH,118878D,ENGINE USA,MM
115893,"GASKET, BUTTERFLY VALVE HOUSING .","حشية، غطاء صمام الفراشة.",PLANNED_WO,RS-GUPCO,0,,6923108,EACH,119035E,ENGINE USA,MM
115978,"VENTURI-UPPER, AIR CLEANER,",جهاز تنقية الهواء العلوي من نوع فنتوري,PLANNED_WO,RS-GUPCO,0,,6923116,EACH,166415,ENGINE USA,MM
115979,"VENTURI-LOWER, AIR CLEANER","فينتوري السفلي، منقي هواء",PLANNED_WO,RS-GUPCO,0,,6923116,EACH,166416,ENGINE USA,MM
116227,"PUMP, PRELUBE","المضخة، التشحيم المسبق",MIN_MAX,RS-GUPCO,0,,6923108,EACH,208478,ENGINE USA,MM
115980,"BODY, VENTURI, AIR CLEANER","جسم، فنتوري، منقي هواء",PLANNED_WO,RS-GUPCO,0,,6923116,EACH,A166417,ENGINE USA,MM
115981,"O-RING, INTERMEDIATE AND LOWER","حلقة دائرية، متوسطة وسفلية",PLANNED_WO,RS-GUPCO,0,03H28H (1),6923108,EACH,211196,ENGINE USA,MM
115985,"TUBE, LOWER BYPASS","أنبوب، تحويلة سفلية",MIN_MAX,RS-GUPCO,0,02P17,6923117,EACH,C167396,ENGINE USA,MM
115987,"GASKET, BY PASS ELBOW","حشية، كوع جانبي",PLANNED_WO,RS-GUPCO,0,02Q12F (1),6923108,EACH,167409A,ENGINE USA,MM
115991,"HOSE, FLEX-INTERCOOLER TO OIL COOLER",خرطوم مرن من المبرد البيني إلى مبرد الزيت,MIN_MAX,RS-GUPCO,0,03P05H,6923106,EACH,D169886,ENGINE USA,MM
115968,"RETAINER, BALL BEARING","حامل، محمل كروي",INSURANCE_SPARE,RS-GUPCO,0,02Q35C (1),6923122,EACH,161842,ENGINE USA,MM
115992,"MANIFOLD, PILOT BETWEEN OUTER SECTIONS","مشعب، دليل بين الأجزاء الخارجية",MIN_MAX,RS-GUPCO,0,02P17D,6923108,EACH,168055,ENGINE USA,MM
115993,"PILOT, MANIFOLD BETWEEN CENTER SECTIONS","دليل، مشعب بين الأقسام المركزية",MIN_MAX,RS-GUPCO,0,02P17D,6923108,EACH,168055a,ENGINE USA,MM
115994,"PUMP, WATER AUXILARY","مضخة، مساعدة المياه",INSURANCE_SPARE,RS-GUPCO,0,02Q14C(1),6923114,EACH,169561H,ENGINE USA,MM
115960,"GEAR, GOVERNOR DRIVE-ASSY.","مجموعة التروس، مجموعة محرك منظم السرعة.",INSURANCE_SPARE,RS-GUPCO,0,02P21E,6923108,EACH,A168339C,ENGINE USA,MM
115961,"COUPLING, V-BAND, TURBOCHARGER GROUP","وصلة، نطاق V، مجموعة الشاحن التوربيني",INSURANCE_SPARE,RS-GUPCO,0,02Q06G(1),6923108,EACH,168334E,ENGINE USA,MM
113912,"HOSE, HIGH PRESS 1/4"" X 140""  P/N  :   487092","خرطوم ضغط عالٍ 1/4 بوصة × 140 بوصة، رقم القطعة: 487092",PLANNED_WO,RS-GUPCO,0,,6401206,EACH,487092,CRANES,MM
115867,"TAPER, VALVE SPRING ,","مخروطي، زنبرك الصمام،",PLANNED_WO,RS-GUPCO,0,,6923108,EACH,73629A,ENGINE USA,MM
115778,"LEAD, CROSSOVER","قائد، كروس أوفر",SURPLUS,RS-GUPCO,0,02Q46G (1),6918202,EACH,RSI-0089CS,ENGINE USA,MM
116028,"RING, PACKING-CYL. SLEEVE-TEFLON (LOWER GROOVE)","حلقة، غلاف أسطواني للحشو - تفلون (الأخدود السفلي)",MIN_MAX,RS-GUPCO,0,03H27A,6923106,EACH,119397E,ENGINE USA,MM
116029,"RING, PACKING-CYL. SLEEVE-TEFLON (LOWER GROOVE)","حلقة، غلاف أسطواني للحشو - تفلون (الأخدود السفلي)",MIN_MAX,RS-GUPCO,0,03H27E (1),6923108,EACH,119396B,ENGINE USA,MM
116031,"ADAPTER, TURBOCHARGED CARBURETOR","محول، مكربن مزود بشاحن توربيني",INSURANCE_SPARE,RS-GUPCO,0,02Q45F (1),6923116,EACH,169569,ENGINE USA,MM
116038,"GAUGE, WATER TEMP. AND SAFTY SWITCH",مقياس درجة حرارة الماء ومفتاح الأمان,MIN_MAX,RS-GUPCO,0,02P13C,6923106,EACH,169741,ENGINE USA,MM
116039,"GAUGE, OIL PRESSURE AND SAFETY SWITCH",مقياس ضغط الزيت ومفتاح الأمان,MIN_MAX,RS-GUPCO,0,02P13D,6923108,EACH,169742,ENGINE USA,MM
116321,"PUMP, FEED","مضخة، تغذية",INSURANCE_SPARE,RS-GUPCO,0,02R20D (1),6923112,EACH,269342,ENGINE USA,MM
116462,"SOLENOID, SWITCH","الملف اللولبي، المفتاح",OBSOLETE,RS-GUPCO,0,02R04B (1),6923112,EACH,210995-7,ENGINE USA,MM
116182,"VALVE, EXHAUST",صمام العادم,PLANNED_WO,RS-GUPCO,0,02Q21E (1),6923108,EACH,204236N,ENGINE USA,MM
116184,"SLEEVE, CYL. (CURRENT-WIDE FLANGE)","غلاف، أسطواني (شفة عريضة حالية)",PLANNED_WO,RS-GUPCO,0,,6923108,EACH,204230U,ENGINE USA,MM
116185,"MANIFOLD, INTAKE",مشعب السحب,INSURANCE_SPARE,RS-GUPCO,0,01C23H,6923117,EACH,204241P,ENGINE USA,MM
116186,"MANIFOLD, EXHAUST- SINGLE SECTION (A204342M) * OLD  P/N. A204342M",مشعب عادم - قسم واحد (A204342M) * رقم القطعة القديم: A204342M,MIN_MAX,RS-GUPCO,0,01C17H,6923108,EACH,A204342X,ENGINE USA,MM
116187,"MANIFOLD, EXHAUST NO. 6 R.B. CYLINDER-TURBOCHARGE D","مشعب العادم رقم 6، أسطوانة RB - شاحن توربيني D",INSURANCE_SPARE,RS-GUPCO,0,01C21A,6923116,EACH,A204442E,ENGINE USA,MM
116027,"BREATHER, AIR CLEANER Part no. 161541A","جهاز تنفس، منقي هواء، رقم القطعة 161541A",MIN_MAX,RS-GUPCO,0,,6923108,EACH,161541F,ENGINE USA,MM
116157,PUMP WATER AUX.,مضخة مياه إضافية,INSURANCE_SPARE,RS-GUPCO,0,02/P07F,6923122,EACH,207482R,ENGINE USA,MM
116158,"CONNECTION, FLEXIBLE-OIL COOLER TO OIL FILTER",وصلة مرنة بين مبرد الزيت وفلتر الزيت,INSURANCE_SPARE,RS-GUPCO,0,,6923106,EACH,207534,ENGINE USA,MM
116159,CONNECTION FLEX OIL HEADER TO OIL FILTER,وصلة مرنة بين رأس الزيت وفلتر الزيت,INSURANCE_SPARE,RS-GUPCO,0,02P05A,6923121,EACH,207535C,ENGINE USA,MM
116200,"ELBOW, EXHAUST                                     SUPERCEDED BY: P/N.  207804L",تم استبدال كوع العادم بالقطعة رقم: 207804L,INSURANCE_SPARE,RS-GUPCO,0,02Q15A (1),6923122,EACH,207804B,ENGINE USA,MM
116202,"EXHAUST , BY PASS ASSY.","نظام العادم، مجموعة التجاوز.",INSURANCE_SPARE,RS-GUPCO,0,02Q15B (1),6923122,EACH,194678G,ENGINE USA,MM
116204,"GASKET, TURBOCHARGER INLET",حشية مدخل الشاحن التوربيني,INSURANCE_SPARE,RS-GUPCO,0,02/Q08C,6923117,EACH,207806B,ENGINE USA,MM
116205,"TUBE,","أنبوب،",INSURANCE_SPARE,RS-GUPCO,0,02Q08P,6923122,EACH,207803L,ENGINE USA,MM
116206,"CONNECTOR, TURBOCHARGER INLET R.B OLD P/N 207822",موصل مدخل الشاحن التوربيني RB OLD P/N 207822,PLANNED_WO,RS-GUPCO,0,,6923116,EACH,207822M,ENGINE USA,MM
116207,"CONNECTOR, TURBOCHARGER INLET L.B.",موصل مدخل الشاحن التوربيني LB,PLANNED_WO,RS-GUPCO,0,,6923116,EACH,207823M,ENGINE USA,MM
115774,PRIMARY LEAD SHIELDED,الرصاص الأساسي المحمي,MIN_MAX,RS-GUPCO,0,02P37D,3601100,EACH,593022-60,ENGINE USA,MM
109897,"V-BELT,COGGED OC:180.000 IN TW:.0625 IN T:0.531 I NFOR OCT. W.FLOOD GENERATOR","حزام على شكل حرف V، مسنن، قطر مركزي: 180.000 بوصة، عرض المحور: 0.0625 بوصة، سمك المحور: 0.531 بوصة، مناسب لمولدات الفيضانات",MIN_MAX,RS-GUPCO,0,03C30A,0,EACH,5VX-1800,BELT/TRANSMIT,MM
116232,"VALVE, RELAY","صمام، مرحل",MIN_MAX,RS-GUPCO,0,02Q12E,6923117,EACH,208570A,ENGINE USA,MM
116233,"O-RING, SQUARE CUT",حلقة دائرية مربعة الشكل,MIN_MAX,RS-GUPCO,0,,6923121,EACH,208611A,ENGINE USA,MM
116234,"THERMOSTATE, 170 DEGREE F","منظم حرارة، 170 درجة فهرنهايت",MIN_MAX,RS-GUPCO,0,,6923121,EACH,211887B,ENGINE USA,MM
116235,"THERMOSTATE, 165 DEGREE F","منظم حرارة، 165 درجة فهرنهايت",MIN_MAX,RS-GUPCO,0,,6923121,EACH,211887A,ENGINE USA,MM
116237,"COUPLING, FLEX MASTER","وصلة، فليكس ماستر",MIN_MAX,RS-GUPCO,0,,6923117,EACH,208706B,ENGINE USA,MM
116242,"VALVE, VACUUM BREATHER ADJUSTMENT","صمام، ضبط فتحة تهوية الفراغ",INSURANCE_SPARE,RS-GUPCO,0,02Q09C (1),6923121,EACH,A208890C,ENGINE USA,MM
116244,"VALVE, PRESSURE RELIEF",صمام تخفيف الضغط,INSURANCE_SPARE,RS-GUPCO,0,02Q09C (1),6923121,EACH,208922,ENGINE USA,MM
116246,"ELBOW, WATER OUTLET","كوع، مخرج مياه",MIN_MAX,RS-GUPCO,0,02Q14,6923117,EACH,208936,ENGINE USA,MM
116247,"GASKET, LUSTER THERMOSTATE HOUSING","الحشية، مبيت الترموستات اللامع",MIN_MAX,RS-GUPCO,0,,6923117,EACH,208939A,ENGINE USA,MM
115947,"Vertical Radiator Assembly With Electric Motor as the following specification * Radiator dimensions ( L 100"" , W 70"", H","مجموعة مشعاع عمودي بمحرك كهربائي بالمواصفات التالية: * أبعاد المشعاع (الطول 100 بوصة، العرض 70 بوصة، الارتفاع",STRATEGIC_WO,RS-GUPCO,0,07YARD,6923106,EACH,R-58-V-40,ENGINE USA,MM
115948,"PULLEY, IDLER ASSY.CONSISTS OF. IDLER # G154971B A ND BUSHING # 168290",تتكون مجموعة البكرة الوسيطة من: بكرة وسيطة رقم G154971B وجلبة رقم 168290,MIN_MAX,RS-GUPCO,0,02P23,6923106,EACH,A154971F,ENGINE USA,MM
115950,"LEVER, GOVERNOR","ليفر، الحاكم",MIN_MAX,RS-GUPCO,0,,6923122,EACH,208564C,ENGINE USA,MM
115951,"CABLE, TACHOMETER","كابل، مقياس سرعة الدوران",INSURANCE_SPARE,RS-GUPCO,0,02Q59F (1),6923108,EACH,156341F,ENGINE USA,MM
115953,"REGULATOR, OIL LEVEL",منظم مستوى الزيت,MIN_MAX,RS-GUPCO,0,,6923108,EACH,157255A,ENGINE USA,MM
115954,GASKET INLET FLANGE.,شفة مدخل الحشية.,MIN_MAX,RS-GUPCO,0,02P23,6923117,EACH,157332B,ENGINE USA,MM
115911,"COUPLING, MAGNETO",وصلة مغناطيسية,PLANNED_WO,RS-GUPCO,0,,6923108,EACH,157869,ENGINE USA,MM
115915,"GASKET, EXHAUST ELBOW ADAPTER TURBOCHARGER","حشية، محول كوع العادم لشاحن توربيني",INSURANCE_SPARE,RS-GUPCO,0,02P05E (1),6923106,EACH,158242A,ENGINE USA,MM
115918,"SEAL, THERMOSTAT HOUSING","مانع تسرب، غلاف منظم الحرارة",MIN_MAX,RS-GUPCO,0,02/P27,6923104,EACH,158406,ENGINE USA,MM
115921,"STUD, EXHAUST ELBOW ADAPTER","مسمار، محول كوع العادم",INSURANCE_SPARE,RS-GUPCO,0,02P03A (1),6923116,EACH,159365,ENGINE USA,MM
115955,"GASKET, WATER PUMP COVER",حشية غطاء مضخة الماء,MIN_MAX,RS-GUPCO,0,03H30H (1),6923108,EACH,159580,ENGINE USA,MM
115957,"O-RING, FLANGE (OLD P/N. 159624A)","حلقة دائرية، شفة (رقم القطعة القديم 159624A)",PLANNED_WO,RS-GUPCO,0,02P23,6923106,EACH,159624G,ENGINE USA,MM
115958,"COUPLING, DRESSER, 3 1/2"" I.D.","وصلة، خزانة ملابس، قطر داخلي 3 1/2 بوصة",INSURANCE_SPARE,RS-GUPCO,0,,6923108,EACH,214711B,ENGINE USA,MM
115965,"COUPLING, 3"" DRESSER","وصلة، خزانة ملابس 3 بوصات",MIN_MAX,RS-GUPCO,0,,6923108,EACH,214711,ENGINE USA,MM
115966,"COUPLING, DRESSER, 6"" I.D.","وصلة، خزانة ملابس، بقطر داخلي 6 بوصات",MIN_MAX,RS-GUPCO,0,02P19C,6923106,EACH,214711E,ENGINE USA,MM
115964,"CONNECTION, EXHAUST-NATURALLY ASPIRATED",وصلة العادم - سحب طبيعي,MIN_MAX,RS-GUPCO,0,02P19A,6923106,EACH,168341C,ENGINE USA,MM
116016,"COUPLING, Y-BAND","اقتران، نطاق Y",INSURANCE_SPARE,RS-GUPCO,0,,6923122,EACH,168519C,ENGINE USA,MM
116019,"O-RING, 17 X 17.5 X 25  , P/NO. 168922-N","حلقة دائرية، 17 × 17.5 × 25، رقم القطعة 168922-N",MIN_MAX,RS-GUPCO,0,,6923108,EACH,168922N,ENGINE USA,MM
116021,"TUBE, OIL-R.B. TURBOCHARGER OIL DRAIN",أنبوب تصريف زيت الشاحن التوربيني OIL-RB,INSURANCE_SPARE,RS-GUPCO,0,02P15,6923108,EACH,169032A,ENGINE USA,MM
115828,"CONNECTION, HOSE, 2"" I.D. X 3""","وصلة خرطوم، قطر داخلي 2 بوصة × 3 بوصة",MIN_MAX,RS-GUPCO,0,03H03B,6923106,EACH,20751B,ENGINE USA,MM
115843,"DISC, DRIVING-MAGNETO","قرص، مغناطيس القيادة",MIN_MAX,RS-GUPCO,0,02P33E,6923106,EACH,48766B,ENGINE USA,MM
115848,"CARBURATOR, ASSY. LEFT BANK TURBOCHARGED","مجموعة المكربن، الجانب الأيسر، مزود بشاحن توربيني",INSURANCE_SPARE,RS-GUPCO,0,02/P33F,6923108,EACH,59021Y,ENGINE USA,MM
115849,"CARBURATOR,  R.B. NATURLY ASPRIATED","مكربن، RB سحب طبيعي",MIN_MAX,RS-GUPCO,0,02P31,6923108,EACH,59018,ENGINE USA,MM
115850,"CARBURATOR, ""IMPCO 600"" L.B. NATURALLY ASPIRATED","مكربن، ""إمبكو 600"" رطل، سحب طبيعي",MIN_MAX,RS-GUPCO,0,02P31B,6923108,EACH,59018A,ENGINE USA,MM
115851,"CARBURATOR, R.B. TURBOCHARGER","المكربن، شاحن توربيني RB",INSURANCE_SPARE,RS-GUPCO,0,,6923108,EACH,59021X,ENGINE USA,MM
115855,"CROSS, PIPE 3/8 ""","صليب، أنبوب 3/8 بوصة",INSURANCE_SPARE,RS-GUPCO,0,02Q64B (1),6923117,EACH,63722C,ENGINE USA,MM
116250,"TUBE, UPPER BYPASS","أنبوب، تحويلة علوية",MIN_MAX,RS-GUPCO,0,02Q16,6923117,EACH,C208949,ENGINE USA,MM
116251,"GASKET, BY BASS","حشية، من صنع باس",PLANNED_WO,RS-GUPCO,0,02R04A (1),6923117,EACH,209424,ENGINE USA,MM
116252,"TUBE, OIL TURBOCHARGER R.B","أنبوب، شاحن توربيني زيتي RB",MIN_MAX,RS-GUPCO,0,02Q16,6923117,EACH,A209320J,ENGINE USA,MM
115834,"CAP, SCREW","غطاء، برغي",INSURANCE_SPARE,RS-GUPCO,0,02P33,6923117,EACH,26916,ENGINE USA,MM
115812,"CLAMP, HOSE",مشبك خرطوم,INSURANCE_SPARE,RS-GUPCO,0,02Q35E,6923108,EACH,41236C,ENGINE USA,MM
115813,"CLAMP, HOSE-WITH IMPCO 600 CARBURETOR",مشبك خرطوم مع مكربن إمبكو 600,PLANNED_WO,RS-GUPCO,0,,6923116,EACH,41236F,ENGINE USA,MM
116276,"MUFFLER, EXHAUST MSA-2, 12""                        REF.MR/RS.26/2001","كاتم صوت، عادم MSA-2، 12 بوصة، رقم المرجع MR/RS.26/2001",PLANNED_WO,RS-GUPCO,0,,6923126,EACH,,ENGINE USA,MM
116277,"MUFFLER, EXHAUST MSA-2 SIZE 6""  Manufacture Maxim Silencers .","كاتم صوت، عادم MSA-2 مقاس 6 بوصات من إنتاج شركة Maxim Silencers.",MIN_MAX,RS-GUPCO,0,07YARD,0,EACH,MSA2-6C1,ENGINE USA,MM
116278,"MUFFLER, EXHAUST Manufacture Maxim Silencers MSA-1, 10"" Model No. : 10MSA1-E  ) ..","كاتم صوت، نظام عادم، من إنتاج شركة ماكسيم سايلنسر، طراز MSA-1، 10 بوصة، رقم الموديل: 10MSA1-E",INSURANCE_SPARE,RS-GUPCO,0,07YARD,6923126,EACH,MSA110C1,ENGINE USA,MM
115869,"ELBOW, PIPE 3/8 X 90 DEGREE","كوع، أنبوب 3/8 × 90 درجة",INSURANCE_SPARE,RS-GUPCO,0,02Q51E (1),6923117,EACH,78204B,ENGINE USA,MM
115977,"HOSE, BALL LINE","خرطوم، خط كروي",INSURANCE_SPARE,RS-GUPCO,0,03H27C,6923122,EACH,C-166188-J,ENGINE USA,MM
116469,"COIL, ALTRONIC ALTRONUC COMPANY DO NOT SUBSTITUTE","ملف، شركة ألترونيك، لا تستبدل",MIN_MAX,RS-GUPCO,2,,3601100,EACH,591011B,ENGINE USA,MM
115862,"CABLE, PICK-UP ASSY.","كابل، مجموعة التقاط الصوت.",PLANNED_WO,RS-GUPCO,0,,3601100,EACH,69796,ENGINE USA,MM
116479,"Flex Hose Assembly 6"" X 12"" OAL S/S Braided w/6""-150# C/S RF Flange Each End, P/N is #MH600SS7171-12","خرطوم مرن مضفر من الفولاذ المقاوم للصدأ، مقاس 6 بوصات × 12 بوصة، مزود بشفة فولاذية مقاومة للصدأ مقاس 6 بوصات - 150 رطل لكل طرف، رقم القطعة هو #MH600SS7171-12",MIN_MAX,RS-GUPCO,0,02Q22,6923106,EACH,MH600SS7171-12,ENGINE USA,MM
115775,H/T LEAD,H/T LEAD,SURPLUS,RS-GUPCO,0,02Q46E (1),6923116,EACH,"593131-22""",ENGINE USA,MM
115871,"Bearing , Ball Rear for the camshaft of Waukesha engine , P.No. 78390","محمل كروي خلفي لعمود الكامات لمحرك واكيشا، رقم القطعة 78390",INSURANCE_SPARE,RS-GUPCO,0,02P29D,6923122,EACH,78390,ENGINE USA,MM
115872,"BEARING, BALL FRONT",محمل كروي أمامي,INSURANCE_SPARE,RS-GUPCO,0,02P29D,6923122,EACH,78391,ENGINE USA,MM
116303,"HOLDER, NOZZLE ASSY.","حامل، مجموعة الفوهة.",INSURANCE_SPARE,RS-GUPCO,0,02R06C(1),6923112,EACH,249192,ENGINE USA,MM
116146,"SEAL, VALVE-GUIDE-INTAKE-PISTON RING TYPE-TURBOCHA RGED","حلقة مانعة للتسرب، دليل صمام السحب، نوع حلقة مكبس التوربو",INSURANCE_SPARE,RS-GUPCO,0,02Q44B(1),6923106,EACH,199032A,ENGINE USA,MM
116022,"CAP, MANIFOLD-END SECTION","غطاء، قسم نهاية مشعب التوزيع",INSURANCE_SPARE,RS-GUPCO,0,,6923108,EACH,169062,ENGINE USA,MM
116023,"GASKET, THERMOSTAT HOUSING TO EXHAUST MANIFOLD","حشية، غطاء منظم الحرارة إلى مشعب العادم",INSURANCE_SPARE,RS-GUPCO,0,02Q18B (1),6923106,EACH,169064B,ENGINE USA,MM
116024,"GAUGE, LUBE OIL PRESSURE",مقياس ضغط زيت التشحيم,PLANNED_WO,RS-GUPCO,0,,6923108,EACH,169106,ENGINE USA,MM
116025,"THERMOMETER, DAIL (OLD P/N 169108)","مقياس حرارة، ديلي (رقم القطعة القديم 169108)",PLANNED_WO,RS-GUPCO,0,,6923108,EACH,169108D,ENGINE USA,MM
116026,"TACHOMETER, INSTRUMENT PANEL GROUP New Part no. 209377 S.S to old part no.169109","عداد دورات المحرك، مجموعة لوحة العدادات، رقم القطعة الجديد 209377 SS، رقم القطعة القديم 169109",MIN_MAX,RS-GUPCO,0,,6923108,EACH,209377,ENGINE USA,MM
116463,"ACTUATOR, ELECTRIC SER.NO. 2080031","مشغل كهربائي، رقم التسلسل 2080031",INSURANCE_SPARE,RS-GUPCO,0,02R18E (1),6923112,EACH,8256-016,ENGINE USA,MM
153551,"BOLT, (CAP SCREW)",مسمار (برغي غطاء),PLANNED_WO,RS-GUPCO,0,04F12C (1),7103144,EACH,5F4899,CATERPILLAR,MM
115875,"PIN,PISTON","دبوس، مكبس",INSURANCE_SPARE,RS-GUPCO,0,,6923106,EACH,10006,ENGINE USA,MM
115884,"O-RING,","حلقة دائرية،",INSURANCE_SPARE,RS-GUPCO,0,03H25H (1),6923108,EACH,118013-G,ENGINE USA,MM
115889,"NIPPLE, PIPE, 3/8 X 1","حلمة، أنبوب، 3/8 × 1",INSURANCE_SPARE,RS-GUPCO,0,02P27,6923117,EACH,118566,ENGINE USA,MM
115890,"LEVER,CONTROL ASSY.","ذراع، مجموعة التحكم.",INSURANCE_SPARE,RS-GUPCO,0,,6923122,EACH,A118799-E,ENGINE USA,MM
116216,"VALVE, TEMPERATURE CONTROL ( 208063E)",صمام التحكم في درجة الحرارة (208063E),MIN_MAX,RS-GUPCO,0,02Q10B,6923106,EACH,208063D,ENGINE USA,MM
116218,"HOSE, FIRE SLEEVE.","خرطوم، غلاف مقاوم للحريق.",INSURANCE_SPARE,RS-GUPCO,0,03H27G (1),6923117,EACH,C208189A,ENGINE USA,MM
116221,TURBOCHARGER.   ( Similar with item 175579 ),شاحن توربيني. (مشابه للعنصر رقم 175579),MIN_MAX,RS-GUPCO,0,01C19C,6923106,EACH,208350,ENGINE USA,MM
115777,EZ rail complete ignition system consists of :,يتكون نظام الإشعال الكامل EZ rail من:,MIN_MAX,RS-GUPCO,0,,3601100,EACH,~,ENGINE USA,MM
116103,"CONNECTION, EXHAUST-FLEXIBLE-NATURALLY ASPIRATED","وصلة، عادم مرن، سحب طبيعي",INSURANCE_SPARE,RS-GUPCO,0,02P011,6923106,EACH,199517B,ENGINE USA,MM
116228,"MOTOR, AIR/GAS",محرك هواء/غاز,MIN_MAX,RS-GUPCO,0,,6923108,EACH,208479C,ENGINE USA,MM
116222,"TUBE, OIL-INTEGRAL OIL HEADER L.B. REPLACED BY THE FOLLOWING ITEMS.",تم استبدال أنبوب الزيت المتكامل LB بالعناصر التالية.,INSURANCE_SPARE,RS-GUPCO,0,,6923117,EACH,A208362V,ENGINE USA,MM
115830,"CAP, SCREW","غطاء، برغي",PLANNED_WO,RS-GUPCO,0,,6923117,EACH,21519,ENGINE USA,MM
116223,"REGULATOR, S/N. LB0140 OF                          (AIR RESEARCH INDUSTRIAL DIVISION )","منظم، الرقم التسلسلي LB0140 (قسم أبحاث الهواء الصناعية)",INSURANCE_SPARE,RS-GUPCO,0,,6923116,EACH,208372H,ENGINE USA,MM
116166,"PULLY, CRANKSHAFT-FRONT-10 INCH","بكرة، عمود المرفق الأمامي - 10 بوصة",MIN_MAX,RS-GUPCO,0,02P05E,0,EACH,200295S,ENGINE USA,MM
116225,"PUMP, AUS. WATER","مضخة، مياه أسترالية",MIN_MAX,RS-GUPCO,0,,6923116,EACH,208540-D,ENGINE USA,MM
116230,"PUMP, WATER AUX","مضخة، مياه إضافية",MIN_MAX,RS-GUPCO,0,02Q12,6923122,EACH,208540E,ENGINE USA,MM
116231,"VALVE, START","صمام، بدء التشغيل",MIN_MAX,RS-GUPCO,0,,6923117,EACH,208569D,ENGINE USA,MM
116443,"O-RING, SQUARE SECT",حلقة دائرية مربعة الشكل,MIN_MAX,RS-GUPCO,0,,6923121,EACH,493023A,ENGINE USA,MM
116444,"seal housing , for lube oil strainer group 20 catalog form 6279 page 37","غطاء مانع للتسرب، لمجموعة مصفاة زيت التشحيم 20، نموذج الكتالوج 6279، صفحة 37",MIN_MAX,RS-GUPCO,0,,6923121,EACH,493026A,ENGINE USA,MM
116448,"VALVE, AIR GAS ASSY  ( V-26 )","صمام، مجموعة غاز الهواء (V-26)",SURPLUS,RS-GUPCO,0,02R16G(1),6923116,EACH,493566,ENGINE USA,MM
116360,DIAPHRAM MAIN.,الحجاب الحاجز الرئيسي.,MIN_MAX,RS-GUPCO,0,,6923117,EACH,493626,ENGINE USA,MM
116361,DIAPHRAM UPPER PILOT,غشاء الطيار العلوي,INSURANCE_SPARE,RS-GUPCO,0,03H25E (1),6923117,EACH,493628,ENGINE USA,MM
115932,WASHER 17/32 D X2.25 X 3/8                         P/N. 153655,غسالة 17/32 D X2.25 X 3/8 P/N. 153655,INSURANCE_SPARE,RS-GUPCO,0,02Q61D (1),6923122,EACH,153655,ENGINE USA,MM
102997,"Sling, Single Leg, 2.2te SWL. IWRC wire rope sling with soft eyes 13mm diameter x 1.5m length 6 x 36, RHOL , soft eye x","حبل رفع، ساق واحدة، حمولة آمنة 2.2 طن. حبل رفع سلكي معتمد من IWRC بحلقات ناعمة، قطر 13 مم × طول 1.5 متر، 6 × 36، RHOL، حلقة ناعمة ×",MIN_MAX,RS-GUPCO,0,,0,EACH,~,CORDG & CHAIN,MM
103002,"Single Leg wire Rope Sling SWL 4.6 ton, 2.5mtr. X 20mm diameter, IWRC, 6x36, Galvanized, terminating in Soft eyes each e","حبل رفع سلكي أحادي الساق، حمولة آمنة 4.6 طن، 2.5 متر × قطر 20 مم، IWRC، 6×36، مجلفن، ينتهي بحلقات ناعمة.",MIN_MAX,RS-GUPCO,8,,0,EACH,~,CORDG & CHAIN,MM
153652,"O-RING, 0.468"" ID X 0.078"" DIA., BLACK Y","حلقة دائرية، قطر داخلي 0.468 بوصة × قطر 0.078 بوصة، لون أسود Y",INSURANCE_SPARE,RS-GUPCO,0,03J07H (1),7103144,EACH,50CA3J1907,CATERPILLAR,MM
116035,"O-RING, NATURALLY ASPIRATED","حلقة دائرية، تعمل بالهواء المضغوط الطبيعي",PLANNED_WO,RS-GUPCO,0,03H28D (1),6923106,EACH,169616J,ENGINE USA,MM
103004,"Single Leg wire Rope Sling SWL 4.6 ton, 4.5mtr. X 20mm diameter, IWRC, 6x36, Galvanized, terminating in Soft eyes each e","حبل رفع سلكي أحادي الساق، حمولة آمنة 4.6 طن، 4.5 متر × قطر 20 مم، IWRC، 6×36، مجلفن، ينتهي بحلقات ناعمة.",MIN_MAX,RS-GUPCO,6,,0,EACH,~,CORDG & CHAIN,MM
115956,"FLANGE, CRANKCASE WATER INLET- R.B","شفة، مدخل ماء علبة المرافق - RB",INSURANCE_SPARE,RS-GUPCO,0,02Q23G,6923106,EACH,159624,ENGINE USA,MM
116248,"REGULATOR, 99 PRESS. ADJSTBL OLD P/NO.209167E","منظم ضغط، 99 ضغطة. قابل للتعديل، رقم القطعة القديم 209167E",MIN_MAX,RS-GUPCO,0,01C19A,6923109,EACH,209167M,ENGINE USA,MM
116249,"TUBE, UPPER BYPASS L.H.","أنبوب، تحويلة علوية يسارية",MIN_MAX,RS-GUPCO,0,02Q16A,6923117,EACH,A208949,ENGINE USA,MM
154001,"CLAMP, Minimum Qty. 10 Ea.","مشبك، الحد الأدنى للكمية 10 قطع.",MIN_MAX,RS-GUPCO,0,,7103144,EACH,5P0598,CATERPILLAR,MM
119925,BUSHING CROSS HEAD  R71921A,جلبة رأس متقاطع R71921A,INSURANCE_SPARE,RS-GUPCO,0,02W52E (1),0,EACH,,COMPRESSOR USA,MM
153772,"PINION ASSY, GOVERNOR DRIVE GROUP .","مجموعة التروس، مجموعة محرك منظم السرعة.",INSURANCE_SPARE,RS-GUPCO,0,04H14D (1),0,EACH,6L8592,CATERPILLAR,MM
273419,THE LABTECTA ( BEARING ISOLATOR) part no. L1-217-PD-001-P123. (2 1/8 shaft diameter and 2 7/8 outer diameter),رقم قطعة LABTECTA (عازل المحمل) L1-217-PD-001-P123. (قطر العمود 2 1/8 بوصة والقطر الخارجي 2 7/8 بوصة),MIN_MAX,RS-GUPCO,0,,0,EACH,L1-217-PD-001-P123,PUMP MISC,PU
132404,SERVICE GROUP,مجموعة الخدمات,INSURANCE_SPARE,RS-GUPCO,0,04L08H,7103126,EACH,3N4181,CATERPILLAR,MM
119522,"""GASKET NST 17-3/4X15-7/8X1/64","""حشية NST 17-3/4X15-7/8X1/64",INSURANCE_SPARE,RS-GUPCO,0,02W30F (1),8001108,EACH,B-0835,COMPRESSOR USA,MM
119523,"""GASKET",حشية,INSURANCE_SPARE,RS-GUPCO,0,03B31G (1),8001108,EACH,B-0844,COMPRESSOR USA,MM
119526,"""VALVE SUC. 2-ND. STAGE","""صمام شفط المرحلة الثانية",MIN_MAX,RS-GUPCO,0,02U14D,8001108,EACH,B-0885-G,COMPRESSOR USA,MM
119527,"""SUC. VALVE RETAINER","""مثبت صمام السكروز",MIN_MAX,RS-GUPCO,0,02U14E,8001108,EACH,B7061,COMPRESSOR USA,MM
119530,"""SOC. HEAD CAP.","""SOC. HEAD CAP.",INSURANCE_SPARE,RS-GUPCO,0,02W32C (1),8001108,EACH,B-0898,COMPRESSOR USA,MM
119413,"L.O.COOLER SHELL AND TUBES @ REF. MR 147/99 (Areil Manufacture made in USA not substitute)."" B-1962","غلاف وأنابيب مبرد القاطرة @ المرجع MR 147/99 (صنع في الولايات المتحدة الأمريكية بواسطة شركة أريل، وليس بديلاً عنه). B-1962",INSURANCE_SPARE,RS-GUPCO,0,02W26B (1),8001108,EACH,B-1962,COMPRESSOR USA,MM
119417,"""GASKET RET.","""حشية مانعة للتسرب.""",INSURANCE_SPARE,RS-GUPCO,0,03B31G (1),8001108,EACH,C-0642,COMPRESSOR USA,MM
119423,"""CROSS HEAD 105.5#","""كروس هيد 105.5#""",INSURANCE_SPARE,RS-GUPCO,0,01E23B,8001108,EACH,D-0869,COMPRESSOR USA,MM
119532,"""SOC. HEAD CAP.","""SOC. HEAD CAP.",INSURANCE_SPARE,RS-GUPCO,0,02U14G,8001108,EACH,FC110DF,COMPRESSOR USA,MM
119533,SOC. HEAD CAP.,غطاء رأس SOC.,INSURANCE_SPARE,RS-GUPCO,0,02W32D (1),8001108,EACH,FC110EH,COMPRESSOR USA,MM
119534,"""SOC. HEAD CAP.","""SOC. HEAD CAP.",INSURANCE_SPARE,RS-GUPCO,0,02W32D (1),8001108,EACH,FC110EJ,COMPRESSOR USA,MM
119535,"""BOLT 12 POINT 1/2""""","""مسمار 12 نقطة ونصف""""",INSURANCE_SPARE,RS-GUPCO,0,02U14G,8001108,EACH,FC0171CDD,COMPRESSOR USA,MM
119536,"""BOLT 12 POINT 1/2""""","""مسمار 12 نقطة ونصف""""",INSURANCE_SPARE,RS-GUPCO,0,02U14G,8001108,EACH,FC0171CED,COMPRESSOR USA,MM
119537,"""BOLT 12 POINT 3/4""""","""مسمار 12 نقطة 3/4""""",INSURANCE_SPARE,RS-GUPCO,0,02U14,8001108,EACH,FC012O1T,COMPRESSOR USA,MM
119521,"""GASKET RET.","""حشية مانعة للتسرب.""",MIN_MAX,RS-GUPCO,0,03B24E,8001108,EACH,B-0834,COMPRESSOR USA,MM
119430,"GASKET, STEEL H.P. MFG.FOR AREIL COMPRESSOR",حشية فولاذية من إنتاج شركة HP MFG. لضاغط الهواء,MIN_MAX,RS-GUPCO,0,,8019102,EACH,A-11121,COMPRESSOR USA,MM
164499,"SHAFT,ITEM NO. 122","عمود، رقم الصنف 122",MIN_MAX,RS-GUPCO,0,02/U-58H,7907120,EACH,R79-116 2210,PUMP MISC,PU
273037,GOVERNOR ACTUATOR - WOODWARD EG-3P  PART NO: 163853D.  USED FOR WAUKESHA VHP ENGINE MODEL L7042G  S.NO. 403006 OPERATED,"مشغل منظم السرعة - وودوارد EG-3P، رقم القطعة: 163853D. يُستخدم مع محرك واكيشا VHP، طراز L7042G، الرقم التسلسلي 403006.",MIN_MAX,RS-GUPCO,0,02Q40B,0,EACH,163853T,ENGINE USA,MM
119541,"""L.O.LEVEL ASSY. GLASS",زجاج تجميع مستوى منخفض,INSURANCE_SPARE,RS-GUPCO,0,02W32E (1),8001108,EACH,G-0986,COMPRESSOR USA,MM
119542,"Packing Rebuild Kit  (oil & gas ) for piston 5 ½ bore consists of P.Nos;  B-1584 K & B-1687-K   ,(Ref. Group No. G 103","طقم إعادة بناء الحشوات (للزيت والغاز) لمكبس بقطر 5 ½ بوصة، يتكون من القطعتين B-1584 K و B-1687-K (انظر المجموعة رقم G 103).",MIN_MAX,RS-GUPCO,0,03B24E,8001108,SET,B-8581-K /B-6470-K,COMPRESSOR USA,MM
119543,"Dont reorder till update description  ""LUBE OIL PUMP STRAINER FILTER QUOTED AS FOLLOWS: 1 EA LUBE OIL PUMP STRAINER P/N.","لا تعيد الطلب حتى يتم تحديث الوصف ""فلتر مصفاة مضخة زيت التشحيم"" المذكور على النحو التالي: 1 قطعة مصفاة مضخة زيت التشحيم رقم القطعة.",MIN_MAX,RS-GUPCO,0,,8001108,EACH,G-1074,COMPRESSOR USA,MM
119544,"Packing Rebuild Kit  (oil & gas ) for piston 8 3/8 bore consists of P.Nos;  B-1584 K & B-1687-K   ,(Ref. Group No. G 1","طقم إعادة بناء الحشوات (للزيت والغاز) لمكبس بقطر 8 3/8 بوصة، يتكون من القطعتين B-1584 K و B-1687-K (انظر المجموعة رقم G 1).",INSURANCE_SPARE,RS-GUPCO,0,03B24F,8001108,SET,B-8581-K &  B-6470-K,COMPRESSOR USA,MM
119545,"""X-HEAD ASSY. JGE/4STD. 2 EA CROSSHEAD LIGHT P/N. D-0868 2 EA CROSSHEAD MED","مجموعة رأس متقاطع JGE/4STD. قطعتان، رأس متقاطع خفيف P/N. D-0868، قطعتان، رأس متقاطع متوسط",INSURANCE_SPARE,RS-GUPCO,0,01E23C,8001108,KIT,G-1322,COMPRESSOR USA,MM
115914,"HOSE, CONNECTION 6"" ID X 3 1/2"" WITH IMCO          600  CARBURETOR","خرطوم، وصلة بقطر داخلي 6 بوصات × 3.5 بوصة مع مكربن IMCO 600",PLANNED_WO,RS-GUPCO,0,,6923108,EACH,158241B,ENGINE USA,MM
103016,"Single Leg wire Rope Sling SWL 7.8ton, 9mtr. X 26mm diameter, IWRC, 6x36, Galvanized, terminating in Soft eyes each end,","حبل رفع سلكي أحادي الساق، حمولة آمنة 7.8 طن، 9 أمتار × قطر 26 مم، IWRC، 6x36، مجلفن، ينتهي بحلقات ناعمة في كل طرف.",PLANNED_WO,RS-GUPCO,3,,0,EACH,~,CORDG & CHAIN,MM
120026,"GASKET, OUTER HEAD P/N. W139566  RECIPROCATING","حشية رأس خارجي، رقم القطعة W139566، ترددي",OBSOLETE,RS-GUPCO,0,03B27D (1),0,EACH,W139566,COMPRESSOR USA,MM
119470,"""O-RING VT. PART.NO. A-0018","""حلقة دائرية VT. رقم الجزء A-0018",MIN_MAX,RS-GUPCO,0,03/ B24 D,8001108,EACH,A-0018,COMPRESSOR USA,MM
119472,"""BLOW-OUT ASSEM.","""اجتماع انفجاري""",INSURANCE_SPARE,RS-GUPCO,0,02U12,8001108,EACH,A-0080,COMPRESSOR USA,MM
119473,"""BLOW-OUT DISC.","""قرص انفجار""",MIN_MAX,RS-GUPCO,0,02W28E (1),8001108,EACH,A-0124,COMPRESSOR USA,MM
119475,"""SCREW","""أفسد",INSURANCE_SPARE,RS-GUPCO,0,03B24D,8001108,EACH,A-0145,COMPRESSOR USA,MM
119477,"""SEAL","""ختم",INSURANCE_SPARE,RS-GUPCO,0,02W28E (1),8001108,EACH,A-0245-B,COMPRESSOR USA,MM
103013,"Single Leg wire Rope Sling SWL 4.6 ton, 9mtr. x 20mm diameter, IWRC, 6x36, Galvanized, terminating in Soft eyes each end","حبل رفع سلكي أحادي الساق، حمولة آمنة 4.6 طن، 9 أمتار × قطر 20 مم، IWRC، 6×36، مجلفن، ينتهي بحلقات ناعمة في كل طرف",PLANNED_WO,RS-GUPCO,0,,0,EACH,,CORDG & CHAIN,MM
155240,"COLLAR, DRIVE                                      @ SEE PC 7929","طوق، قيادة @ انظر PC 7929",INSURANCE_SPARE,RS-GUPCO,0,02U30A(1),7902214,EACH,AX751130-CB000,PUMP MISC,PU
119420,"""X-HD GUIDE S2C JGH",دليل X-HD S2C JGH,INSURANCE_SPARE,RS-GUPCO,0,01E23A,8001108,EACH,D0692 (D1959),COMPRESSOR USA,MM
119618,SUC. VALVE,صمام شفط,MIN_MAX,RS-GUPCO,0,02U16H,8025100,EACH,B-1943-U,COMPRESSOR USA,MM
119603,"""SLEEVE BEARING",محمل انزلاقي,INSURANCE_SPARE,RS-GUPCO,0,02W34F (1),8025100,EACH,B-0772,COMPRESSOR USA,MM
119595,"GASKET, RND  (Ariel Manufacture made in USA not substitute)","حشية، RND (صنع في الولايات المتحدة الأمريكية بواسطة شركة أرييل، وليست بديلاً عنها)",INSURANCE_SPARE,RS-GUPCO,0,03B39B,0,EACH,A-5375,COMPRESSOR USA,MM
119617,"DIS. VALVE,(N.P/N. B2705AA)",صمام تفكيك (NP/N. B2705AA),MIN_MAX,RS-GUPCO,0,02U43E,8025100,EACH,B2705AA,COMPRESSOR USA,MM
119615,DIS. VALVE (Ariel Manufacture made in USA not substitute),"صمام تفكيك (صنع في الولايات المتحدة الأمريكية بواسطة شركة أرييل، وليس بديلاً عنه)",MIN_MAX,RS-GUPCO,0,02U16F,8025100,EACH,B-1746-N,COMPRESSOR USA,MM
119614,SUC. VALVE (Ariel Manufacture made in USA not substitute) P.NO  B-1745-V,"صمام شفط (صنع في الولايات المتحدة الأمريكية بواسطة شركة آرييل، وليس بديلاً) رقم القطعة B-1745-V",MIN_MAX,RS-GUPCO,0,02 V 16 E,8025100,EACH,B-1745-V,COMPRESSOR USA,MM
181155,"ELEMENT, STRAINER STANLESS STEEL","عنصر، مصفاة من الفولاذ المقاوم للصدأ",MIN_MAX,RS-GUPCO,0,,6923015,EACH,208472B,BR/SL/S.PLG/FLT,MM
274456,"Bronze tube 1.5"" IDX 2.5"" ODX 1 ft LG, Copper alloy No. C937, conform to ASTM B-505 and fed. Spec. QQ-C-390, E10 with a","أنبوب برونزي بقطر داخلي 1.5 بوصة وقطر خارجي 2.5 بوصة وطول 1 قدم، مصنوع من سبيكة نحاسية رقم C937، مطابق للمواصفات ASTM B-505 و QQ-C-390، E10.",MIN_MAX,RS-GUPCO,0,,0,EACH,~,PUMP MISC,PU
274470,Gasket Shaft Sleeve (item no.211),جلبة عمود الحشية (رقم الصنف 211),MIN_MAX,RS-GUPCO,0,02T11E,7907120,EACH,70782 16  5108,PUMP MISC,PU
119476,"RING PISTON, 5 1/2"" ( INNER DIAM 5"" OUTER DIAM 5.5 THICK 0.25"") (Areil Manufacture made in USA not substitute).","مكبس حلقي، 5 1/2 بوصة (القطر الداخلي 5 بوصة، القطر الخارجي 5.5 بوصة، السماكة 0.25 بوصة) (صنع في الولايات المتحدة الأمريكية بواسطة شركة أريل، وليس بديلاً).",MIN_MAX,RS-GUPCO,0,,0,EACH,A-0237,COMPRESSOR USA,MM
119539,"""STAT-O SEAL",ختم الولاية,INSURANCE_SPARE,RS-GUPCO,0,02W32D (1),8001108,EACH,FW-0550GA,COMPRESSOR USA,MM
119540,"""STAT-O-SEAL","""ستات-أو-سيل""",INSURANCE_SPARE,RS-GUPCO,0,02W32D (1),8001108,EACH,FW05501A,COMPRESSOR USA,MM
103010,"Single Leg wire Rope Sling SWL 3 ton, 9mtr. x 16mm diameter, IWRC, 6x36, Galvanized, terminating in Soft eyes each end,1","حبل رفع سلكي أحادي الساق، حمولة آمنة 3 أطنان، 9 أمتار × قطر 16 مم، IWRC، 6×36، مجلفن، ينتهي بحلقات ناعمة في كل طرف، 1",PLANNED_WO,RS-GUPCO,0,,0,EACH,,CORDG & CHAIN,MM
103008,"Single Leg wire Rope Sling SWL 2 ton, 7.6mtr. X 13mm diameter, IWRC, 6x36, Galvanized, terminating in Soft eyes each end","حبل رفع سلكي أحادي الساق، حمولة آمنة ٢ طن، ٧.٦ متر × ١٣ مم قطر، IWRC، ٦×٣٦، مجلفن، ينتهي بحلقات ناعمة في كل طرف",PLANNED_WO,RS-GUPCO,0,,0,EACH,,CORDG & CHAIN,MM
103009,"Single Leg wire Rope Sling SWL 3 ton, 7.6mtr. X 16mm diameter, IWRC, 6x36, Galvanized, terminating in Soft eyes each end","حبل رفع سلكي أحادي الساق، حمولة آمنة 3 أطنان، 7.6 متر × قطر 16 مم، IWRC، 6×36، مجلفن، ينتهي بحلقات ناعمة في كل طرف",MIN_MAX,RS-GUPCO,0,01A26C,0,EACH,~,CORDG & CHAIN,MM
161305,"CONNECTING ROD,  P/N. 8N1726","ذراع التوصيل، رقم القطعة 8N1726",PLANNED_WO,RS-GUPCO,0,,7103139,EACH,1CA8N1726,CATERPILLAR,MM
187407,"BEARING, CONNECTING, ROD UPPER","محمل، وصلة، قضيب علوي",INSURANCE_SPARE,RS-GUPCO,0,02Q61C,0,EACH,205110D,ENGINE USA,MM
187409,"BAFFLE, PISTON,","حاجز، مكبس،",INSURANCE_SPARE,RS-GUPCO,0,02R49D,0,EACH,176322B,ENGINE USA,MM
187410,"PISTON, PIN,","المكبس، الدبوس،",INSURANCE_SPARE,RS-GUPCO,0,02R49D,0,EACH,206006,ENGINE USA,MM
173654,"DISC PACK, STAINLESS FOR COUPLING ""THOMAS""  SERIES 71 SIZE 562","مجموعة أقراص من الفولاذ المقاوم للصدأ لوصلة ""توماس"" سلسلة 71 مقاس 562",INSURANCE_SPARE,RS-GUPCO,0,,7902107,EACH,329291,BR/SL/S.PLG/FLT,PU
137130,"SLEEVE, SHAFT ITEM NO. 126","جلبة، عمود، رقم الصنف 126",PLANNED_WO,RS-GUPCO,1,,7907120,EACH,71239 1618,PUMP MISC,PU
195959,"GASKET, KIT, BASIC",طقم حشية أساسي,INSURANCE_SPARE,RS-GUPCO,0,,0,EACH,G-900-1023,ENGINE USA,MM
177528,"WASHER, IMPELLER ITEM NO. 199","غسالة، مروحة، رقم الصنف 199",PLANNED_WO,RS-GUPCO,0,,7907120,EACH,686792 2226,PUMP MISC,PU
132289,"BEARING, CRANKSHAFT",محمل عمود المرفق,INSURANCE_SPARE,RS-GUPCO,0,2,7103116,EACH,8N7766,CATERPILLAR,MM
194330,"CONNECTION, HOSE, 4 INCH ID X 3 INCH.","وصلة خرطوم، قطر داخلي 4 بوصة × 3 بوصة.",INSURANCE_SPARE,RS-GUPCO,0,03H25B,0,EACH,161703A,ENGINE USA,MM
105975,"LEVER, GOVERNOR, WAUKESHA P/N. 156339.","رافعة، حاكم، واكيشا رقم القطعة 156339.",INSURANCE_SPARE,RS-GUPCO,0,02P45A,6923015,EACH,156339,ENGINE USA,MM
198280,"SINGLE SLEEVE CYL. KIT for engine model : 2895 G , cataloge :G-932-243 , compression ratio 10:1 COMPOSES OF:","طقم أسطوانة أحادية الغلاف لمحرك طراز: 2895 G، رقم الكتالوج: G-932-243، نسبة الانضغاط 10:1، يتكون من:",PLANNED_WO,RS-GUPCO,0,,0,EACH,~,ENGINE USA,MM
200362,CRANK SHAFT.,العمود المرفقي.,INSURANCE_SPARE,RS-GUPCO,0,02T41,7313106,EACH,216-0003-062N,PUMP MISC,MM
194352,"COMPRESSION TESTER ADAPTOR, WAUKESHA PART NO.494217","محول اختبار الضغط، رقم قطعة واكيشا 494217",INSURANCE_SPARE,RS-GUPCO,0,,0,EACH,494217,ENGINE USA,MM
194354,"TIMING LIGHT , WAUKESHA PART NO.494338","ضوء التوقيت، رقم قطعة واكيشا 494338",MIN_MAX,RS-GUPCO,0,02Q34,6923012,EACH,494338,ENGINE USA,MM
109660,"MECHANICAL SEAL, 2-1/4 IN. ""J.C"" TYPE 1,MAT. CODE  XP-1D1,DWG. NO. CF-SP-40270","مانع تسرب ميكانيكي، 2-1/4 بوصة، من النوع ""JC"" 1، رمز المادة XP-1D1، رقم الرسم CF-SP-40270",INSURANCE_SPARE,RS-GUPCO,0,,3003112,EACH,~,BELT/TRANSMIT,PU
132630,"DRIVE, ASSY. MOTOR","محرك، مجموعة محرك",INSURANCE_SPARE,RS-GUPCO,0,04H06F (1),7103162,EACH,6N3826,CATERPILLAR,MM
195387,"GEAR, RING, FLYWHEEL","الترس، الحلقة، دولاب الموازنة",INSURANCE_SPARE,RS-GUPCO,0,01C15D,0,EACH,153381B,ENGINE USA,MM
195388,"SCREEN, OIL, Manufacture: Waukesha (P/N: A153123B)","شاشة، زيت، صنع بواسطة: واكيشا (رقم القطعة: A153123B)",INSURANCE_SPARE,RS-GUPCO,0,,6923106,EACH,A153123B,ENGINE USA,MM
195389,"TUBE, OIL,","أنبوب، زيت،",INSURANCE_SPARE,RS-GUPCO,0,02Q57C,0,EACH,153030,ENGINE USA,MM
116491,"NUT, CAMSHAFT GEAR","صامولة، ترس عمود الكامات",INSURANCE_SPARE,RS-GUPCO,0,,0,EACH,153048,ENGINE USA,MM
175533,"GUIDE, VALVE LIFTER","دليل، رافع الصمام",INSURANCE_SPARE,RS-GUPCO,0,1,6923108,EACH,153003,ENGINE USA,MM
105970,"KEY, WOODRUFF","كي، وودروف",INSURANCE_SPARE,RS-GUPCO,0,1,0,EACH,21012B,ENGINE USA,MM
199679,"Hand operated chain block SWL 5 ton, Height of lift 3mtr. Manufactured to BS EN 13157:2004 +A1:2009. Load chain must com","رافعة سلسلة يدوية، حمولة آمنة ٥ أطنان، ارتفاع الرفع ٣ أمتار. مصنعة وفقًا للمواصفة القياسية البريطانية BS EN 13157:2004 +A1:2009. يجب أن تكون سلسلة التحميل متناسقة.",PLANNED_WO,RS-GUPCO,5,,0,EACH,~,CORDG & CHAIN,MM
199680,"Hand operated chain block SWL 5 ton, Height of lift 6mtr.  Manufactured to BS EN 13157:2004 +A1:2009.","رافعة سلسلة يدوية التشغيل، حمولة آمنة 5 أطنان، ارتفاع الرفع 6 أمتار. مصنعة وفقًا للمواصفة القياسية البريطانية BS EN 13157:2004 +A1:2009.",INSURANCE_SPARE,RS-GUPCO,5,,0,EACH,~,CORDG & CHAIN,MM
199683,"Manually operated chain hoist in accordance with ,  BS EN 13157:2004+A1:2009 ,  SWL 2 te , Height of Lift 3m","رافعة سلسلة يدوية التشغيل وفقًا للمواصفة القياسية البريطانية BS EN 13157:2004+A1:2009، حمولة التشغيل الآمنة 2 طن، ارتفاع الرفع 3 أمتار",MIN_MAX,RS-GUPCO,0,,0,EACH,~,CORDG & CHAIN,MM
199685,"Hand operated chain block SWL 1 ton, Height of lift 3mtr.  Manufactured to BS EN 13157:2004 +A1:2009.","رافعة سلسلة يدوية التشغيل، حمولة آمنة 1 طن، ارتفاع الرفع 3 أمتار. مصنعة وفقًا للمواصفة القياسية البريطانية BS EN 13157:2004 +A1:2009.",MIN_MAX,RS-GUPCO,0,,0,EACH,Europian Directive,CORDG & CHAIN,MM
199690,WEBBING SLING / POLYESTER / COLOUR VIOLET / DUPLEX / BECKET EYE / F.O.S 7:1 / MANUFACTURED TO BSEN 1492:1 / CE MARK / S.,حزام منسوج / بوليستر / لون بنفسجي / مزدوج / حلقة بيكيت / FOS 7:1 / مصنعة وفقًا للمواصفة BSEN 1492:1 / علامة CE / S.,MIN_MAX,RS-GUPCO,0,,0,EACH,~,CORDG & CHAIN,MM
199692,WEBBING SLING / POLYESTER / COLOUR VIOLET / DUPLEX / BECKET EYE / F.O.S 7:1 / MANUFACTURED TO BSEN 1492:1 / CE MARK / S.,حزام منسوج / بوليستر / لون بنفسجي / مزدوج / حلقة بيكيت / FOS 7:1 / مصنعة وفقًا للمواصفة BSEN 1492:1 / علامة CE / S.,MIN_MAX,RS-GUPCO,0,02b05c,0,EACH,~,CORDG & CHAIN,MM
199693,WEBBING SLING / POLYESTER / COLOUR GREEN / DUPLEX /    BECKET EYE / F.O.S 7:1 / MANUFACTURED TO BSEN 1492:2000 / CE MARK,حزام تسلق / بوليستر / اللون أخضر / مزدوج / حلقة بيكت / نسبة شد 7:1 / مصنّع وفقًا للمواصفة القياسية البريطانية BSEN 1492:2000 / علامة CE,MIN_MAX,RS-GUPCO,0,,0,EACH,,CORDG & CHAIN,MM
199694,WEBBING SLING / POLYESTER / COLOUR GREEN / DUPLEX / BECKET EYE / F.O.S 7:1 / MANUFACTURED TO BSEN 1492:1 / CE MARK / S.W,حزام منسوج / بوليستر / اللون أخضر / مزدوج / حلقة بيكت / نسبة شد 7:1 / مصنّع وفقًا للمواصفة البريطانية BSEN 1492:1 / علامة CE / SW,MIN_MAX,RS-GUPCO,1,,0,EACH,~,CORDG & CHAIN,MM
274464,"Ball Bearing Outboard (SKF 6309 Z) , Coupling End (item no. 112)","محمل كروي خارجي (SKF 6309 Z)، طرف التوصيل (رقم الصنف 112)",MIN_MAX,RS-GUPCO,0,,7907120,EACH,8050-30961,BR/SL/S.PLG/FLT,PU
274469,Suction Cover (item no. 182),غطاء شفط (رقم الصنف 182),INSURANCE_SPARE,RS-GUPCO,0,02V07B,7907120,EACH,R97-219 9248,PUMP MISC,PU
274458,"Bronze tube 4"" IDX 5"" ODX 1 ft LG, Copper alloy No. C937, conform to ASTM B-505 and fed. Spec. QQ-C-390, E10 with a trac","أنبوب برونزي 4 بوصات داخلي × 5 بوصات خارجي × 1 قدم طول، سبيكة نحاسية رقم C937، مطابق للمواصفات ASTM B-505 و QQ-C-390، E10 مع مسار",SURPLUS,RS-GUPCO,0,,0,EACH,~,PUMP MISC,PU
194339,"SLEEVE PLATE 9.3/8"" , WAUKESHA PART NO.494286","لوحة غلاف 9.3/8 بوصة، رقم قطعة واكيشا 494286",SURPLUS,RS-GUPCO,0,02R45D,0,EACH,494286,ENGINE USA,MM
194350,"COMPRESSION TESTER , WAUKESHA PART NO.494215","جهاز اختبار الضغط، رقم قطعة واكيشا 494215",MIN_MAX,RS-GUPCO,0,,0,EACH,494215,ENGINE USA,MM
195385,"TAPE, TIMING ,","الشريط، التوقيت،",INSURANCE_SPARE,RS-GUPCO,0,02Q36A,0,EACH,211638B,ENGINE USA,MM
201915,"BEARING, TAPERED ROLLER #47820. FOR PUMP  MODEL : TD-30 SIZE 1-3/8X2-3/4.","محمل، بكرة مدببة رقم 47820. لمضخة طراز: TD-30 مقاس 1-3/8 × 2-3/4.",INSURANCE_SPARE,RS-GUPCO,0,02V31,7321141,EACH,9610CETA001,PUMP MISC,PU
201916,"SHIM, CSHAFT FR CAP.FOR PUMP  MODEL : TD-30 SIZE 1-3/8X2-3/4.","حشوة، غطاء عمود الدوران الأمامي. لمضخة موديل: TD-30 مقاس 1-3/8 × 2-3/4.",OBSOLETE,RS-GUPCO,0,02U30E,0,EACH,134B0625504T31100,PUMP MISC,PU
201917,"SHIM, CSHAFT FR CAP. FOR PUMP  MODEL : TD-30 SIZE 1-3/8X2-3/4.","حشوة، غطاء عمود الدوران الأمامي. لمضخة موديل: TD-30 مقاس 1-3/8 × 2-3/4.",OBSOLETE,RS-GUPCO,0,02U30F,7321141,EACH,134B0625503T31100,PUMP MISC,PU
201918,"SHIM, CSHAFT FR CAP. FOR PUMP  MODEL : TD-30 SIZE 1-3/8X2-3/4.","حشوة، غطاء عمود الدوران الأمامي. لمضخة موديل: TD-30 مقاس 1-3/8 × 2-3/4.",OBSOLETE,RS-GUPCO,0,02U30F,0,EACH,134B0625501T31100,PUMP MISC,PU
201919,"SHIM, CSHAFT FR CAP. FOR PUMP  MODEL : TD-30 SIZE 1-3/8X2-3/4.","حشوة، غطاء عمود الدوران الأمامي. لمضخة موديل: TD-30 مقاس 1-3/8 × 2-3/4.",OBSOLETE,RS-GUPCO,0,02U30F,7321141,EACH,134B0625502T31100,PUMP MISC,PU
201907,"PUMP, COMPLETE INCLUDING POWER END WITH OUT ELE. MOTOR. MODEL : TD-30 SIZE 1-3/8X2-3/4.","مضخة كاملة تشمل وحدة الطاقة بدون محرك كهربائي. الموديل: TD-30، المقاس: 1-3/8 × 2-3/4.",STRATEGIC_WO,RS-GUPCO,0,,7321141,EACH,123232,PUMP MISC,PU
201908,"ROD, CONNECTING FOR PUMP  MODEL : TD-30 SIZE 1-3/8X2-3/4.",قضيب توصيل لمضخة طراز: TD-30 مقاس 1-3/8 × 2-3/4.,INSURANCE_SPARE,RS-GUPCO,0,02V31,7321141,SET,100408,PUMP MISC,PU
201909,BEARING CROSS HEAD PIN.FOR PUMP  MODEL : TD-30 SIZE 1-3/8X2-3/4.,دبوس رأس متقاطع محمل. لمضخة موديل: TD-30 مقاس 1-3/8 × 2-3/4.,INSURANCE_SPARE,RS-GUPCO,0,02U30D,7321141,EACH,120A0830600R15700,PUMP MISC,PU
201910,"BEARING, CONNECTING ROD.FOR PUMP  MODEL : TD-30 SIZE 1-3/8X2-3/4.","محمل، قضيب توصيل. لمضخة موديل: TD-30 مقاس 1-3/8 × 2-3/4.",INSURANCE_SPARE,RS-GUPCO,0,02V31,7321141,EACH,116B1017400R15300,PUMP MISC,PU
201912,"PIN,CROSS HEAD. FOR PUMP MODEL : TD-30 SIZE 1-3/8X2-3/4.","دبوس، رأس متقاطع. لمضخة طراز: TD-30 مقاس 1-3/8 × 2-3/4.",INSURANCE_SPARE,RS-GUPCO,0,02U30E,7321141,EACH,119A0616800C21701,PUMP MISC,PU
201913,"DEFLECTOR, CRSHD STUB.FOR PUMP  MODEL : TD-30 SIZE 1-3/8X2-3/4.","عاكس، وصلة CRSD. لمضخة موديل: TD-30 مقاس 1-3/8 × 2-3/4.",INSURANCE_SPARE,RS-GUPCO,0,03B18B,7321141,EACH,123A0617800T41500,PUMP MISC,PU
201925,VALVE. FOR PUMP  MODEL : TD-30 SIZE 1-3/8X2-3/4.,صمام. لمضخة طراز: TD-30 مقاس 1-3/8 × 2-3/4.,INSURANCE_SPARE,RS-GUPCO,0,02V21G(1),7321141,EACH,320B0792300F11505,PUMP MISC,PU
201926,"EXTENTION, CYLINDER HEAD. FOR PUMP  MODEL : TD-30 SIZE 1-3/8X2-3/4.","وصلة تمديد، رأس أسطوانة. لمضخة طراز: TD-30، مقاس 1-3/8 × 2-3/4.",INSURANCE_SPARE,RS-GUPCO,0,02U30G,7321141,EACH,367C0625700A22200,PUMP MISC,PU
201927,"VALVE, STOP DISCHARGE. FOR PUMP  MODEL : TD-30 SIZE 1-3/8X2-3/4.","صمام إيقاف التصريف. لمضخة طراز: TD-30، مقاس 1-3/8 × 2-3/4.",INSURANCE_SPARE,RS-GUPCO,0,02V19A,7321141,EACH,370B0727700B23100,PUMP MISC,PU
201928,"GASKET,VALVE COVER. FOR PUMP  MODEL : TD-30 SIZE 1-3/8X2-3/4.","حشية غطاء الصمام. لمضخة موديل: TD-30، مقاس 1-3/8 × 2-3/4.",INSURANCE_SPARE,RS-GUPCO,0,03U35A,7321141,EACH,619B0608403T51000,PUMP MISC,PU
201929,"VALVE, SPRING. FOR PUMP  MODEL : TD-30 SIZE 1-3/8X2-3/4.","صمام، زنبرك. لمضخة طراز: TD-30 مقاس 1-3/8 × 2-3/4.",INSURANCE_SPARE,RS-GUPCO,0,02U29H,7321141,EACH,334B0634701D81201,PUMP MISC,PU
201930,STUFFING BOX. FOR PUMP  MODEL : TD-30 SIZE 1-3/8X2-3/4.,صندوق حشو. لمضخة طراز: TD-30 مقاس 1-3/8 × 2-3/4.,INSURANCE_SPARE,RS-GUPCO,0,02U30H,7321141,EACH,337B0644300B22300,PUMP MISC,PU
201931,"GASKET, STUFFING BOX. FOR PUMP  MODEL : TD-30 SIZE 1-3/8X2-3/4.","حشية، صندوق حشو. لمضخة موديل: TD-30 مقاس 1-3/8 × 2-3/4.",INSURANCE_SPARE,RS-GUPCO,0,02U30H,7321141,EACH,622B0647503R19400,PUMP MISC,PU
201932,"BSHG, STUFG BOX THROAT. FOR PUMP  MODEL : TD-30 SIZE 1-3/8X2-3/4.","BSHG، STUFG BOX THROAT. لمضخة موديل: TD-30 مقاس 1-3/8 × 2-3/4.",SURPLUS,RS-GUPCO,0,,7321141,EACH,341B0720504A11100,PUMP MISC,PU
201933,"FLWR, STUFG BOX GLAND. FOR PUMP  MODEL : TD-30 SIZE 1-3/8X2-3/4.","FLWR، STUFG BOX GLAND. لمضخة موديل: TD-30 مقاس 1-3/8 × 2-3/4.",INSURANCE_SPARE,RS-GUPCO,0,02V19B,7321141,EACH,339B0720904A11100,PUMP MISC,PU
201934,"GLAND, STUFG BOX . FOR PUMP  MODEL : TD-30 SIZE 1-3/8X2-3/4.","غدة، صندوق حشو. لمضخة موديل: TD-30 مقاس 1-3/8 × 2-3/4.",INSURANCE_SPARE,RS-GUPCO,0,02V19B,7321141,EACH,338B0624802B22300,PUMP MISC,PU
203679,"BEARING, BALL, DOUBLE ROW, ANGULAR CONTACT, MEDIUM 300 SERIES, SKF P/N 5311.","محمل كروي مزدوج الصف، ذو تلامس زاوي، متوسط من سلسلة 300، رقم القطعة SKF 5311.",INSURANCE_SPARE,RS-GUPCO,0,,0,EACH,5311,BR/SL/S.PLG/FLT,MM
200491,"hold till 1/1/2027 , STARTER, ELECTRIC, EXPLOSION PROOF, FOR ENGINE MODEL D3406 S/N 6TB21794 & ARR NO 4W-3799, STARTER N","يُحفظ حتى 1/1/2027، بادئ تشغيل كهربائي مقاوم للانفجار، لمحرك طراز D3406، الرقم التسلسلي 6TB21794 ورقم التوريد 4W-3799، بادئ تشغيل رقم",MIN_MAX,RS-GUPCO,0,,0,EACH,3383454,CATERPILLAR,MM
200494,"MOTOR DRIVE A3233 E02 (BENDEX GROUP) FOR EXPLOSION PROOF ELECTRIC STARTER (SERIAL 20434), USED FOR ENGINE MODEL D3406","محرك القيادة A3233 E02 (مجموعة بيندكس) لبادئ التشغيل الكهربائي المقاوم للانفجار (الرقم التسلسلي 20434)، المستخدم في طراز المحرك D3406",PLANNED_WO,RS-GUPCO,0,,0,EACH,1CA6N3826,CATERPILLAR,MM
201033,"FUMS, DISPOSAL GROUP, P/N 4N1288, USED FOR CAT D-3406.","الأبخرة، مجموعة التخلص، رقم القطعة 4N1288، المستخدمة في CAT D-3406.",INSURANCE_SPARE,RS-GUPCO,0,,7103370,EACH,4N1288,CATERPILLAR,MM
201034,"WATER LINE GROUP, P/N 2W7157, USED FOR CAT D-3406.","مجموعة خط المياه، رقم القطعة 2W7157، تستخدم لـ CAT D-3406.",INSURANCE_SPARE,RS-GUPCO,0,04S10D,7103370,EACH,2W7157,CATERPILLAR,MM
201035,"HOSE ASSEMBLY, P/N 5N6754, FOR J. WATER HEATER, USED FOR CAT D-3406.","مجموعة خرطوم، رقم القطعة 5N6754، لسخان المياه J.، المستخدم في CAT D-3406.",MIN_MAX,RS-GUPCO,0,,7103370,EACH,5N6754,CATERPILLAR,MM
119546,"""CONN. ROD ASSY., FS JGE/4STD CONSISTING OF: - AD973 CONN ROD - B772(B770) ROD B","مجموعة قضيب التوصيل، FS JGE/4STD، تتكون من: - قضيب توصيل AD973 - قضيب B772 (B770) B",INSURANCE_SPARE,RS-GUPCO,0,01E23C,8001108,EACH,G-1520,COMPRESSOR USA,MM
119464,"""O-RING",حلقة دائرية,INSURANCE_SPARE,RS-GUPCO,0,1,8001108,EACH,A-0010,COMPRESSOR USA,MM
119555,MURPHY L-1200                                      P/N. 102300425,مورفي L-1200 رقم القطعة 102300425,INSURANCE_SPARE,RS-GUPCO,0,02U16E,8001108,EACH,102300425,COMPRESSOR USA,MM
199684,"Hand operated chain block SWL 2 ton, Height of lift 6mtr. Manufactured to BS EN 13157:2004 +A1:2009. Load chain must com","رافعة سلسلة يدوية، حمولة آمنة ٢ طن، ارتفاع الرفع ٦ أمتار. مصنعة وفقًا للمواصفة القياسية البريطانية BS EN 13157:2004 +A1:2009. يجب أن تكون سلسلة التحميل متناسقة.",MIN_MAX,RS-GUPCO,0,,0,EACH,~,CORDG & CHAIN,MM
204049,"FILTER, FUEL , PRIMERY GROUP , FOR CATERPILLER ENG , MODEL :3406DI , ENG , S/N :6TBB1791 , ENG. ARR. NO :4W3791. MANUFAC","فلتر وقود المجموعة الأولية لشركة كاتربيلر ENG موديل :3406DI , ENG , S/N :6TBB1791 , ENG. آر. لا :4W3791. مانوفاك",MIN_MAX,RS-GUPCO,0,04K08,0,EACH,1CA8H7204,CATERPILLAR,MM
201345,"GEAR, SET EP60, P/N 54403894, PARTS FOR ROTARY AIR COMPRESSOR MODEL SSR EP60 S/NO. CA2632U03302. (INGERSOLL RAND GENUINE","مجموعة تروس EP60، رقم القطعة 54403894، قطع غيار لضاغط هواء دوار طراز SSR EP60، الرقم التسلسلي CA2632U03302. (أصلي من إنجرسول راند)",INSURANCE_SPARE,RS-GUPCO,0,,0,EACH,54403894,COMPRESSOR USA,MM
201346,"AIR END, CF 90 P.NO. 54416920  PARTS FOR ROTARY AIR COMPRESSOR MODEL SSR EP60 S/NO. CA2632U03302. (INGERSOLL RAND GENUIN","وحدة ضغط الهواء، CF 90، رقم القطعة 54416920، قطع غيار لضاغط هواء دوار طراز SSR EP60، الرقم التسلسلي CA2632U03302. (قطع غيار أصلية من إنجرسول راند)",MIN_MAX,RS-GUPCO,0,01 E 21 B,0,EACH,54416920,COMPRESSOR USA,MM
201347,"HOSE, HYDRAULIC P.NO. 54385711  PARTS FOR ROTARY AIR COMPRESSOR MODEL SSR EP60","خرطوم هيدروليكي، رقم القطعة 54385711، قطع غيار لضاغط هواء دوار طراز SSR EP60",MIN_MAX,RS-GUPCO,0,,0,EACH,24289159,COMPRESSOR USA,MM
201348,BREATHER FILTER P.NO. 39111893  PARTS FOR ROTARY AIR COMPRESSOR MODEL SSR EP60 S/NO. CA2632U03302. (INGERSOLL RAND GENUI,"فلتر تهوية، رقم القطعة 39111893، قطع غيار لضاغط هواء دوار طراز SSR EP60، الرقم التسلسلي CA2632U03302. (إنجرسول راند الأصلي)",MIN_MAX,RS-GUPCO,0,,0,EACH,39111893,COMPRESSOR USA,MM
119480,"""STEEL GASKET",حشية فولاذية,MIN_MAX,RS-GUPCO,0,02U12,8001108,EACH,A-0458,COMPRESSOR USA,MM
119488,THERMOSTAT VALVE ELEM,عنصر صمام منظم الحرارة,INSURANCE_SPARE,RS-GUPCO,0,02W28F(1),8001108,EACH,A-0560-A,COMPRESSOR USA,MM
203455,"ALTRONIC LGNITION COIL 591011A, 3 PIN,","الترونيك ملف LGNITION 591011A، 3 دبوس،",MIN_MAX,RS-GUPCO,0,02/Q36,3601100,EACH,591011A,ENGINE USA,MM
110121,"COUPLING, COMPLETE FOR PUMP S/NO. E270 B529-1-2-3  (MFR. THOMAS TYPE DBZ-C SIZE 351)","وصلة كاملة للمضخة رقم التسلسلي E270 B529-1-2-3 (الشركة المصنعة: توماس، النوع DBZ-C، الحجم 351)",INSURANCE_SPARE,RS-GUPCO,0,,7907152,EACH,~,BR/SL/S.PLG/FLT,PU
201360,"HOSE, HYDR. 1.0 NOM X 14.75 LO P.NO. 39572755  PARTS FOR ROTARY AIR COMPRESSOR MODEL SSR EP60 S/NO. CA2632U03302.NEW P/N","خرطوم هيدروليكي 1.0 اسمي × 14.75 طول، رقم القطعة 39572755، قطع غيار لضاغط هواء دوار طراز SSR EP60، الرقم التسلسلي CA2632U03302، جديد.",MIN_MAX,RS-GUPCO,0,02/W35,0,EACH,85560951,COMPRESSOR USA,MM
201361,"HOSE, HYDR. 1.0 NOM X 23.5 LO , P.NO. 39589528  (New P/N. 85561017) SSR EP60 S/NO. CA2632U03302 SSR EP60 S/NO. CA2632U03","خرطوم هيدروليكي، 1.0 اسمي × 23.5 طول، رقم القطعة 39589528 (رقم القطعة الجديد 85561017)، مرحل فولاذ مقاوم للصدأ EP60، الرقم التسلسلي CA2632U03302، مرحل فولاذ مقاوم للصدأ EP60، الرقم التسلسلي CA2632U03",MIN_MAX,RS-GUPCO,0,03B35B,0,EACH,85561017,COMPRESSOR USA,MM
201362,"COOLER, OIL/AIR P.NO. 39893003  PARTS FOR ROTARY AIR COMPRESSOR MODEL SSR EP60 S/NO. CA2632U03302.(INGERSOLL RAND GENUIN","مبرد زيت/هواء، رقم القطعة 39893003، قطع غيار لضاغط هواء دوار طراز SSR EP60، الرقم التسلسلي CA2632U03302. (أصلي من إنجرسول راند)",MIN_MAX,RS-GUPCO,0,01E19B,0,EACH,39893003,COMPRESSOR USA,MM
201363,TUBE MIN PRESSURE TO A/COOLER P.NO. 39900212  PARTS FOR ROTARY AIR COMPRESSOR MODEL SSR EP60 S/NO. CA2632U03302.(INGERSO,"أنبوب ضغط أدنى لمبرد الهواء، رقم القطعة 39900212، قطع غيار لضاغط هواء دوار طراز SSR EP60، الرقم التسلسلي CA2632U03302. (INGERSO)",PLANNED_WO,RS-GUPCO,0,02W35E(1),0,EACH,39900212,COMPRESSOR USA,MM
201935,PLUNGER . FOR PUMP MODEL : TD-30 SIZE 1-3/8X2-3/4.,مكبس. لمضخة طراز: TD-30 مقاس 1-3/8 × 2-3/4.,INSURANCE_SPARE,RS-GUPCO,0,,7321141,EACH,353B0657604R53100,PUMP MISC,PU
201920,"PACKING PKG, SET SQ RING (5 EA = 1 SET). FOR PUMP  MODEL : TD-30 SIZE 1-3/8X2-3/4.","عبوة تغليف، مجموعة حلقات مربعة (5 قطع = مجموعة واحدة). لمضخة موديل: TD-30، مقاس 1-3/8 × 2-3/4.",INSURANCE_SPARE,RS-GUPCO,0,03/ B 18B,7321141,SET,13661,PUMP MISC,PU
201921,"SEAL, OIL C/R 9876 CRWIR. FOR PUMP  MODEL : TD-30 SIZE 1-3/8X2-3/4.","مانع تسرب الزيت C/R 9876 CRWIR. لمضخة طراز: TD-30، مقاس 1-3/8 × 2-3/4.",INSURANCE_SPARE,RS-GUPCO,0,02T 41 F,7321141,EACH,94111000103,PUMP MISC,PU
201922,"SEAL, OIL C/R #23652. FOR PUMP  MODEL : TD-30 SIZE 1-3/8X2-3/4.",مانع تسرب الزيت C/R رقم 23652. لمضخة طراز: TD-30 مقاس 1-3/8 × 2-3/4.,INSURANCE_SPARE,RS-GUPCO,0,02U30F,7321141,EACH,94111000134,PUMP MISC,PU
201923,"GASKET, CRSHD STB SEAL CAP. FOR PUMP  MODEL : TD-30 SIZE 1-3/8X2-3/4.","حشية، غطاء مانع للتسرب CRSD STB. لمضخة موديل: TD-30 مقاس 1-3/8 × 2-3/4.",INSURANCE_SPARE,RS-GUPCO,0,02V29,7321141,EACH,623A0619502U51100,PUMP MISC,PU
201924,"VALVE, SEAT. FOR PUMP  MODEL : TD-30 SIZE 1-3/8X2-3/4.","صمام، مقعد. لمضخة طراز: TD-30 مقاس 1-3/8 × 2-3/4.",INSURANCE_SPARE,RS-GUPCO,0,02U30G,7321141,EACH,322B0824400F21501,PUMP MISC,PU
274400,"Sleeve (P/No. H-1375-876) used for J.C., DOUBLE MECH. SEAL, SIZE ¦1.375, TYPE T-5620-P BIG BORE VERSION, DWG NO. HSP-380","غلاف (رقم القطعة H-1375-876) يُستخدم لـ JC، مانع تسرب ميكانيكي مزدوج، مقاس ¦1.375، نوع T-5620-P إصدار ذو تجويف كبير، رقم الرسم HSP-380",INSURANCE_SPARE,RS-GUPCO,0,02V11G,0,EACH,81043256,PUMP MISC,PU
201365,"FAN, 28"", WITH 1.13 BUSHI, P/N 3992000, PARTS FOR ROTARY AIR COMPRESSOR MODEL SSR EP60 S/NO. CA2632U03302. (INGERSOLL RA","مروحة، 28 بوصة، مع جلبة 1.13، رقم القطعة 3992000، قطع غيار لضاغط هواء دوار طراز SSR EP60، الرقم التسلسلي CA2632U03302. (INGERSOLL RA)",INSURANCE_SPARE,RS-GUPCO,0,03B35D,0,EACH,3992000,COMPRESSOR USA,MM
201366,"ELBOW P.NO. 39140512 PARTS FOR ROTARY AIR COMPRESSOR MODEL SSR EP60 S/NO. CA2632U03302. (INGERSOLL RAND GENUINE PARTS, D","كوع رقم القطعة 39140512، قطع غيار لضاغط هواء دوار طراز SSR EP60، الرقم التسلسلي CA2632U03302. (قطع غيار أصلية من إنجرسول راند، D",PLANNED_WO,RS-GUPCO,0,,0,EACH,39140512,COMPRESSOR USA,MM
201367,ORIFICE 0.375 DIA P.NO. 54441522  PARTS FOR ROTARY AIR COMPRESSOR MODEL SSR EP60 S/NO. CA2632U03302. (INGERSOLL RAND GEN,"فتحة قطرها 0.375 بوصة، رقم القطعة 54441522، قطع غيار لضاغط هواء دوار طراز SSR EP60، الرقم التسلسلي CA2632U03302. (إنجرسول راند جين)",PLANNED_WO,RS-GUPCO,0,,0,EACH,54441522,COMPRESSOR USA,MM
201370,VALVE PLATE (MACHINING) P.NO. 39851316  PARTS FOR ROTARY AIR COMPRESSOR MODEL SSR EP60 S/NO. CA2632U03302. (INGERSOLL RA,"لوحة صمام (تشغيل آلي) رقم القطعة 39851316، قطع غيار لضاغط هواء دوار طراز SSR EP60، الرقم التسلسلي CA2632U03302. (INGERSOLL RA)",INSURANCE_SPARE,RS-GUPCO,0,02W35F,0,EACH,39851316,COMPRESSOR USA,MM
201372,ORIFICE SCAVENGE P.NO. 39301940  PARTS FOR ROTARY AIR COMPRESSOR MODEL SSR EP60 S/NO. CA2632U03302. (INGERSOLL RAND GENU,"فتحة تنظيف رقم القطعة 39301940، قطع غيار لضاغط هواء دوار طراز SSR EP60، الرقم التسلسلي CA2632U03302. (إنجرسول راند الأصلي)",MIN_MAX,RS-GUPCO,0,,0,EACH,39301940,COMPRESSOR USA,MM
201373,VALVE MINIMUM PRESSURE P.NO. 39475637  PARTS FOR ROTARY AIR COMPRESSOR MODEL SSR EP60 S/NO. CA2632U03302. (INGERSOLL RAN,"صمام ضغط أدنى، رقم القطعة 39475637، قطع غيار لضاغط هواء دوار طراز SSR EP60، الرقم التسلسلي CA2632U03302. (إنجرسول ران)",MIN_MAX,RS-GUPCO,0,02U26C,0,EACH,99289845,COMPRESSOR USA,MM
201374,TUBE THERMAL VALVE P.NO. 39900170  PARTS FOR ROTARY AIR COMPRESSOR MODEL SSR EP60 S/NO. CA2632U03302. (INGERSOLL RAND GE,"صمام حراري أنبوبي، رقم القطعة 39900170، قطع غيار لضاغط هواء دوار طراز SSR EP60، الرقم التسلسلي CA2632U03302. (إنجرسول راند جنرال إلكتريك)",INSURANCE_SPARE,RS-GUPCO,0,,0,EACH,39900170,COMPRESSOR USA,MM
201375,TUBE THERMAL VALVE TO TANK  P.NO. 39900352  PARTS FOR ROTARY AIR COMPRESSOR MODEL SSR EP60 S/NO. CA2632U03302. (INGERSOL,"صمام حراري أنبوبي للخزان، رقم القطعة 39900352، قطع غيار لضاغط هواء دوار طراز SSR EP60، الرقم التسلسلي CA2632U03302. (إنجرسول)",INSURANCE_SPARE,RS-GUPCO,0,,0,EACH,39900352,COMPRESSOR USA,MM
197843,POMPE PK59(71)H9.5N106 / .9.Z,POMPE PK59(71)H9.5N106 / .9.Z,PLANNED_WO,RS-GUPCO,0,,0,EACH,C0419298/09,PUMP CENTRIFUG,PU
197845,"BEARING , FOR MILROYAL PUMP PART NO. 4090080000N","محمل، لمضخة ميلرويال، رقم القطعة 4090080000N",MIN_MAX,RS-GUPCO,0,02Q07,0,EACH,4090080000N,PUMP CENTRIFUG,PU
205291,"FILTER , HIGH DUST FOR HIGH DUST FILTER NEW  ROTARY AIR COMPRESSOR MODEL : EP 60-100. (INGERSOLL RAND GENUINE PARTS, DO","فلتر عالي الغبار لضاغط هواء دوار جديد، موديل: EP 60-100. (قطع غيار أصلية من إنجرسول راند)",INSURANCE_SPARE,RS-GUPCO,0,01E21C,0,EACH,39844113,COMPRESSOR USA,MM
205292,"ELBOW , 90 RUBBER REDUCER SLEEVE  FOR HIGH DUST FILTER NEW  ROTARY AIR COMPRESSOR MODEL : EP 60-100. (INGERSOLL RAND GEN","كوع، وصلة مطاطية مخفضة بزاوية 90 درجة لفلتر غبار عالي، ضاغط هواء دوار جديد، موديل: EP 60-100. (INGERSOLL RAND GEN)",INSURANCE_SPARE,RS-GUPCO,0,,0,EACH,39329834,COMPRESSOR USA,MM
201349,"MANIFOLD, INJECTION P.NO. 93481562  PARTS FOR ROTARY AIR COMPRESSOR MODEL SSR EP60 S/NO. CA2632U03302. (INGERSOLL RAND G","مشعب حقن، رقم القطعة 93481562، قطع غيار لضاغط هواء دوار طراز SSR EP60، الرقم التسلسلي CA2632U03302. (إنجرسول راند جي)",INSURANCE_SPARE,RS-GUPCO,0,,0,EACH,93481562,COMPRESSOR USA,MM
201350,"ADAPTERP.NO.54461066  PARTS FOR ROTARY AIR COMPRESSOR MODEL SSR EP60 S/NO. CA2632U03302. (INGERSOLL RAND GENUINE PARTS,",قطع غيار محول رقم 54461066 لضاغط هواء دوار طراز SSR EP60 رقم تسلسلي CA2632U03302. (قطع غيار أصلية من إنجرسول راند),INSURANCE_SPARE,RS-GUPCO,0,,0,EACH,54461066,COMPRESSOR USA,MM
201351,"ASSEMBLY, OIL FILTERP.NO. 39259650  PARTS FOR ROTARY AIR COMPRESSOR MODEL SSR EP60 S/NO. CA2632U03302.  (INGERSOLL RAND","مجموعة فلتر الزيت، رقم القطعة 39259650، قطع غيار لضاغط هواء دوار طراز SSR EP60، الرقم التسلسلي CA2632U03302. (إنجرسول راند)",PLANNED_WO,RS-GUPCO,0,,0,EACH,39259650,COMPRESSOR USA,MM
201352,ELEMENT OIL FILTER P.NO. 39911615  PARTS FOR ROTARY AIR COMPRESSOR MODEL SSR EP60 S/NO. CA2632U03302. (INGERSOLL RAND GE,"فلتر زيت عنصر التسخين، رقم القطعة 39911615، قطع غيار لضاغط هواء دوار طراز SSR EP60، الرقم التسلسلي CA2632U03302. (إنجرسول راند جنرال إلكتريك)",MIN_MAX,RS-GUPCO,0,05D07,0,EACH,39911615,COMPRESSOR USA,MM
201353,"ELEMENT SEPARATOR TANK , P.NO. 39895610   , New P/N. 22089551 PARTS FOR ROTARY AIR COMPRESSOR , MODEL SSR EP60 , S/NO. C","خزان فاصل العناصر، رقم القطعة 39895610، رقم القطعة الجديد 22089551، قطع غيار لضاغط هواء دوار، موديل SSR EP60، الرقم التسلسلي C",MIN_MAX,RS-GUPCO,0,05D07B,0,EACH,22089551,COMPRESSOR USA,MM
207307,"COMPLETE GAS PACKING B-1584 . , P/N : B-1584 .","حشوة غاز كاملة B-1584، رقم القطعة: B-1584.",MIN_MAX,RS-GUPCO,0,,0,EACH,B-8581,COMPRESSOR USA,MM
207308,Complete Oil Packing P/N : B-1687   (Areil Manufacture made in USA not substitute),"عبوة زيت كاملة رقم القطعة: B-1687 (صنع في الولايات المتحدة الأمريكية من قبل شركة أريل، وليست بديلاً عنها)",INSURANCE_SPARE,RS-GUPCO,0,,0,EACH,B-6470,COMPRESSOR USA,MM
201354,"HOSE, HYDRAULIC P.NO. 39575147 PARTS FOR ROTARY AIR COMPRESSOR MODEL SSR EP60 S/NO. CA2632U03302.  (INGERSOLL RAND GENUI","خرطوم هيدروليكي، رقم القطعة 39575147، قطع غيار لضاغط هواء دوار طراز SSR EP60، الرقم التسلسلي CA2632U03302. (إنجرسول راند الأصلي)",MIN_MAX,RS-GUPCO,0,03B35B,0,EACH,39575147,COMPRESSOR USA,MM
201355,"HOSE, HYDRAULIC STR X STR P.NO. 39572177  PARTS FOR ROTARY AIR COMPRESSOR MODEL SSR EP60 S/NO. CA2632U03302.NEW P/N: 855","خرطوم هيدروليكي STR X STR رقم القطعة 39572177، قطع غيار لضاغط هواء دوار طراز SSR EP60، الرقم التسلسلي CA2632U03302. جديد، رقم القطعة: 855",MIN_MAX,RS-GUPCO,0,,0,EACH,24278921,COMPRESSOR USA,MM
201356,SIGHT GLASS P.NO. 39476916  PARTS FOR ROTARY AIR COMPRESSOR MODEL SSR EP60 S/NO. CA2632U03302. (INGERSOLL RAND GENUINE P,"زجاج رؤية، رقم القطعة 39476916، قطع غيار لضاغط هواء دوار طراز SSR EP60، الرقم التسلسلي CA2632U03302. (قطعة أصلية من إنجرسول راند)",PLANNED_WO,RS-GUPCO,0,02U24E,0,EACH,39476916,COMPRESSOR USA,MM
205293,"ELBOW , 90 RUBBER  FOR HIGH DUST FILTER NEW  ROTARY AIR COMPRESSOR MODEL : EP 60-100. (INGERSOLL RAND GENUINE PARTS, DO","كوع مطاطي بزاوية 90 درجة لفلتر الغبار العالي، ضاغط هواء دوار جديد، موديل: EP 60-100. (قطع غيار أصلية من إنجرسول راند)",INSURANCE_SPARE,RS-GUPCO,0,03/B35 F,0,EACH,35117605,COMPRESSOR USA,MM
201357,"VALVE, BLOW DOWN NEMA 4 P.NO. 39479563  PARTS FOR ROTARY AIR COMPRESSOR MODEL SSR EP60 S/NO. CA2632U03302.NEW P/N: 22124","صمام تفريغ NEMA 4، رقم القطعة 39479563، قطع غيار لضاغط هواء دوار طراز SSR EP60، الرقم التسلسلي CA2632U03302. رقم القطعة الجديد: 22124",MIN_MAX,RS-GUPCO,0,02W35D(1),0,EACH,22258172,COMPRESSOR USA,MM
201358,"VALVE, OIL STOP NEMA 4 P.NO. 39479530  PARTS FOR ROTARY AIR COMPRESSOR MODEL SSR EP60 S/NO. CA2632U03302. (INGERSOLL RAN","صمام إيقاف الزيت NEMA 4، رقم القطعة 39479530، قطع غيار لضاغط هواء دوار طراز SSR EP60، الرقم التسلسلي CA2632U03302. (INGERSOLL RAN)",MIN_MAX,RS-GUPCO,0,02U24,0,EACH,42552836,COMPRESSOR USA,MM
201359,"VALVE, PRESSURE 60 HP, 45 KW P.NO. 39587951 PARTS FOR ROTARY AIR COMPRESSOR MODEL SSR EP60 S/NO. CA2632U03302. (INGERSOL","صمام ضغط 60 حصان، 45 كيلوواط، رقم القطعة 39587951، قطع غيار لضاغط هواء دوار طراز SSR EP60، الرقم التسلسلي CA2632U03302. (إنجرسول)",PLANNED_WO,RS-GUPCO,0,,0,EACH,39587951,COMPRESSOR USA,MM
197846,"CROSS HEAD , FOR MILROYAL PUMP PART NO.3050033230F","رأس متقاطع، لمضخة ميلرويال، رقم القطعة 3050033230F",INSURANCE_SPARE,RS-GUPCO,0,02/S20C,0,EACH,3050033230F,PUMP CENTRIFUG,PU
197805,GAS PRESSURE REGULATOR  P.N . 64/60050015/3,"منظم ضغط الغاز، رقم القطعة 64/60050015/3",INSURANCE_SPARE,RS-GUPCO,0,02U22B,7718002,EACH,64/60050015/3,TURBINE OTHER,PU
197835,"PLUNGER FOR MILROYAL PUMP , PART NO.3051108000F","مكبس لمضخة ميلرويال، رقم القطعة 3051108000F",INSURANCE_SPARE,RS-GUPCO,0,02S43A,0,EACH,3051108000F,PUMP CENTRIFUG,PU
197836,"BODY END LIQUED FOR MILROYAL PUMP , PART NO.02108050025N","طرف جسم مضخة ميل رويال، رقم القطعة 02108050025N",INSURANCE_SPARE,RS-GUPCO,0,02Q07E,0,EACH,02108050025N,PUMP CENTRIFUG,PU
197848,"SPACER RISING , FOR MILROYAL PUMP PART NO.00600230025N","فاصل صاعد، لمضخة ميلرويال، رقم القطعة 00600230025N",INSURANCE_SPARE,RS-GUPCO,0,02S43E,0,EACH,00600230025N,PUMP CENTRIFUG,PU
197838,"ROD CONNECTING , FOR MILROYAL PUMP PART NO. 2140018000N","وصلة قضيب، لمضخة ميلرويال، رقم القطعة 2140018000N",INSURANCE_SPARE,RS-GUPCO,0,02Q07E,0,EACH,2140018000,PUMP CENTRIFUG,PU
197840,"CRANK , FOR MILROYAL PUMP PART NO.2160004062N","عمود مرفقي، لمضخة ميلرويال، رقم القطعة 2160004062N",INSURANCE_SPARE,RS-GUPCO,0,02S43B,0,EACH,2160004062,PUMP CENTRIFUG,PU
197841,"SLEEVE CONICAL , FOR MILROYAL PUMP PART NO.237308052N","غلاف مخروطي، لمضخة ميلرويال، رقم القطعة 237308052N",PLANNED_WO,RS-GUPCO,0,,0,EACH,237308052N,PUMP CENTRIFUG,PU
197842,"CRANK SUPPORT, FOR MILROYAL PUMP PART NO.2810071001N","دعامة عمود المرفق، لمضخة ميلرويال، رقم القطعة 2810071001N",PLANNED_WO,RS-GUPCO,0,,0,EACH,2810071001N,PUMP CENTRIFUG,PU
161482,SOLENOID SWITCH 9X9511,مفتاح الملف اللولبي 9X9511,INSURANCE_SPARE,RS-GUPCO,0,04R13A,0,EACH,9X9511,CATERPILLAR,MM
207900,"PISTON ,8-1/2INCH DIA . COMPRESSION RATIO-8.25 : 1 (PARTS FOR WAUKESHA GAS  ENGINE MODEL 5790) . P/N : 205104E.","مكبس، قطر 8.5 بوصة. نسبة الانضغاط 8.25 : 1 (قطع غيار لمحرك غاز واكيشا موديل 5790). رقم القطعة: 205104E.",INSURANCE_SPARE,RS-GUPCO,0,1,0,EACH,205104E,ENGINE USA,MM
206158,"PUMP , FUEL TRANSFERE  .MANUUFACTURER : CATERPILLER .","مضخة، ناقل الوقود. الشركة المصنعة: كاتربيلر.",INSURANCE_SPARE,RS-GUPCO,0,04S06B,0,EACH,2W4381,CATERPILLAR,MM
197847,"SEAL CROSS HEAD , FOR MILROYAL PUMP PART NO. 4380236000N","رأس مانع للتسرب متقاطع، لمضخة ميلرويال، رقم القطعة 4380236000N",INSURANCE_SPARE,RS-GUPCO,0,02Q05,0,EACH,4380236000N,PUMP CENTRIFUG,PU
205788,CRANK SHAFT SEAL GROUP REUR PARTS FOR CAT ENGINE MODEL : 3406 DI.,مجموعة مانع تسرب عمود المرفق REUR قطع غيار لمحرك CAT موديل : 3406 DI.,PLANNED_WO,RS-GUPCO,0,04M14B,0,EACH,1CA1425867,CATERPILLAR,MM
205789,CRANK SHAFT SEAL GROUP FRONT PARTS FOR CAT ENGINE MODEL : 3406 DI.,مجموعة مانع تسرب عمود المرفق - الأجزاء الأمامية لمحرك كات موديل: 3406 DI.,PLANNED_WO,RS-GUPCO,2,,0,EACH,1CA1425868,CATERPILLAR,MM
197849,"ROD GUIDE CROSS HEAD , FOR MILROYAL PUMP PART NO.0680107006N","رأس متقاطع لدليل قضيب المضخة، لمضخة ميلرويال، رقم القطعة 0680107006N",PLANNED_WO,RS-GUPCO,0,,0,EACH,0680107006N,PUMP CENTRIFUG,PU
204261,"IMPELLER, PARTS FOR PUMP SIZE 1-1/2X2X7 TYPE VCM S/N. 780281A101/102,B103","مروحة، قطع غيار لمضخة مقاس 1-1/2 × 2 × 7، نوع VCM، الرقم التسلسلي 780281A101/102، B103",PLANNED_WO,RS-GUPCO,0,,7321114,EACH,805B1577,PUMP CENTRIFUG,PU
204262,"CASING, PARTS FOR PUMP SIZE 1-1/2X2X7 TYPE VCM S/N. 780281A101/102,B103","غلاف، أجزاء لمضخة مقاس 1-1/2 × 2 × 7، نوع VCM، الرقم التسلسلي 780281A101/102، B103",PLANNED_WO,RS-GUPCO,0,,7321114,EACH,126489,PUMP CENTRIFUG,PU
197837,"PACKING , FOR MILROYAL PUMP PART NO.4380100000N","عبوة، لمضخة ميلرويال، رقم القطعة 4380100000N",INSURANCE_SPARE,RS-GUPCO,0,,0,EACH,4380100000N,PUMP CENTRIFUG,PU
274152,"Impeller lock collet, size 1-15/16, Item no. 272, P/No. 750021-CB, used for B.J Pump model VLT, Size 1300, 12 Stages, S/","طوق قفل المروحة، مقاس 1-15/16، رقم الصنف 272، رقم القطعة 750021-CB، يُستخدم لمضخة BJ طراز VLT، مقاس 1300، 12 مرحلة، S/",INSURANCE_SPARE,RS-GUPCO,0,02/ V09 F,7902232,EACH,750021-CB,PUMP MISC,PU
208621,"Four Leg  wire Rope Sling SWL 4.5 ton @ 0-45  Degrees, 2 m Length x 13 mm diameter, IWRC, 6x36, RHOL, Galvanized, 1960 G","حبل رفع سلكي رباعي الأرجل، حمولة آمنة 4.5 طن عند زاوية 0-45 درجة، طول 2 متر × قطر 13 مم، IWRC، 6x36، RHOL، مجلفن، 1960 G",MIN_MAX,RS-GUPCO,1,,0,EACH,2MT-4.4TON,CORDG & CHAIN,MM
206152,"LINES GP , FUEL  INJECTION.. MANUUFACTURER : CATERPILLER . P/N: 2W3776",خطوط حقن الوقود GP.. الشركة المصنعة: كاتربيلر. رقم القطعة: 2W3776,INSURANCE_SPARE,RS-GUPCO,0,,0,PACKAGE,2W3776,CATERPILLAR,MM
206154,"LINES GP , FUEL  INJECTION.. P/N : 2W3777 , MANUUFACTURER : CATERPILLER .","خطوط GP، حقن الوقود.. رقم القطعة: 2W3777، الشركة المصنعة: كاتربيلر.",INSURANCE_SPARE,RS-GUPCO,0,,0,PACKAGE,2W3777,CATERPILLAR,MM
209672,ELEMENT AIR SAFETY  USED FOR SCREW COMPRESSOR OF AR PORTABLE DIESEL AIR COMPRESSOR MODEL 9/235 HA.,عنصر أمان الهواء المستخدم لضاغط الهواء اللولبي من طراز ضاغط الهواء المحمول الذي يعمل بالديزل AR موديل 9/235 HA.,PLANNED_WO,RS-GUPCO,0,05E12H,0,EACH,36876019,COMPRESSOR USA,MM
209674,"FILTER, OIL USED FOR THE ENGINE (MODEL : IR 300 HP) OF IR PORTABLE DIESEL AIR COMPRESSOR MODEL 9/230 HA.",فلتر الزيت المستخدم لمحرك (موديل: IR 300 حصان) ضاغط الهواء المحمول الذي يعمل بالديزل من طراز IR 9/230 HA.,PLANNED_WO,RS-GUPCO,0,02U28B,8009157,EACH,22177737,COMPRESSOR USA,MM
209677,"BELT, DRIVE USED FOR THE ENGINE (MODEL : IR 300 HP) OF IR PORTABLE DIESEL AIR COMPRESSOR MODEL 9/230 HA.","حزام، محرك يستخدم لمحرك (موديل: IR 300 حصان) ضاغط هواء ديزل محمول من طراز IR 9/230 HA.",INSURANCE_SPARE,RS-GUPCO,0,03/R45B,0,EACH,22113039,BELT/TRANSMIT,MM
209678,ELEMENT OIL FILTER USED FOR THE SCREW COMPRESSOR OF IR PORTABLE DIESEL AIR COMPRESSOR MODEL 9/230 HA.,فلتر زيت عنصر يستخدم لضاغط الهواء اللولبي لضاغط الهواء المحمول الذي يعمل بالديزل طراز 9/230 HA.,PLANNED_WO,RS-GUPCO,0,,0,EACH,85052769,COMPRESSOR USA,MM
209679,ELEMENT AIR FILTER USED FOR THE SCREW COMPRESSOR OF IR PORTABLE DIESEL AIR COMPRESSOR MODEL 9/230 HA.,فلتر هواء عنصر يستخدم لضاغط الهواء اللولبي لضاغط الهواء المحمول الذي يعمل بالديزل طراز 9/230 HA.,PLANNED_WO,RS-GUPCO,0,,0,EACH,89288971,COMPRESSOR USA,MM
209680,ELEMENT AIR FILTER  SAFETY USED FOR THE SCREW COMPRESSOR OF IR PORTABLE DIESEL AIR COMPRESSOR MODEL 9/230 HA.,عنصر فلتر الهواء الآمن المستخدم لضاغط الهواء اللولبي لضاغط الهواء المحمول الذي يعمل بالديزل طراز 9/230 HA.,INSURANCE_SPARE,RS-GUPCO,0,05E12C,0,EACH,89288989,COMPRESSOR USA,MM
209681,ELEMENT SEPARATOR USED FOR THE SCREW COMPRESSOR OF IR PORTABLE DIESEL AIR COMPRESSOR MODEL 9/230 HA.,فاصل العناصر المستخدم في الضاغط اللولبي لضاغط الهواء المحمول الذي يعمل بالديزل طراز 9/230 HA.,SURPLUS,RS-GUPCO,0,05E10H,0,EACH,89285761,COMPRESSOR USA,MM
209682,GASKET USED FOR THE SCREW COMPRESSOR OF IR PORTABLE DIESEL AIR COMPRESSOR MODEL 9/230 HA.,حشية تستخدم لضاغط الهواء اللولبي الخاص بضاغط الهواء المحمول الذي يعمل بالديزل طراز 9/230 HA.,INSURANCE_SPARE,RS-GUPCO,0,,0,EACH,89304067,COMPRESSOR USA,MM
209666,"FILTER, FUEL USED FOR THE ENGINE (MODEL : IR 6IRC8A) OF AR PORTABLE DIESEL AIR COMPRESSOR MODEL 9/235 HA.",فلتر الوقود المستخدم لمحرك (موديل: IR 6IRC8A) ضاغط الهواء المحمول الذي يعمل بالديزل من طراز AR 9/235 HA.,PLANNED_WO,RS-GUPCO,0,,0,EACH,35374677,COMPRESSOR USA,MM
209668,"BELT,  USED FOR THE ENGINE (MODEL : IR 6IRC8A) OF AR PORTABLE DIESEL AIR COMPRESSOR MODEL 9/235 HA.","حزام، يستخدم لمحرك (موديل: IR 6IRC8A) ضاغط هواء ديزل محمول AR موديل 9/235 HA.",INSURANCE_SPARE,RS-GUPCO,0,03C30B,0,EACH,22345763,BELT/TRANSMIT,MM
209669,"CYLINDER AIR,  USED FOR THE ENGINE (MODEL : IR 6IRC8A) OF AR PORTABLE DIESEL AIR COMPRESSOR MODEL 9/235 HA.","أسطوانة هواء، تستخدم لمحرك (موديل: IR 6IRC8A) ضاغط هواء ديزل محمول AR موديل 9/235 HA.",PLANNED_WO,RS-GUPCO,0,,0,EACH,54466859,COMPRESSOR USA,MM
209670,"ELEMENT OIL FILTER,  USED FOR SCREW COMPRESSOR OF AR PORTABLE DIESEL AIR COMPRESSOR MODEL 9/235 HA.","فلتر زيت عنصري، يستخدم لضاغط لولبي من طراز ضاغط الهواء المحمول الذي يعمل بالديزل AR موديل 9/235 HA.",INSURANCE_SPARE,RS-GUPCO,0,05E10B,0,EACH,36897346,COMPRESSOR USA,MM
209671,ELEMENT AIRPRIMARY  USED FOR SCREW COMPRESSOR OF AR PORTABLE DIESEL AIR COMPRESSOR MODEL 9/235 HA.,عنصر الهواء المستخدم بشكل أساسي لضاغط الهواء اللولبي AR المحمول الذي يعمل بالديزل طراز 9/235 HA.,INSURANCE_SPARE,RS-GUPCO,0,05E12H,0,EACH,36867786,COMPRESSOR USA,MM
133706,"CASING,","غلاف،",PLANNED_WO,RS-GUPCO,0,,7320102,EACH,F4732-13,PUMP CENTRIFUG,PU
133705,"IMPELLER, SIZE 12 IN.","مروحة، مقاس 12 بوصة.",INSURANCE_SPARE,RS-GUPCO,0,02/R05D,7320102,EACH,4705-56-13,PUMP CENTRIFUG,PU
216602,"PRIMARY,FUEL PUMP , P/N : 1052508 , USED FOR FIRE PUMP DIESEL ENGINE MODEL 3406B , see Item # 161508","مضخة الوقود الرئيسية، رقم القطعة: 1052508، تُستخدم لمحرك ديزل مضخة الحريق طراز 3406B، انظر البند رقم 161508",INSURANCE_SPARE,RS-GUPCO,0,04 K 12 A,0,EACH,1052508,CATERPILLAR,MM
216589,"EXPANSION TANK, P/N : 9Y0993 ,USED FOR FIRE PUMP DIESEL ENGINE MODEL 3406B","خزان تمدد، رقم القطعة: 9Y0993، يُستخدم لمحرك ديزل مضخة حريق طراز 3406B",INSURANCE_SPARE,RS-GUPCO,0,01D08TOP,0,PACKAGE,9Y0993,CATERPILLAR,MM
216590,"WATER LINES,HEAT EXCHANGER , P/N : 4N4710 , USED FOR FIRE PUMP DIESEL ENGINE MODEL 3406B","أنابيب مياه، مبادل حراري، رقم القطعة: 4N4710، يُستخدم لمحرك ديزل مضخة حريق طراز 3406B",INSURANCE_SPARE,RS-GUPCO,0,01 D 08 B,0,EACH,4N4710,CATERPILLAR,MM
216592,"WATER LINE,GROUP-TURBO COOLING USED FOR FIRE PUMP DIESEL ENGINE MODEL 3406B","خط مياه، مجموعة تبريد التوربو المستخدمة لمحرك ديزل مضخة الحريق طراز 3406B",MIN_MAX,RS-GUPCO,0,04K08H,0,EACH,4N4075,CATERPILLAR,MM
216593,"AIR LINE,GROUP USED FOR FIRE PUMP DIESEL ENGINE MODEL 3406","خط هواء، مجموعة تستخدم لمضخة حريق بمحرك ديزل طراز 3406",PLANNED_WO,RS-GUPCO,0,,0,EACH,4N0876,CATERPILLAR,MM
216594,"MANIFOLD ,LNTAKE USED FOR FIRE PUMP DIESEL ENGINE MODEL 3406B",مشعب سحب يستخدم لمحرك ديزل مضخة حريق طراز 3406B,INSURANCE_SPARE,RS-GUPCO,0,04L02TOP,0,EACH,1N4471,CATERPILLAR,MM
216595,"ELBOW,EXHAUST USED FOR FIRE PUMP DIESEL ENGINE MODEL 3406B",كوع عادم يُستخدم لمحرك ديزل مضخة حريق طراز 3406B,INSURANCE_SPARE,RS-GUPCO,0,04/K10E,0,PACKAGE,4N4967,CATERPILLAR,MM
216597,"HEAT,EXCHANGER GROUP USED FOR FIRE PUMP DIESEL ENGINE MODEL 3406B",مجموعة مبادل حراري تُستخدم لمحرك ديزل مضخة حريق طراز 3406B,INSURANCE_SPARE,RS-GUPCO,0,01D20D,0,EACH,3N9094,CATERPILLAR,MM
216598,"OIL, LINE GROUP-TURBO USED FOR FIRE PUMP DIESEL ENGINE MODEL 3406B","زيت، مجموعة خطوط التوربو، يُستخدم لمحرك ديزل مضخة حريق طراز 3406B",MIN_MAX,RS-GUPCO,0,04K10,0,EACH,4N4073,CATERPILLAR,MM
216599,"COOLER,OIL  P/N : 7W2164 , USED FOR FIRE PUMP DIESEL ENGINE MODEL 3406B","مبرد زيت، رقم القطعة: 7W2164، يُستخدم لمحرك ديزل مضخة حريق طراز 3406B",INSURANCE_SPARE,RS-GUPCO,0,04 K 10 G,0,EACH,7W2164,CATERPILLAR,MM
216600,"PUMP,WATER GROUP , P/N : 6057479 , USED FOR FIRE PUMP DIESEL ENGINE MODEL 3406B","مضخة مياه، رقم القطعة: 6057479، تُستخدم لمضخة حريق تعمل بمحرك ديزل طراز 3406B",MIN_MAX,RS-GUPCO,0,01D08C,0,EACH,6057479,CATERPILLAR,MM
216601,"LINES,FUEL INJECTION USED FOR FIRE PUMP DIESEL ENGINE MODEL 3406B",خطوط حقن الوقود المستخدمة في محرك ديزل لمضخة حريق طراز 3406B,INSURANCE_SPARE,RS-GUPCO,0,04M02C,0,EACH,4W8293,CATERPILLAR,MM
137456,"BEARING, SLEEVE ITEM NO. 15","محمل، جلبة، رقم الصنف 15",INSURANCE_SPARE,RS-GUPCO,0,02/S31A,7918104,EACH,98623196,PUMP MISC,PU
216499,"V-BELT,C-154 MULTIPLE TYPE HI-POWER ,OC:158:200 IN,IC:154.000 IN,TW:0.875 IN T:0.563 IN","حزام على شكل حرف V، من النوع C-154 متعدد الأنواع عالي القدرة، OC: 158:200 بوصة، IC: 154.000 بوصة، TW: 0.875 بوصة، T: 0.563 بوصة",INSURANCE_SPARE,RS-GUPCO,0,03/R39A,0,EACH,C154,BELT/TRANSMIT,MM
137421,"SHAFT, IMPELLER","عمود، دافع",INSURANCE_SPARE,RS-GUPCO,0,01/N-06E,7918104,EACH,460213605588-083,PUMP MISC,PU
133707,"GASKET, BEARING CAP",حشية غطاء المحمل,SURPLUS,RS-GUPCO,0,02Q23E,7320102,EACH,NOI 601478191,PUMP CENTRIFUG,PU
218949,V-BELT C 156.,V-BELT C 156.,INSURANCE_SPARE,RS-GUPCO,0,03/R39A,0,EACH,C 156,BELT/TRANSMIT,MM
137189,"COLUMN, INTERMEDIATE ASSY. ITEM NO. 642","عمود، مجموعة وسيطة. رقم الصنف 642",INSURANCE_SPARE,RS-GUPCO,0,07YARD,7907130,EACH,C24130F030 8510,PUMP MISC,PU
274471,Seal Grease - Coupling End (item no. 332),شحم مانع للتسرب - طرف التوصيل (رقم الصنف 332),MIN_MAX,RS-GUPCO,0,02T11G,7907120,EACH,8690-62043,PUMP MISC,PU
221882,"HIGH SPEED PREMIUM COBALT STEEL, M-42, SQUARE TOOL BIT SIZE 3/8"" X 3"", EDP no. 28304, STD package=10 EA, (Morse cutting","فولاذ كوبالت عالي السرعة ممتاز، M-42، لقمة مربعة الشكل مقاس 3/8 بوصة × 3 بوصات، رقم EDP 28304، عبوة قياسية = 10 قطع، (قطع مورس)",MIN_MAX,RS-GUPCO,10,,0,PACKAGE,28304,METERS & GAUGE,MM
221883,"60 included angle threading bit tool, premium carbide tipped, style E-8 , grade C-5, 1/2X1/2X3.5Lg, EDP no. 70714, ST","أداة قطع لولبية بزاوية 60 درجة، برأس من الكربيد عالي الجودة، طراز E-8، درجة C-5، 1/2 × 1/2 × 3.5 بوصة، رقم EDP 70714، ST",MIN_MAX,RS-GUPCO,0,,0,PACKAGE,70714,METERS & GAUGE,MM
273928,"JOINT,EXPANSION RUBBER STYLE SFRT 150 TUBE NR MEDIA FLOW 1458 GPM TEMPERATURE RATING 90 DEG F MAX PRESS RATING 150 PSI N","وصلة مطاطية للتمدد، أنبوب SFRT 150، معدل تدفق الوسائط 1458 جالونًا في الدقيقة، درجة حرارة التشغيل 90 درجة فهرنهايت، أقصى ضغط تشغيل 150 رطلًا لكل بوصة مربعة.",INSURANCE_SPARE,RS-GUPCO,0,02 RTV,0,EACH,,COOLERS,PU
119634,"FAN, NOT ASSEMBLED, 156"" DIA, 8 BLADES, LEFT HAND, MOORE MAKE, 11 ANGLE AT CLEVIS, 2.15/16"" BORE WITH 3/4"" KEYWAY SERIES","مروحة، غير مُجمّعة، قطرها 156 بوصة، 8 شفرات، يسارية، من صنع شركة مور، زاوية 11 درجة عند الوصلة، فتحة 2.15/16 بوصة مع مجرى مفتاح 3/4 بوصة",INSURANCE_SPARE,RS-GUPCO,0,01E19D,8025200,EACH,156DIAFAN,COMPRESSOR USA,MM
219663,"AIR END,REPAIR KIT FOR AIR COMPRESSOR MODEL SSR EP 100  (INGERSOLL RAND GENUINE PARTS , MADE IN USA AND PROVIDE ORGINE C","مجموعة إصلاح وحدة ضغط الهواء لضاغط الهواء طراز SSR EP 100 (قطع غيار أصلية من إنجرسول راند، صنع في الولايات المتحدة الأمريكية، وتوفر ضمان المنشأ).",INSURANCE_SPARE,RS-GUPCO,0,02U28D,0,EACH,39632096,COMPRESSOR USA,MM
219662,"AIR END,REPAIR KIT FOR AIR COMPRESSOR MODEL SSR EP 60  (INGERSOLL RAND GENUINE PARTS , MADE IN USA AND PROVIDE ORGINE CE","مجموعة إصلاح وحدة ضغط الهواء لضاغط الهواء طراز SSR EP 60 (قطع غيار أصلية من إنجرسول راند، صنع في الولايات المتحدة الأمريكية، حاصلة على شهادة المطابقة الأوروبية CE).",INSURANCE_SPARE,RS-GUPCO,0,,0,EACH,42595298,COMPRESSOR USA,MM
220481,"ELBOW,DRESSER PARTS FOR WAUKESHA TYPE VHP MODEL 3521G ,  (SET=2 EA)","قطع غيار الكوع والتسريحة لماكينة واكيشا من النوع VHP موديل 3521G، (مجموعة من قطعتين)",INSURANCE_SPARE,RS-GUPCO,0,,0,SET,161592E,ENGINE USA,MM
221877,"POWER HOCK SAW BLADES 18"" X 1 1/4"" X .062 (P/NO. 4041A44 ) (MCMASTER CATALOG 93 PAGE 1637).",شفرات منشار باور هوك 18 بوصة × 1 1/4 بوصة × 0.062 (رقم القطعة 4041A44) (كتالوج ماكماستر 93 صفحة 1637).,MIN_MAX,RS-GUPCO,0,,0,EACH,4041A44,TOOLS,MM
221878,"HIGH SPEED PREMIUM COBALT STEEL, M-42, SQUARE TOOL BIT SIZE 5/16"" X 2 1/2"", EDP no. 28303, STD package=10 EA, Morse cutt","فولاذ كوبالت عالي السرعة ممتاز، M-42، لقمة مربعة الشكل، مقاس 5/16 بوصة × 2 1/2 بوصة، رقم EDP 28303، عبوة قياسية = 10 قطع، قطع مورس",MIN_MAX,RS-GUPCO,0,,0,PACKAGE,28303,METERS & GAUGE,MM
221881,"60 included angle threading bit tool, premium carbide tipped, style E-6, Grade C-5, 3/8X3/8X2.5Lg, EDP no. 70710, STD","أداة لقمة لولبية بزاوية 60 درجة، ذات رأس من الكربيد الممتاز، طراز E-6، درجة C-5، 3/8 × 3/8 × 2.5 بوصة، رقم EDP 70710، قياسي",MIN_MAX,RS-GUPCO,8,,0,PACKAGE,70710,METERS & GAUGE,MM
221754,valve mechanism gp used for diesel engine model 3406.,آلية الصمامات المستخدمة في محرك الديزل طراز 3406.,INSURANCE_SPARE,RS-GUPCO,0,04M02D,0,EACH,4N2271,CATERPILLAR,MM
221757,"plate (cam shaft thrust) P/N: 4N0342 , used for diesel engine model 3406.","لوحة (دفع عمود الكامات) رقم القطعة: 4N0342، تستخدم لمحرك الديزل طراز 3406.",PLANNED_WO,RS-GUPCO,0,04K12,0,EACH,1CA4N0342,CATERPILLAR,MM
221759,oil lines group used for diesel engine model 3406.,مجموعة أنابيب الزيت المستخدمة لمحرك الديزل طراز 3406.,INSURANCE_SPARE,RS-GUPCO,0,04S08C,0,PACKAGE,4N1128,CATERPILLAR,MM
218747,"Adjustable Beam trolley, Geared Travel, SWL 3 Ton, to suit Beam Flange width range from 100 to 250 mm, Hand chain length","عربة رافعة قابلة للتعديل، مزودة بنظام تروس للحركة، حمولة آمنة 3 أطنان، لتناسب نطاق عرض شفة الرافعة من 100 إلى 250 مم، طول سلسلة اليد",MIN_MAX,RS-GUPCO,0,,0,EACH,,CRANES,MM
218745,"Single Leg wire Rope Sling SWL 13.1ton, 1.6 m Length x 32 mm diameter, IWRC, 6x36, RHOL, Galvanized, 1960 Grade,terminat","حبل رفع سلكي أحادي الساق، حمولة آمنة 13.1 طن، طول 1.6 متر × قطر 32 مم، IWRC، 6x36، RHOL، مجلفن، درجة 1960، طرفي",PLANNED_WO,RS-GUPCO,0,,0,EACH,,CRANES,MM
144795,"CLAMP, FLEX EXHAUST                                @ REF. M/T. 50-99-82/84","مشبك، عادم مرن @ مرجع M/T. 50-99-82/84",MIN_MAX,RS-GUPCO,0,02Q24,6923025,EACH,168420A,ENGINE USA,MM
274150,"Bottom Case, Item no. 79, P/No. 267960-JX, pattern no. 26125-4A1, used for B.J Pump model VLT, Size 1300, 12 Stages, S/N","الغطاء السفلي، رقم الصنف 79، رقم القطعة 267960-JX، رقم النمط 26125-4A1، يُستخدم مع مضخة BJ طراز VLT، الحجم 1300، 12 مرحلة، الرقم التسلسلي",INSURANCE_SPARE,RS-GUPCO,0,02E31B,7902232,EACH,AX267960-JX100,PUMP MISC,PU
274465,Deflector (item no.123),عاكس (رقم الصنف 123),MIN_MAX,RS-GUPCO,0,02T11D,7907120,EACH,R68270 1618,PUMP MISC,PU
125815,"SPARK PLUG, (CHAMPION)",شمعة الإشعال (تشامبيون),MIN_MAX,RS-GUPCO,0,02CAB,6923126,EACH,RTM77N,ENGINE USA,MM
222390,ROUND SLING / POLYESTER / COLOUR GREEN / F.O.S 7:1 / MANUFACTURED TO BSEN 1492:2 / CE MARK / S.W.L 2TONNE / E.W.L 6 MTR,حمالة دائرية / بوليستر / اللون أخضر / نسبة الشد 7:1 / مصنعة وفقًا للمواصفة BSEN 1492:2 / علامة CE / حمولة آمنة 2 طن / طول الحمولة القصوى 6 أمتار,MIN_MAX,RS-GUPCO,1,,0,EACH,~,CORDG & CHAIN,MM
274399,"Repair Kit for J.C., DOUBLE MECH. SEAL, SIZE ¦1.375, TYPE T-5620-P BIG BORE VERSION, DWG NO. HSP-38060, PARENT 7907106","طقم إصلاح لـ JC، مانع تسرب ميكانيكي مزدوج، مقاس 1.375 بوصة، نوع T-5620-P إصدار ذو تجويف كبير، رقم الرسم HSP-38060، رقم المنتج الأصلي 7907106",INSURANCE_SPARE,RS-GUPCO,0,02V11F,0,EACH,89292777,PUMP MISC,PU
155448,"SLEEVE, BEARING , P.No. B-0770","جلبة، محمل، رقم القطعة B-0770",INSURANCE_SPARE,RS-GUPCO,0,02U24C,8001200,EACH,B-0770,COMPRESSOR USA,MM
274457,"Bronze tube 2"" IDX 3.5"" ODX 1 ft LG, Copper alloy No. Copper alloy No. C937, conform to ASTM B-505 and fed. Spec. QQ-C-3","أنبوب برونزي بقطر داخلي 2 بوصة وقطر خارجي 3.5 بوصة وطول 1 قدم، مصنوع من سبيكة نحاسية رقم C937، مطابق للمواصفات ASTM B-505 و QQ-C-3.",MIN_MAX,RS-GUPCO,0,,0,EACH,C937,PUMP MISC,PU
222673,Pulley and damper group part no: 6N7379 for Cat 3406 TDI Diesel Engine S/No: 90U6000 Arrang No: 4N2238,"مجموعة بكرة ومخمد، رقم القطعة: 6N7379 لمحرك ديزل كات 3406 TDI، الرقم التسلسلي: 90U6000، رقم الترتيب: 4N2238",INSURANCE_SPARE,RS-GUPCO,1,01D08,0,EACH,6N7379,CATERPILLAR,MM
137235,"BUSHING - SEAL CHAMBER,       ITEM NO. 125","جلبة - حجرة مانعة للتسرب، رقم الصنف 125",INSURANCE_SPARE,RS-GUPCO,0,02S35H,7907178,EACH,B02079A01 1001,PUMP MISC,PU
137236,LOCK NUT BEARING,محمل صامولة القفل,INSURANCE_SPARE,RS-GUPCO,0,02/U24C,7907178,EACH,8601-0012,PUMP MISC,PU
164703,LOCK WASHER IMPELLER       ITEM NO. 199 A,"حلقة قفل المروحة، رقم الصنف 199 أ",INSURANCE_SPARE,RS-GUPCO,0,02/U43A,7907178,EACH,B10585 3 3211,PUMP MISC,PU
164655,LOCK WASHER BEAING       ITEM NO. 382,"حلقة قفل محملة، رقم الصنف 382",INSURANCE_SPARE,RS-GUPCO,0,02U51B,7907178,EACH,8910-0012,PUMP MISC,PU
164696,"DEFLECTOR THRUST, P/N.0B02052A01-1101 ITEM NO.123 A","قوة دفع العاكس، رقم القطعة 0B02052A01-1101، رقم الصنف 123 أ",INSURANCE_SPARE,RS-GUPCO,0,02U45D,7907178,EACH,0B02052A011619,PUMP MISC,PU
164702,WASHER IMPELLER             ITEM NO. 199,مروحة غسالة رقم 199,INSURANCE_SPARE,RS-GUPCO,0,02/U43A,7907178,EACH,B00130A01 2210,PUMP MISC,PU
271239,"Shim. 0.005 IN Thick, CAT. NO. K-21805, PARTS  FOR Glycol Pumps","حشوة بسمك 0.005 بوصة، رقم الصنف K-21805، قطع غيار لمضخات الجليكول",PLANNED_WO,RS-GUPCO,0,,7321122,EACH,96111000112,PUMP CENTRIFUG,PU
226677,"Adjustable Beam trolley, Geared Travel, SWL 10 Ton, to suit Beam Flange width range from 100 to 250 mm, Hand chain lengt","عربة رافعة قابلة للتعديل، مزودة بنظام تروس للحركة، حمولة آمنة 10 أطنان، لتناسب نطاق عرض شفة الرافعة من 100 إلى 250 مم، طول سلسلة اليد",PLANNED_WO,RS-GUPCO,0,,0,EACH,,TURBINE USA,MM
274468,"BEARING, DEEP GROOVE BALL, INBOARD , ITEM NO. 168 ( SKF 6209-Z","محمل كروي ذو أخدود عميق، داخلي، رقم الصنف 168 (SKF 6209-Z)",MIN_MAX,RS-GUPCO,0,,7907120,EACH,6209-Z,PUMP MISC,PU
226958,"GEAR CASE 404/405 FRAME, P/NO. 42575456 , (OLD P/NO. 39791751) FOR AIR COMPRESSOR MODEL SSR EP 100","هيكل علبة التروس 404/405، رقم القطعة 42575456 (رقم القطعة القديم 39791751) لضاغط الهواء طراز SSR EP 100",INSURANCE_SPARE,RS-GUPCO,0,01E21D,0,EACH,42575456,COMPRESSOR USA,MM
226959,"PIN, DOWEL 1.5DIAX1.25 .For AIR COMPRESSOR MODEL SSR EP 100 (INGERSOLL RAND GENUINE PARTS ,","دبوس، وتد بقطر 1.5 بوصة وطول 1.25 بوصة. لضاغط هواء طراز SSR EP 100 (قطع غيار أصلية من إنجرسول راند).",PLANNED_WO,RS-GUPCO,0,,0,EACH,95239919,COMPRESSOR USA,MM
226960,"PIN,DOWL FOR AIR COMPRESSOR MODEL SSR EP 100 (INGERSOLL RAND GENUINE PARTS , MADE IN USA AND PROVIDE ORGINE CERTIFICATE","دبوس تثبيت لضاغط هواء طراز SSR EP 100 (قطع غيار أصلية من إنجرسول راند، صنع في الولايات المتحدة الأمريكية، مع شهادة منشأ مرفقة)",PLANNED_WO,RS-GUPCO,0,,0,EACH,39194915,COMPRESSOR USA,MM
274401,"Cast gland plate (P/No. H-1375-952) used for J.C., DOUBLE MECH. SEAL, SIZE ¦1.375, TYPE T-5620-P BIG BORE VERSION, DWG N","صفيحة غدة مصبوبة (رقم القطعة H-1375-952) تُستخدم لـ JC، مانع تسرب ميكانيكي مزدوج، مقاس 1.375 بوصة، نوع T-5620-P إصدار ذو تجويف كبير، الرسم N",INSURANCE_SPARE,RS-GUPCO,0,02V11G,0,EACH,81037483,PUMP MISC,PU
133704,"PLATE, WEAR","لوحة، تآكل",INSURANCE_SPARE,RS-GUPCO,0,02/R05B,7320102,EACH,3779-13,PUMP CENTRIFUG,PU
227621,"PILOT, FOR MOONEY FUEL REGULATOR, USED FOR WAUKESHA ENGINE MODEL F3521GSI.","دليل تشغيل منظم الوقود من نوع MOONEY، المستخدم لمحرك WAUKESHA طراز F3521GSI.",PLANNED_WO,RS-GUPCO,0,02Q38B,0,EACH,214172,ENGINE USA,MM
227622,"CARTRIDGE, FOR MOONEY FUEL REGULATOR, USED FOR WAUKESHA ENGINE MODEL F3521GSI.","خرطوشة، لمنظم وقود موني، تستخدم لمحرك واكيشا طراز F3521GSI.",PLANNED_WO,RS-GUPCO,0,,0,EACH,489668,ENGINE USA,MM
227623,"FILTER, FOR MOONEY FUEL REGULATOR, USED FOR WAUKESHA ENGINE MODEL F3521GSI.","فلتر، لمنظم الوقود من نوع موني، يستخدم لمحرك واكيشا طراز F3521GSI.",PLANNED_WO,RS-GUPCO,0,,0,EACH,214174,ENGINE USA,MM
227624,"MAIN VALVE, FOR MOONEY FUEL REGULATOR, USED FOR WAUKESHA ENGINE MODEL F3521GSI.","صمام رئيسي، لمنظم وقود موني، يستخدم لمحرك واكيشا طراز F3521GSI.",MIN_MAX,RS-GUPCO,0,01C5D,0,EACH,G-962-1143,ENGINE USA,MM
227625,"FIXED RESTRICTOR ORIFICE, FOR MOONEY FUEL REGULATOR, USED FOR WAUKESHA ENGINE MODEL F3521GSI.","فتحة تقييد ثابتة، لمنظم وقود موني، يستخدم لمحرك واكيشا طراز F3521GSI.",INSURANCE_SPARE,RS-GUPCO,0,02Q38,0,EACH,214175,ENGINE USA,MM
271231,"Valve, Suction and Discharge, CAT. NO. 320B7922, PARTS FOR Glycol Pumps","صمام، سحب وتفريغ، رقم الصنف 320B7922، قطع غيار لمضخات الجليكول",INSURANCE_SPARE,RS-GUPCO,0,02Q01D,7321122,EACH,320B0792200F11505,PUMP CENTRIFUG,PU
271240,"Shim. 0.007 IN Thick, CAT. NO. K-21807, PARTS  FOR Glycol Pumps","حشوة بسمك 0.007 بوصة، رقم الصنف K-21807، قطع غيار لمضخات الجليكول",SURPLUS,RS-GUPCO,0,02S22D,7321122,EACH,96111000145,PUMP CENTRIFUG,PU
227782,"R. Kit Coupling Kop-Flex size 254 consists of (2) disc packs (p/no. 254 KD HSDP), (2) disc pack fastener set (p/no. 254","تتكون مجموعة وصلات R. Kit Coupling Kop-Flex مقاس 254 من (2) مجموعة أقراص (رقم القطعة 254 KD HSDP)، و(2) مجموعة مثبتات مجموعة الأقراص (رقم القطعة 254).",MIN_MAX,RS-GUPCO,0,02T39,7909106,SET,PP-254KDHSDP,PUMP MISC,PU
227781,"COUPLING COMPLETE, KOPFLEX size 254 P/N 254KD10SSFB 2.375 x 2.125, with 2 std. hubs 254 KD 10 SHUB FB  with finished b","وصلة كاملة، من نوع KOPFLEX، مقاس 254، رقم القطعة 254KD10SSFB، أبعادها 2.375 × 2.125، مزودة بمحورين قياسيين 254 KD 10 SHUB FB مع طرف نهائي.",MIN_MAX,RS-GUPCO,0,,7909106,EACH,PP-254KD10SSFB,BELT/TRANSMIT,PU
137521,SCREW CAP SOCKET/HD. 25-20 UNC X .50 X .50 4RQD    316 SS,رأس لولبي سداسي/رأس. 25-20 UNC × 0.50 × 0.50 4RQD 316 SS,PLANNED_WO,RS-GUPCO,0,,7909131,EACH,809630-00,PUMP MISC,PU
137522,"RING, WEAR IMP. 6JK C954","خاتم، قابل للارتداء، رقم القطعة 6JK C954",PLANNED_WO,RS-GUPCO,5,,7909131,EACH,82120726,PUMP MISC,PU
137523,BRG SLV. 1.01 ID X 1.38 OD X 3.00 LG-CC 40,BRG SLV. 1.01 ID X 1.38 OD X 3.00 LG-CC 40,INSURANCE_SPARE,RS-GUPCO,0,02S31,7909131,EACH,82258757,PUMP MISC,PU
137529,TOP SHAFT 1.00 94 LG 57.50 316 SS,عمود علوي 1.00 94 LG 57.50 316 SS,PLANNED_WO,RS-GUPCO,1,,7909131,EACH,82463456,PUMP MISC,PU
165400,CPLG SHAFT THD 1.00 LH 2.00 316 SS,عمود CPLG ملولب 1.00 يسار 2.00 فولاذ مقاوم للصدأ 316,INSURANCE_SPARE,RS-GUPCO,0,02T24,7909131,EACH,82003807,PUMP MISC,PU
165401,BRG SLV. 1.01 ID X 1.38 OD X 1.25LG CC40,BRG SLV. 1.01 ID X 1.38 OD X 1.25LG CC40,MIN_MAX,RS-GUPCO,0,02T24,7909131,EACH,82079732,PUMP MISC,PU
137520,RING THRUST SPLIT IMP. STD F/1.00 SHF 316 SS,حلقة دفع منقسمة مقاومة قياسية F/1.00 SHF 316 SS,PLANNED_WO,RS-GUPCO,6,,7909131,EACH,82079369,PUMP MISC,PU
137454,"COLUMN, FLANGED SIZE 4"" DIAMETER, 5' 8-9/16"" LONG, COATING TNEMEC 61, P/N 2734855-056","عمود ذو حافة، قطر 4 بوصات، طول 5 أقدام و8-9/16 بوصة، طلاء TNEMEC 61، رقم القطعة 2734855-056",INSURANCE_SPARE,RS-GUPCO,0,07/YARD,7918104,EACH,2734855-056,PUMP MISC,PU
137285,"RETAINER, BEARING                                  ITEM NO 652 DRAWING NO A6862","حامل، رقم الصنف 652، رقم الرسم A6862",INSURANCE_SPARE,RS-GUPCO,0,,7907174,EACH,A68620F000 1123,PUMP MISC,PU
227626,"Plat Heat Exchanger, S/N: 184877-01, Part No.: %SY549300006600, Manufacture: Standard X-change, Certified by Xylem","مبادل حراري مسطح، الرقم التسلسلي: 184877-01، رقم القطعة: %SY549300006600، الشركة المصنعة: ستاندرد إكس-تشينج، معتمد من قبل زايلِم",INSURANCE_SPARE,RS-GUPCO,0,01/C17C,0,EACH,SY549300006600,ENGINE USA,MM
227627,"REPAIR KIT, Plats Gasket Seal, Part Number: 1014-5110-0000 used for ""ITT INDUSTRIES"" HEAT EXCHANGER P/N %SY544300002800,","طقم إصلاح، حشية مانعة للتسرب، رقم القطعة: 1014-5110-0000، يستخدم لمبادل حراري من شركة ""ITT INDUSTRIES"" رقم القطعة %SY544300002800،",PLANNED_WO,RS-GUPCO,0,03G3E,0,EACH,1014-5110-0000,COOLERS,MM
271371,"Outer Column , used for BYRON JACKSON pump type VLT, size 5.5 G, 4-stg, S/No. 691-H-0062","عمود خارجي، يُستخدم لمضخة بايرون جاكسون من النوع VLT، حجم 5.5 G، 4 مراحل، الرقم التسلسلي 691-H-0062",PLANNED_WO,RS-GUPCO,0,,7902214,EACH,AX169421-GQ000,PUMP MISC,PU
137288,"BEARING, SUCTION                                   ITEM NO 690","محمل شفط، رقم الصنف 690",PLANNED_WO,RS-GUPCO,0,,7907174,EACH,B71500F002 5402,PUMP MISC,PU
137289,"BEARING, BOWL.                                     ITEM NO 672","محمل، وعاء. رقم الصنف 672",INSURANCE_SPARE,RS-GUPCO,0,02S23A,7907174,EACH,B71350F002 5402,PUMP MISC,PU
137292,"O-RING, HD/SLHSG                                   ITEM NO 743K DRAWING NO C6000-254","حلقة دائرية، HD/SLHSG، رقم الصنف 743K، رقم الرسم C6000-254",SURPLUS,RS-GUPCO,0,03B12A,7907174,EACH,C60000F254 5304,PUMP MISC,PU
137293,HEAD ASSY                                          ITEM NO 600 DRAWING NO D5931,"مجموعة رأسية، رقم الصنف 600، رقم الرسم D5931",INSURANCE_SPARE,RS-GUPCO,0,01E26C,7907174,EACH,D59310F000 8510,PUMP MISC,PU
137296,"NUT, COL/COL BLT (8)                               ITEM NO 735 A DRAWING NO 49507-110","صامولة، COL/COL BLT (8) رقم الصنف 735 أ، رقم الرسم 49507-110",INSURANCE_SPARE,RS-GUPCO,0,02U22F(1),7907174,EACH,A49507F110 2229,PUMP MISC,PU
164874,"BEARING, OLS     ITEM NO 653                       NEW P/N. B71340F002 5402","محمل، رقم الصنف 653، جديد، رقم القطعة B71340F002 5402",INSURANCE_SPARE,RS-GUPCO,0,02T02H,7907174,EACH,B71340F0025402,PUMP MISC,PU
137424,"RING, SPLIT MOTOR SHAFT REF.NO. 327","حلقة، عمود محرك منقسم، رقم المرجع 327",INSURANCE_SPARE,RS-GUPCO,0,02/S33G,7918102,EACH,96672391,PUMP MISC,PU
164872,"BEARING, SLHSG UPPER                               ITEM NO 791D","محمل، SLHSG علوي، رقم الصنف 791D",PLANNED_WO,RS-GUPCO,0,,7907174,EACH,A93350F000 1618,PUMP MISC,PU
164873,"HOLD TILL 1/12/2026,  H SHAFT, PUMP (1.68 X 181.12LG) ITEM NO 660 DRAWING NO B7342TBC1 NEW P/N. C07469FXBC2403","يُحفظ حتى 1/12/2026، عمود H، مضخة (1.68 × 181.12 طول) رقم الصنف 660، رقم الرسم B7342TBC1، رقم القطعة الجديد C07469FXBC2403",INSURANCE_SPARE,RS-GUPCO,0,,7907174,EACH,C07469FXBC 2403,PUMP MISC,PU
164876,"BEARING, SLHSG LOWER ITEM NO. 791E","محمل، SLHSG سفلي، رقم الصنف 791E",INSURANCE_SPARE,RS-GUPCO,0,02T02H,7907174,EACH,H00277F000 1618,PUMP MISC,PU
175991,"GUIDE, FOR  7N857 CYL. HEAD GROUP , PARTS FOR CATERPILLER DIESEL ENGINE , MODEL:3406DI , ARRANGEMENT NO: 4N2248 , SERIAL","دليل مجموعة رأس الأسطوانة 7N857، قطع غيار لمحرك ديزل كاتربيلر، الموديل: 3406DI، رقم الترتيب: 4N2248، الرقم التسلسلي",PLANNED_WO,RS-GUPCO,0,,7103142,EACH,5CA1737188,CATERPILLAR,MM
228492,"Adjustable Beam trolley, Geared Travel, SWL 5 Ton, to suit Beam Flange width range from 100 to 250 mm, Hand chain length","عربة رافعة قابلة للتعديل، مزودة بنظام تروس للحركة، حمولة آمنة 5 أطنان، لتناسب نطاق عرض شفة الرافعة من 100 إلى 250 مم، طول سلسلة اليد",PLANNED_WO,RS-GUPCO,0,,7719307,EACH,,TURBINE OTHER,MM
271327,"ELBOW FOR SEPERATOR TANK (.75 TUBE X .75 SAE), USED FOR I.R ROTARY AIR COMPRESSOR","كوع لخزان الفصل (أنبوب 0.75 × 0.75 SAE)، يُستخدم لضاغط الهواء الدوار بالأشعة تحت الحمراء",INSURANCE_SPARE,RS-GUPCO,0,02/U39E,0,EACH,39171517,COMPRESSOR USA,MM
271368,"Column shaft 3/4""X 3' LG, P/No. 166144, Used for BYRON JACKSON pump type VLT, size 5.5 GL, 2-stg, S/No. 841-H-0117","عمود 3/4 بوصة × 3 أقدام، رقم القطعة 166144، يُستخدم لمضخة بايرون جاكسون من النوع VLT، حجم 5.5 جالون، مرحلتين، الرقم التسلسلي 841-H-0117",SURPLUS,RS-GUPCO,0,02V11D,7902238,EACH,88451684,PUMP MISC,PU
271369,"Stuffing box, size 1-1/2, P/No. 268583-ZA, FAB, Used for BYRON JACKSON pump type VLT, size 5.5 GL, 2-stg, S/No. 841-H-01","صندوق حشو، مقاس 1-1/2، رقم القطعة 268583-ZA، من إنتاج شركة FAB، يُستخدم لمضخة بايرون جاكسون من نوع VLT، مقاس 5.5 GL، ذات مرحلتين، رقم التسلسل 841-H-01",INSURANCE_SPARE,RS-GUPCO,0,02V11E,7902238,EACH,268583ZA,PUMP MISC,PU
271372,"Pump Half Coupling, size 1"" shaft, Part No. AX116004-UP000  , Material 1213-1215 Cf, Used for BYRON JACKSON pump type VL","وصلة نصفية للمضخة، مقاس عمود 1 بوصة، رقم القطعة AX116004-UP000، المادة 1213-1215 Cf، تُستخدم لمضخة بايرون جاكسون من النوع VL",INSURANCE_SPARE,RS-GUPCO,0,02T13B,7902238,EACH,AX116004-UP000,PUMP MISC,PU
165403,BRG. SLV 1.01 X 1.38 OD X 3.19 LG CC 40,BRG. SLV 1.01 × 1.38 OD × 3.19 LG CC 40,INSURANCE_SPARE,RS-GUPCO,0,02T24D,7909131,EACH,82093642,PUMP MISC,PU
165411,"Nut Adjusting , 0.94 LH threads X 1.63 shaft recess, P/No. 82238171","صامولة ضبط، 0.94 لولبي يساري × 1.63 تجويف عمود، رقم القطعة 82238171",INSURANCE_SPARE,RS-GUPCO,0,02/V58B,7909131,EACH,82238171,PUMP MISC,PU
165412,"""O"" RING BARREL, 12  VITON","حلقة ""O""، 12 فيتون",PLANNED_WO,RS-GUPCO,0,,7909131,EACH,20A11EM457,PUMP MISC,PU
165415,PIN IMP WR (SCREW SET 6-32UNF X .17) 3RQD 316 SS,مسمار تثبيت مقاوم للصدمات (مجموعة براغي 6-32UNF × 0.17) 3RQD 316 SS,PLANNED_WO,RS-GUPCO,0,,7909131,EACH,115A2T660-379,PUMP MISC,PU
229706,"ELEMENT, AIR FILTER, USED FOR ATLAS COPCO ROTARY COMPRESSOR MODEL GA-37 (SUPPL REF: 522 C 062 307 49, PO-7593-420-133-04","عنصر فلتر هواء، يُستخدم لضاغط الهواء الدوار من طراز أطلس كوبكو GA-37 (رقم المرجع: 522 C 062 307 49، PO-7593-420-133-04)",MIN_MAX,RS-GUPCO,0,,0,EACH,~,COMPRESSOR OTHR,MM
229708,"Unloader Kit, Part no. 2901 1622 00, used for Air Compressor, Model: Atlas Copco GA45+ , S/N: APIS45798401&S/N: APIS4575","طقم تفريغ، رقم القطعة 2901 1622 00، يُستخدم لضاغط هواء، طراز: أطلس كوبكو GA45+، الرقم التسلسلي: APIS45798401 والرقم التسلسلي: APIS4575",INSURANCE_SPARE,RS-GUPCO,0,,0,EACH,2901 1622 00,COMPRESSOR OTHR,MM
137202,"BEARING, BOWL ITEM NO. 672","محمل، وعاء، رقم الصنف 672",INSURANCE_SPARE,RS-GUPCO,0,02S35B,7907158,EACH,A91110F000 1618,PUMP MISC,PU
164514,"NUT, ADJUSTMENT ITEM NO. 604A","صامولة، قطعة ضبط رقم 604A",INSURANCE_SPARE,RS-GUPCO,0,02S17,7907158,EACH,H00460F000 2130,PUMP MISC,PU
164617,"HEADSHAFT, ITEM NO. 608                            P/N. B00020F JDA-2216","عمود رأس المحرك، رقم الصنف 608، رقم القطعة B00020F، JDA-2216",SURPLUS,RS-GUPCO,0,01M02(C),7907158,EACH,B00020FJDA2216,PUMP MISC,PU
164623,"COLUMN, INTERMEDIATE","عمود، وسيط",INSURANCE_SPARE,RS-GUPCO,0,07YARD,7907158,EACH,C24170F120 8510,PUMP MISC,PU
177555,"SHAFT, PUMP ITEM NO. 660","عمود المضخة، رقم الصنف 660",INSURANCE_SPARE,RS-GUPCO,0,01L05F,7907158,EACH,B52170F4022216,PUMP MISC,PU
230378,"MOTOR,STARTING ELECTRIC GROUP,24 VOLT , P/N : 3383454","محرك، مجموعة بدء التشغيل الكهربائية، 24 فولت، رقم القطعة: 3383454",INSURANCE_SPARE,RS-GUPCO,0,01D08C,7103116,EACH,3383454,CATERPILLAR,MM
227506,"ELEMENT, FUEL FILTER P/N. 1R0756 USED FOR R#6 NEW DIESEL ENGINE MODEL CAT. 3512  Manu. CATERPILLAR","عنصر فلتر الوقود، رقم القطعة 1R0756، يُستخدم لمحرك ديزل جديد رقم 6، طراز CAT 3512، من إنتاج شركة كاتربيلر.",MIN_MAX,RS-GUPCO,0,,0,EACH,1R0756,CATERPILLAR,MM
116492,"DAMPER VIBRATION 24"" TURBOCHARGED",مخمد اهتزازات 24 بوصة مزود بشاحن توربيني,INSURANCE_SPARE,RS-GUPCO,0,01C15B,6923126,EACH,,ENGINE USA,MM
231204,WEBBING SLING / POLYESTER / COLOUR BROWN / DUPLEX / BECKET EYE / F.O.S 7:1 / MANUFACTURED TO BSEN 1492:1 / CE MARK / S.W,حزام منسوج / بوليستر / لون بني / مزدوج / حلقة بيكت / FOS 7:1 / مصنّع وفقًا للمواصفة BSEN 1492:1 / علامة CE / SW,MIN_MAX,RS-GUPCO,0,02B03B,0,EACH,~,CORDG & CHAIN,MM
231205,WEBBING SLING / POLYESTER / COLOUR BROWN / DUPLEX / BECKET EYE / F.O.S 7:1 / MANUFACTURED TO BSEN 1492:1 / CE MARK / S.W,حزام منسوج / بوليستر / لون بني / مزدوج / حلقة بيكت / FOS 7:1 / مصنّع وفقًا للمواصفة BSEN 1492:1 / علامة CE / SW,PLANNED_WO,RS-GUPCO,4,02B03C,0,EACH,~,CORDG & CHAIN,MM
173767,"ELEMENT, AIR CLEANER","عنصر، منقي هواء",MIN_MAX,RS-GUPCO,0,05D05,7103140,EACH,2CA4N0015,BR/SL/S.PLG/FLT,MM
272886,6 nb kaptech 316 stainless steel corrugated flexible tube with external 316 stainless steel braid  End 1 : 6 ASA/ANSI,"أنبوب مرن مموج من الفولاذ المقاوم للصدأ 316 من كابتك، مقاس 6 بوصات، مزود بضفيرة خارجية من الفولاذ المقاوم للصدأ 316، الطرف 1: 6 ASA/ANSI",INSURANCE_SPARE,RS-GUPCO,0,,0,EACH,~,ENGINE USA,MM
271366,"Bottom flanged column 4""X3' LG, P/No. 998501-ZA, HYDRO:200#, Used for BYRON JACKSON pump type VLT, size 5.5 GL, 2-stg, S","عمود ذو حافة سفلية 4 بوصات × 3 أقدام، رقم القطعة 998501-ZA، ضغط هيدروليكي: 200 رطل، يُستخدم مع مضخة بايرون جاكسون من نوع VLT، حجم 5.5 جالون، مرحلتين، S",INSURANCE_SPARE,RS-GUPCO,0,07 YARD,7902238,EACH,998501ZA,PUMP MISC,PU
161520,"ADAPTER,","محول،",INSURANCE_SPARE,RS-GUPCO,0,04L04E,7103145,EACH,7W5435,CATERPILLAR,MM
164581,"IMPELLER, 9-7/16 IN. D 1/8 X 1-7/8 UF ITEM NO.673  P/N. A1886-1007B854-06M","مروحة، قطر 9-7/16 بوصة، 1/8 × 1-7/8 بوصة، رقم الصنف 673، رقم القطعة A1886-1007B854-06M",INSURANCE_SPARE,RS-GUPCO,0,02S15,7907156,EACH,A18860F0001296,PUMP MISC,PU
271227,"Gland, Follower Cast Iron, CAT. NO. 339B7548/1, PARTS FOR Glycol Pumps","حشوة، تابع من الحديد الزهر، رقم الصنف 339B7548/1، قطع غيار لمضخات الجليكول",INSURANCE_SPARE,RS-GUPCO,0,02/ Q 01 D,7321122,EACH,339B0754801A11100,PUMP CENTRIFUG,PU
271229,"Bearing Connecting Rod, CAT. NO. 58025C-90-178, PARTS FOR Glycol Pumps","ذراع توصيل محمل، رقم الصنف 58025C-90-178، قطع غيار لمضخات الجليكول",INSURANCE_SPARE,RS-GUPCO,0,02/ Q 01 D,7321122,EACH,116B0829900R15300,PUMP CENTRIFUG,PU
137311,"O-RING,","حلقة دائرية،",MIN_MAX,RS-GUPCO,0,03B12,7902104,EACH,1056182,PUMP MISC,PU
137312,"O-RING, END COVER.","حلقة دائرية، غطاء طرفي.",SURPLUS,RS-GUPCO,0,03/B12A (1),7902104,EACH,412-336,PUMP MISC,PU
137257,"HEAD, DISCHARGE.","الرأس، إفرازات.",INSURANCE_SPARE,RS-GUPCO,0,07YARD,7907159,EACH,D5017F011 8510,PUMP MISC,PU
137313,"O-RING,","حلقة دائرية،",MIN_MAX,RS-GUPCO,0,03B12,7902104,EACH,1060104,PUMP MISC,PU
137314,"RING, SEAL","حلقة، ختم",MIN_MAX,RS-GUPCO,0,,7902104,EACH,1114565,PUMP MISC,PU
137317,"KEY,","مفتاح،",MIN_MAX,RS-GUPCO,0,02S33,7902104,EACH,1335790,PUMP MISC,PU
137318,"SHIM,","شيم،",MIN_MAX,RS-GUPCO,0,02S33,7902104,EACH,1351966,PUMP MISC,PU
137320,"BUSHING, THROAT, ITEM NO. 207 P/N 62XX B35996-06","جلبة، الحلق، رقم الصنف 207، رقم القطعة 62XX B35996-06",MIN_MAX,RS-GUPCO,0,,7902104,EACH,1453386,PUMP MISC,PU
164987,"DEFLECTOR, DISC","عاكس، قرص",MIN_MAX,RS-GUPCO,2,,7902104,EACH,1411586,PUMP MISC,PU
231486,OIL PAN GROUP  .VENDOR NAME : MANTRIC . MANUFACTURER : CATERPILLAR .,مجموعة أحواض الزيت. اسم المورد: مانتريك. الشركة المصنعة: كاتربيلر.,INSURANCE_SPARE,RS-GUPCO,0,01D22H,0,EACH,4N0756,CATERPILLAR,MM
231497,OIL LEVEL GAUGE GROUP .VENDOR NAME : MANTRIC . MANUFACTURER : CATERPILLAR .,مجموعة مقياس مستوى الزيت. اسم المورد: مانتريك. الشركة المصنعة: كاتربيلر.,PLANNED_WO,RS-GUPCO,0,,0,PACKAGE,4n748,CATERPILLAR,MM
231499,MOUNTING GROUP -JACKET WATER HEATER-TYPE 1. .VENDOR NAME : MANTRIC . MANUFACTURER : CATERPILLAR.,مجموعة التركيب - سخان مياه ذو غلاف - النوع 1. اسم المورد: مانتريك. الشركة المصنعة: كاتربيلر.,PLANNED_WO,RS-GUPCO,0,,0,EACH,4N6540,CATERPILLAR,MM
231483,WATER AFTERCOOLER GROUP .VENDOR NAME :MANTRAC . MANUFACTURER : CATERPILLAR .,مجموعة مبرد الماء اللاحق. اسم المورد: مانتراك. الشركة المصنعة: كاتربيلر.,INSURANCE_SPARE,RS-GUPCO,0,01d18h,0,EACH,4N4077,CATERPILLAR,MM
235853,"Tube, Radiator G. P/No: 4N2985 for Cat 3406 TDI Diesel Engine S/No: 90U16450 Arrang No: 4N2238","أنبوب، مشعاع، رقم القطعة: 4N2985 لمحرك ديزل كات 3406 TDI، الرقم التسلسلي: 90U16450، رقم الترتيب: 4N2238",MIN_MAX,RS-GUPCO,0,04K16C,0,EACH,4N2985,CATERPILLAR,MM
235854,"Hose, radiator G. Part No: 2S6661 for Cat 3406 TDI Diesel Engine S/No: 90U16450 Arrang No: 4N2238 , Minimum Qty. 762 Ea.","خرطوم، رادياتير G. رقم القطعة: 2S6661 لمحرك ديزل Cat 3406 TDI رقم التسلسل: 90U16450 رقم الترتيب: 4N2238، الحد الأدنى للكمية 762 قطعة.",MIN_MAX,RS-GUPCO,0,,0,EACH,5P1265,CATERPILLAR,MM
235855,Water Lines group Part No: 4N9777 for Cat 3406 TDI Diesel Engine S/No: 90U16450 Arrang No: 4N2238,"مجموعة خطوط المياه، رقم القطعة: 4N9777 لمحرك الديزل Cat 3406 TDI، الرقم التسلسلي: 90U16450، رقم الترتيب: 4N2238",MIN_MAX,RS-GUPCO,0,03P05B,0,EACH,4N9777,CATERPILLAR,MM
235858,Water Lines Part No: 4N2474 for Cat 3406 TDI Diesel Engine S/No: 90U16450 Arrang No: 4N2238,"خطوط المياه، رقم القطعة: 4N2474 لمحرك الديزل كات 3406 TDI، الرقم التسلسلي: 90U16450، رقم الطلب: 4N2238",INSURANCE_SPARE,RS-GUPCO,0,01D16H,0,EACH,4N2474,CATERPILLAR,MM
235104,"Adjustable Beam trolley, Push Travel, SWL 3 Ton, to suit Beam Flange width range from 100 to 250 mm. The trolley wheels","عربة نقل ذات عارضة قابلة للتعديل، تعمل بالدفع، حمولة آمنة 3 أطنان، تناسب نطاق عرض شفة العارضة من 100 إلى 250 مم. عجلات العربة",PLANNED_WO,RS-GUPCO,0,,0,EACH,,CORDG & CHAIN,MM
271367,"Column Bearing, 3/4"" ID, P/No. 753636-FJ, BRZ, Used for BYRON JACKSON pump type VLT, size 5.5 GL, 2-stg, S/No. 841-H-011","محمل عمود، قطر داخلي 3/4 بوصة، رقم القطعة 753636-FJ، BRZ، يُستخدم لمضخة بايرون جاكسون من النوع VLT، حجم 5.5 GL، مرحلتين، رقم التسلسل 841-H-011",PLANNED_WO,RS-GUPCO,0,,7902238,EACH,AX753636-FJ000,PUMP MISC,PU
161073,"BASE ASSY, P/N : 1N3789 , FOR FUEL FILTER.","مجموعة القاعدة، رقم القطعة: 1N3789، لفلتر الوقود.",INSURANCE_SPARE,RS-GUPCO,0,04 H 13 D,7103141,EACH,1N3789,CATERPILLAR,MM
137315,"NUT, SHAFT SLEEVE R.H.","صامولة، جلبة عمود يمين",MIN_MAX,RS-GUPCO,0,,7902104,EACH,921-216,PUMP MISC,PU
137316,"KEY, (FINAL IMP)","مفتاح، (التنفيذ النهائي)",MIN_MAX,RS-GUPCO,0,02S33,7902104,EACH,1156284,PUMP MISC,PU
137319,"KEY, STG.1","مفتاح، المرحلة 1",MIN_MAX,RS-GUPCO,0,02S33,7902104,EACH,1408046,PUMP MISC,PU
137321,"NUT, SHAFT SLEEVE L.H.","صامولة، جلبة عمود يسار",MIN_MAX,RS-GUPCO,0,,7902104,EACH,921-217,PUMP MISC,PU
164990,STAGE PIECE,قطعة مسرحية,MIN_MAX,RS-GUPCO,0,,7902104,EACH,541-204-1453351,PUMP MISC,PU
176150,GASKET (7W5978),حشية (7W5978),PLANNED_WO,RS-GUPCO,0,04/R15D,7103167,EACH,1299452,CATERPILLAR,MM
193979,PRECLEANER AS - ( 6 IN.) DIAMETER AIR INLET  P/N.  2S5651 FOR CAT ENGINE -3406   S/N. 6TB16495  ARR. NO. 7C-6843,"مُنظِّف أولي AS - مدخل هواء بقطر 6 بوصات، رقم القطعة 2S5651 لمحرك كاتربيلر -3406، الرقم التسلسلي 6TB16495، رقم التجميع 7C-6843",INSURANCE_SPARE,RS-GUPCO,0,04S02H,0,EACH,1501713,CATERPILLAR,MM
161495,"TUBE, ASSY","أنبوب، مجموعة",MIN_MAX,RS-GUPCO,0,04J05C,7103139,EACH,2W2927,CATERPILLAR,MM
161501,"TUBE, ASSY","أنبوب، مجموعة",MIN_MAX,RS-GUPCO,0,04J05C,7103139,EACH,2W6458,CATERPILLAR,MM
132446,"GEAR, FOR GOVERNOR DRIVE","تروس، لمحرك منظم السرعة",INSURANCE_SPARE,RS-GUPCO,0,04L24E,7103138,EACH,4N0629,CATERPILLAR,MM
161464,FUEL ING.LINE NO 1,خط وقود رقم 1,PLANNED_WO,RS-GUPCO,0,,7103139,EACH,4P9661,CATERPILLAR,MM
177557,"LOCK, TAPER IMPELLER ITEM NO. 677","قفل، مروحة مخروطية، رقم الصنف 677",PLANNED_WO,RS-GUPCO,0,,7907158,EACH,H00445F000 2229,PUMP MISC,PU
237905,"WORM SHAFT WHEEL ASSY 1/30 ( INCLUDE GEAR & WORM ) , PART NO. 2720076003R","مجموعة عجلة عمود دودي 1/30 (تتضمن الترس والدودة)، رقم القطعة 2720076003R",PLANNED_WO,RS-GUPCO,0,,0,EACH,2520076003R,PUMP CENTRIFUG,PU
237908,"COMPLETE COUPLING BETWEEN PUMP AND MOTOR (0.5 INCH X 0.75 INCH X 0.25 INCH KEYWAY) (SEE ATTACHED PICTURES) , USED FOR CH","وصلة كاملة بين المضخة والمحرك (مجرى مفتاح 0.5 بوصة × 0.75 بوصة × 0.25 بوصة) (انظر الصور المرفقة)، تُستخدم لـ CH",MIN_MAX,RS-GUPCO,0,,0,SET,3050915010F,PUMP CENTRIFUG,PU
237902,"VALVE ASSEMBLY (SUCTION),USED FOR PUMP CODE: MD46(55)G3,2N350/9.VV2.ITEM:QUADRUPLEX ,AFFAIR NO:C052417606, MANUAL REFERA","مجموعة صمامات (شفط)، تُستخدم مع مضخة برمز: MD46(55)G3، 2N350/9.VV2. رقم الصنف: رباعي، رقم الملف: C052417606، راجع الدليل.",PLANNED_WO,RS-GUPCO,0,,0,EACH,0210716028N,PUMP CENTRIFUG,PU
237910,PLUNGER ASSY ( INCLUDE 1 PLUNGER # 0120319094N &  PACKING RING # 4380140030N ),مجموعة المكبس (تتضمن مكبس واحد رقم 0120319094N وحلقة التعبئة رقم 4380140030N),INSURANCE_SPARE,RS-GUPCO,0,02S41A,0,EACH,,PUMP CENTRIFUG,PU
237909,"COMPLETE MULTIPLEXING COUPLING BETWEEN M1&Mi,USED FOR PUMP CODE: MD46(55)G3,2N350/9.VV2.ITEM:QUADRUPLEX ,AFFAIR NO:C0524","وصلة تعدد إرسال كاملة بين M1 وMi، تُستخدم لمضخة برمز: MD46(55)G3، 2N350/9.VV2. رقم الصنف: رباعي، رقم الملف: C0524",INSURANCE_SPARE,RS-GUPCO,0,02Q05C,0,SET,3050915020F,PUMP CENTRIFUG,PU
237248,"MECHANICAL ASSEMBLY,USED FOR DOSING MULTIPLEX MILTON ROY PUMP,MILROYAL D,TYPES MD46(55)R3,2N350QX/ & MD46(55)G3,2N350QX/","مجموعة ميكانيكية، تُستخدم لضخ جرعات متعددة من مضخة ميلتون روي، ميلرويال دي، من النوعين MD46(55)R3،2N350QX/ وMD46(55)G3،2N350QX/",INSURANCE_SPARE,RS-GUPCO,0,01/D26B,0,EACH,3050052050F,PUMP CENTRIFUG,PU
137182,"BOWL, TOP ITEM NO. 669","وعاء، رقم الصنف العلوي 669",INSURANCE_SPARE,RS-GUPCO,0,,7907156,EACH,A20460F000 1007,PUMP MISC,PU
177613,"PACKING SET ITEM 620A,  (6 EA PER SET)  P/N. A11338-5-BM-5017","مجموعة التعبئة رقم 620A، (6 قطع لكل مجموعة) رقم القطعة A11338-5-BM-5017",INSURANCE_SPARE,RS-GUPCO,0,02T43G,7907161,SET,A11338FEBM5017,PUMP MISC,PU
177614,"IMPELLER, ITEM 673","المروحة، رقم الصنف 673",INSURANCE_SPARE,RS-GUPCO,0,02V29H(1),7907161,EACH,B75420F000 1123,PUMP MISC,PU
237903,"VALVE ASSEMBLY (DISCHARGE),USED FOR PUMP CODE: MD46(55)G3,2N350/9.VV2.ITEM:QUADRUPLEX ,AFFAIR NO:C052417606, MANUAL REFE","مجموعة صمام (تفريغ)، تُستخدم لمضخة برمز: MD46(55)G3، 2N350/9.VV2. رقم الصنف: رباعي، رقم الملف: C052417606، مرجع الدليل",PLANNED_WO,RS-GUPCO,0,,0,EACH,0210717028N,PUMP CENTRIFUG,PU
237904,"CONNECTING ROD,USED FOR PUMP CODE: MD46(55)G3,2N350/9.VV2.ITEM:QUADRUPLEX ,AFFAIR NO:C052417606, MANUAL REFERANCE :0801-","ذراع توصيل، يُستخدم لمضخة برمز: MD46(55)G3، 2N350/9.VV2. رقم الصنف: رباعي، رقم الملف: C052417606، مرجع الدليل: 0801-",PLANNED_WO,RS-GUPCO,0,,0,EACH,3050052070F,PUMP CENTRIFUG,PU
196665,WEBBING SLING / POLYESTER / COLOUR VIOLET  / DUPLEX / BECKET EYE / F.O.S 7:1 / MANUFACTURED TO BSEN 1492:1 / CE MARK /,حمالة من نسيج / بوليستر / لون بنفسجي / مزدوج / حلقة بيكت / FOS 7:1 / مصنعة وفقًا للمواصفة BSEN 1492:1 / علامة CE /,MIN_MAX,RS-GUPCO,0,,0,EACH,~,CORDG & CHAIN,MM
137673,"O-RING, (STUFFING BOX/HEAD)",حلقة دائرية (صندوق الحشو/الرأس),INSURANCE_SPARE,RS-GUPCO,0,03B37B,7902238,EACH,20A11CM243,PUMP MISC,PU
116189,"MANFIOLD, WATER P/NO. E204677 SUPERSEDED TO THE BELOW 17 ITEMS TO REPLACE THE OLD MANIFOLD CONSIST OF :",تم استبدال مشعب الماء رقم E204677 بالعناصر الـ 17 التالية التي تحل محل المشعب القديم:,MIN_MAX,RS-GUPCO,0,01C21B,6923117,EACH,E204677,ENGINE USA,MM
167533,"SEAL, WATER ( OLD P/N 4W7983 ) OLD P/NO.4W1055",مانع تسرب الماء (رقم القطعة القديم 4W7983) رقم القطعة القديم 4W1055,PLANNED_WO,RS-GUPCO,0,,7103370,EACH,10CA3E6772,CATERPILLAR,MM
131840,"STUD, 3/8"" NC THRD. BOTH ENDS X 2"" TAPERLOCK       HIGH TEMP.","مسمار ملولب، 3/8 بوصة NC THRD. كلا الطرفين × 2 بوصة TAPERLOCK HIRT.",INSURANCE_SPARE,RS-GUPCO,0,04H02,7103144,EACH,10CA7L0520,CATERPILLAR,MM
137425,"BOWL, STANDARD REF.NO. 10","وعاء، رقم المرجع القياسي 10",PLANNED_WO,RS-GUPCO,0,,7918102,EACH,4604684-041,PUMP MISC,PU
271228,"Plunger , P-626 4-STY, CAT. NO. 59516, PARTSFOR Glycol Pumps","مكبس، P-626 رباعي الطبقات، رقم الصنف 59516، قطع غيار لمضخات الجليكول",INSURANCE_SPARE,RS-GUPCO,0,,7321122,EACH,353B0837902R53100,PUMP CENTRIFUG,PU
271230,"Oil Seal Crankshaft CRWI or Equal, CAT. NO. 21098, PARTS","مانع تسرب زيت عمود المرفق CRWI أو ما يعادله، رقم الصنف 21098، قطع غيار",INSURANCE_SPARE,RS-GUPCO,0,02/ Q 01 D,7321122,EACH,94111000127,PUMP CENTRIFUG,PU
176206,"PLUNGER, ASSY.  @ M.T 50-99-447/83","مكبس، مجموعة. @ MT 50-99-447/83",PLANNED_WO,RS-GUPCO,0,,7313104,EACH,2120062070,PUMP CENTRIFUG,PU
271576,"Sleeve shaft, Item no. 29, Drawing no. 8511-C03B, Material 304SS, for FWP PUMP MOD 18RKMC3 S/N. 87979-80","عمود جلبة، رقم الصنف 29، رقم الرسم 8511-C03B، المادة 304SS، لمضخة FWP موديل 18RKMC3، الرقم التسلسلي 87979-80",INSURANCE_SPARE,RS-GUPCO,0,02T13D,7912102,EACH,~,PUMP MISC,PU
271577,"Set Screw, impeller, Item no. 626, drawing no. 8511-B05B, STN STL Material, used for Layne& Bowler, Memphis tenn. 381/08","برغي تثبيت، دافع، رقم الصنف 626، رقم الرسم 8511-B05B، مادة STN STL، يستخدم في Layne & Bowler، ممفيس، تينيسي. 381/08",PLANNED_WO,RS-GUPCO,0,,7912102,EACH,~,PUMP MISC,PU
271578,"Randolph Gear Box Complete Model 350G, 350 HP, Ratio: 1/1, S/No. G070-A1890240-41, Input RPM 1750, Output RPM 1750, Bore","علبة تروس راندولف كاملة، طراز 350G، 350 حصان، نسبة التروس: 1/1، الرقم التسلسلي: G070-A1890240-41، سرعة دوران الإدخال: 1750 دورة في الدقيقة، سرعة دوران الإخراج: 1750 دورة في الدقيقة، قطر الأسطوانة",MIN_MAX,RS-GUPCO,0,01B06H,3123104,EACH,~,BR/SL/S.PLG/FLT,PU
271236,"Gasket, PAC, CAT. NO. 624-BVE20/1, PARTS  FOR Glycol Pumps","حشية، مجموعة قطع غيار، رقم الصنف 624-BVE20/1، قطع غيار لمضخات الجليكول",INSURANCE_SPARE,RS-GUPCO,2,02Q01E,7321122,EACH,624B0823400U51100,PUMP CENTRIFUG,PU
165650,"STUFFING, BOX BEARING","حشو، محمل صندوقي",INSURANCE_SPARE,RS-GUPCO,0,02T38B,7902238,EACH,AX169973-FJ000,PUMP MISC,PU
101772,"INSERT, EXHAUST  ( 9S9699 ) FOR  7N857  CYLN. HEAD GROUP",قطعة إدخال العادم (9S9699) لمجموعة رأس الأسطوانة 7N857,PLANNED_WO,RS-GUPCO,0,,7113408,EACH,1CA1W5283,CATERPILLAR,MM
244658,WEBBING SLING / POLYESTER / COLOUR BROWN / DUPLEX / BECKET EYE / F.O.S 7:1 / MANUFACTURED TO BSEN 1492:1 / CE MARK / S.W,حزام منسوج / بوليستر / لون بني / مزدوج / حلقة بيكت / FOS 7:1 / مصنّع وفقًا للمواصفة BSEN 1492:1 / علامة CE / SW,PLANNED_WO,RS-GUPCO,0,,0,EACH,~,CORDG & CHAIN,MM
110421,"GEAR AND PINION, RATIO","التروس والتروس الصغيرة، النسبة",INSURANCE_SPARE,RS-GUPCO,0,,3123104,SET,~,BR/SL/S.PLG/FLT,PU
161122,"Valve, air starter Part No 3N578 of Caterpillar Gas Engine Model : G399 ,  S/NO:49C643","صمام، بادئ تشغيل هوائي، رقم القطعة 3N578 لمحرك غاز كاتربيلر، طراز: G399، الرقم التسلسلي: 49C643",INSURANCE_SPARE,RS-GUPCO,0,04/H05C (1),7103128,EACH,5N8862,CATERPILLAR,MM
243813,"HIGH SPEED PREMIUM COBALT STEEL, M-42, SQUARE TOOL BIT SIZE 1/4"" X 2.5"", EDP no. 28302, STD package=10 EA, (Morse cuttin","فولاذ كوبالت عالي السرعة ممتاز، M-42، لقمة مربعة الشكل مقاس 1/4 بوصة × 2.5 بوصة، رقم EDP 28302، عبوة قياسية = 10 قطع، (قطع مورس)",MIN_MAX,RS-GUPCO,0,,0,PACKAGE,28302,TOOLS,PU
245058,"OIL, GEAR SYNTHETIC, ISO VISCOSITY GRADE 220 & AGMA LUBRICANT NO. 5 , LUBRICATION OIL FOR RIGHT ANGLE BEVEL GEARBOXES (C","زيت تروس اصطناعي، لزوجة ISO رقم 220 ومادة تشحيم AGMA رقم 5، زيت تشحيم لعلب تروس مخروطية بزاوية قائمة (C",MIN_MAX,RS-GUPCO,0,yard,0,CAN,SHC 630,LUBR & GREASE,PU
110418,"RING, HOLD DOWN","اضغط على الزر، ثم استمر بالضغط",SURPLUS,RS-GUPCO,0,02F15B,3123104,EACH,R113,BR/SL/S.PLG/FLT,PU
250248,"BALL VALVE USED FOR ATLAS COPCO ROTARY COMPRESSOR MODEL GA-37 , PART NO. 0852  0010  19","صمام كروي يُستخدم في ضاغط أطلس كوبكو الدوار طراز GA-37، رقم القطعة 0852 0010 19",INSURANCE_SPARE,RS-GUPCO,0,02W29B(1),0,EACH,0852  0010  19,COMPRESSOR USA,MM
250235,"PIPE USED FOR ATLAS COPCO ROTARY COMPRESSOR MODEL GA-37 , PART NO. 1622 3155 00","أنبوب يُستخدم لضاغط أطلس كوبكو الدوار طراز GA-37، رقم القطعة 1622 3155 00",INSURANCE_SPARE,RS-GUPCO,0,02W31G(1),0,EACH,1622 3155 00,COMPRESSOR USA,MM
250238,"HOSE ASSEMBLY USED FOR ATLAS COPCO ROTARY COMPRESSOR MODEL GA-37 ,","مجموعة خراطيم تستخدم لضاغط أطلس كوبكو الدوار طراز GA-37،",INSURANCE_SPARE,RS-GUPCO,0,,0,EACH,0574  9918  18,COMPRESSOR USA,MM
250242,"NIPPLE USED FOR ATLAS COPCO ROTARY COMPRESSOR MODEL GA-37 , PART NO. 1079  5840  19","حلمة مستخدمة لضاغط أطلس كوبكو الدوار طراز GA-37، رقم القطعة 1079 5840 19",INSURANCE_SPARE,RS-GUPCO,0,02U32C,0,EACH,1079  5840  19,COMPRESSOR USA,MM
250243,"FLAT GASKET USED FOR ATLAS COPCO ROTARY COMPRESSOR MODEL GA-37 , PART NO. 0653  1062  00","حشية مسطحة تُستخدم لضاغط أطلس كوبكو الدوار طراز GA-37، رقم القطعة 0653 1062 00",INSURANCE_SPARE,RS-GUPCO,0,02W29A(1),0,EACH,0653  1062  00,COMPRESSOR USA,MM
250244,"OIL FILTER ELEMENT USED FOR ATLAS COPCO ROTARY COMPRESSOR MODEL GA-37 , PART NO. 1622  5072  80","عنصر فلتر الزيت المستخدم في ضاغط أطلس كوبكو الدوار طراز GA-37، رقم القطعة 1622 5072 80",MIN_MAX,RS-GUPCO,0,,0,EACH,1630840180,COMPRESSOR USA,MM
250246,"THERMOSTATIC VALVE USED FOR ATLAS COPCO ROTARY COMPRESSOR MODEL GA-37 , PART NO. 1622  7064  01","صمام حراري يُستخدم مع ضاغط دوار من طراز أطلس كوبكو GA-37، رقم القطعة 1622 7064 01",INSURANCE_SPARE,RS-GUPCO,0,02U32C,0,EACH,1622  7064  01,COMPRESSOR USA,MM
137297,"IMOELLER, (H) 5.56"" CLASS 1126 (these materials should be made in USA and don't substitute)","IMOELLER، (H) 5.56"" الفئة 1126 (يجب أن تكون هذه المواد مصنوعة في الولايات المتحدة الأمريكية ولا يمكن استبدالها)",PLANNED_WO,RS-GUPCO,0,,7907176,EACH,B51450F0001123,PUMP MISC,PU
187506,"CPLG, FLEXMAS, 4.0 TUBE","CPLG، FLEXMAS، أنبوب 4.0",MIN_MAX,RS-GUPCO,0,,0,EACH,208706,ENGINE USA,MM
250254,"CHECK VALVE KIT  USED FOR ATLAS COPCO ROTARY COMPRESSOR MODEL GA-37 , PART NO. 2901  0503  01","طقم صمام عدم الرجوع المستخدم في ضاغط أطلس كوبكو الدوار طراز GA-37، رقم القطعة 2901 0503 01",INSURANCE_SPARE,RS-GUPCO,0,03/B33E,0,EACH,2901  0503  01,COMPRESSOR USA,MM
250255,"OIL STOP VALVE KIT USED FOR ATLAS COPCO ROTARY COMPRESSOR MODEL GA-37 , PART NO. 2901 0217 01","طقم صمام إيقاف الزيت المستخدم في ضاغط أطلس كوبكو الدوار طراز GA-37، رقم القطعة 2901 0217 01",INSURANCE_SPARE,RS-GUPCO,0,02U32,0,EACH,2901  0217  01,COMPRESSOR USA,MM
250208,"PIN USED FOR ATLAS COPCO ROTARY COMPRESSOR MODEL GA-37 , PART NO. 0101  1951  40","دبوس مستخدم لضاغط أطلس كوبكو الدوار طراز GA-37، رقم القطعة 0101 1951 40",INSURANCE_SPARE,RS-GUPCO,0,02U30C,0,EACH,0101  1951  40,COMPRESSOR USA,MM
250209,"O RING USED FOR ATLAS COPCO ROTARY COMPRESSOR MODEL GA-37 , PART NO. 0663  2103  22","حلقة مانعة للتسرب تُستخدم لضاغط أطلس كوبكو الدوار طراز GA-37، رقم القطعة 0663 2103 22",INSURANCE_SPARE,RS-GUPCO,0,03B35E,0,EACH,0663  2103  22,COMPRESSOR USA,MM
250211,"BEARING USED FOR ATLAS COPCO ROTARY COMPRESSOR MODEL GA-37 , PART NO. 0508  1100  34","محمل يستخدم لضاغط أطلس كوبكو الدوار طراز GA-37، رقم القطعة 0508 1100 34",INSURANCE_SPARE,RS-GUPCO,0,02W31A(1),0,EACH,508110034,COMPRESSOR USA,MM
244354,"U-joint complete Model SC series 2390 X 24.06"" W/SF180-10 ROUGH BORE COMPANION FLANGE C/W ADAPTOR,","وصلة مفصلية كاملة من طراز SC سلسلة 2390 × 24.06 بوصة مع شفة مصاحبة ذات تجويف خشن SF180-10 مع محول،",INSURANCE_SPARE,RS-GUPCO,0,01/C23H,0,EACH,,ENGINE USA,MM
244659,WEBBING SLING / POLYESTER / COLOUR GRAY / DUPLEX / BECKET EYE / F.O.S 7:1 / MANUFACTURED TO BSEN 1492:1 / CE MARK / S.W.,حزام منسوج / بوليستر / اللون رمادي / مزدوج / حلقة بيكت / نسبة شد 7:1 / مصنّع وفقًا للمواصفة القياسية البريطانية BSEN 1492:1 / علامة CE / SW,MIN_MAX,RS-GUPCO,6,,0,EACH,~,CORDG & CHAIN,MM
244660,WEBBING SLING / POLYESTER / COLOUR YELLOW / DUPLEX / BECKET EYE / F.O.S 7:1 / MANUFACTURED TO BSEN 1492:1 / CE MARK / S.,حزام منسوج / بوليستر / اللون أصفر / مزدوج / حلقة بيكت / FOS 7:1 / مصنعة وفقًا للمواصفة BSEN 1492:1 / علامة CE / S.,PLANNED_WO,RS-GUPCO,0,,0,EACH,,CORDG & CHAIN,MM
244661,WEBBING SLING / POLYESTER / COLOUR GREEN / DUPLEX / BECKET EYE / F.O.S 7:1 / MANUFACTURED TO BSEN 1492:1 / CE MARK / S.W,حزام منسوج / بوليستر / اللون أخضر / مزدوج / حلقة بيكت / نسبة شد 7:1 / مصنّع وفقًا للمواصفة البريطانية BSEN 1492:1 / علامة CE / SW,MIN_MAX,RS-GUPCO,0,02 B01 G,0,EACH,~,CORDG & CHAIN,MM
250210,"CIRCLIP USED FOR ATLAS COPCO ROTARY COMPRESSOR MODEL GA-37 , PART NO. 0335  2173  00","مشبك دائري يُستخدم مع ضاغط أطلس كوبكو الدوار طراز GA-37، رقم القطعة 0335 2173 00",INSURANCE_SPARE,RS-GUPCO,0,02W31A(1),0,EACH,335217300,COMPRESSOR USA,MM
250219,"GEAR DRIVEN USED FOR ATLAS COPCO ROTARY COMPRESSOR MODEL GA-37 , PART NO. 1622  3110  70","محرك تروس يُستخدم في ضاغط أطلس كوبكو الدوار طراز GA-37، رقم القطعة 1622 3110 70",INSURANCE_SPARE,RS-GUPCO,0,02U30E,0,EACH,1622311070,COMPRESSOR USA,MM
250222,"GASKET USED FOR ATLAS COPCO ROTARY COMPRESSOR MODEL GA-37 , PART NO. 1622  4664  00","حشية تستخدم لضاغط أطلس كوبكو الدوار طراز GA-37، رقم القطعة 1622 4664 00",INSURANCE_SPARE,RS-GUPCO,0,02W31C(1),0,EACH,1622  4664  00,COMPRESSOR USA,MM
250225,"AIR HOSE ASSEMBLY USED FOR ATLAS COPCO ROTARY COMPRESSOR MODEL GA-37 ,","مجموعة خرطوم الهواء المستخدمة في ضاغط الهواء الدوار من طراز أطلس كوبكو GA-37،",INSURANCE_SPARE,RS-GUPCO,0,,0,EACH,1622  3129  81,COMPRESSOR USA,MM
250229,"O-RING USED FOR ATLAS COPCO ROTARY COMPRESSOR MODEL GA-37 , PART NO. 0663  7150  00","حلقة دائرية تستخدم لضاغط أطلس كوبكو الدوار طراز GA-37، رقم القطعة 0663 7150 00",INSURANCE_SPARE,RS-GUPCO,0,03b35g,0,EACH,0663  7150  00,COMPRESSOR USA,MM
250252,"O-RING USED FOR ATLAS COPCO ROTARY COMPRESSOR MODEL GA-37 , PART NO. 0663  2102  15","حلقة مانعة للتسرب تُستخدم لضاغط الهواء الدوار من طراز أطلس كوبكو GA-37، رقم القطعة 0663 2102 15",INSURANCE_SPARE,RS-GUPCO,0,,0,EACH,0663  2102  15,COMPRESSOR USA,MM
155689,"SOLENOID, START / RUN","ملف لولبي، بدء/تشغيل",OBSOLETE,RS-GUPCO,0,02U24C,8009105,EACH,36840841,COMPRESSOR USA,MM
137298,"GASKET, HD/SLHSG CLASS 5105 (these materials should be made in USA and don't substitute)","حشية، فئة HD/SLHSG 5105 (يجب أن تكون هذه المواد مصنوعة في الولايات المتحدة الأمريكية ولا يمكن استبدالها)",PLANNED_WO,RS-GUPCO,0,,7907176,EACH,B27490F004 5105,PUMP MISC,PU
132734,ELEMENT OIL FILTER P/N 1R0726 USED FOR R#6 NEW DIESEL ENGINE MODEL CAT 3512,"فلتر زيت المحرك رقم 1R0726، يُستخدم لمحرك ديزل جديد من طراز CAT 3512 R#6",MIN_MAX,RS-GUPCO,0,05c01a,7103114,EACH,6CA1R0726,CATERPILLAR,MM
250221,"SPRING USED FOR ATLAS COPCO ROTARY COMPRESSOR MODEL GA-37 , PART NO. 1622  0796 00","زنبرك يُستخدم لضاغط الهواء الدوار من طراز أطلس كوبكو GA-37، رقم القطعة 1622 0796 00",INSURANCE_SPARE,RS-GUPCO,0,02W31C(1),0,EACH,1622  0796 00,COMPRESSOR USA,MM
250223,"TEMP. SENSOR USED FOR ATLAS COPCO ROTARY COMPRESSOR MODEL GA-37 , PART NO. 1089  0574  55","مستشعر درجة الحرارة المستخدم في ضاغط أطلس كوبكو الدوار طراز GA-37، رقم القطعة 1089 0574 55",INSURANCE_SPARE,RS-GUPCO,0,02u30e,0,EACH,1089057470,COMPRESSOR USA,MM
250224,"HOSE ASSEMBLY USED FOR ATLAS COPCO ROTARY COMPRESSOR MODEL GA-37 ,","مجموعة خراطيم تستخدم لضاغط أطلس كوبكو الدوار طراز GA-37،",INSURANCE_SPARE,RS-GUPCO,0,03/B35F,0,EACH,0574  9914  18,COMPRESSOR USA,MM
250226,"O-Ring, Part no. 0663 7136 00, used for Air Compressor, Model: Atlas Copco GA45+, S/N: APIS45798401&S/N: APIS45755901","حلقة دائرية، رقم القطعة 0663 7136 00، تُستخدم لضاغط هواء، طراز: أطلس كوبكو GA45+، الرقم التسلسلي: APIS45798401 والرقم التسلسلي: APIS45755901",PLANNED_WO,RS-GUPCO,0,,0,EACH,0663  7136  00,COMPRESSOR USA,MM
250228,"PIPE USED FOR ATLAS COPCO ROTARY COMPRESSOR MODEL GA-37 , PART NO. 1622  3154  00","أنبوب يُستخدم لضاغط أطلس كوبكو الدوار طراز GA-37، رقم القطعة 1622 3154 00",INSURANCE_SPARE,RS-GUPCO,0,02W31E(1),0,EACH,1622  3154  00,COMPRESSOR USA,MM
250230,"MINIMUM PRSS. VALVE KIT USED FOR ATLAS COPCO ROTARY COMPRESSOR MODEL GA-37 , PART NO. 2901  1453  00","طقم صمام ضغط أدنى يُستخدم مع ضاغط أطلس كوبكو الدوار طراز GA-37، رقم القطعة 2901 1453 00",INSURANCE_SPARE,RS-GUPCO,0,03B35G,0,EACH,29011453 00,COMPRESSOR USA,MM
250232,"O-RING USED FOR ATLAS COPCO ROTARY COMPRESSOR MODEL GA-37 , PART NO. 0663 7139  00","حلقة دائرية تستخدم لضاغط أطلس كوبكو الدوار طراز GA-37، رقم القطعة 0663 7139 00",INSURANCE_SPARE,RS-GUPCO,0,03/ B35 G,0,EACH,0663 7139  00,COMPRESSOR USA,MM
250233,"O-RING USED FOR ATLAS COPCO ROTARY COMPRESSOR MODEL GA-37 , PART NO. 0663  2113  20","حلقة مانعة للتسرب تُستخدم لضاغط الهواء الدوار من طراز أطلس كوبكو GA-37، رقم القطعة 0663 2113 20",INSURANCE_SPARE,RS-GUPCO,0,,0,EACH,0663  2113  20,COMPRESSOR USA,MM
137299,"BOWL, INT. (these materials should be made in USA and don't substitute)","وعاء، داخلي. (يجب أن تكون هذه المواد مصنوعة في الولايات المتحدة الأمريكية ولا يمكن استبدالها)",PLANNED_WO,RS-GUPCO,0,,7907176,EACH,C40130F0041123,PUMP MISC,PU
243647,"""ACTUATOR ASSEMBLY EG-3P , GOVERNOR - WOODWARD  ELECTRIC PART NO 7N9870.","""مجموعة المشغل EG-3P ، منظم السرعة - وودوارد إلكتريك رقم الجزء 7N9870.",MIN_MAX,RS-GUPCO,0,04K16D,0,EACH,1CA7W6652,CATERPILLAR,MM
250207,"SPACER USED FOR ATLAS COPCO ROTARY COMPRESSOR MODEL GA-37 , PART NO. 1622  5593  00","فاصل يستخدم لضاغط أطلس كوبكو الدوار طراز GA-37، رقم القطعة 1622 5593 00",INSURANCE_SPARE,RS-GUPCO,0,02U30B,0,EACH,1622559300,COMPRESSOR USA,MM
250217,"PIN USED FOR ATLAS COPCO ROTARY COMPRESSOR MODEL GA-37 , PART NO. 0101  2313  00","دبوس مستخدم لضاغط أطلس كوبكو الدوار طراز GA-37، رقم القطعة 0101 2313 00",INSURANCE_SPARE,RS-GUPCO,0,02U30D,0,EACH,101231300,COMPRESSOR USA,MM
250218,"GEAR DRIVE USED FOR ATLAS COPCO ROTARY COMPRESSOR MODEL GA-37 , PART NO. 1622  3110  69","محرك تروس يُستخدم في ضاغط أطلس كوبكو الدوار طراز GA-37، رقم القطعة 1622 3110 69",INSURANCE_SPARE,RS-GUPCO,0,02U30D,0,EACH,1622311069,COMPRESSOR USA,MM
250231,"OIL SEPARATOR USED FOR ATLAS COPCO ROTARY COMPRESSOR MODEL GA-37 , PART NO. 1622  3140  00","فاصل زيت يُستخدم مع ضاغط أطلس كوبكو الدوار طراز GA-37، رقم القطعة 1622 3140 00",MIN_MAX,RS-GUPCO,0,02U32,0,EACH,2901162600,COMPRESSOR USA,MM
250239,"HOSE ASSEMBLY USED FOR ATLAS COPCO ROTARY COMPRESSOR MODEL GA-37 , PART NO. 0574  9918  19","مجموعة خراطيم تُستخدم مع ضاغط أطلس كوبكو الدوار طراز GA-37، رقم القطعة 0574 9918 19",INSURANCE_SPARE,RS-GUPCO,0,,0,EACH,0574  9918  19,COMPRESSOR USA,MM
250205,"SPACER USED FOR ATLAS COPCO ROTARY COMPRESSOR MODEL GA-37 , PART NO. 1622  5541  00","فاصل يستخدم لضاغط أطلس كوبكو الدوار طراز GA-37، رقم القطعة 1622 5541 00",INSURANCE_SPARE,RS-GUPCO,0,02U30B,0,EACH,1622  5541  00,COMPRESSOR USA,MM
250206,"PARALLELN KEY USED FOR ATLAS COPCO ROTARY COMPRESSOR MODEL GA-37 , PART NO. 0337  6051  00","مفتاح متوازي يُستخدم لضاغط أطلس كوبكو الدوار طراز GA-37، رقم القطعة 0337 6051 00",INSURANCE_SPARE,RS-GUPCO,0,,0,EACH,337605100,COMPRESSOR USA,MM
250212,"SEAL USED FOR ATLAS COPCO ROTARY COMPRESSOR MODEL GA-37 , PART NO. 1622  4628  00","مانع تسرب يستخدم لضاغط أطلس كوبكو الدوار طراز GA-37، رقم القطعة 1622 4628 00",INSURANCE_SPARE,RS-GUPCO,0,02W31A(1),0,EACH,1622462800,COMPRESSOR USA,MM
250213,"BUSHING USED FOR ATLAS COPCO ROTARY COMPRESSOR MODEL GA-37 , PART NO. 1622  3106  00","جلبة تستخدم لضاغط أطلس كوبكو الدوار طراز GA-37، رقم القطعة 1622 3106 00",INSURANCE_SPARE,RS-GUPCO,0,02W31B(1),0,EACH,1622310600,COMPRESSOR USA,MM
250240,"HOSE ASSEMBLY  USED FOR ATLAS COPCO ROTARY COMPRESSOR MODEL GA-37 ,","مجموعة خراطيم تستخدم لضاغط أطلس كوبكو الدوار طراز GA-37،",INSURANCE_SPARE,RS-GUPCO,0,,0,EACH,0574  9914  19,COMPRESSOR USA,MM
250241,"HOSE ASSEMBLY USED FOR ATLAS COPCO ROTARY COMPRESSOR MODEL GA-37 ,","مجموعة خراطيم تستخدم لضاغط أطلس كوبكو الدوار طراز GA-37،",INSURANCE_SPARE,RS-GUPCO,0,03b33d,0,EACH,0574  8002 79,COMPRESSOR USA,MM
250250,"HOSE CLIP USED FOR ATLAS COPCO ROTARY COMPRESSOR MODEL GA-37 ,","مشبك خرطوم يستخدم لضاغط أطلس كوبكو الدوار طراز GA-37،",INSURANCE_SPARE,RS-GUPCO,0,02W29B(1),0,EACH,0347  6115  00,COMPRESSOR USA,MM
250256,"hold till 1/11/2026 , COMBI COOLER USED FOR ATLAS COPCO ROTARY COMPRESSOR MODEL GA-37 , PART NO. 1622 3188 00","يُحفظ حتى 1/11/2026، مبرد كومبي يُستخدم مع ضاغط دوار من طراز أطلس كوبكو GA-37، رقم القطعة 1622 3188 00",INSURANCE_SPARE,RS-GUPCO,0,,0,EACH,1622  3188 00,COMPRESSOR USA,MM
250247,"PRESS. TRANSDUCER USED FOR ATLAS COPCO ROTARY COMPRESSOR MODEL GA-37 , PART NO. 1089  0575  54","محول ضغط يُستخدم مع ضاغط دوار من طراز أطلس كوبكو GA-37، رقم القطعة 1089 0575 54",INSURANCE_SPARE,RS-GUPCO,0,02/U32B,0,EACH,1089  0575  54,COMPRESSOR USA,MM
250249,"OIL NOZZLE USED FOR ATLAS COPCO ROTARY COMPRESSOR MODEL GA-37 , PART NO. 1622  5542  00","فوهة زيت تُستخدم لضاغط الهواء الدوار من طراز أطلس كوبكو GA-37، رقم القطعة 1622 5542 00",INSURANCE_SPARE,RS-GUPCO,0,02W29B(1),0,EACH,1622  5542  00,COMPRESSOR USA,MM
250251,"OIL LEVEL GAGE  USED FOR ATLAS COPCO ROTARY COMPRESSOR MODEL GA-37 , PART NO. 1622  3659  00","مقياس مستوى الزيت المستخدم في ضاغط أطلس كوبكو الدوار طراز GA-37، رقم القطعة 1622 3659 00",INSURANCE_SPARE,RS-GUPCO,0,,0,EACH,1622365900,COMPRESSOR USA,MM
224537,Radiator assembly for caterpiller diesel engine model 3406 P/N : CA 5737677,"مجموعة رادياتير لمحرك ديزل كاتربيلر طراز 3406، رقم القطعة: CA 5737677",INSURANCE_SPARE,RS-GUPCO,0,,0,EACH,CA 5737677,CATERPILLAR,MM
250214,"KEY USED FOR ATLAS COPCO ROTARY COMPRESSOR MODEL GA-37 , PART NO. 0337  0009  69","مفتاح يُستخدم لضاغط أطلس كوبكو الدوار طراز GA-37، رقم القطعة 0337 0009 69",INSURANCE_SPARE,RS-GUPCO,0,02U30C,0,EACH,337000969,COMPRESSOR USA,MM
250215,"SPACER USED FOR ATLAS COPCO ROTARY COMPRESSOR MODEL GA-37 , PART NO. 1622  3108  00","فاصل يستخدم لضاغط أطلس كوبكو الدوار طراز GA-37، رقم القطعة 1622 3108 00",INSURANCE_SPARE,RS-GUPCO,0,02U30D,0,EACH,1622310800,COMPRESSOR USA,MM
250216,"SPACER USED FOR ATLAS COPCO ROTARY COMPRESSOR MODEL GA-37 , PART NO. 1622  3105  00","فاصل يستخدم لضاغط أطلس كوبكو الدوار طراز GA-37، رقم القطعة 1622 3105 00",INSURANCE_SPARE,RS-GUPCO,0,02U30D,0,EACH,1622310500,COMPRESSOR USA,MM
250220,"VALVE USED FOR ATLAS COPCO ROTARY COMPRESSOR MODEL GA-37 , PART NO. 1622  9639  00","صمام يُستخدم لضاغط أطلس كوبكو الدوار طراز GA-37، رقم القطعة 1622 9639 00",SURPLUS,RS-GUPCO,0,02W31C(1),0,EACH,1622  9639  00,COMPRESSOR USA,MM
224619,"UNLOADER, VALVE SOLENOID P/N.: 36881944 FOR HP PORTABLE AIR COMPRESSOR MODEL: HP675WCU,","صمام تفريغ، رقم القطعة: 36881944 لضاغط هواء محمول من HP طراز: HP675WCU،",INSURANCE_SPARE,RS-GUPCO,0,02/M24A,0,EACH,36881944,PASSENGER CAR,MM
252063,Element Air filter secondary P/N 8N2556 Used for R#6 New Diesel Gen. 3512 S/N LY700385 Manu. CATERPILLAR,"فلتر هواء ثانوي من نوع Element، رقم القطعة 8N2556، يُستخدم مع محرك الديزل الجديد رقم 6، الجيل 3512، الرقم التسلسلي LY700385، من إنتاج شركة كاتربيلر.",MIN_MAX,RS-GUPCO,0,05c04h,0,EACH,8N2556,BR/SL/S.PLG/FLT,MM
228170,"ELEMENT, AIR FILTER PRIMARY, P/N: 8N6309, USED FOR R#6 NEW DIESEL ENGINE MODEL: CAT. 3512  Manu. CATERPILLAR","عنصر فلتر الهواء الأساسي، رقم القطعة: 8N6309، يُستخدم لمحرك ديزل جديد رقم 6، طراز: CAT. 3512، من إنتاج شركة كاتربيلر.",MIN_MAX,RS-GUPCO,0,,0,EACH,8N6309,CATERPILLAR,MM
252053,"Priming Fuel Pump GP P/N 1623906 used for Caterpillar engine model 3512 , Genset S/N:LY700385","مضخة وقود تحضيرية GP P/N 1623906 تُستخدم لمحرك كاتربيلر طراز 3512، مولد كهربائي S/N:LY700385",MIN_MAX,RS-GUPCO,0,,0,EACH,1623906,CATERPILLAR,MM
201298,"GAUGE, TEMPRETURE , P/NO.: 60907","مقياس درجة الحرارة، رقم القطعة: 60907",MIN_MAX,RS-GUPCO,0,02Q36E,6923145,EACH,60907,ENGINE USA,MM
265518,"COLUMN BOTTOM FOR VTP VIT-FF, SIZE 10 X 18 BHC , SERIAL NO. T310535-1","قاعدة عمود لـ VTP VIT-FF، مقاس 10 × 18 BHC، الرقم التسلسلي T310535-1",INSURANCE_SPARE,RS-GUPCO,0,07YARD,7907161,EACH,D00508F001 8510,PUMP MISC,PU
175985,"BEARING, P/N: 4N0685","محمل، رقم القطعة: 4N0685",PLANNED_WO,RS-GUPCO,0,,7103138,EACH,4N0685,CATERPILLAR,MM
161267,"BEARING, CRANKSHAFT MAIN , P/N : 3178766","محمل عمود المرفق الرئيسي، رقم القطعة: 3178766",PLANNED_WO,RS-GUPCO,0,04J14,7103140,EACH,1CA3178766,CATERPILLAR,MM
265939,"GOULDS PUMP COMPLETE WITHOUT ELECTRIC MOTOR, PUMP MODEL 3996 ST, SIZE 1.1/2 X 2-8, ONE STAGE IMPELLER DWG 76779 , IMPELL","مضخة غولدز كاملة بدون محرك كهربائي، موديل المضخة 3996 ST، مقاس 1.5 × 2-8، مروحة أحادية المرحلة DWG 76779، مروحة",INSURANCE_SPARE,RS-GUPCO,0,,7907116,EACH,model 3996,PUMP MISC,PU
161679,"SHAFT, STUFFING BOX 316-SS","عمود، صندوق حشو 316-SS",INSURANCE_SPARE,RS-GUPCO,0,01M04H,7303104,EACH,,PUMP CENTRIFUG,PU
273036,THE LABTECTA ( BEARING ISOLATOR) part no. L1-219-PD-001-P127,رقم قطعة LABTECTA (عازل المحامل) هو L1-219-PD-001-P127,MIN_MAX,RS-GUPCO,0,,0,EACH,L1-219-PD-001-P127,PUMP MISC,PU
264927,DRIVE GROUP - GOVERNOR - WOODWARD - ELECTRIC-( PART NO: 3N4190) INCLUDES 68 ITEMS ON PAGES (134E-1&134E-2)   {THESE PART,مجموعة القيادة - منظم السرعة - وودوارد - كهربائي - (رقم القطعة: 3N4190) تتضمن 68 عنصرًا في الصفحتين (134E-1 و134E-2) {هذه الأجزاء,INSURANCE_SPARE,RS-GUPCO,0,,0,EACH,3N4190,CATERPILLAR,MM
268938,"Discharge Head, item no 600 used for pump size 10 x 16 BHC VIT-FF Serial no. 305420.","رأس التفريغ، رقم الصنف 600 المستخدم لحجم المضخة 10 × 16 BHC VIT-FF الرقم التسلسلي 305420.",INSURANCE_SPARE,RS-GUPCO,0,07/YARD,7907158,EACH,D2984 21 8510,PUMP MISC,PU
267949,"PUMP COMPLETE, WATEROUS CSUC10C MIDSHIP SINGLE STAGE FIRE PUMP,  RATED CAPACITY: 1750 GPM, NET PRESSURE: 150 PSI, MODEL:","مضخة كاملة، مضخة حريق أحادية المرحلة متوسطة الحجم من طراز WATEROUS CSUC10C، السعة المقدرة: 1750 جالونًا في الدقيقة، الضغط الصافي: 150 رطلًا لكل بوصة مربعة، الموديل:",INSURANCE_SPARE,RS-GUPCO,0,,0,EACH,,PUMP MISC,PU
267950,"PRIMER Subassembly 12V VPO, Item No. 9319, SEQ. No. K 12, Used for WATEROUS single stage fire pump Model CSUC10C, Refere","مجموعة فرعية للتشغيل الأولي 12 فولت VPO، رقم الصنف 9319، الرقم التسلسلي K 12، تُستخدم لمضخة حريق أحادية المرحلة من طراز WATEROUS CSUC10C، راجع",INSURANCE_SPARE,RS-GUPCO,0,02V15B,0,EACH,,PUMP MISC,PU
124109,"SWITCH, GAUGE LEVEL COOLANT MODEL EL-150-EX        ""MURPHY""","مفتاح، مقياس مستوى سائل التبريد طراز EL-150-EX ""MURPHY""",INSURANCE_SPARE,RS-GUPCO,0,02E77B,6923106,EACH,EL-150-EX,METERS & GAUGE,MM
269229,"Head shaft 1'' DiamX152.75"" LG, item no. 608, used for pump size 3X6 ALC, 2-Stg, S/No. 308852","عمود رأس بقطر 1 بوصة × طول 152.75 بوصة، رقم الصنف 608، يُستخدم لمضخة بحجم 3×6 ALC، ثنائية المراحل، الرقم التسلسلي 308852",INSURANCE_SPARE,RS-GUPCO,0,,7907167,EACH,B00017FTCN 2403,PUMP MISC,PU
177549,"COUPLING, UPPER HALF ITEM NO. 610","وصلة، الجزء العلوي، رقم الصنف 610",INSURANCE_SPARE,RS-GUPCO,0,02V31A,7907128,EACH,C03032F1125940,PUMP MISC,PU
177551,"COUPLING, LOWER HALF ITEM NO. 614","وصلة، النصف السفلي، رقم الصنف 614",PLANNED_WO,RS-GUPCO,0,,7907128,EACH,C03032F1005940,PUMP MISC,PU
268937,"Shaft Coupling, item no 649 used for pump size 12 x 18 BLC VIT-FF S/N T308707","وصلة عمود، رقم الصنف 649، تُستخدم لمضخة بحجم 12 × 18 BLC VIT-FF S/N T308707",PLANNED_WO,RS-GUPCO,0,,7907159,EACH,A00970F169 5939,PUMP MISC,PU
269033,"Bell suction item no. 689 used for pump size 3X6 AHC, 6-STG, 3550 RPM, Model VIC-L, S/No. 305489","وصلة شفط جرسية رقم 689، تُستخدم لمضخة بحجم 3X6 AHC، 6 مراحل، 3550 دورة في الدقيقة، طراز VIC-L، الرقم التسلسلي 305489",INSURANCE_SPARE,RS-GUPCO,0,02/V15C,7907130,EACH,B55880F0031123,PUMP MISC,PU
269035,"Column top assy. Item no. 641, used for pump size 3X6 AHC, 6-STG, 3550 RPM, Model VIC-L, S/No. 305489","مجموعة رأس العمود. رقم الصنف 641، تُستخدم لمضخة بحجم 3X6 AHC، 6 مراحل، 3550 دورة في الدقيقة، طراز VIC-L، الرقم التسلسلي 305489",INSURANCE_SPARE,RS-GUPCO,0,O7 YARD,7907130,EACH,C24190F024 8510,PUMP MISC,PU
269036,"Column bottom assy. Item no. 644, used for pump size 3X6 AHC, 6-STG, 3550 RPM, Model VIC-L, S/No. 305489","مجموعة قاعدة العمود. رقم الصنف 644، تُستخدم لمضخة بحجم 3X6 AHC، 6 مراحل، 3550 دورة في الدقيقة، طراز VIC-L، الرقم التسلسلي 305489",INSURANCE_SPARE,RS-GUPCO,0,O7 YARD,7907130,EACH,C24010F230 8510,PUMP MISC,PU
269037,"Head shaft 152.75 inch LG. Item no. 608, used for pump size 3X6 AHC, 6-STG, 3550 RPM, Model VIC-L, S/No. 305489","عمود رأس بطول 152.75 بوصة. رقم الصنف 608، يُستخدم لمضخة بحجم 3X6 AHC، 6 مراحل، 3550 دورة في الدقيقة، موديل VIC-L، الرقم التسلسلي 305489",INSURANCE_SPARE,RS-GUPCO,0,,7907130,EACH,B00017FTCN2216,PUMP MISC,PU
177550,"PLATE, ADJUSTING ITEM NO. 613","لوحة، عنصر الضبط رقم 613",SURPLUS,RS-GUPCO,0,02/V31A,7907128,EACH,A01031F0005940,PUMP MISC,PU
269034,"Bowl INTMDL Item No. 670 used for pump size 3X6 AHC, 6-STG, 3550 RPM, Model VIC-L, S/No. 305489","وعاء INTMDL رقم 670 يُستخدم لمضخة بحجم 3X6 AHC، 6 مراحل، 3550 دورة في الدقيقة، موديل VIC-L، الرقم التسلسلي 305489",INSURANCE_SPARE,RS-GUPCO,0,02/V15D,7907130,EACH,B55890F003 1123,PUMP MISC,PU
269096,"Head shaft 80.75 inch LG. Item no. 608, used for pump size 3X6 AHC, 6-STG, MOD VIT, S/No. 303916","عمود رأس بطول 80.75 بوصة. رقم الصنف 608، يُستخدم لمضخة بحجم 3X6 AHC، 6 مراحل، MOD VIT، الرقم التسلسلي 303916",INSURANCE_SPARE,RS-GUPCO,0,,7907128,EACH,B00017FJAN 2216,PUMP MISC,PU
164599,"SHAFT, PUMP ITEM NO. 660","عمود المضخة، رقم الصنف 660",INSURANCE_SPARE,RS-GUPCO,0,02/U59G,7907128,EACH,B42830F106 2216,PUMP MISC,PU
164600,"BOWL, INTERMEDIATE ITEM NO. 670","وعاء، متوسط، رقم الصنف 670",INSURANCE_SPARE,RS-GUPCO,0,02/U59H,7907128,EACH,B42860F001 1022,PUMP MISC,PU
177548,"HEAD, DISCHARGE ITEM NO. 600","رأس، مخرج، رقم الصنف 600",INSURANCE_SPARE,RS-GUPCO,0,07YARD,7907128,EACH,d15530f011 9616,PUMP MISC,PU
164816,"CLOUMN, TOP ITEM NO. 641 LINE NO. 8510","العمود، البند العلوي رقم 641، السطر رقم 8510",INSURANCE_SPARE,RS-GUPCO,0,07YARD,7907171,EACH,C33560F018 8510,PUMP MISC,PU
269032,"SKT HD Cap screw item no. 759F used for pump size 3X6 AHC, 6-STG, 3550 RPM, Model VIC-L, S/No. 305489","برغي غطاء SKT HD رقم الصنف 759F يُستخدم لمضخة بحجم 3X6 AHC، 6 مراحل، 3550 دورة في الدقيقة، موديل VIC-L، الرقم التسلسلي 305489",PLANNED_WO,RS-GUPCO,0,,7907130,EACH,A49585F451 2229,PUMP MISC,PU
269233,"Head shaft, Item no. 608, used for pump size 3X6 ALC, MOD VIT-FF, 5-STG, S/No. T308722","عمود رأس، رقم الصنف 608، يُستخدم لمضخة بحجم 3X6 ALC، موديل VIT-FF، 5 مراحل، الرقم التسلسلي T308722",INSURANCE_SPARE,RS-GUPCO,0,,7907167,EACH,B00017FPEN 2216,PUMP MISC,PU
165652,"O-RING,","حلقة دائرية،",INSURANCE_SPARE,RS-GUPCO,0,03B16D(1),7902238,EACH,H7032974-GS000,PUMP MISC,PU
137676,"COLUMN, ADAPTER","عمود، محول",INSURANCE_SPARE,RS-GUPCO,0,02U26C,7902238,EACH,998502EH,PUMP MISC,PU
165488,"IMPELLER, SECOND STAGE REF. NO. 176","المروحة، المرحلة الثانية، رقم المرجع 176",INSURANCE_SPARE,RS-GUPCO,0,02/V59B,7902206,EACH,165597JX,PUMP MISC,PU
177522,"GASKET, MECHANICAL SEAL ITEM NO.360Q  (OLD P/N. 70782-25_5128 (70782-25)","حشية، مانع تسرب ميكانيكي، رقم الصنف 360Q (رقم القطعة القديم 70782-25_5128 (70782-25))",PLANNED_WO,RS-GUPCO,0,,7907114,EACH,70782 25 5127,PUMP MISC,PU
272203,"O-RING, P/NO. 95656294 , INGERSOLLRAND ROTARY AIR COMPRESSOR MODEL EP-60","حلقة مانعة للتسرب، رقم القطعة 95656294، ضاغط هواء دوار من إنجرسولراند، طراز EP-60",MIN_MAX,RS-GUPCO,0,,0,EACH,95656294,COMPRESSOR USA,MM
272204,"SLEEVE, SHAFT , P/NO. 54396114 , INGERSOLLRAND ROTARY AIR COMPRESSOR MODEL EP-60  (INGERSOLL RAND GENUINE PARTS , MADE I","جلبة، عمود، رقم القطعة 54396114، ضاغط هواء دوار من إنجرسول راند، طراز EP-60 (قطع غيار أصلية من إنجرسول راند، صنع في",MIN_MAX,RS-GUPCO,0,,0,EACH,54396114,COMPRESSOR USA,MM
272205,"O-RING, STANDARD-032  , P/NO. 95061024 , INGERSOLLRAND ROTARY AIR COMPRESSOR MODEL EP-60","حلقة مانعة للتسرب، قياسية-032، رقم القطعة 95061024، ضاغط هواء دوار من إنجرسولراند، طراز EP-60",MIN_MAX,RS-GUPCO,0,03B33F,0,EACH,95061024,COMPRESSOR USA,MM
272271,"COL PIPE FLG/REG 4.5   .237    48.00, MATERIAL A53/GRB, , P/NO. : 82137183 , used for pump IR, 6JKH/YH, 6-Stg, S/No. 069","أنبوب عمودي ذو حافة/قياس 4.5 .237 48.00، مصنوع من مادة A53/GRB، رقم القطعة: 82137183، يُستخدم لمضخة IR، 6JKH/YH، 6 مراحل، الرقم التسلسلي 069",INSURANCE_SPARE,RS-GUPCO,0,07/YARD,7909131,EACH,82137183,PUMP MISC,PU
272273,"TOP SHAFT 1.00   0.94LH  49.5, MATERIAL 316SS, , P/NO. : 82463928 , used for pump IR, 6JKH/YH, 6-Stg, S/No. 0693-9010","عمود علوي 1.00 0.94LH 49.5، مصنوع من الفولاذ المقاوم للصدأ 316، رقم القطعة: 82463928، يُستخدم لمضخة IR، 6JKH/YH، 6 مراحل، الرقم التسلسلي: 0693-9010",PLANNED_WO,RS-GUPCO,0,,7909131,EACH,82463928,PUMP MISC,PU
164579,"BUSHING , P/N : B69680F0026132 ,BOWL ITEM NO.672","جلبة، رقم القطعة: B69680F0026132، رقم صنف الوعاء: 672",PLANNED_WO,RS-GUPCO,0,,7907156,EACH,B69680F0026132,PUMP MISC,PU
109649,"KIT, REPAIR TYPE 8B1-O SIZE 3"" MAT.CODE XO581O151 (Mating faces are silcon carbide Vs Tungisten carbide), DWG NO. CF-SP-","طقم إصلاح من النوع 8B1-O، مقاس 3 بوصات، رمز المادة XO581O151 (أسطح التلامس من كربيد السيليكون مقابل كربيد التنجستن)، رقم الرسم CF-SP-",MIN_MAX,RS-GUPCO,0,02G38B,3010118,EACH,~,BELT/TRANSMIT,PU
164701,COVE SEAL CHAMBER P/N.0D06534A02-1132 ITEM NO.184,"حجرة مانعة للتسرب، رقم القطعة 0D06534A02-1132، رقم الصنف 184",INSURANCE_SPARE,RS-GUPCO,0,01E21A,7907178,EACH,0D06534A02-1132,PUMP MISC,PU
165498,"IMPELLER, SERIES 5 VANES REF. NO. 176 Flowserve Part Num: AX165595-JX000  (CCN: 81923084)","مروحة، سلسلة 5 ريش، رقم المرجع 176، رقم قطعة فلو سيرف: AX165595-JX000 (CCN: 81923084)",PLANNED_WO,RS-GUPCO,0,,7902222,EACH,AX165595-JX000,PUMP MISC,PU
165497,"IMPELLER, 1 ST. STAGE REF. NO. 176-1 Flowserve Part Num: AX165580-JX000(CCN: 81923083)","دافع، المرحلة الأولى رقم المرجع 176-1 رقم قطعة فلو سيرف: AX165580-JX000 (CCN: 81923083)",INSURANCE_SPARE,RS-GUPCO,0,02T28F,7902222,EACH,AX165580-JX000,PUMP MISC,PU
164487,"IMPELLER, S.S. 6-3/4"" REF. NO. 101","مروحة، ستانلس ستيل 6-3/4 بوصة، رقم المرجع 101",INSURANCE_SPARE,RS-GUPCO,0,02U56E,7907116,EACH,076793 1203,PUMP MISC,PU
272206,"GASKET, MOTOR , P/NO. 39457411 , INGERSOLLRAND ROTARY AIR COMPRESSOR MODEL EP-60 (INGERSOLL RAND GENUINE PARTS , MADE IN","حشية للمحرك، رقم القطعة 39457411، ضاغط هواء دوار من إنجرسول راند، طراز EP-60 (قطع غيار أصلية من إنجرسول راند، صنع في",MIN_MAX,RS-GUPCO,0,,0,EACH,39457411,COMPRESSOR USA,MM
252308,"O-ring P/N. 95023107 MFG Ingersoll-rand model M90AC S/N. 0002360847 , INGERSOLLRAND ROTARY AIR COMPRESSOR MODEL EP-60","حلقة مانعة للتسرب، رقم القطعة 95023107، من إنتاج شركة إنجرسول راند، طراز M90AC، الرقم التسلسلي 0002360847، ضاغط هواء دوار من إنجرسول راند، طراز EP-60",MIN_MAX,RS-GUPCO,1,03B33E,0,EACH,95023107,COMPRESSOR USA,MM
272276,"HOLD TILL 1/1/2027, BOWL 6JK UNLIND FLG F/CAR  F/WR OR JCKSCR, MATERIAL C958, , P/NO. : 82463431 , used for pump IR, 6JK","يُحفظ حتى 1/1/2027، وعاء 6JK غير مقفل، علامة F/CAR F/WR أو JCKSCR، المادة C958، رقم القطعة: 82463431، يُستخدم لمضخة الأشعة تحت الحمراء، 6JK",INSURANCE_SPARE,RS-GUPCO,0,,7909131,EACH,82463431,PUMP MISC,PU
137666,"Stariner used for Layne& Bowler, Memphis Vertical pump model 18 RKMC, 3-STG W/Zincless bronze gland, stuffing box& graph","ستارينر مستخدم لمضخة لاين آند بولر، ممفيس العمودية طراز 18 RKMC، ثلاثية المراحل مع حشوة برونزية بدون زنك، صندوق حشو ورسم بياني",SURPLUS,RS-GUPCO,0,,7912102,EACH,,PUMP MISC,PU
271431,"PUMP HALF COUPLING REF. NO. 530, PART NO. 116003-IC","نصف وصلة المضخة، رقم المرجع 530، رقم القطعة 116003-IC",SURPLUS,RS-GUPCO,0,02T13C,7902222,EACH,AX116003-UP000,PUMP MISC,PU
137604,"CASE, BOTTOM","الغطاء، الجزء السفلي",INSURANCE_SPARE,RS-GUPCO,0,02/U24E,7902304,EACH,AX209794-JX000,PUMP MISC,PU
137128,"GASKET, NECH. SEAL (CRANE PART)  REF.NO.360 Q","حشية، مانع تسرب NECH (جزء رافعة) رقم المرجع 360 Q",PLANNED_WO,RS-GUPCO,0,,7907116,EACH,90890 0201,PUMP MISC,PU
272277,"COL PIPE FLG/REG 4.5 .237 29.00, MATERIAL A53/GRB, , P/NO. : 82130774 , used for pump IR, 6JKH/YH, 6","أنبوب عمودي ذو حافة/قياس 4.5 .237 29.00، المادة A53/GRB، رقم القطعة: 82130774، يُستخدم لمضخة IR، 6JKH/YH، 6",INSURANCE_SPARE,RS-GUPCO,0,07/YARD,7909131,EACH,82130774,PUMP MISC,PU
271233,"Seat, Suction and Discharge Valve, CAT. NO. 322-B8249, PARTS FOR Glycol Pumps","مقعد وصمام سحب وتفريغ، رقم الصنف 322-B8249، قطع غيار لمضخات الجليكول",INSURANCE_SPARE,RS-GUPCO,0,02Q01D,7321122,EACH,322B0824900F21501,PUMP CENTRIFUG,PU
272448,"Bar bronze, 5""IDX7""ODX 8"" LG","قضيب برونزي، 5 بوصات عرض × 7 بوصات عمق × 8 بوصات طول",SURPLUS,RS-GUPCO,0,01/A20G,0,EACH,,METALS& PLASTIC,PU
272278,"BELL SUCT 6JK FLG 8.00 C-R F/WR OR JCKSCR, MATERIAL C958, , P/NO. : 82463993 , used for pump IR, 6JKH/YH, 6-Stg, S/No. 0","مضخة بيل 6JK FLG 8.00 CR F/WR أو JCKSCR، مصنوعة من مادة C958، رقم القطعة: 82463993، تُستخدم لمضخة IR، 6JKH/YH، 6 مراحل، رقم التسلسل 0",PLANNED_WO,RS-GUPCO,0,,7909131,EACH,82463993,PUMP MISC,PU
272449,"Bar bronze, 6""IDX8""ODX 8"" LG","قضيب برونزي، 6 بوصات عرض × 8 بوصات عمق × 8 بوصات طول",SURPLUS,RS-GUPCO,0,01/A20G,0,EACH,,METALS& PLASTIC,PU
137187,"SEAL, HOUSING ITEM NO. 794","ختم، غلاف، رقم الصنف 794",PLANNED_WO,RS-GUPCO,0,,7907156,EACH,B32160F000 1007,PUMP MISC,PU
272272,"COL ADPT FLG/REG 4.5   .237  48.00 F/6BWL, MATERIAL A53/GRB, , P/NO. : 82463936 , used for pump IR, 6JKH/YH, 6-Stg, S/No","محول عمود ذو حافة/قياس 4.5 .237 48.00 F/6BWL، المادة A53/GRB، رقم القطعة: 82463936، يُستخدم لمضخة IR، 6JKH/YH، 6 مراحل، رقم تسلسلي",INSURANCE_SPARE,RS-GUPCO,0,07 YARD,7909131,EACH,82463936,PUMP MISC,PU
272274,"SHF LINE 1.00   1.00LH   48.00, MATERIAL 316SS, , P/NO. : 82269887 , used for pump IR, 6JKH/YH, 6-Stg, S/No. 0693-9010","خط SHF 1.00 1.00LH 48.00، مصنوع من الفولاذ المقاوم للصدأ 316، رقم القطعة: 82269887، يُستخدم لمضخة IR، 6JKH/YH، 6 مراحل، الرقم التسلسلي: 0693-9010",PLANNED_WO,RS-GUPCO,0,,7909131,EACH,82269887,PUMP MISC,PU
272275,"BOWL 6JK UNLIND FLG F/CAR OR JCKSCR, MATERIAL C958, , P/NO. : 82463423 , used for pump IR, 6JKH/YH, 6-Stg, S/No. 0693-90","وعاء 6JK UNLIND FLG F/CAR أو JCKSCR، المادة C958، رقم القطعة: 82463423، يُستخدم لمضخة IR، 6JKH/YH، 6 مراحل، الرقم التسلسلي 0693-90",INSURANCE_SPARE,RS-GUPCO,0,,7909131,EACH,82463423,PUMP MISC,PU
137199,"hold till 01/01/2027 , BOX, STUFFING","يُحفظ حتى 01/01/2027، صندوق، حشو",MIN_MAX,RS-GUPCO,0,02S35A,7907164,EACH,C19230F0001003,PUMP MISC,PU
116167,"CRANKCASE ASSY.,REPLACED BY 1-EA BLOCK P/NO.A200320S 1-EA WASHER P/NO.153751A 1-EA WASHER P/NO.169052  1-EA SPINDLER 153","مجموعة علبة المرافق، تم استبدالها بـ: كتلة واحدة رقم القطعة A200320S، غسالة واحدة رقم القطعة 153751A، غسالة واحدة رقم القطعة 169052، محور واحد 153",INSURANCE_SPARE,RS-GUPCO,0,,6923116,EACH,A200520B,ENGINE USA,MM
175968,"CARBRATOR ASSY, L.H. Replacement P/N:  9Y5307","مجموعة المكربن، الجانب الأيسر، رقم القطعة البديلة: 9Y5307",MIN_MAX,RS-GUPCO,1,04U17,7103128,EACH,2N3980,CATERPILLAR,MM
201291,"VALVE , THREE WAY, P/NO.:209223A","صمام ثلاثي الاتجاهات، رقم القطعة: 209223A",MIN_MAX,RS-GUPCO,0,,6923145,EACH,209223A,ENGINE USA,MM
217589,CARBURETOR-LB   P/NO.: 59019A,المكربن - LB رقم القطعة: 59019A,INSURANCE_SPARE,RS-GUPCO,0,02Q47H,0,EACH,59019A,ENGINE USA,MM
217590,CARBURETOR-RB   P/NO.: 59019,المكربن - RB رقم القطعة: 59019,INSURANCE_SPARE,RS-GUPCO,0,02Q36TOP,0,EACH,59019,ENGINE USA,MM
116311,VALVE BUTTERFLY ASSEM (A257472),مجموعة صمام الفراشة (A257472),INSURANCE_SPARE,RS-GUPCO,0,,6923128,EACH,C257472,ENGINE USA,MM
281098,Fuel/Water Separator  P/N 133-5673  For Engine Model Cat D-3412   Ser. No. 1EZ13610   Arrangement No.,فاصل الوقود/الماء رقم القطعة 133-5673 لمحرك طراز Cat D-3412 رقم التسلسل 1EZ13610 رقم الترتيب.,MIN_MAX,RS-GUPCO,0,04K24D,0,EACH,12CA5134490,CATERPILLAR,MM
282786,Vertical oil pump kit consists of:,تتكون مجموعة مضخة الزيت العمودية من:,INSURANCE_SPARE,RS-GUPCO,0,,3118211,SET,~,BR/SL/S.PLG/FLT,PU
283099,"Water pump installation gasket kit, P/NO. 1ca1282922","طقم حشيات تركيب مضخة الماء، رقم القطعة: 1ca1282922",PLANNED_WO,RS-GUPCO,0,,0,EACH,1CA1282922,CATERPILLAR,MM
282120,"Single Leg wire Rope Sling SWL 6.2 ton,1.4 m Length x 22 mm diameter, IWRC, 6x36, RHOL, Galvanized, 1960 Grade, terminat","حبل رفع سلكي أحادي الساق، حمولة آمنة 6.2 طن، طول 1.4 متر × قطر 22 مم، IWRC، 6x36، RHOL، مجلفن، درجة 1960، طرفي",PLANNED_WO,RS-GUPCO,0,,0,EACH,,CORDG & CHAIN,MM
282121,"Single Leg  wire Rope Sling SWL 6.2 ton, 1.2m Length x 22mm diameter, IWRC,terminating in Soft eyes each end,1960 Grade.","حبل سلكي أحادي الساق SWL 6.2 طن، طول 1.2 متر × قطر 22 مم، IWRC، ينتهي بحلقات ناعمة في كل طرف، درجة 1960.",PLANNED_WO,RS-GUPCO,0,,0,EACH,,CORDG & CHAIN,MM
282122,"Four Leg  wire Rope Sling SWL 4.5 ton @ 0-45  Degrees, 3m Length x 13mm diameter, IWRC, 1960 Grade, terminating in Hard","حبل رفع سلكي رباعي الأرجل، حمولة آمنة 4.5 طن عند زاوية 0-45 درجة، طول 3 أمتار × قطر 13 مم، معتمد من IWRC، درجة 1960، ينتهي بسلك صلب",MIN_MAX,RS-GUPCO,0,,0,EACH,~,CORDG & CHAIN,MM
282123,"Four Leg  wire Rope Sling SWL 6.9 ton @ 0-45  Degrees, 3m Length x 16mm diameter, IWRC, 1960 Grade, terminating in Hard","حبل رفع سلكي رباعي الأرجل، حمولة آمنة 6.9 طن عند زاوية 0-45 درجة، طول 3 أمتار × قطر 16 مم، معتمد من IWRC، درجة 1960، ينتهي بسلك صلب",PLANNED_WO,RS-GUPCO,0,,0,EACH,,CORDG & CHAIN,MM
137228,"RING, WEARING IMPELLER ITEM NO 203 MAT 1000","حلقة، دافعة للارتداء، رقم الصنف 203، مادة 1000",INSURANCE_SPARE,RS-GUPCO,0,02S35H,7907140,EACH,C00297A69 1001,PUMP MISC,PU
134026,"BUSHING, THROTTLE  (OLD PT.NO.847A2119)",جلبة الخانق (رقم القطعة القديم 847A2119),INSURANCE_SPARE,RS-GUPCO,0,,7321112,EACH,421,PUMP CENTRIFUG,PU
280250,Applikator Kemet Diam. Comp. 1-KD-C2.  unit: 5Gr .Referance: KEMET INTERNATIONAL LTD.,أداة تطبيق كيميت ديام. كومب. 1-KD-C2. الوحدة: 5 غرام. المرجع: شركة كيميت الدولية المحدودة.,PLANNED_WO,RS-GUPCO,0,,0,UNIT,1KDC2,PUMP MISC,PU
277864,"Fuel Sender PART NO. 22155451, Used for IR Portable Diesel Air Compressor Model: 9/235 HA   S.N: UN59235FXBY811277","جهاز إرسال الوقود، رقم القطعة 22155451، يُستخدم مع ضاغط هواء ديزل محمول من نوع IR، طراز: 9/235 HA، الرقم التسلسلي: UN59235FXBY811277",PLANNED_WO,RS-GUPCO,0,,0,EACH,22155451,COMPRESSOR USA,MM
278340,"VERTICAL SHAFT ITEM NO. 93 USED FOR JOHNSON GEAR BOX MODEL S350, RATIO 1:1 P/NO. C17990","عمود رأسي، رقم القطعة 93، يُستخدم في علبة تروس جونسون طراز S350، نسبة التروس 1:1، رقم القطعة C17990",INSURANCE_SPARE,RS-GUPCO,0,01A01E (1),3110102,EACH,C17990,BR/SL/S.PLG/FLT,PU
134050,ROTATING ASSY. (OLD PT.NO.94211502122),مجموعة دوارة (رقم القطعة القديم 94211502122),INSURANCE_SPARE,RS-GUPCO,0,,7321108,EACH,9421150E3AA,PUMP CENTRIFUG,PU
278638,"COL PIPE FLG/REG 4.5 0.237 11.00 LG, MATERIAL A53/GRB. PART NO. 82132333 , REF NO. 101 USED FOR T/G CLOSED DRAIN PUMP, S","أنبوب COL FLG/REG 4.5 0.237 11.00 LG، المادة A53/GRB. رقم القطعة 82132333، رقم المرجع 101، يُستخدم لمضخة تصريف مغلقة T/G، S",INSURANCE_SPARE,RS-GUPCO,0,,7909131,EACH,82132333,PUMP MISC,PU
278085,"LAPMASTER DIAMOND SLURRY 3 MICRON (WATER BASE), LAP5-DIAS-S1G-w003 (GALLON CONTAINER SIZE) , ( safety and technical data","معجون تلميع الماس من لاب ماستر، 3 ميكرون (قاعدة مائية)، LAP5-DIAS-S1G-w003 (حجم العبوة جالون)، (بيانات السلامة والبيانات الفنية)",MIN_MAX,RS-GUPCO,1,,0,EACH,LAP5-DIAS-S1G-W0003,PUMP MISC,PU
271696,WEBBING SLING / POLYESTER / COLOUR BLUE / DUPLEX / BECKET EYE / F.O.S 7:1 / MANUFACTURED TO BSEN 1492:1 / CE MARK / S.W.,حزام منسوج / بوليستر / اللون أزرق / مزدوج / حلقة بيكت / نسبة شد 7:1 / مصنّع وفقًا للمواصفة البريطانية BSEN 1492:1 / علامة CE / SW,MIN_MAX,RS-GUPCO,0,01A32E,0,EACH,~,CORDG & CHAIN,MM
282618,"SCREW , CAP HEX HEAD  .63 X  3 LONG, P/NO. 95934170, FOR  IR  Ingersoll Rand model EP-100","برغي، رأس سداسي، 0.63 × 3 بوصة، رقم القطعة 95934170، لجهاز IR Ingersoll Rand موديل EP-100",PLANNED_WO,RS-GUPCO,0,,0,EACH,95934170,COMPRESSOR USA,MM
282620,"SCREW , HEX HEAD M16 X 40 LONG  , P/NO. 96702337, FOR  IR  Ingersoll Rand model EP-100","برغي، رأس سداسي M16 × 40 طول، رقم القطعة 96702337، لجهاز IR Ingersoll Rand موديل EP-100",PLANNED_WO,RS-GUPCO,0,,0,EACH,96702337,COMPRESSOR USA,MM
137269,"O-RING, GLN/ SLHSH.","حلقة دائرية، GLN/SLHSH.",INSURANCE_SPARE,RS-GUPCO,0,03/B12A,7907173,EACH,,PUMP MISC,PU
283015,"hold till 01/01/2027 , Column Bottom item 644, Used for Goulds Pump Type VIT-FF, Size 6x12 JMO, 3 Stage, SN: T309533","يُحفظ حتى 01/01/2027، العنصر رقم 644 في أسفل العمود، يُستخدم لمضخة غولدز من النوع VIT-FF، مقاس 6x12 JMO، 3 مراحل، الرقم التسلسلي: T309533",INSURANCE_SPARE,RS-GUPCO,0,,7907173,EACH,D44950F118 8510,PUMP MISC,PU
282150,"Bearing Suction, item 690 used for goulds pump model 4x9 AHC, 12 STG., Ref. S/N. 314064 (these materials should be made","محمل شفط، رقم الصنف 690، يُستخدم لمضخة غولدز طراز 4x9 AHC، 12 مجموعة، الرقم المرجعي 314064 (يجب تصنيع هذه المواد",INSURANCE_SPARE,RS-GUPCO,0,02T07A,7907177,EACH,B02585FEAC6132,PUMP MISC,PU
278788,"Shaft no. 820 used for union pump 3X4X9 VCM, S/No. 880081X10","العمود رقم 820 المستخدم في مضخة وصلة 3X4X9 VCM، الرقم التسلسلي 880081X10",INSURANCE_SPARE,RS-GUPCO,0,02Q01G,7321115,EACH,820A0201600D21400,PUMP CENTRIFUG,PU
109868,"V-BELT, RADIATOR FAN ""WAUKESHA""(SET=3EA)           P/N. A177457                                       MNFG. WAUKESHA","سير على شكل حرف V، مروحة رادياتير ""واكيشا"" (مجموعة من 3 قطع) رقم القطعة A177457، من إنتاج شركة واكيشا",INSURANCE_SPARE,RS-GUPCO,0,,0,SET,A177457,BELT/TRANSMIT,MM
225491,"Bit tool premium carbide tipped, style TSC-6, grade C-5, 3/8X3/8X1.750 LG, EDP no. 72106, STD package = 10 each (Mors","أداة حفر ذات رأس كربيد ممتاز، طراز TSC-6، درجة C-5، 3/8 × 3/8 × 1.750 بوصة، رقم EDP 72106، العبوة القياسية = 10 قطع (مورس)",MIN_MAX,RS-GUPCO,0,,0,PACKAGE,72106,TOOLS,MM
271695,WEBBING SLING / POLYESTER / COLOUR BLUE / DUPLEX / BECKET EYE / F.O.S 7:1 / MANUFACTURED TO BSEN 1492:1 / CE MARK / S.W.,حزام منسوج / بوليستر / اللون أزرق / مزدوج / حلقة بيكت / نسبة شد 7:1 / مصنّع وفقًا للمواصفة البريطانية BSEN 1492:1 / علامة CE / SW,PLANNED_WO,RS-GUPCO,0,,0,EACH,,CORDG & CHAIN,MM
133427,"KIT, GASKET FRONT STRUCURE","طقم، حشية الهيكل الأمامي",INSURANCE_SPARE,RS-GUPCO,0,03P03,7103140,EACH,1CA4195116,CATERPILLAR,MM
282196,"V-Belt , P/No. C-167 Used For Trans Gulf Gas Generator ( USA & EUROPE DO NOT SUBSTITUTE )","حزام على شكل حرف V، رقم القطعة C-167، يُستخدم لمولد غاز ترانس غلف (الولايات المتحدة الأمريكية وأوروبا، لا تستخدم بديلاً عنه).",MIN_MAX,RS-GUPCO,0,03R35A,0,EACH,C-167,BELT/TRANSMIT,MM
282125,"Four Leg  wire Rope Sling SWL 10.8 ton @ 0-45  Degrees, 3.5m Length x 20mm diameter, IWRC, 1960 Grade, terminating in Ha","حبل رفع سلكي رباعي الأرجل، حمولة آمنة 10.8 طن عند زاوية 0-45 درجة، طول 3.5 متر × قطر 20 مم، معتمد من IWRC، درجة 1960، ينتهي بـ Ha",PLANNED_WO,RS-GUPCO,0,,0,EACH,,CORDG & CHAIN,MM
282126,"Four Leg  wire Rope Sling SWL 10.8 ton @ 0-45  Degrees, 4.5m Length x 20mm diameter, IWRC, 1960 Grade, terminating in Ha","حبل رفع سلكي رباعي الأرجل، حمولة آمنة 10.8 طن عند زاوية 0-45 درجة، طول 4.5 متر × قطر 20 مم، معتمد من IWRC، درجة 1960، ينتهي بـ Ha",PLANNED_WO,RS-GUPCO,0,,0,EACH,,CORDG & CHAIN,MM
282127,"Four Leg  wire Rope Sling SWL 13.1 ton @ 0-45  Degrees, 3.5m Length x 22mm diameter, IWRC, 1960 Grade, terminating in Ha","حبل رفع سلكي رباعي الأرجل، حمولة آمنة 13.1 طن عند زاوية 0-45 درجة، طول 3.5 متر × قطر 22 مم، معتمد من IWRC، درجة 1960، ينتهي بـ Ha",MIN_MAX,RS-GUPCO,0,,0,EACH,~,CORDG & CHAIN,MM
282128,"Four Leg  wire Rope Sling SWL 13.1 ton @ 0-45  Degrees, 4.5m Length x 22mm diameter, IWRC, 1960 Grade, terminating in Ha","حبل رفع سلكي رباعي الأرجل، حمولة آمنة 13.1 طن عند زاوية 0-45 درجة، طول 4.5 متر × قطر 22 مم، معتمد من IWRC، درجة 1960، ينتهي بـ Ha",PLANNED_WO,RS-GUPCO,0,,0,EACH,,CORDG & CHAIN,MM
282129,"Four Leg  wire Rope Sling SWL 10.8 ton @ 0-45  Degrees, 1.2m Length x 20mm diameter, IWRC, 1960 Grade, terminating in Ha","حبل رفع سلكي رباعي الأرجل، حمولة آمنة 10.8 طن عند زاوية 0-45 درجة، طول 1.2 متر × قطر 20 مم، معتمد من IWRC، درجة 1960، ينتهي بـ Ha",PLANNED_WO,RS-GUPCO,0,,0,EACH,,CORDG & CHAIN,MM
282130,"Shackles SWL 3.25 ton, Crosby Bolt type anchor shackle G-2130 stock no.1019490 in accordance with BS EN13889:2003+A1:200","أغلال SWL 3.25 طن، أغلال تثبيت من نوع Crosby Bolt G-2130 رقم المخزون 1019490 وفقًا للمواصفة القياسية البريطانية BS EN13889:2003+A1:200",MIN_MAX,RS-GUPCO,0,,0,EACH,~,CORDG & CHAIN,MM
282611,"MOUNT, P/NO. 35318229, FOR  IR  Ingersoll Rand model EP-100","حامل، رقم القطعة 35318229، لجهاز الأشعة تحت الحمراء من طراز Ingersoll Rand EP-100",PLANNED_WO,RS-GUPCO,0,,0,EACH,35318229,COMPRESSOR USA,MM
282623,"STRAP , GROUND, P/NO. 39479860, FOR  IR  Ingersoll Rand","حزام أرضي، رقم القطعة 39479860، لشركة إنجرسول راند",PLANNED_WO,RS-GUPCO,0,02w23d,0,EACH,39479860,COMPRESSOR USA,MM
283167,"V-BELT,B-108 MULTIPLE TYPE HI-POWER,OC:110.800 IN ,IC:108.000 IN,TW:0.656 IN,T:0.438 IN.","حزام V، B-108 متعدد الأنواع عالي الطاقة، OC:110.800 بوصة، IC:108.000 بوصة، TW:0.656 بوصة، T:0.438 بوصة.",MIN_MAX,RS-GUPCO,0,,0,EACH,B-108,BELT/TRANSMIT,MM
282131,"HOLD TILL 1/7/2027, Shackles SWL 4.75 ton, Crosby Bolt type anchor shackle G-2130 stock no.1019515 in accordance with BS","يُحفظ حتى 1/7/2027، أغلال حمولة آمنة 4.75 طن، أغلال تثبيت من نوع كروسبي بولت G-2130 رقم المخزون 1019515 وفقًا للمواصفة البريطانية BS",MIN_MAX,RS-GUPCO,0,,0,EACH,1019515,CORDG & CHAIN,MM
282132,"Shackles SWL 6.5 ton, Crosby Bolt type anchor shackle G-2130 stock no.1019533 in accordance with BS EN13889:2003+A1:2008","أغلال SWL 6.5 طن، أغلال تثبيت من نوع Crosby Bolt G-2130 رقم المخزون 1019533 وفقًا للمواصفة القياسية البريطانية BS EN13889:2003+A1:2008",PLANNED_WO,RS-GUPCO,0,,0,EACH,1019533,CORDG & CHAIN,MM
282133,"Shackles SWL 8.5 ton, Crosby Bolt type anchor shackle G-2130 stock no.1019551 in accordance with BS EN13889:2003+A1:2008","أغلال SWL 8.5 طن، أغلال تثبيت من نوع Crosby Bolt G-2130 رقم المخزون 1019551 وفقًا للمواصفة القياسية البريطانية BS EN13889:2003+A1:2008",PLANNED_WO,RS-GUPCO,0,,0,EACH,1019551,CORDG & CHAIN,MM
282134,"Shackles SWL 9.5 ton, Crosby Bolt type anchor shackle G-2130 stock no.1019579 in accordance with BS EN13889:2003+A1:2008","أغلال SWL 9.5 طن، أغلال تثبيت من نوع Crosby Bolt G-2130 رقم المخزون 1019579 وفقًا للمواصفة القياسية البريطانية BS EN13889:2003+A1:2008",PLANNED_WO,RS-GUPCO,0,,0,EACH,1019579,CORDG & CHAIN,MM
282135,"Shackles SWL 12 ton, Crosby Bolt type anchor shackle G-2130 stock no.1019597 in accordance with BS EN13889:2003+A1:2008,","أغلال SWL 12 طن، أغلال تثبيت من نوع Crosby Bolt G-2130 رقم المخزون 1019597 وفقًا للمواصفة BS EN13889:2003+A1:2008،",PLANNED_WO,RS-GUPCO,0,,0,EACH,1019597,CORDG & CHAIN,MM
282136,"Shackles SWL 13.5 ton, Crosby Bolt type anchor shackle G-2130 stock no.1019613 in accordance with BS EN13889:2003+A1:200","أغلال SWL 13.5 طن، أغلال تثبيت من نوع كروسبي بولت G-2130 رقم المخزون 1019613 وفقًا للمواصفة البريطانية BS EN13889:2003+A1:200",PLANNED_WO,RS-GUPCO,0,,0,EACH,1019613,CORDG & CHAIN,MM
282137,"Shackles SWL 17 ton, Crosby Bolt type anchor shackle G-2130 stock no.1019631 in accordance with BS EN13889:2003+A1:2008,","أغلال SWL 17 طن، أغلال تثبيت من نوع Crosby Bolt G-2130 رقم المخزون 1019631 وفقًا للمواصفة BS EN13889:2003+A1:2008،",SURPLUS,RS-GUPCO,0,,0,EACH,1019631,CORDG & CHAIN,MM
282140,"Shackles SWL 25 ton, Crosby Bolt type anchor shackle G-2130 stock no.1019659 in accordance with BS EN13889:2003+A1:2008,","أغلال SWL 25 طن، أغلال تثبيت من نوع Crosby Bolt G-2130 رقم المخزون 1019659 وفقًا للمعيار BS EN13889:2003+A1:2008،",SURPLUS,RS-GUPCO,0,,0,EACH,1019659,CORDG & CHAIN,MM
282785,Oil Slinger kit conistis of:,تتكون مجموعة أدوات رش الزيت من:,SURPLUS,RS-GUPCO,0,,3118211,SET,,BR/SL/S.PLG/FLT,PU
282787,O- Ring kit consists of:,تتكون مجموعة حلقات منع التسرب من:,PLANNED_WO,RS-GUPCO,0,,3118211,SET,~,BR/SL/S.PLG/FLT,PU
282840,"cap,   .38  Tub   , Used For Ing. Rand Compressor   ,Air  End, Model:EP100","غطاء، أنبوب 0.38، يستخدم لضاغط هواء إنج. راند، وحدة ضغط الهواء، الموديل: EP100",INSURANCE_SPARE,RS-GUPCO,0,02W21B,0,EACH,39232566,COMPRESSOR USA,MM
125168,"BEARING, SPHERICAL ROLLER DOUBLE ROW SERIES 223    SELF ALIGNING TYPE WITH CIRCULAR GROOVE AND THREE  LUBRICATING HOLES","محمل كروي مزدوج الصفوف من السلسلة 223، من النوع ذاتي المحاذاة، مزود بأخدود دائري وثلاث فتحات تشحيم.",INSURANCE_SPARE,RS-GUPCO,0,,0,EACH,22315C,BR/SL/S.PLG/FLT,PU
278639,"COL PIPE FLG/REG 4.5 0.237 24.00 LG, 6BWL, MATERIAL A53/GRB. PART NO. 82429465 , REF NO. 101 USED","أنبوب عمودي ذو حافة/قياس 4.5 0.237 24.00 LG، 6BWL، المادة A53/GRB. رقم القطعة 82429465، رقم المرجع 101 مستعمل",INSURANCE_SPARE,RS-GUPCO,0,07YARD,7909131,EACH,82429465,PUMP MISC,PU
280249,Applikator Kemet Diam. Comp. 25-KD-C3.  unit: 5Gr .Referance: KEMET INTERNATIONAL LTD.,أداة تطبيق كيميت ديام. كومب. 25-KD-C3. الوحدة: 5 غرام. المرجع: شركة كيميت الدولية المحدودة.,PLANNED_WO,RS-GUPCO,0,,0,UNIT,25KDC3,PUMP MISC,PU
234012,WEBBING SLING / POLYESTER / COLOUR GRAY / DUPLEX / BECKET EYE / F.O.S 7:1 / MANUFACTURED TO BSEN 1492:1 / CE MARK / S.W.,حزام منسوج / بوليستر / اللون رمادي / مزدوج / حلقة بيكت / نسبة شد 7:1 / مصنّع وفقًا للمواصفة القياسية البريطانية BSEN 1492:1 / علامة CE / SW,MIN_MAX,RS-GUPCO,0,02B01B,0,EACH,04EE2x10-IV,CORDG & CHAIN,MM
271700,WEBBING SLING / POLYESTER / COLOUR ORANGE / DUPLEX / BECKET EYE / F.O.S 7:1 / MANUFACTURED TO BSEN 1492:1 / CE MARK / S.,حزام منسوج / بوليستر / اللون برتقالي / مزدوج / حلقة بيكيت / FOS 7:1 / مصنعة وفقًا للمواصفة BSEN 1492:1 / علامة CE / S.,MIN_MAX,RS-GUPCO,0,01A32A,0,EACH,~,CORDG & CHAIN,MM
234013,ROUND SLING / POLYESTER / COLOUR BROWN / F.O.S 7:1 / MANUFACTURED TO BSEN 1492:2 / CE MARK / S.W.L 6 TONNE / E.W.L 6 MTR,حمالة دائرية / بوليستر / اللون بني / نسبة الشد 7:1 / مصنعة وفقًا للمواصفة BSEN 1492:2 / علامة CE / حمولة آمنة 6 أطنان / طول الحمولة القصوى 6 أمتار,PLANNED_WO,RS-GUPCO,0,,0,EACH,04EE2x20-IV,CORDG & CHAIN,MM
204080,ROUND SLING / POLYESTER / COLOUR ORANGE / F.O.S 7:1 / MANUFACTURED TO BSEN 1492:2 / CE MARK / S.W.L 10 TONNE / E.W.L 6 M,حمالة دائرية / بوليستر / اللون برتقالي / نسبة الشد 7:1 / مصنعة وفقًا للمواصفة BSEN 1492:2 / علامة CE / حمولة التشغيل الآمنة 10 أطنان / حمولة التشغيل القصوى 6 أمتار,MIN_MAX,RS-GUPCO,0,,0,EACH,,CORDG & CHAIN,MM
204081,ROUND SLING / POLYESTER / COLOUR BROWN / F.O.S 7:1 / MANUFACTURED TO BSEN 1492:2 / CE MARK / S.W.L 6 TONNE / E.W.L 3 MTR,حمالة دائرية / بوليستر / اللون بني / نسبة الشد 7:1 / مصنعة وفقًا للمواصفة BSEN 1492:2 / علامة CE / حمولة آمنة 6 أطنان / طول الحمولة القصوى 3 أمتار,MIN_MAX,RS-GUPCO,0,02 b 05 f,0,EACH,~,CORDG & CHAIN,MM
282408,"Pump complete vacuum, air cooled 12000 liters/ min free air flow& 95% max. vacuum (28 Hg), 1100 RPM, Hose size 3 inches","مضخة تفريغ كامل، مبردة بالهواء، تدفق هواء حر 12000 لتر/دقيقة، وتفريغ أقصى 95% (28 بوصة زئبقية)، 1100 دورة في الدقيقة، مقاس الخرطوم 3 بوصات",INSURANCE_SPARE,RS-GUPCO,0,01E31H,0,EACH,PM80AP-CCW,PUMP MISC,PU
282777,"Lock Nut P/No. AN20, Lock washer P/No.  W20","صامولة قفل رقم القطعة AN20، حلقة قفل رقم القطعة W20",SURPLUS,RS-GUPCO,0,02/ F 17 E,3118211,EACH,,BR/SL/S.PLG/FLT,PU
282152,"Pump Shaft, item 660 used for goulds pump model 4x9 AHC, 12 STG., Ref. S/N. 314064 (these materials should be made in US","عمود المضخة، رقم الصنف 660، يُستخدم لمضخة غولدز طراز 4x9 AHC، 12 مجموعة، الرقم المرجعي 314064 (يجب أن تكون هذه المواد مصنعة في الولايات المتحدة الأمريكية).",MIN_MAX,RS-GUPCO,0,,7907177,EACH,B44110F2122216,PUMP MISC,PU
271699,WEBBING SLING / POLYESTER / COLOUR ORANGE / DUPLEX / BECKET EYE / F.O.S 7:1 / MANUFACTURED TO BSEN 1492:1 / CE MARK / S.,حزام منسوج / بوليستر / اللون برتقالي / مزدوج / حلقة بيكيت / FOS 7:1 / مصنعة وفقًا للمواصفة BSEN 1492:1 / علامة CE / S.,PLANNED_WO,RS-GUPCO,0,,0,EACH,,CORDG & CHAIN,MM
245126,"Gauge, Tachometer, P/N: 22055883, P/F CUMMINS ENGINE , ENGINE  S/N :46397027 ,  ENGINE CONFIG#:D413052CC05 , CPL8185, MO","مقياس سرعة الدوران، رقم القطعة: 22055883، محرك كمنز، الرقم التسلسلي للمحرك: 46397027، رقم تكوين المحرك: D413052CC05، CPL8185، MO",SURPLUS,RS-GUPCO,0,02 / R 55 C,0,EACH,22055883,ENGINE USA,MM
278319,"LAPMASTER WATER BASE DIAMOND LUBRICANT 2.5 LITER BOTTLE (LAP5-LUBW-2.5-0001), the equivalent of original manufacturer ke","عبوة زيت التشحيم لاب ماستر دايموند ذو الأساس المائي سعة 2.5 لتر (LAP5-LUBW-2.5-0001)، وهو ما يعادل المنتج الأصلي من الشركة المصنعة.",MIN_MAX,RS-GUPCO,2,,0,EACH,LAP5-LUBW-2.5-0001,PUMP MISC,PU
177533,"GASKET, SUCTION PIECE TO CASING ITEM NO.360V","حشية، قطعة شفط للغلاف، رقم الصنف 360 فولت",INSURANCE_SPARE,RS-GUPCO,0,,7907148,EACH,70038 12 5127,PUMP MISC,PU
137135,"HOLD TILL 1/12/2026, BUSHING, STUFFING BOX ITEM NO. 125","يُحفظ حتى 1/12/2026، جلبة، صندوق حشو، رقم الصنف 125",INSURANCE_SPARE,RS-GUPCO,0,,7907148,EACH,75762 1203,PUMP MISC,PU
281031,Bowel for Fuel/water separator filter P/N 1290375,"وعاء لفلتر فاصل الوقود/الماء، رقم القطعة 1290375",MIN_MAX,RS-GUPCO,0,04K24,0,EACH,1290375,CATERPILLAR,MM
173702,"SEAL, CAP HS.","ختم، غطاء HS.",INSURANCE_SPARE,RS-GUPCO,0,02/F-31B,3112100,EACH,,BR/SL/S.PLG/FLT,PU
281422,"COUPLING, HALF, PUMP, 1-15/16"", P/NO. 167133-MF , Flowserve Part Num: AX167133-UP000 (CCN: 81923126)","وصلة نصفية للمضخة، 1-15/16 بوصة، رقم القطعة 167133-MF، رقم قطعة Flowserve: AX167133-UP000 (CCN: 81923126)",PLANNED_WO,RS-GUPCO,0,,7902224,EACH,AX167133-UP000,PUMP MISC,PU
283016,"Bearing Housing item 791A, Used for Goulds Pump Type VIT-FF, Size 6x12 JMO, 3 Stage, SN: T309533","علبة محمل، رقم الصنف 791A، تُستخدم لمضخة غولدز من النوع VIT-FF، مقاس 6x12 JMO، ثلاثية المراحل، الرقم التسلسلي: T309533",INSURANCE_SPARE,RS-GUPCO,0,,7907173,EACH,A93360F000 1618,PUMP MISC,PU
283098,"Turbo installation gasket kit, P/NO. 1ca6V0233","طقم حشيات تركيب التوربو، رقم القطعة: 1ca6V0233",PLANNED_WO,RS-GUPCO,0,03/A08C,0,EACH,1CA6V0233,CATERPILLAR,MM
280798,"ICP Sensor  P.No. 1830669C92  , for Perkins Engine Series 1300,  Engine Model : GCB 330 ,  Engine Serial No.   WS4418N14","مستشعر ضغط الزيت (ICP) رقم القطعة 1830669C92، لمحرك بيركنز من السلسلة 1300، طراز المحرك: GCB 330، الرقم التسلسلي للمحرك: WS4418N14",INSURANCE_SPARE,RS-GUPCO,0,02/ R 53 G,0,EACH,1830669C92,ENGINE USA,MM
280799,"EOT & ECT Sensor  P.No. 1814320C1 , for Perkins Engine Series 1300, Engine Model : GCB 330 ,  Engine Serial No.   WS4418","مستشعر درجة حرارة زيت المحرك (EOT) ودرجة حرارة سائل التبريد (ECT)، رقم القطعة 1814320C1، لمحركات بيركنز من السلسلة 1300، طراز المحرك: GCB 330، الرقم التسلسلي للمحرك: WS4418",INSURANCE_SPARE,RS-GUPCO,0,02/Q27B,0,EACH,1814320C1,ENGINE OTHER,MM
280800,"CMP Sensor  P.No. 1807339C93 ,for Perkins Engine Series 1300, Engine Model : GCB 330 ,  Engine Serial No.   WS4418N14159","حساس موضع عمود الكامات (CMP) رقم القطعة 1807339C93، لمحرك بيركنز من السلسلة 1300، طراز المحرك: GCB 330، الرقم التسلسلي للمحرك: WS4418N14159",INSURANCE_SPARE,RS-GUPCO,0,02/ R 53 G,0,EACH,1807339C93,ENGINE USA,MM
280801,"MAP Sensor  P.No. 1840078C1 , for Perkins Engine Series 1300, Engine Model : GCB 330 ,  Engine Serial No.   WS4418N14159","حساس ضغط الهواء المطلق (MAP) رقم القطعة 1840078C1، لمحركات بيركنز من السلسلة 1300، طراز المحرك: GCB 330، الرقم التسلسلي للمحرك: WS4418N14159",INSURANCE_SPARE,RS-GUPCO,0,02/ R 53 G,0,EACH,1840078C1,ENGINE USA,MM
280802,"Oil Pressure Sensor (EOP Sensor), P.No. 1807369C2, for Perkins Engine Series 1300, Engine Model : GCB 330 ,  Engine Seri","حساس ضغط الزيت (EOP Sensor)، رقم القطعة 1807369C2، لمحركات بيركنز من السلسلة 1300، طراز المحرك: GCB 330، سلسلة المحرك",INSURANCE_SPARE,RS-GUPCO,0,02/ R 53 G,0,EACH,1807369C2,ENGINE USA,MM
282708,"Connector, P/NO. 39156435, FOR  IR  Ingersoll Rand","موصل، رقم القطعة 39156435، لشركة إنجرسول راند للأجهزة الإلكترونية",PLANNED_WO,RS-GUPCO,0,,0,EACH,39156435,COMPRESSOR USA,MM
282711,"Pin, Dowel Hardened Ground Machine, P/NO. 95481859, FOR  IR  Ingersoll Rand","دبوس، وتد خشبي مقوى مصقول آلياً، رقم القطعة 95481859، لشركة إنجرسول راند",PLANNED_WO,RS-GUPCO,0,,0,EACH,95481859,COMPRESSOR USA,MM
282788,"American-CK-1012-TP Shell& Tube Cooler, uses M3067 Mounting Flange","مبرد American-CK-1012-TP ذو الأنبوب والصدفة، يستخدم شفة تثبيت M3067",INSURANCE_SPARE,RS-GUPCO,0,,3118211,EACH,~,BR/SL/S.PLG/FLT,PU
282314,"Line As. Fuel Injection (Cylinder No.2)  P.No.191-7942  for Caterpillar diesel  Engine,  Engine Model : 3406C  ,  Engine","خط حقن الوقود (الأسطوانة رقم 2) رقم القطعة 191-7942 لمحرك ديزل كاتربيلر، طراز المحرك: 3406C، محرك",INSURANCE_SPARE,RS-GUPCO,0,,0,EACH,191-7942,CATERPILLAR,MM
282315,"Line As. Fuel Injection (Cylinder No.1)  P.No.191-7941  for Caterpillar diesel  Engine,  Engine Model : 3406C  ,  Engine","خط حقن الوقود (الأسطوانة رقم 1) رقم القطعة 191-7941 لمحرك ديزل كاتربيلر، طراز المحرك: 3406C، محرك",INSURANCE_SPARE,RS-GUPCO,0,,0,EACH,191-7941,CATERPILLAR,MM
153962,"PIN, PISTON","دبوس، مكبس",PLANNED_WO,RS-GUPCO,0,,7103370,EACH,1CA5245564,CATERPILLAR,MM
279523,"Case discharge, item no. 309, P/No. 82299173","تفريغ القضية، البند رقم 309، رقم العملية 82299173",INSURANCE_SPARE,RS-GUPCO,0,02T09E,7909128,EACH,82299173,PUMP MISC,PU
134003,"PUMP, UNION TYPE & SIZE 1-1/2X2X9 VCM","مضخة، نوع وصلة ومقاس 1-1/2 × 2 × 9 بوصة",PLANNED_WO,RS-GUPCO,0,,7321112,EACH,1-1/2X2X9 VCM,PUMP CENTRIFUG,PU
282621,"SCREW SOCKET HEAD CAP .63 X 1.5 LONG, P/NO. 95013785, FOR  IR  Ingersoll Rand","غطاء رأس سداسي 0.63 × 1.5 بوصة، رقم القطعة 95013785، لشركة إنجرسول راند.",PLANNED_WO,RS-GUPCO,0,,0,EACH,95013785,COMPRESSOR USA,MM
282717,"Standoff, Motor Adaptor, P/NO. 54420385, FOR  IR  Ingersoll Rand","فاصل، محول محرك، رقم القطعة 54420385، لشركة إنجرسول راند",PLANNED_WO,RS-GUPCO,0,,0,EACH,54420385,COMPRESSOR USA,MM
278084,"LAPMASTER DIAMOND SLURRY 15 MICRON (WATER BASE), LAP5-DIAS-S1G-w015 (GALLON CONTAINER SIZE)","معجون الماس لاب ماستر 15 ميكرون (قاعدة مائية)، LAP5-DIAS-S1G-w015 (حجم العبوة جالون)",MIN_MAX,RS-GUPCO,1,09C07B,0,EACH,LAP5-DIAS-S1G-W015,PUMP MISC,PU
165058,"RING, IMPELLER STAGE 1 ITEM NO. 210","حلقة، مروحة المرحلة 1، رقم الصنف 210",PLANNED_WO,RS-GUPCO,0,,7902106,EACH,503-210,PUMP MISC,PU
165082,"DISC, DEFLECTOR ITEM NO. 333                       OLD P/N. 1580B30190-21","قرص عاكس، رقم الصنف 333، رقم القطعة القديم 1580B30190-21",PLANNED_WO,RS-GUPCO,0,,7902106,EACH,270-233,PUMP MISC,PU
279220,"Gland Split PN.: B2247-1107 used for Goulds Pump Size 4x8, Type AHC, 2 STG., SN: T308533","وصلة مانعة للتسرب، رقم القطعة: B2247-1107، تُستخدم لمضخة غولدز، مقاس 4x8، نوع AHC، 2 STG، الرقم التسلسلي: T308533",INSURANCE_SPARE,RS-GUPCO,0,02V05A,0,EACH,B22470F000 1117,PUMP MISC,PU
177553,"BEARING, BOWEL","محمل، وعاء",INSURANCE_SPARE,RS-GUPCO,0,02T43,7907164,EACH,A14070F0001618,PUMP MISC,PU
137141,"SEAL, OIL INBOARD ITEM NO. 333","مانع تسرب الزيت الداخلي، رقم الصنف 333",INSURANCE_SPARE,RS-GUPCO,0,02S37,7907148,EACH,8690-09683,PUMP MISC,PU
234007,WEBBING SLING / POLYESTER / COLOUR YELLOW / DUPLEX / BECKET EYE / F.O.S 7:1 / MANUFACTURED TO BSEN 1492:1 / CE MARK / S.,حزام منسوج / بوليستر / اللون أصفر / مزدوج / حلقة بيكت / FOS 7:1 / مصنعة وفقًا للمواصفة BSEN 1492:1 / علامة CE / S.,MIN_MAX,RS-GUPCO,0,,0,EACH,03EE2x06-IV,CORDG & CHAIN,MM
282614,"NUT , HEX LIGHT SELF LOCKING 0.75 - 10UNC, P/NO. 95923363, FOR  IR Ingersoll Rand model EP-100","صامولة سداسية ذاتية القفل، مقاس 0.75 - 10UNC، رقم القطعة 95923363، لجهاز IR Ingersoll Rand موديل EP-100",PLANNED_WO,RS-GUPCO,0,02w23c,0,EACH,95923363,COMPRESSOR USA,MM
278796,"VALVE SEAT DISCH/SUCT PART NO :322B0808700F21501 USED FOR UNION PUMP TYPE TD-60 SIZE 1-3/4 X 3   SN.: RH1350A-1,2","مقعد صمام التفريغ/الشفط، رقم القطعة: 322B0808700F21501، يُستخدم لمضخة وصلة من النوع TD-60، المقاس: 1-3/4 × 3، الرقم التسلسلي: RH1350A-1,2",INSURANCE_SPARE,RS-GUPCO,0,02Q01F,0,EACH,322B0808700F21501,PUMP CENTRIFUG,PU
282815,"Elbow,  .25 NPT  X   .25 Tube,  P/N 39155478 Is used on separator tank of Ingersoll Rand rotary air compressor model EP-","كوع، 0.25 NPT × 0.25 أنبوب، رقم القطعة 39155478، يُستخدم في خزان الفصل لضاغط الهواء الدوار من طراز EP- من شركة إنجرسول راند.",PLANNED_WO,RS-GUPCO,0,02/W23G,0,EACH,39155478,COMPRESSOR USA,MM
282831,"Connector,  . 50 NPT  X  .75 Female Tube","موصل، أنبوب أنثوي 0.50 NPT × 0.75",PLANNED_WO,RS-GUPCO,0,,0,EACH,95961538,COMPRESSOR USA,MM
282834,"Tube , Scavenge  75-100HP,","أنبوب، كاسحة 75-100 حصان،",MIN_MAX,RS-GUPCO,0,02U38G,0,EACH,22131171,COMPRESSOR USA,MM
282836,"Connector ,  1.50  Tube  X  1.88  SAE,","موصل، أنبوب 1.50 × 1.88 SAE،",PLANNED_WO,RS-GUPCO,0,02W21B,0,EACH,39128624,COMPRESSOR USA,MM
153934,"Bridge AS. , Caterpillar, Part number: 1CA1011816 , used for Badri Diesel Generator","شركة بريدج إيه إس، كاتربيلر، رقم القطعة: 1CA1011816، تُستخدم لمولد ديزل بدري",PLANNED_WO,RS-GUPCO,0,04H16A,7103370,EACH,1CA1011816,CATERPILLAR,MM
282119,"Single Leg  wire Rope Sling SWL 8.6 ton, 1m Length x 26mm diameter, IWRC,terminating in Soft eyes each end,1960 Grade. i","حبل رفع سلكي أحادي الساق، حمولة آمنة 8.6 طن، طول 1 متر × قطر 26 مم، معتمد من IWRC، ينتهي بحلقات ناعمة في كل طرف، من الدرجة 1960.",PLANNED_WO,RS-GUPCO,0,,0,EACH,,CORDG & CHAIN,MM
278341,"MECHANICAL SEAL ITEM NO. 94 , JOHN CRANE 2.5/8 BORE USED FOR JOHNSON GEAR BOX MODEL S350, RATIO 1:1 , P/NO. CFSP19730","مانع تسرب ميكانيكي رقم 94، من إنتاج شركة جون كرين، بقطر 2.5/8 بوصة، يُستخدم مع علبة تروس جونسون طراز S350، بنسبة تروس 1:1، رقم القطعة CFSP19730",PLANNED_WO,RS-GUPCO,0,,3110102,EACH,89717363,BR/SL/S.PLG/FLT,PU
201230,"EXHAUST, MANIFOLD, DOUBLE, SECTION, P/NO.: A204742A","عادم، مشعب، مزدوج، قسم، رقم القطعة: A204742A",INSURANCE_SPARE,RS-GUPCO,0,01C13,6923145,EACH,A204742F,ENGINE USA,MM
201231,"EXHAUST, MANIFOLD, SINGLE, SECTION, RB P/NO.: A204442G","عادم، مشعب، قسم واحد، RB، رقم القطعة: A204442G",INSURANCE_SPARE,RS-GUPCO,0,01c13b,6923145,EACH,A204442G,ENGINE USA,MM
133940,"Centrifugal pump, close-coupled, electric motor with extended shaft directly to the pump, the pump casing& impeller mate","مضخة طرد مركزي، ذات اقتران مباشر، ومحرك كهربائي ذو عمود ممتد متصل مباشرة بالمضخة، وغلاف المضخة والمروحة متطابقان.",MIN_MAX,RS-GUPCO,0,,0,EACH,97568450,PUMP CENTRIFUG,PU
161716,"SEAL, OIL PACKING","مانع تسرب، حشوة زيتية",INSURANCE_SPARE,RS-GUPCO,0,02S08C,7301102,EACH,712-1004-764,PUMP CENTRIFUG,PU
234006,WEBBING SLING / POLYESTER / COLOUR GRAY / DUPLEX / BECKET EYE / F.O.S 7:1 / MANUFACTURED TO BSEN 1492:1 / CE MARK / S.W.,حزام منسوج / بوليستر / اللون رمادي / مزدوج / حلقة بيكت / نسبة شد 7:1 / مصنّع وفقًا للمواصفة القياسية البريطانية BSEN 1492:1 / علامة CE / SW,PLANNED_WO,RS-GUPCO,0,,0,EACH,03EE2x03-IV,CORDG & CHAIN,MM
281100,Secandary Air Filter   P/N 142-1404  For Engine Model Cat D-3412   Ser. No. 1EZ13610    Arrangement No. 148-3588  ( New,"فلتر هواء ثانوي رقم القطعة 142-1404 لمحرك طراز كاتربيلر D-3412، الرقم التسلسلي 1EZ13610، رقم الترتيب 148-3588 (جديد)",PLANNED_WO,RS-GUPCO,0,,0,EACH,1CA1421404,CATERPILLAR,MM
234009,WEBBING SLING / POLYESTER / COLOUR GRAY / DUPLEX / BECKET EYE / F.O.S 7:1 / MANUFACTURED TO BSEN 1492:1 / CE MARK / S.W.,حزام منسوج / بوليستر / اللون رمادي / مزدوج / حلقة بيكت / نسبة شد 7:1 / مصنّع وفقًا للمواصفة القياسية البريطانية BSEN 1492:1 / علامة CE / SW,PLANNED_WO,RS-GUPCO,4,,0,EACH,03EE2x20-IV,CORDG & CHAIN,MM
271697,WEBBING SLING / POLYESTER / COLOUR BLUE / DUPLEX / BECKET EYE / F.O.S 7:1 / MANUFACTURED TO BSEN 1492:1 / CE MARK /  S.W,حزام منسوج / بوليستر / اللون أزرق / مزدوج / حلقة بيكت / نسبة شد 7:1 / مصنّع وفقًا للمواصفة البريطانية BSEN 1492:1 / علامة CE / SW,MIN_MAX,RS-GUPCO,0,02A32,0,EACH,~,CORDG & CHAIN,MM
234010,WEBBING SLING / POLYESTER / COLOUR ORANGE / DUPLEX / BECKET EYE / F.O.S 7:1 / MANUFACTURED TO BSEN 1492:1 / CE MARK / S.,حزام منسوج / بوليستر / اللون برتقالي / مزدوج / حلقة بيكيت / FOS 7:1 / مصنعة وفقًا للمواصفة BSEN 1492:1 / علامة CE / S.,PLANNED_WO,RS-GUPCO,0,,0,EACH,04EE2x03-IV,CORDG & CHAIN,MM
137260,"BEARING TOP, BOWL.","محمل علوي، وعاء.",PLANNED_WO,RS-GUPCO,0,,7907173,EACH,A12056F000 1618,PUMP MISC,PU
137261,"BEARING, OLS.","محمل، OLS.",MIN_MAX,RS-GUPCO,0,,7907173,EACH,A93360F0001618,PUMP MISC,PU
137262,IMP. (M) 7 IN.D.,IMP. (M) 7 IN.D.,INSURANCE_SPARE,RS-GUPCO,0,,7907173,EACH,A78340F000 1123,PUMP MISC,PU
137266,"BOWL, INT. WITH MATERIAL CERTIFICATION",وعاء داخلي مع شهادة جودة المواد,INSURANCE_SPARE,RS-GUPCO,0,01/E30E,7907173,EACH,B11603F002 1123,PUMP MISC,PU
137267,"SUCTION BELL,  WITH MATERIAL CERTIFICATION","جرس شفط، مع شهادة جودة المواد",INSURANCE_SPARE,RS-GUPCO,0,01/E32D,7907173,EACH,B11615F002 1123,PUMP MISC,PU
137268,"hold till 01/01/2027 , BOWL, TOP. WITH MATERIAL CERTIFICATION","يُحفظ حتى 01/01/2027، وعاء، غطاء. مع شهادة جودة المواد",INSURANCE_SPARE,RS-GUPCO,0,,7907173,EACH,B11687F012 1123,PUMP MISC,PU
279681,"Service Pak 500 Hr, used for Atlas Copco Portable Diesel Air Compressor (Model: XAMS 407 Cd ) used for Maradive #55 Boat","وحدة خدمة 500 ساعة، تُستخدم مع ضاغط هواء ديزل محمول من أطلس كوبكو (طراز: XAMS 407 Cd) المستخدم في قارب ماراديف رقم 55",PLANNED_WO,RS-GUPCO,0,,0,EACH,2912448205,COMPRESSOR USA,MM
279682,"Circuit Breaker, used for Atlas Copco Portable Diesel Air Compressor (Model: XAMS 407 Cd ) used for Maradive #55 Boat, p","قاطع الدائرة الكهربائية، المستخدم في ضاغط الهواء المحمول الذي يعمل بالديزل من شركة أطلس كوبكو (طراز: XAMS 407 Cd) المستخدم في قارب ماراديف رقم 55، ص",INSURANCE_SPARE,RS-GUPCO,0,02W27F,0,EACH,1089920620,COMPRESSOR USA,MM
279683,"Thermostatic Valve, used for Atlas Copco Portable Diesel Air Compressor (Model: XAMS 407 Cd ) used for Maradive #55 Boat","صمام حراري، يُستخدم مع ضاغط هواء ديزل محمول من أطلس كوبكو (طراز: XAMS 407 Cd) المستخدم في قارب ماراديف رقم 55",INSURANCE_SPARE,RS-GUPCO,0,02W27F,0,EACH,1626299300,COMPRESSOR USA,MM
164506,"GASKET, SIDE PLATE TO CASING ITEM NO.360C","حشية، لوحة جانبية للهيكل، رقم الصنف 360C",INSURANCE_SPARE,RS-GUPCO,0,,7907148,EACH,70782 61 5127,PUMP MISC,PU
279612,"Filter, Water     P.No. PK26550001, for Perkins Engine Series 1300, Engine Model : GCB 330 ,  Engine Serial No.   WS4418","فلتر مياه، رقم القطعة PK26550001، لمحركات بيركنز من السلسلة 1300، طراز المحرك: GCB 330، الرقم التسلسلي للمحرك: WS4418",MIN_MAX,RS-GUPCO,0,02G71G,0,EACH,PK26550001,BR/SL/S.PLG/FLT,MM
279613,"Filter, Fuel      P.No. PK26560137 , for Perkins Engine Series 1300, Engine Model : GCB 330 ,    Engine Serial No.   WS4","فلتر وقود، رقم القطعة PK26560137، لمحركات بيركنز من السلسلة 1300، طراز المحرك: GCB 330، الرقم التسلسلي للمحرك: WS4",MIN_MAX,RS-GUPCO,0,,0,EACH,PK26560137,BR/SL/S.PLG/FLT,MM
281332,"COLUMN, API5L GR- B Carbon Steel MATERIAL AS PER ATTACHED DWG, USED FOR PUMP TYPE PLB SIZE 16 GM 6 STG S/N 681-H-0720/21","عمود، مصنوع من فولاذ كربوني API5L GR-B، وفقًا للرسم المرفق، يُستخدم لمضخة من نوع PLB، مقاس 16 GM، 6 مراحل، الرقم التسلسلي 681-H-0720/21",PLANNED_WO,RS-GUPCO,2,,7902224,EACH,7902224,PUMP MISC,PU
282616,"SCREW , CAP HEX HEAD .75 X  2.75 LONG, P/NO. 95929097, FOR  IR  Ingersoll Rand model EP-100","برغي، رأس سداسي، 0.75 × 2.75 بوصة، رقم القطعة 95929097، لجهاز IR Ingersoll Rand موديل EP-100",PLANNED_WO,RS-GUPCO,0,,0,EACH,95929097,COMPRESSOR USA,MM
282778,"Bearing kit consists of: Outboard bearing Timken P/No. 854/861, Inboard bearing Timken P/No. HH224335/H224310 for 4"" Gea","تتكون مجموعة المحامل من: محمل خارجي من شركة تيمكين، رقم القطعة 854/861، ومحمل داخلي من شركة تيمكين، رقم القطعة HH224335/H224310، لمحرك 4 بوصة.",SURPLUS,RS-GUPCO,0,,3118211,SET,~,BR/SL/S.PLG/FLT,PU
282784,Sprag non Reverse kit consitis of:,تتكون مجموعة Sprag غير العكسية من:,MIN_MAX,RS-GUPCO,0,,3118211,EACH,~,BR/SL/S.PLG/FLT,PU
282340,"V-BELT, 22X4250 SPC HEAVY DUTY , MANF.Strong Belt GERMANY (USED FOR OCT.P/F  GAS GEN)","حزام على شكل حرف V، 22X4250 SPC شديد التحمل، من إنتاج شركة سترونج بيلت الألمانية (يستخدم لمولدات الغاز OCT.P/F)",MIN_MAX,RS-GUPCO,0,03R35B,0,EACH,22X4250 SPC,BELT/TRANSMIT,MM
282709,"KEY , SQUARE Both Ends, P/NO. 95410734, FOR  IR  Ingersoll Rand model EP-100","مفتاح مربع من كلا الطرفين، رقم القطعة 95410734، لجهاز IR Ingersoll Rand موديل EP-100",PLANNED_WO,RS-GUPCO,0,,0,EACH,95410734,COMPRESSOR USA,MM
282712,"Pin, Parallel (Dowel),Hardened, P/NO. 95239927, FOR  IR  Ingersoll Rand","دبوس، متوازي (وتد)، مُقسّى، رقم القطعة 95239927، لشركة إنجرسول راند",PLANNED_WO,RS-GUPCO,0,,0,EACH,95239927,COMPRESSOR USA,MM
276507,"COUPLING ASSEMBLY FOR FUEL TRANSFER PUMP GROUP , PART NO. 5N5621 , PARTS FOR CATERPILLAR","مجموعة وصلة لمضخة نقل الوقود، رقم القطعة 5N5621، قطع غيار لشركة كاتربيلر",INSURANCE_SPARE,RS-GUPCO,0,04 K22 F,0,EACH,1CA5N5621,CATERPILLAR,MM
278343,"O-RING ITEM NO. 96, USED FOR JOHNSON GEAR BOX MODEL S350 , RATIO 1:1, PART NO. AS245","حلقة دائرية رقم 96، تُستخدم لعلبة تروس جونسون طراز S350، نسبة التروس 1:1، رقم القطعة AS245",SURPLUS,RS-GUPCO,0,03/G31A,0,EACH,AS245,BR/SL/S.PLG/FLT,PU
175550,"GASKET, LIFTER DOOR",حشية باب الرافعة,PLANNED_WO,RS-GUPCO,0,03/H25A,6923114,EACH,168108A,ENGINE USA,MM
278086,LATCH. Door Standred Enclosure Used For Rotary Air Compressor Ingersoll Rand P/N:39133954,"مزلاج. غطاء باب قياسي يُستخدم لضاغط هواء دوار من إنجرسول راند، رقم القطعة: 39133954",MIN_MAX,RS-GUPCO,0,,0,EACH,39133954,COMPRESSOR USA,MM
282153,"Bell Suction, item 689 used for goulds pump model 4x9 AHC, 12 STG., Ref. S/N. 314064 (these materials should be made in","مضخة بيل، رقم الصنف 689، تُستخدم لمضخة غولدز طراز 4x9 AHC، 12 STG.، رقم المرجع التسلسلي 314064 (يجب تصنيع هذه المواد في",PLANNED_WO,RS-GUPCO,0,,7907177,EACH,B00427F002 1123,PUMP MISC,PU
282305,"Filter element air (secondary)  P.No. 6i-2508 ,for Caterpillar diesel  Engine Engine Model : 3406C  ,  Engine Serial No.","عنصر فلتر الهواء (الثانوي) رقم القطعة 6i-2508، لمحرك ديزل كاتربيلر، طراز المحرك: 3406C، الرقم التسلسلي للمحرك.",MIN_MAX,RS-GUPCO,0,5.00E+03,0,EACH,1C6i2508,BR/SL/S.PLG/FLT,MM
282304,"Filter element air (primary)  P.No. 6i-2507, for Caterpillar diesel  Engine , Engine Model : 3406C  ,  Engine Serial No.","عنصر فلتر الهواء (الأساسي) رقم القطعة 6i-2507، لمحرك ديزل كاتربيلر، طراز المحرك: 3406C، الرقم التسلسلي للمحرك.",MIN_MAX,RS-GUPCO,0,05L08,0,EACH,1CA6I2507,CATERPILLAR,MM
281097,Oil Filter P/N 1R-1808  For Engine Model Cat D-3412   Ser. No. 1EZ13610   Arrangement No. 148-3588   ( New D. Gen. Packa,"فلتر زيت رقم القطعة 1R-1808 لمحرك طراز Cat D-3412، الرقم التسلسلي 1EZ13610، رقم الترتيب 148-3588 (عبوة جديدة من D. Gen. Packa)",MIN_MAX,RS-GUPCO,0,05D10A,0,EACH,12CA1R1808,CATERPILLAR,MM
282827,"Adapter , Used For Ing. Rand  Compressor   , Air  End ,  Model:EP100","محول، يُستخدم لضاغط هواء من نوع إنج. راند، وحدة ضغط الهواء، الموديل: EP100",PLANNED_WO,RS-GUPCO,0,,0,EACH,39417118,COMPRESSOR USA,MM
282839,"Connector ,  2.00  Tube  X 2.50 SAE,","موصل، أنبوب 2.00 × 2.50 SAE،",PLANNED_WO,RS-GUPCO,0,,0,EACH,39128632,COMPRESSOR USA,MM
276531,"Fuel Filter (Cummins Gen. Set: QST 30 G4 - DIESEL ENGINE MODEL :800DFHD , S/NO H09KBAR260 )","فلتر الوقود (مجموعة مولدات كمنز: QST 30 G4 - محرك ديزل طراز: 800DFHD، الرقم التسلسلي H09KBAR260)",INSURANCE_SPARE,RS-GUPCO,0,05/D12A,0,EACH,FF2203,ENGINE USA,MM
177530,"HOLD TILL 1/12/2026 , SIDEPLATE,SUCTION ITEM NO.176","يُحفظ حتى 1/12/2026، لوحة جانبية، قطعة شفط رقم 176",INSURANCE_SPARE,RS-GUPCO,0,,7907148,EACH,104-441 1216,PUMP MISC,PU
281212,Secondary filter (3 Micron Water Block spin on filter cartridge P.No. # WBS-3 ) used for Automated Fuel Filtration Syste,"فلتر ثانوي (خرطوشة فلتر دوارة 3 ميكرون بتقنية Water Block، رقم القطعة WBS-3) يستخدم لنظام ترشيح الوقود الآلي",MIN_MAX,RS-GUPCO,0,,0,EACH,WBS-3,BR/SL/S.PLG/FLT,MM
281213,Lid Gasket P.No. # 30421 used for Automated Fuel Filtration System Model : STS 6000-4GPM-S  Serial No. : K-10-0113-6040,"حشية غطاء رقم القطعة 30421 تُستخدم لنظام ترشيح الوقود الآلي، طراز: STS 6000-4GPM-S، الرقم التسلسلي: K-10-0113-6040",PLANNED_WO,RS-GUPCO,0,,0,EACH,30421,BR/SL/S.PLG/FLT,MM
271698,WEBBING SLING / POLYESTER / COLOUR BLUE / DUPLEX / BECKET EYE / F.O.S 7:1 / MANUFACTURED TO BSEN 1492:1 / CE MARK / S.W.,حزام منسوج / بوليستر / اللون أزرق / مزدوج / حلقة بيكت / نسبة شد 7:1 / مصنّع وفقًا للمواصفة البريطانية BSEN 1492:1 / علامة CE / SW,PLANNED_WO,RS-GUPCO,7,01A32G,0,EACH,~,CORDG & CHAIN,MM
282716,"Screw, Socket Head Cap, P/NO. 95929170, FOR  IR  Ingersoll Rand","برغي، غطاء رأس سداسي، رقم القطعة 95929170، لـ IR Ingersoll Rand",PLANNED_WO,RS-GUPCO,0,,0,EACH,95929170,COMPRESSOR USA,MM
282776,"Gear Set, Increasing Ratio 2:3, P/No. M345R30/M330L45","مجموعة تروس، نسبة زيادة 2:3، رقم القطعة M345R30/M330L45",PLANNED_WO,RS-GUPCO,0,,3118211,SET,,BR/SL/S.PLG/FLT,PU
133415,"KIT, GASKET WATER LINES.","طقم، حشية لخطوط المياه.",PLANNED_WO,RS-GUPCO,0,03/A06A,7103140,EACH,1CA5P9852,CATERPILLAR,MM
282610,"KEY , SQUARE .38 X .38 X 1.88 NONE, P/NO. 95381109, FOR IR Ingersoll Rand model EP-100 ,","مفتاح مربع 0.38 × 0.38 × 1.88 بدون، رقم القطعة 95381109، لجهاز IR Ingersoll Rand موديل EP-100،",PLANNED_WO,RS-GUPCO,0,,0,EACH,95381109,COMPRESSOR USA,MM
282615,"O-RING, STANDARD -034  2.125 ID  X 2.062 WIDTH, P/NO. 95070611, FOR IR  Ingersoll Rand model EP-100","حلقة دائرية، قياسية -034، قطر داخلي 2.125 × عرض 2.062، رقم القطعة 95070611، لطراز IR Ingersoll Rand EP-100",INSURANCE_SPARE,RS-GUPCO,0,03/B33G,0,EACH,95070611,COMPRESSOR USA,MM
282622,"SCREW SOCKET HEAD CAP .50 X 1.5 LONG, P/NO. 95929162, FOR  IR  Ingersoll Rand model EP-100","غطاء رأس سداسي 0.50 × 1.5 بوصة، رقم القطعة 95929162، لطراز IR Ingersoll Rand EP-100",PLANNED_WO,RS-GUPCO,0,,0,EACH,95929162,COMPRESSOR USA,MM
165057,"RING, IMPELLER STAGE 1 ITEM NO. 209","حلقة، مروحة المرحلة 1، رقم الصنف 209",PLANNED_WO,RS-GUPCO,0,,7902106,EACH,503-209-1122339,PUMP MISC,PU
165062,"SLEEVE, SHAFT THROTTLE ITEM NO. 215                MATERIAL 440A 450/525 B                            P/N 6660B36003-12","جلبة، عمود خانق، رقم الصنف 215، المادة 440A 450/525 B، رقم القطعة 6660B36003-12",PLANNED_WO,RS-GUPCO,0,,7902106,EACH,522-215,PUMP MISC,PU
165073,"KEY, THROTTLE SLEEVE ITEM NO. 255","مفتاح، غلاف الخانق، رقم الصنف 255",PLANNED_WO,RS-GUPCO,0,,7902106,EACH,940-225,PUMP MISC,PU
278342,"SEAL CAGE ITEM NO. 95 , USED FOR JOHNSON GEAR BOX MODEL S350 , RATIO 1:1 , P/NO. A14646","قفص مانع للتسرب، رقم الصنف 95، يُستخدم لعلبة تروس جونسون طراز S350، نسبة التروس 1:1، رقم القطعة A14646",INSURANCE_SPARE,RS-GUPCO,0,02F19F,3110102,EACH,A14646,BR/SL/S.PLG/FLT,PU
278680,O-Ring  P/NO 168922L used for oil filter housing  waukesha engine model F-2895-G,حلقة مانعة للتسرب (O-Ring) رقم القطعة 168922L تُستخدم لعلبة فلتر الزيت في محرك واكيشا طراز F-2895-G,MIN_MAX,RS-GUPCO,0,,0,EACH,168922L,ENGINE USA,MM
134067,"STUD, ADJUSTING                                    P/NO. 824 A 0194000D12600","مسمار ضبط، رقم القطعة 824 أ 0194000د12600",INSURANCE_SPARE,RS-GUPCO,0,,7321115,EACH,824A0194000D12600,PUMP CENTRIFUG,PU
134068,"RING ,LOCATING ,SPLIT P/N 825A0197503B25500","حلقة، تحديد الموقع، تقسيم رقم القطعة 825A0197503B25500",INSURANCE_SPARE,RS-GUPCO,0,02/ Q 21 B,7321115,EACH,825A0197503B25500,PUMP CENTRIFUG,PU
176267,"IMPELLER,","المكره،",INSURANCE_SPARE,RS-GUPCO,0,,7321112,EACH,805B157900D12200,PUMP CENTRIFUG,PU
137134,"DEFLECTOR, ITEM NO. 123","عاكس، رقم الصنف 123",INSURANCE_SPARE,RS-GUPCO,0,,7907148,EACH,075745 1001,PUMP MISC,PU
281211,Primary filter element (10 Micron replacement filter element P.No. # 01810 ) used for Automated Fuel Filtration System M,"عنصر الترشيح الأساسي (عنصر ترشيح بديل 10 ميكرون، رقم القطعة 01810) المستخدم في نظام ترشيح الوقود الآلي M",MIN_MAX,RS-GUPCO,0,02G69,0,EACH,1810,BR/SL/S.PLG/FLT,MM
281096,Fuel Filter P/N 1R-0749 For Engine Model Cat D-3412   Ser. No. 1EZ13610   Arrangement No.,"فلتر وقود رقم القطعة 1R-0749 لمحرك طراز Cat D-3412، الرقم التسلسلي 1EZ13610، رقم الترتيب.",MIN_MAX,RS-GUPCO,0,05D08C,0,EACH,12CA1R0749,CATERPILLAR,MM
184654,Primary Air Filter   P/N 142-1339  For Engine Model Cat D-3412  Ser. No. 1EZ13610   Arrangement No. 148-,"فلتر هواء أساسي رقم القطعة 142-1339 لمحرك طراز كاتربيلر D-3412، الرقم التسلسلي 1EZ13610، رقم الترتيب 148-",MIN_MAX,RS-GUPCO,0,,0,EACH,1421339,CATERPILLAR,MM
164818,HEADSHAFT(1.5 INX71.31 LG),عمود رأس (1.5 بوصة × 71.31 بوصة طول),INSURANCE_SPARE,RS-GUPCO,0,01N05D,7907173,EACH,B00019FHBF 2403,PUMP MISC,PU
137263,"TAPERLOCK, IMP.","قفل تابي، مستورد.",PLANNED_WO,RS-GUPCO,0,02S35F,7907173,EACH,H79100F000 2229,PUMP MISC,PU
137264,"GASKET, HD SLHSG.     similar with items 164629 & 164540 reference to e-mail date 27/11/2015","حشية، HD SLHSG. مشابهة للعنصرين 164629 و164540، بالرجوع إلى تاريخ البريد الإلكتروني 27/11/2015",INSURANCE_SPARE,RS-GUPCO,0,02/U20C,7907173,EACH,B27490F004 5130,PUMP MISC,PU
234008,WEBBING SLING / POLYESTER / COLOUR VIOLET / DUPLEX / BECKET EYE / F.O.S 7:1 / MANUFACTURED TO BSEN 1492:1 / CE MARK / S.,حزام منسوج / بوليستر / لون بنفسجي / مزدوج / حلقة بيكيت / FOS 7:1 / مصنعة وفقًا للمواصفة BSEN 1492:1 / علامة CE / S.,PLANNED_WO,RS-GUPCO,8,,0,EACH,03EE2x10-IV,CORDG & CHAIN,MM
283013,"Bearing Bowl item 672, Used for Goulds Pump Type VIT-FF, Size 6x12 JMO, 3 Stage, SN: T309533","وعاء محمل، رقم الصنف 672، يُستخدم لمضخة غولدز من النوع VIT-FF، مقاس 6x12 JMO، ثلاث مراحل، الرقم التسلسلي: T309533",MIN_MAX,RS-GUPCO,0,02T07C,7907173,EACH,A37760F0001618,PUMP MISC,PU
177571,"O-RING, ITEM NO.412  MAT 397","حلقة دائرية، رقم الصنف 412، رقم المادة 397",SURPLUS,RS-GUPCO,0,03/B16F,7907140,EACH,C02495A2525302,PUMP MISC,PU
177569,"GASKET, SLEEVE  ITEM NO.211 MAT 5131","حشية، غلاف، رقم الصنف 211، رقم المادة 5131",SURPLUS,RS-GUPCO,0,02/V31F,7907140,EACH,70782 133 5108,PUMP MISC,PU
283014,"Pump Shaft(1.86 x 50.12 LG) item 660, Used for Goulds Pump Type VIT-FF, Size 6x12 JMO, 3 Stage, SN: T309533","عمود مضخة (1.86 × 50.12 طول) رقم 660، يُستخدم لمضخة غولدز من النوع VIT-FF، مقاس 6 × 12 JMO، ثلاث مراحل، الرقم التسلسلي: T309533",PLANNED_WO,RS-GUPCO,0,,7907173,EACH,C4626ECC2 2403,PUMP MISC,PU
133430,"KIT, GASKET REAR STRUCTURE","طقم، حشية الهيكل الخلفي",INSURANCE_SPARE,RS-GUPCO,0,04H04H,7103140,EACH,1CA4545379,CATERPILLAR,MM
204288,"VALVE, SOLENOID ( LOAD ), P/NO.: 54774302 , PARTS FOR UP5 22 COMPRESSOR, MODEL UP5E-22-8.5,","صمام، ملف لولبي (حمل)، رقم القطعة: 54774302، قطع غيار لضاغط UP5 22، موديل UP5E-22-8.5،",INSURANCE_SPARE,RS-GUPCO,0,02/w27d,0,EACH,54774302,COMPRESSOR USA,MM
204303,"HOSE, ASSEMBLY, P/NO.: 89295935 PARTS FOR UP5 22 COMPRESSOR, MODEL UP5E-22-8.5, S/NO: 2230936 BETWEEN AIR FILTER AND INL","خرطوم، مجموعة، رقم القطعة: 89295935، قطع غيار لضاغط UP5 22، موديل UP5E-22-8.5، رقم التسلسل: 2230936، بين فلتر الهواء و INL",INSURANCE_SPARE,RS-GUPCO,0,03/b19a,0,EACH,89295935,COMPRESSOR USA,MM
155694,"SENDER, ENGINE OIL PRESSURE",جهاز إرسال ضغط زيت المحرك,INSURANCE_SPARE,RS-GUPCO,0,02W27F,8009105,EACH,36870608,COMPRESSOR USA,MM
155680,"SENDER, ENGINE TEMPERATURE",جهاز إرسال درجة حرارة المحرك,UNDER_CLASSIFICATION,RS-GUPCO,0,02W27F,9105,EACH,35604180,COMPRESSOR USA,MM
177799,"SWITCH, ENGINE OIL PRESSURE  PART NO. 36757581","مفتاح ضغط زيت المحرك، رقم القطعة 36757581",PLANNED_WO,RS-GUPCO,0,02/W35A,8009108,EACH,36757581,COMPRESSOR USA,MM
155665,"SWITCH, ENGINE COOLANT TEMPERATURE , P/N : 35327691","مفتاح، درجة حرارة سائل تبريد المحرك، رقم القطعة: 35327691",INSURANCE_SPARE,RS-GUPCO,0,02W27F,8009105,EACH,35327691,COMPRESSOR USA,MM
276975,"Rear Clutch Power Take-Off Group, Manufactured by Twin Disc,(Don't substitute) Model no. IBF-314-0P0 , BOM no. IB314P001","مجموعة نقل الحركة الخلفية للقابض، من إنتاج شركة توين ديسك (لا تستخدم بديلًا)، رقم الموديل: IBF-314-0P0، رقم قائمة المواد: IB314P001",INSURANCE_SPARE,RS-GUPCO,0,,0,EACH,"IBF314OP0,BOMIB314P001",CATERPILLAR,MM
119082,"STUD, GRADE 5, 3/8"" X 1.3/4"" LONG","مسمار، درجة 5، 3/8 بوصة × 1.3/4 بوصة طولاً",PLANNED_WO,RS-GUPCO,0,,6923135,EACH,44944,ENGINE USA,MM
119068,"NUT, HEX, 3/8""-24","صامولة سداسية، 3/8 بوصة - 24",PLANNED_WO,RS-GUPCO,0,,6923135,EACH,21193,ENGINE USA,MM
119067,"WASHERLOCK, 3/8""","غسالة قفل، 3/8 بوصة",PLANNED_WO,RS-GUPCO,0,,6923120,EACH,21052,ENGINE USA,MM
234011,WEBBING SLING / POLYESTER / COLOUR YELLOW / DUPLEX / BECKET EYE / F.O.S 7:1 / MANUFACTURED TO BSEN 1492:1 / CE MARK / S.,حزام منسوج / بوليستر / اللون أصفر / مزدوج / حلقة بيكت / FOS 7:1 / مصنعة وفقًا للمواصفة BSEN 1492:1 / علامة CE / S.,PLANNED_WO,RS-GUPCO,0,,0,EACH,04EE2x06-IV,CORDG & CHAIN,MM
271694,WEBBING SLING / POLYESTER / COLOUR BROWN / DUPLEX / BECKET EYE / F.O.S 7:1 / MANUFACTURED TO BSEN 1492:1 / CE MARK / S.W,حزام منسوج / بوليستر / لون بني / مزدوج / حلقة بيكت / FOS 7:1 / مصنّع وفقًا للمواصفة BSEN 1492:1 / علامة CE / SW,MIN_MAX,RS-GUPCO,0,01 a 34,0,EACH,~,CORDG & CHAIN,MM
271701,WEBBING SLING / POLYESTER / COLOUR ORANGE / DUPLEX / BECKET EYE / F.O.S 7:1 / MANUFACTURED TO BSEN 1492:1 / CE MARK / S.,حزام منسوج / بوليستر / اللون برتقالي / مزدوج / حلقة بيكيت / FOS 7:1 / مصنعة وفقًا للمواصفة BSEN 1492:1 / علامة CE / S.,SURPLUS,RS-GUPCO,5,01A32E,0,EACH,~,CORDG & CHAIN,MM
282624,"WASHER PLAIN TYPE A FLAT  WIDE , .63, P/NO. 95947651, FOR  IR  Ingersoll Rand model EP-100","غسالة عادية من النوع A مسطحة عريضة، 0.63، رقم القطعة 95947651، لطراز IR Ingersoll Rand EP-100",INSURANCE_SPARE,RS-GUPCO,0,02w23d,0,EACH,95947651,COMPRESSOR USA,MM
282306,"Seal -O-Ring P.No.8L-2779 (Lines GP-Fuel Injection) for Caterpillar diesel  Engine,  Engine Model : 3406C  ,  Engine Ser","حلقة مانعة للتسرب - حلقة دائرية رقم 8L-2779 (خطوط حقن الوقود) لمحرك ديزل كاتربيلر، طراز المحرك: 3406C، رقم تسلسل المحرك",INSURANCE_SPARE,RS-GUPCO,0,,0,EACH,10CA8L2779,CATERPILLAR,MM
282307,"Gasket,exhust manifold(center)P.No. 102-8501 for Caterpillar diesel  Engine,  Engine Model : 3406C  ,  Engine Serial No.","حشية مشعب العادم (المركزي) رقم القطعة 102-8501 لمحرك ديزل كاتربيلر، طراز المحرك: 3406C، الرقم التسلسلي للمحرك.",INSURANCE_SPARE,RS-GUPCO,0,04/ M 12 F,0,EACH,1299452,CATERPILLAR,MM
282308,"V-belts ,P/N: 6N-6656DF for Caterpillar diesel  Engine, Engine Model : 3406C , Engine Serial No. 6TB26272 Ar.no. : 109-1","أحزمة على شكل حرف V، رقم القطعة: 6N-6656DF لمحرك ديزل من نوع كاتربيلر، طراز المحرك: 3406C، الرقم التسلسلي للمحرك: 6TB26272، رقم القطعة: 109-1",MIN_MAX,RS-GUPCO,0,03R35B,0,SET,6N-6656,BELT/TRANSMIT,MM
282309,"Seal-O-Ring P.No.117-1385 (Lines GP-Fuel Injection)  for Caterpillar diesel  Engine,  Engine Model : 3406C  ,  Engine Se","حلقة مانعة للتسرب رقم 117-1385 (خطوط حقن الوقود) لمحرك ديزل كاتربيلر، طراز المحرك: 3406C، محرك SE",PLANNED_WO,RS-GUPCO,0,04/ M 12 F,0,EACH,117-1385,CATERPILLAR,MM
282310,"Line As. Fuel Injection (Cylinder No.6)  P.No.191-7946  for Caterpillar diesel  Engine,  Engine Model : 3406C  ,  Engine","خط حقن الوقود (الأسطوانة رقم 6) رقم القطعة 191-7946 لمحرك ديزل كاتربيلر، طراز المحرك: 3406C، محرك",INSURANCE_SPARE,RS-GUPCO,0,,0,EACH,191-7946,CATERPILLAR,MM
282311,"Line As. Fuel Injection (Cylinder No.5)  P.No.191-7945  for Caterpillar diesel  Engine,  Engine Model : 3406C  ,  Engine","خط حقن الوقود (الأسطوانة رقم 5) رقم القطعة 191-7945 لمحرك ديزل كاتربيلر، طراز المحرك: 3406C، محرك",INSURANCE_SPARE,RS-GUPCO,0,04 K23 F,0,EACH,191-7945,CATERPILLAR,MM
282312,"Line As. Fuel Injection (Cylinder No.4)  P.No.191-7944  for Caterpillar diesel  Engine,  Engine Model : 3406C  ,  Engine","خط حقن الوقود (الأسطوانة رقم 4) رقم القطعة 191-7944 لمحرك ديزل كاتربيلر، طراز المحرك: 3406C، محرك",INSURANCE_SPARE,RS-GUPCO,0,04 K23 F,0,EACH,191-7944,CATERPILLAR,MM
282313,"Line As. Fuel Injection (Cylinder No.3)  P.No.191-7943  for Caterpillar diesel  Engine,  Engine Model : 3406C  ,  Engine","خط حقن الوقود (الأسطوانة رقم 3) رقم القطعة 191-7943 لمحرك ديزل كاتربيلر، طراز المحرك: 3406C، محرك",INSURANCE_SPARE,RS-GUPCO,0,,0,EACH,191-7943,CATERPILLAR,MM
282160,"Head shaft item 608, used for goulds pump model 4x9 AHC, 12 STG., Ref. S/N. 314064 (these materials should be made in US","عمود رأسي، رقم القطعة 608، يُستخدم لمضخة غولدز طراز 4x9 AHC، 12 مجموعة، الرقم المرجعي 314064 (يجب أن تكون هذه المواد مصنعة في الولايات المتحدة الأمريكية).",INSURANCE_SPARE,RS-GUPCO,0,,7907177,EACH,B00017FTCE 2216,PUMP MISC,PU
109631,MECHANICAL SEAL COMPLETE WITH GLAND AND SLEEVE J.C'' SIZE 1.34'' TYPE 8B1-0 MAT CODE XD1O81 DWG NO CF-SP-40273 (The stat,"مانع تسرب ميكانيكي كامل مع غدة وغطاء JC، مقاس 1.34 بوصة، نوع 8B1-0، رمز المادة XD1O81، رقم الرسم CF-SP-40273 (الحالة)",PLANNED_WO,RS-GUPCO,1,02G32B,7907176,EACH,89322766,BELT/TRANSMIT,PU
271430,"MOTOR  HALF COUPLING REF. NO. 529 , PART NO. 170292-IC","نصف وصلة المحرك، رقم المرجع 529، رقم القطعة 170292-IC",PLANNED_WO,RS-GUPCO,0,,7902304,EACH,170292-IC,PUMP MISC,PU
274793,FUEL TRANSFER PUMP P/N 313-7770 Used for R#6 New Diesel Gen. 3512 S/N LY700385  Manu. CATERPILLAR,"مضخة نقل الوقود، رقم القطعة 313-7770، تُستخدم مع محرك الديزل الجديد R#6، رقم الموديل 3512، الرقم التسلسلي LY700385، من إنتاج شركة كاتربيلر.",MIN_MAX,RS-GUPCO,0,,0,EACH,313-7770,CATERPILLAR,MM
288202,"Pump Shaft, P/NO. D02057E0692216, P/F:  GOULDS Vertical Pumps Model CV 3171 Group M Size 3X4-13 in CD4MCUN With 316SS Co","عمود مضخة، رقم القطعة D02057E0692216، رقم القطعة: مضخات غولدز العمودية، طراز CV 3171، المجموعة M، المقاس 3X4-13 بوصة، CD4MCUN، مصنوع من الفولاذ المقاوم للصدأ 316",INSURANCE_SPARE,RS-GUPCO,0,,7907024,EACH,D02057E0692216,PUMP MISC,PU
288203,"Deflector, P/NO. A00187B02M0D, P/F:  GOULDS Vertical Pumps Model CV 3171 Group M Size 3X4-13 in CD4MCUN With 316SS Colum","عاكس، رقم القطعة A00187B02M0D، نوع المنتج: مضخات عمودية من غولدز، طراز CV 3171، مجموعة M، مقاس 3×4-13 بوصة CD4MCUN، مع عمود من الفولاذ المقاوم للصدأ 316",PLANNED_WO,RS-GUPCO,0,,7907024,EACH,A00187B02 5121,PUMP MISC,PU
288216,"Stdy. Brg. Hsg, P/NO. C00800B01, P/F:  GOULDS Vertical Pumps Model CV 3171 Group M Size 3X4-13 in CD4MCUN With 316SS Col","مخزن قياسي، رقم القطعة C00800B01، رقم الصنف: مضخات عمودية من غولدز، طراز CV 3171، مجموعة M، مقاس 3×4-13 بوصة، CD4MCUN، مع عمود من الفولاذ المقاوم للصدأ 316",PLANNED_WO,RS-GUPCO,0,,7907024,EACH,C00800B01,PUMP MISC,PU
288221,"Column (Ext.), P/NO. B00318B02, P/F:  GOULDS Vertical Pumps Model CV 3171 Group M Size 3X4-13 in CD4MCUN With 316SS Colu","عمود (امتداد)، رقم القطعة B00318B02، نوع المنتج: مضخات غولدز العمودية، طراز CV 3171، المجموعة M، المقاس 3X4-13 بوصة CD4MCUN، مع عمود من الفولاذ المقاوم للصدأ 316",PLANNED_WO,RS-GUPCO,0,,7907024,EACH,B00318B02,PUMP MISC,PU
288229,"Retg. Rng. Shaft, P/NO. A00173B, P/F:  GOULDS Vertical Pumps Model CV 3171 Group M Size 3X4-13 in CD4MCUN With 316SS Col","عمود حلقة التثبيت، رقم القطعة A00173B، رقم القطعة: مضخات غولدز العمودية، طراز CV 3171، المجموعة M، المقاس 3X4-13 بوصة CD4MCUN، مع عمود من الفولاذ المقاوم للصدأ 316",PLANNED_WO,RS-GUPCO,0,,7907024,EACH,A00173B,PUMP MISC,PU
288230,"O-Ring Impeller, P/NO. C02495A028, P/F:  GOULDS Vertical Pumps Model CV 3171 Group M Size 3X4-13 in CD4MCUN With 316SS C","مروحة بحلقة مانعة للتسرب، رقم القطعة C02495A028، رقم الصنف: مضخات غولدز العمودية، طراز CV 3171، المجموعة M، المقاس 3X4-13 بوصة، CD4MCUN، مع فولاذ مقاوم للصدأ 316",PLANNED_WO,RS-GUPCO,0,,7907024,EACH,C02495A028,PUMP MISC,PU
288231,"Jam Nut, P/NO. 49507-57, P/F:  GOULDS Vertical Pumps Model CV 3171 Group M Size 3X4-13 in CD4MCUN With 316SS Column used","صامولة تثبيت، رقم القطعة 49507-57، رقم القطعة: مضخات غولدز العمودية، طراز CV 3171، المجموعة M، المقاس 3X4-13 بوصة، CD4MCUN، مع عمود من الفولاذ المقاوم للصدأ 316.",INSURANCE_SPARE,RS-GUPCO,0,02/V25B,7907024,EACH,49507-57,PUMP MISC,PU
288232,"O-Ring, P/NO. C02495A220, P/F:  GOULDS Vertical Pumps Model CV 3171 Group M Size 3X4-13 in CD4MCUN With 316SS Column use","حلقة مانعة للتسرب، رقم القطعة C02495A220، رقم الصنف: مضخات غولدز العمودية، طراز CV 3171، المجموعة M، المقاس 3X4-13 بوصة، CD4MCUN، مع عمود من الفولاذ المقاوم للصدأ 316.",INSURANCE_SPARE,RS-GUPCO,0,02/V25B,7907024,EACH,C02495A2206359,PUMP MISC,PU
288467,"AIR STARTER STRAINER P/NO. 209942B, USED FOR WAUKESHA GAS ENGINES","مصفاة بادئ تشغيل الهواء، رقم القطعة 209942B، تُستخدم لمحركات الغاز من نوع واكيشا.",PLANNED_WO,RS-GUPCO,0,,0,EACH,209942B,ENGINE USA,MM
276508,"SHAFT FOR FUEL TRANSFER PUMP GROUP , PART NO. 7L7576 , PARTS FOR CATERPILLAR","عمود مجموعة مضخة نقل الوقود، رقم القطعة 7L7576، قطع غيار لشركة كاتربيلر",INSURANCE_SPARE,RS-GUPCO,0,04 K22 F,0,EACH,1CA7L7576,CATERPILLAR,MM
109996,"BEARING,BALL ANGULAR CONTACT SINGLE ROW MEDIUM (30 0)SERIES STRIB STEEL RETAINER ID:3.5433 IN OD:7.48 03 IN.W:1.6929 IN","محمل كروي ذو تلامس زاوي، صف واحد، متوسط (سلسلة 30 0)، حامل فولاذي شريطي، القطر الداخلي: 3.5433 بوصة، القطر الخارجي: 7.4803 بوصة، العرض: 1.6929 بوصة",PLANNED_WO,RS-GUPCO,0,,3110102,EACH,7318B,BR/SL/S.PLG/FLT,PU
177616,"COUPLING, PUMP SHAFT (these materials should be made in USA and don't substitute)","وصلة، عمود المضخة (يجب أن تكون هذه المواد مصنوعة في الولايات المتحدة الأمريكية ولا يمكن استبدالها)",PLANNED_WO,RS-GUPCO,0,,7907176,EACH,A0090F119 5914,PUMP MISC,PU
164868,"DISCHARGE HEAD, ITEM 600","رأس التفريغ، رقم الصنف 600",PLANNED_WO,RS-GUPCO,0,,7907134,EACH,D3126F021 8510,PUMP MISC,PU
137203,"COUPLING, COLUMN FOR S/N.305488-1 & 2 ITEM NO.645","وصلة عمود للرقم التسلسلي 305488-1 و2، رقم الصنف 645",INSURANCE_SPARE,RS-GUPCO,0,02U22A,7907134,EACH,B10461F003 6531,PUMP MISC,PU
271237,"Gasket, Discharge Valve Cover A. R. F. SYBTHANE, CAT. NO. 617-A6200/1, PARTS  FOR Glycol Pumps","حشية غطاء صمام التفريغ من شركة A. R. F. SYBTHANE، رقم الصنف 617-A6200/1، قطع غيار لمضخات الجليكول",INSURANCE_SPARE,RS-GUPCO,0,02Q01D,7321122,EACH,617A0620001T51000,PUMP CENTRIFUG,PU
271238,"Stuffing Box, gasket Spiral Wound, CAT. NO. 622-B6475/1, PARTS FOR Glycol Pumps","صندوق حشو، حشية حلزونية، رقم الصنف 622-B6475/1، قطع غيار لمضخات الجليكول",INSURANCE_SPARE,RS-GUPCO,0,02/ Q 01 E,7321122,EACH,622B0647501R20501,PUMP CENTRIFUG,PU
269625,"V-BELT, 5VX1030 WEDGE TYPE HEAVY DUTY FUGURE , MANF. ""GATES"" USA (USED FOR PH#4 GAS GEN. # A,B & DIESEL GEN. ) ,","حزام على شكل حرف V، 5VX1030 من النوع الوتدي شديد التحمل، من إنتاج شركة ""GATES"" الأمريكية (يستخدم لمولدات الغاز PH#4 رقم A وB ومولدات الديزل).",INSURANCE_SPARE,RS-GUPCO,0,03R37B,0,EACH,5VX1030,BELT/TRANSMIT,MM
110024,"BEARING INNER HORIZONTAL,""TIMKEN""  P/N. HH224310.H H224346 ITEM NO. 603","محمل داخلي أفقي، ""تيمكين"" رقم القطعة HH224310.H H224346 رقم الصنف 603",INSURANCE_SPARE,RS-GUPCO,0,02/f24h,3101204,EACH,HH224346,BR/SL/S.PLG/FLT,PU
278789,"Bushing throat no. 847-1 used for union pump 3X4X9 VCM, S/No. 880081X10","حلقة الوصل رقم 847-1 تُستخدم لمضخة وصلة 3X4X9 VCM، الرقم التسلسلي 880081X10",INSURANCE_SPARE,RS-GUPCO,0,02Q01G,7321115,EACH,847A0233000U21500,PUMP CENTRIFUG,PU
109662,"KIT, REPAIR SEND COMPLETELY CONSIST OF:            -MATING RING         P/N. D-2250-864-9200          -O-RING",طقم إصلاح كامل يتكون من: - حلقة مطابقة رقم القطعة D-2250-864-9200 - حلقة مانعة للتسرب,PLANNED_WO,RS-GUPCO,2,02G38E,3003112,EACH,~,BELT/TRANSMIT,PU
274768,"BEARING END COVER, (THRUST END), PART NO. (60166113)","غطاء طرف المحمل (طرف الدفع)، رقم القطعة (60166113)",MIN_MAX,RS-GUPCO,0,02T11G,7909106,EACH,,PUMP MISC,PU
145354,"ADAPTER,","محول،",INSURANCE_SPARE,RS-GUPCO,0,,7113408,EACH,3N3017,CATERPILLAR,MM
282713,"Ring, Gear Retainer, P/NO. 54396122, (INGERSOLL RAND GENUINE PARTS , MADE IN USA AND PROVIDE ORGINE CERTIFICATE , DO NOT","حلقة تثبيت التروس، رقم القطعة 54396122، (قطع غيار أصلية من إنجرسول راند، صنع في الولايات المتحدة الأمريكية، مع تقديم شهادة المنشأ، لا تقم باستبدالها).",PLANNED_WO,RS-GUPCO,0,,0,EACH,54396122,COMPRESSOR USA,MM
282838,"Union,  1.88 SAE,","الاتحاد، 1.88 SAE،",PLANNED_WO,RS-GUPCO,0,02w23g,0,EACH,39479944,COMPRESSOR USA,MM
283894,"""Manually operated Lever hoist in accordance with BSEN 13157:2004+A1:2009 SWL 6 te","رافعة يدوية التشغيل وفقًا للمعيار BSEN 13157:2004+A1:2009، حمولة التشغيل الآمنة 6 طن",INSURANCE_SPARE,RS-GUPCO,2,,0,EACH,~,CORDG & CHAIN,MM
288197,"Casing, P/NO. D06934A, P/F:  GOULDS Vertical Pumps Model CV 3171 Group M Size 3X4-13 in CD4MCUN With 316SS Column used a","غلاف، رقم القطعة D06934A، رقم الصنف: مضخات غولدز العمودية، طراز CV 3171، المجموعة M، مقاس 3X4-13 بوصة CD4MCUN، مع عمود من الفولاذ المقاوم للصدأ 316.",INSURANCE_SPARE,RS-GUPCO,0,01/E30H,7907024,EACH,D06934A,PUMP MISC,PU
288198,"Impeller, P/NO. D06909A, P/F:  GOULDS Vertical Pumps Model CV 3171 Group M Size 3X4-13 in CD4MCUN With 316SS Column used","مروحة، رقم القطعة D06909A، رقم الصنف: مضخات غولدز العمودية، طراز CV 3171، المجموعة M، مقاس 3X4-13 بوصة CD4MCUN، مع عمود من الفولاذ المقاوم للصدأ 316.",INSURANCE_SPARE,RS-GUPCO,0,02/V27B,7907024,EACH,D06909A,PUMP MISC,PU
288201,"Relif Fitting, P/NO. 72416-0300, P/F:  GOULDS Vertical Pumps Model CV 3171 Group M Size 3X4-13 in CD4MCUN With 316SS Col","وصلة تخفيف الضغط، رقم القطعة 72416-0300، رقم الصنف: مضخات غولدز العمودية، طراز CV 3171، المجموعة M، المقاس 3X4-13 بوصة، CD4MCUN، مع لون 316SS",PLANNED_WO,RS-GUPCO,0,,7907024,EACH,724160300,PUMP MISC,PU
288327,"ITT GOULDS Bowl assembly, Model VIT-FF, Size 18BLC, 2-Stg, S/No. 308707.","مجموعة وعاء ITT GOULDS، طراز VIT-FF، حجم 18BLC، 2-Stg، رقم التسلسل 308707.",INSURANCE_SPARE,RS-GUPCO,0,07YARD,7907159,EACH,~,PUMP MISC,PU
282779,"Gasket, P/No. G455","حشية، رقم القطعة G455",PLANNED_WO,RS-GUPCO,0,,3118211,EACH,G455,BR/SL/S.PLG/FLT,PU
282781,Shims kit consits of shims P/No. G2000& shims P/No. G304,تتكون مجموعة الحشوات من حشوات رقم G2000 وحشوات رقم G304,PLANNED_WO,RS-GUPCO,0,,3118211,SET,~,BR/SL/S.PLG/FLT,PU
283017,"Bearing suction item 690, Used for Goulds Pump Type VIT-FF, Size 6x12 JMO, 3 Stage, SN: T309533","محمل شفط رقم 690، يُستخدم لمضخة غولدز من النوع VIT-FF، مقاس 6x12 JMO، 3 مراحل، الرقم التسلسلي: T309533",PLANNED_WO,RS-GUPCO,0,,7907173,EACH,H74400F000 1618,PUMP MISC,PU
282608,"Clamp Gear, P/NO. 35255827, FOR IR Ingersoll Rand model EP-100 ,","ترس التثبيت، رقم القطعة 35255827، لطراز IR Ingersoll Rand EP-100،",INSURANCE_SPARE,RS-GUPCO,0,02U38,0,EACH,35255827,COMPRESSOR USA,MM
198107,"ELEMENT, AIR SECONDARY P/N.142-1403 CAT ENGINE","عنصر، هواء ثانوي، رقم القطعة 142-1403، محرك كاتربيلر",INSURANCE_SPARE,RS-GUPCO,0,05E07A,0,EACH,1CA142-1403,CATERPILLAR,MM
286224,"Gasket Kit for aftercooler & lines used for CAT Engine Model D-3412 S/N:38S21318, A/N:7W-8648","طقم حشيات للمبرد اللاحق والأنابيب المستخدمة لمحرك CAT طراز D-3412، الرقم التسلسلي: 38S21318، رقم التطبيق: 7W-8648",INSURANCE_SPARE,RS-GUPCO,0,04/M22 A,0,EACH,1CA1247570,CATERPILLAR,MM
288585,Pressure Switch,مفتاح ضغط,INSURANCE_SPARE,RS-GUPCO,0,02/L16D,0,EACH,ZPRS22,AUTO SHOP EQUIP,MM
290787,"Buna-N gasket , for Peco 110V-2C18-4 S13 diesel fuel filter at R#6 P/F P/N : 14695","حشية من مادة بونا-إن، لفلتر وقود الديزل بيكو 110V-2C18-4 S13 عند R#6 P/F P/N : 14695",PLANNED_WO,RS-GUPCO,0,,0,EACH,14695,BR/SL/S.PLG/FLT,MM
289699,"Nut, Impeller, Item 821-1, P/N: 821A9008302F11513","صامولة، مروحة، رقم الصنف 821-1، رقم القطعة: 821A9008302F11513",INSURANCE_SPARE,RS-GUPCO,0,02/S24C,7321118,EACH,821A9008302F11513,PUMP CENTRIFUG,PU
289693,"Gland, Seal Chamber,VLK, P/N.: 807B0361501B22100","غدة، حجرة ختم، VLK، رقم القطعة: 807B0361501B22100",INSURANCE_SPARE,RS-GUPCO,0,02/S24B,7321118,EACH,807B0361501B22100,PUMP CENTRIFUG,PU
290506,"Turbocharger P. NO. 1830735C92 , for Perkins Engine Series 1300, Engine Model : GCB 330 ,  Engine Serial No. WS4418N1415","شاحن توربيني رقم القطعة 1830735C92، لمحرك بيركنز من السلسلة 1300، طراز المحرك: GCB 330، الرقم التسلسلي للمحرك: WS4418N1415",INSURANCE_SPARE,RS-GUPCO,0,02R49H,0,EACH,4307240R91,ENGINE USA,MM
290505,"Water pump P. NO. 1830606C95 , for Perkins Engine Series 1300, Engine Model : GCB 330 ,  Engine Serial No. WS4418N14159","مضخة مياه رقم القطعة 1830606C95، لمحرك بيركنز من السلسلة 1300، طراز المحرك: GCB 330، الرقم التسلسلي للمحرك: WS4418N14159",INSURANCE_SPARE,RS-GUPCO,0,02R49A,0,EACH,1830606C95,ENGINE USA,MM
289698,"Ring,Wear-Casing, Item 808-1,2, P/N.: 808A0196502A11100","حلقة، حافظة مقاومة للتآكل، رقم الصنف 808-1،2، رقم القطعة: 808A0196502A11100",INSURANCE_SPARE,RS-GUPCO,0,02/S24C,7321118,EACH,808A0196502A11100,PUMP CENTRIFUG,PU
109886,V-belt P/N CX69,حزام V رقم القطعة CX69,MIN_MAX,RS-GUPCO,0,03C26C,0,EACH,CX69,BELT/TRANSMIT,MM
289696,"Impeller, V/H, 6x6x10, Item 805, P/N.: 805C0193011B44500","مروحة، رأسية/أفقية، 6×6×10، رقم الصنف 805، رقم القطعة: 805C0193011B44500",INSURANCE_SPARE,RS-GUPCO,0,02/S24B,7321118,EACH,805C0193011B44500,PUMP CENTRIFUG,PU
289701,"Shim, Assy., Shaft Spacer, Item 828, P/N.: 001225","حشوة، مجموعة، فاصل عمود، رقم الصنف 828، رقم القطعة: 001225",INSURANCE_SPARE,RS-GUPCO,0,02/S24C,7321118,EACH,1225,PUMP CENTRIFUG,PU
290909,"TUBE,   FOR AIR END (EP60), P/N 93481570","أنبوب، لوحدة ضغط الهواء (EP60)، رقم القطعة 93481570",INSURANCE_SPARE,RS-GUPCO,0,,0,EACH,93481570,COMPRESSOR USA,MM
290910,"HOSE PLASTIC ,  FOR AIR END (EP60), P/N 39497847 , CERTIFICATE ARE REQUIRED","خرطوم بلاستيكي، لوحدة ضغط الهواء (EP60)، رقم القطعة 39497847، يلزم وجود شهادة.",PLANNED_WO,RS-GUPCO,0,,0,METER,39497847,COMPRESSOR USA,MM
291237,"SEAL- O-RING , P/N 5P-8211 , for C32 Diesel Gen.  S.No. JSJ02015 (Genuine Part Don't Substitute)","حلقة مانعة للتسرب، رقم القطعة 5P-8211، لمحرك الديزل C32، رقم التسلسل JSJ02015 (قطعة أصلية، لا تستخدم بديلاً)",MIN_MAX,RS-GUPCO,0,03A04H,0,EACH,5CA5P8211,CATERPILLAR,MM
291260,"INJECTOR GP-FUEL , P/N 295-9085 , for C32 Diesel Gen.  S.No. JSJ02015 (Genuine Part Don't Substitute)","حاقن وقود GP، رقم القطعة 295-9085، لمحركات الديزل C32، الرقم التسلسلي العام JSJ02015 (قطعة أصلية، لا تستخدم بديلاً)",PLANNED_WO,RS-GUPCO,0,04M20B,0,EACH,295-9085,CATERPILLAR,MM
291256,"SENSOR GP-LIQUID LEVEL (COOLANT) , P/N 204-2518 , for C32 Diesel Gen.  S.No. JSJ02015 (Genuine Part Don't Substitute)","مستشعر مستوى السائل (سائل التبريد)، رقم القطعة 204-2518، لمحركات الديزل C32، الرقم التسلسلي العام JSJ02015 (قطعة أصلية، لا تستخدم بديلاً)",INSURANCE_SPARE,RS-GUPCO,0,04/M20,0,EACH,1CA5003087,CATERPILLAR,MM
291263,"SEAL-O-RING , P/N 230-3775, for C32 Diesel Gen. S.No. JSJ02015 (Genuine Part Don't Substitute)","حلقة مانعة للتسرب، رقم القطعة 230-3775، لمحركات الديزل C32، رقم التسلسل JSJ02015 (قطعة أصلية، لا تستخدم بديلاً)",MIN_MAX,RS-GUPCO,0,03/A04H,0,EACH,10CA2303775,CATERPILLAR,MM
291234,"Element-Water Separator , P/N 326-1641 , for C32 Diesel Gen. S.No. JSJ02015  (Genuine Part Don't Substitute)","فاصل الماء عن العنصر، رقم القطعة 326-1641، لمولد الديزل C32، رقم التسلسل JSJ02015 (قطعة أصلية، لا تستخدم بديلاً)",MIN_MAX,RS-GUPCO,0,05D12A,0,EACH,12CA3261641,CATERPILLAR,MM
291257,"STARTING MOTOR GP-ELECTRIC (24-VOLT) , P/N 6V-0885 , for C32 Diesel Gen.  S.No. JSJ02015 (Genuine Part Don't Substitute)","محرك بدء التشغيل GP-ELECTRIC (24 فولت)، رقم القطعة 6V-0885، لمولد الديزل C32، رقم التسلسل JSJ02015 (قطعة أصلية، لا تستخدم بديلاً)",INSURANCE_SPARE,RS-GUPCO,0,01AD14H,0,EACH,1CA3383454,CATERPILLAR,MM
291231,"Filter Element As-Air (Primary) P/N 226-2779 , for C32 Diesel Gen.  S.No. JSJ02015 (Genuine Part Don't Substitute)","عنصر فلتر الهواء (الابتدائي) رقم القطعة 226-2779، لمولد الديزل C32 رقم التسلسل JSJ02015 (قطعة أصلية، لا تستخدم بديلاً)",MIN_MAX,RS-GUPCO,0,05D10H,0,EACH,226-2779,CATERPILLAR,MM
291235,"V-Belt (Fan Drive) , P/N 9L-6649 , for C32 Diesel Gen.  S.No. JSJ02015 (Genuine Part Don't Substitute)","سير على شكل حرف V (محرك المروحة)، رقم القطعة 9L-6649، لمحركات الديزل C32، رقم التسلسل JSJ02015 (قطعة أصلية، لا تستخدم بديلاً)",INSURANCE_SPARE,RS-GUPCO,0,03/R45B,0,SET,6N9158,BELT/TRANSMIT,MM
291252,"SEALO-RING , P/N 5P-8068 , for C32 Diesel Gen.  S.No. JSJ02015 (Genuine Part Don't Substitute)","حلقة مانعة للتسرب، رقم القطعة 5P-8068، لمحرك الديزل C32، رقم التسلسل العام JSJ02015 (قطعة أصلية، لا تستخدم بديلاً)",MIN_MAX,RS-GUPCO,0,03/A04H,0,EACH,5CA5P8068,CATERPILLAR,MM
291253,"SENSOR ENGINE CAMSHAFT TIMING , P/N 201-6616 , for C32 Diesel Gen.  S.No. JSJ02015 (Genuine Part Don't Substitute)","مستشعر توقيت عمود الكامات للمحرك، رقم القطعة 201-6616، لمحركات الديزل C32، الرقم التسلسلي العام JSJ02015 (قطعة أصلية، لا تستخدم بديلاً)",INSURANCE_SPARE,RS-GUPCO,0,04M20A,0,EACH,201-6616,CATERPILLAR,MM
291258,"PUMP GP-FUEL TRANSFER , P/N 286-2531 , for C32 Diesel Gen.  S.No. JSJ02015 (Genuine Part Don't Substitute)","مضخة نقل الوقود، رقم القطعة 286-2531، لمحرك الديزل C32، رقم التسلسل العام JSJ02015 (قطعة أصلية، لا تستخدم بديلاً)",INSURANCE_SPARE,RS-GUPCO,0,04/M20,0,EACH,1CA3941397,CATERPILLAR,MM
291259,"SEAL-O-RING , P/N 8C-3089 , for C32 Diesel Gen.  S.No. JSJ02015 (Genuine Part Don't Substitute)","حلقة مانعة للتسرب، رقم القطعة 8C-3089، لمحركات الديزل C32، رقم التسلسل JSJ02015 (قطعة أصلية، لا تستخدم بديلاً)",INSURANCE_SPARE,RS-GUPCO,0,03A04H,0,EACH,1CA8C3089,CATERPILLAR,MM
291305,"Elbow,0.13NPT*0.25tube for inlet valve assembly P/N:39155577","كوع، 0.13NPT*0.25 أنبوب لمجموعة صمام المدخل، رقم القطعة: 39155577",INSURANCE_SPARE,RS-GUPCO,0,02U40,0,EACH,39155577,COMPRESSOR USA,MM
291233,"Filter Fuel , P/N 1R-0755 , for C32 Diesel Gen., S.No. JSJ02015 (Genuine Part Don't Substitute)","فلتر وقود، رقم القطعة 1R-0755، لمولد الديزل C32، الرقم التسلسلي JSJ02015 (قطعة أصلية، لا تستخدم بديلاً)",MIN_MAX,RS-GUPCO,0,05D12H,0,EACH,6CA1R0755,CATERPILLAR,MM
291255,"SENSOR TEMP., P/N 264-4297 , for C32 Diesel Gen.  S.No. JSJ02015 (Genuine Part Don't Substitute)","مستشعر درجة الحرارة، رقم القطعة 264-4297، لمحركات الديزل C32، رقم التسلسل العام JSJ02015 (قطعة أصلية، لا تستخدم بديلاً)",MIN_MAX,RS-GUPCO,0,04K15C,0,EACH,1CA2644297,CATERPILLAR,MM
291254,"SENSOR ENGINE OIL PRESSURE , P/N 274-6719 , for C32 Diesel Gen. S.No. JSJ02015 (Genuine Part Don't Substitute","حساس ضغط زيت المحرك، رقم القطعة 274-6719، لمحركات الديزل C32، الرقم التسلسلي العام JSJ02015 (قطعة أصلية، لا تستخدم بديلاً).",INSURANCE_SPARE,RS-GUPCO,0,04/M20,0,EACH,1CA2746719,CATERPILLAR,MM
291236,"SEAL - Valve Cover ( Valve Mechanism) , P/N 224-7506 , for C32 Diesel Gen.  S.No. JSJ02015 (Genuine Part Don't Substitut","مانع تسرب - غطاء الصمام (آلية الصمام)، رقم القطعة 224-7506، لمحركات الديزل C32، الرقم التسلسلي العام JSJ02015 (قطعة أصلية، لا تستخدم بديلاً).",INSURANCE_SPARE,RS-GUPCO,0,03A08D,0,EACH,1CA2247506,CATERPILLAR,MM
291262,"SEAL-O-RING , P/N 230-3728 , for C32 Diesel Gen.  S.No. JSJ02015 (Genuine Part Don't Substitute)","حلقة مانعة للتسرب، رقم القطعة 230-3728، لمحركات الديزل C32، رقم التسلسل JSJ02015 (قطعة أصلية، لا تستخدم بديلاً)",MIN_MAX,RS-GUPCO,0,03A04H,0,EACH,230-3728,CATERPILLAR,MM
291261,"SEAL-O-RING , P/N 9X-7317 , for C32 Diesel Gen.  S.No. JSJ02015 (Genuine Part Don't Substitute)","حلقة مانعة للتسرب، رقم القطعة 9X-7317، لمحرك الديزل C32، رقم التسلسل JSJ02015 (قطعة أصلية، لا تستخدم بديلاً)",MIN_MAX,RS-GUPCO,0,03A04H,0,EACH,9X-7317,CATERPILLAR,MM
291264,"PUMP GP-WATER (BASIC) , P/N 216-0657 , for C32 Diesel Gen.  S.No. JSJ02015 (Genuine Part Don't Substitute)","مضخة مياه عامة (أساسية)، رقم القطعة 216-0657، لمولد الديزل C32، رقم التسلسل JSJ02015 (قطعة أصلية، لا تستخدم بديلاً)",INSURANCE_SPARE,RS-GUPCO,0,04M20C,0,EACH,1CA3520202,CATERPILLAR,MM
291407,"Radiator for engine model D3406 , S/N:2GG00925 , Arr/N:150-2981","مشعاع لمحرك طراز D3406، الرقم التسلسلي: 2GG00925، رقم التوريد: 150-2981",PLANNED_WO,RS-GUPCO,0,,0,EACH,1421928,CATERPILLAR,MM
291232,"Filter Element As-Air (Secondary) P/N 208-9066 , for C32 Diesel Gen.  S.No. JSJ02015 (Genuine Part Don't Substitute)","عنصر فلتر الهواء (ثانوي) رقم القطعة 208-9066، لمحركات الديزل C32، رقم التسلسل العام JSJ02015 (قطعة أصلية، لا تستخدم بديلاً)",MIN_MAX,RS-GUPCO,0,05D12A,0,EACH,208-9066,CATERPILLAR,MM
291304,Cartridge Assembly P/N 1CA1N3999 for turbocharger of engine caterpillar model D-3408,مجموعة خرطوشة رقم القطعة 1CA1N3999 لشاحن توربيني لمحرك كاتربيلر طراز D-3408,INSURANCE_SPARE,RS-GUPCO,0,04/U17D,0,EACH,1CA1N3999,CATERPILLAR,MM
290908,"SUPPORT ,  FOR AIR END (EP60), P/N 54418553","دعامة لوحدة ضغط الهواء (EP60)، رقم القطعة 54418553",INSURANCE_SPARE,RS-GUPCO,0,02 U40B,0,EACH,85540888,COMPRESSOR USA,MM
290907,"MOUNT ,CENTER BONDED FOR AIR END (EP60), P/N 39326210","حامل مركزي ملحوم لوحدة ضغط الهواء (EP60)، رقم القطعة 39326210",INSURANCE_SPARE,RS-GUPCO,0,03/ B31B,0,EACH,39326210,COMPRESSOR USA,MM
297802,"Inboard Seal, 1.610"" OAL SPLIT TWO PIECE XXD WITH TANG,BUMPERS, DOUBLE D-GROOVE, DWG. No. T2200-A-68943-5 as drawing att","مانع تسرب داخلي، طول إجمالي 1.610 بوصة، قطعتان مقسمتان XXD مع لسان، مصدات، أخدود مزدوج على شكل حرف D، رقم الرسم T2200-A-68943-5 كما هو موضح في الرسم المرفق",MIN_MAX,RS-GUPCO,0,02G61F,7902108,EACH,T2200-A-68921-5,BR/SL/S.PLG/FLT,PU
297798,"Outboard Seal, 1.610"" OAL SPLIT TWO PIECE XXD WITH TANG, BUMPERS, DOUBLE D-GROOVE, DWG NO. T2200-A-68921-5 as drawing at","مانع تسرب خارجي، طول إجمالي 1.610 بوصة، قطعتان مقسمتان XXD مع لسان، مصدات، أخدود مزدوج على شكل حرف D، رقم الرسم T2200-A-68921-5 كما هو موضح في الرسم رقم",MIN_MAX,RS-GUPCO,0,02G61E,7902108,EACH,T2200-A-68921-5,BR/SL/S.PLG/FLT,PU
203480,"PULLY, CRANK SHAFT 10""  P/NO.200595F","بكرة عمود المرفق 10 بوصة، رقم القطعة 200595F",INSURANCE_SPARE,RS-GUPCO,0,01C13C,6923015,EACH,200595G,ENGINE USA,MM
296321,"Gland, P/N 287028DB , Mat. 316SS for mech. Seal U-2250, bored for 1.5"" shaft, DWG. No. 2R0570, the gland is having 6 hol","حلقة مانعة للتسرب، رقم القطعة 287028DB، مصنوعة من الفولاذ المقاوم للصدأ 316، لمانع التسرب الميكانيكي U-2250، مثقوبة لعمود بقطر 1.5 بوصة، رقم الرسم 2R0570، تحتوي الحلقة على 6 ثقوب.",INSURANCE_SPARE,RS-GUPCO,0,02/G63F,3002124,EACH,287028DB,BR/SL/S.PLG/FLT,PU
298684,"V-BELT, MULTIPLE TYPE HI-POWER II V-BELTS OC:168.200 IN IC:164.000 IN TW:0.875 IN T:0.531 IN ""GATES""","حزام على شكل حرف V، متعدد الأنواع عالي الطاقة II، أحزمة على شكل حرف V، OC: 168.200 بوصة، IC: 164.000 بوصة، TW: 0.875 بوصة، T: 0.531 بوصة ""GATES""",MIN_MAX,RS-GUPCO,0,03R45H,0,EACH,C-164,BELT/TRANSMIT,MM
300731,"Cartridge with gland and sleeve mechanical seal, TYPE 8B1-0, SIZE 1-1/2 IN, DWG NO. CF-SP-47056 ""John Crane"", (The stati","خرطوشة مزودة بحلقة مانعة للتسرب ميكانيكية، من النوع 8B1-0، مقاس 1-1/2 بوصة، رقم الرسم CF-SP-47056 ""جون كرين""، (الحالة",INSURANCE_SPARE,RS-GUPCO,0,02t03b,7907170,EACH,87042031,PUMP MISC,PU
330409,GADUS S2 V220 2 GREASE SOAP-LITHIUM  ( PAIL = 18 / KG ) Mfg.SHELL,صابون شحم GADUS S2 V220 2 - ليثيوم (العبوة = 18/كجم) من إنتاج شركة شل,MIN_MAX,RS-GUPCO,0,,0,EACH,SHELL GADUS S2 V220 2,LUBR & GREASE,MM
165006,"IMPELLER, ITEM NO. 113-E   BORE I/D 3.400""","مروحة، رقم الصنف 113-E، القطر الداخلي 3.400 بوصة",NON_STOCK,RS-GUPCO-2,0,,7902108,EACH,1511939,PUMP MISC,PU
