Item,Description,Arabic Description / الوصف بالعربية,Divisions,parent code,Catalog #,Issue Unit,Commodity Group,,Reordercategory,Storeroom,Default Bin
164782,"SAND COLLER,          ITEM NO. 692","مبرد رمل، رقم الصنف 692",PU,7907200,A10361-1109,EACH,PUMP MISC,,NON_STOCK,RS-EGPC-INSURANCE,02U69A
164784,LINE SHAFT 1X120.0           ITEM NO. 646,عمود نقل الحركة 1X120.0 رقم الصنف 646,PU,7907200,B00006FNAA2403,EACH,PUMP MISC,,NON_STOCK,RS-EGPC-INSURANCE,
164785,"COLUMN BOTTOM,         ITEM NO. 644","أسفل العمود، رقم البند 644",PU,7907200,D00555F1-8510,EACH,PUMP MISC,,NON_STOCK,RS-EGPC-INSURANCE,
164792,"SHAFT, PUMP  ITEM NO 660","عمود المضخة، رقم الصنف 660",PU,7907165,B42830F1062403,EACH,PUMP MISC,,NON_STOCK,RS-EGPC-INSURANCE,
164802,"NUT, ADJUSTING","صامولة، ضبط",PU,7907159,H00461F0002130,EACH,PUMP MISC,,NON_STOCK,RS-EGPC-INSURANCE,
164830,"SUCTION, BELL","شفط، جرس",PU,7907172,B00425F003 1123,EACH,PUMP MISC,,NON_STOCK,RS-EGPC-INSURANCE,
120295,"VALVE, COMPLETE H.P.","صمام، كامل HP",MM,8009154,32153587,EACH,COMPRESSOR USA,,NON_STOCK,RS-EGPC-INSURANCE,
116493,"HOUSING, CLUSTER THERMOSTATE","وحدة تخزين، منظم حرارة عنقودي",MM,6923117,A204478,EACH,ENGINE USA,,NON_STOCK,RS-EGPC-INSURANCE,
117021,"KIT, MAIN BEARING","طقم، محمل رئيسي",MM,6923110,918-284,EACH,ENGINE USA,,NON_STOCK,RS-EGPC-INSURANCE,
119451,"SHAFT, OIL SEAL","عمود، مانع تسرب الزيت",MM,8001104,C-141,EACH,COMPRESSOR USA,,NON_STOCK,RS-EGPC-INSURANCE,02U69B
119455,"CYLINDER BODY, 8-3/8"" BORE DUCTILE IRON            REF DWG #D-405","جسم أسطوانة، بقطر داخلي 8-3/8 بوصة، حديد مطاوع، رقم الرسم المرجعي D-405",MM,8001104,D-377,EACH,COMPRESSOR USA,,NON_STOCK,RS-EGPC-INSURANCE,01E17D (8)
119456,"PISTON, COMPLETE 8.3/8"" WITH RINGS ROD,PACKING     DWG NO. D-505 SUPERSEDED BY THE FOLLOWING:-         -C335, ARI COMP P","مكبس كامل 8.3/8 بوصة مع حلقات وقضيب توصيل وحشوة، الرسم رقم D-505، تم استبداله بما يلي: -C335، ARI COMP P",MM,8001104,D-407,EACH,COMPRESSOR USA,,NON_STOCK,RS-EGPC-INSURANCE,02U69B
119458,"PISTON, COMPLETE 3-7/8"" WITH RINGS, ROD, PACKING","مكبس كامل، 3-7/8 بوصة مع حلقات، وقضيب، وحشوة",MM,8001104,D-495,EACH,COMPRESSOR USA,,NON_STOCK,RS-EGPC-INSURANCE,02U69C
119459,"CYLINDER BODY, 3-7/8"" BORE DUCTILE IRON            REF. DWG #D-493","جسم أسطوانة، بقطر داخلي 3-7/8 بوصة، مصنوع من حديد مطاوع، رقم الرسم المرجعي D-493",MM,8001104,D-485,EACH,COMPRESSOR USA,,NON_STOCK,RS-EGPC-INSURANCE,01E17D (8)
119460,"UNLOADER ASSY., 8-3/8""","مجموعة تفريغ، 8-3/8 بوصة",MM,8001104,D-505,EACH,COMPRESSOR USA,,NON_STOCK,RS-EGPC-INSURANCE,01E17E (8)
119508,"""CRANK SHAFT ASSY. JGE/4STD",مجموعة عمود المرفق JGE/4STD,MM,8001108,AD-1981,EACH,COMPRESSOR USA,,INSURANCE_SPARE,RS-EGPC-INSURANCE,01E17E (8)
119514,FRAM GASKET,حشية إطار,MM,0,C645,EACH,COMPRESSOR USA,,NON_STOCK,RS-EGPC-INSURANCE,02U69C
119553,PISTON ROD,قضيب المكبس,MM,8025100,C-0887,EACH,COMPRESSOR USA,,NON_STOCK,RS-EGPC-INSURANCE,
164602,"IMPELLER, ITEM NO. 673                             BOTH IMPELLERS TO BE FULL IMPELLER DIAMETER","المروحة، رقم الصنف 673، يجب أن تكون كلتا المروحتين بقطر كامل.",PU,7907128,B42910F000 1022,EACH,PUMP MISC,,NON_STOCK,RS-EGPC-INSURANCE,
164642,"RING, THRUST   ITEM NO. 725 , New Part no. A81090F000 2229","حلقة دفع، رقم القطعة 725، رقم القطعة الجديدة A81090F000 2229",PU,7907134,A81090F0002229,EACH,PUMP MISC,,NON_STOCK,RS-EGPC-INSURANCE,
164701,COVE SEAL CHAMBER P/N.0D06534A02-1132 ITEM NO.184,"حجرة مانعة للتسرب، رقم القطعة 0D06534A02-1132، رقم الصنف 184",PU,7907178,0D06534A02-1132,EACH,PUMP MISC,,NON_STOCK,RS-EGPC-INSURANCE,
164715,"HEAD SHAFT,    ITEM NO. 608","عمود رأس المحرك، رقم الصنف 608",PU,7907200,B00006FRHA2403,EACH,PUMP MISC,,NON_STOCK,RS-EGPC-INSURANCE,
164717,THROTTLE BUSHING           ITEM NO. 617,"جلبة الخانق، رقم الصنف 617",PU,7907200,IE254-1109,EACH,PUMP MISC,,NON_STOCK,RS-EGPC-INSURANCE,
164718,"PUMP SHAFT COUPLING,    ITEM NO. 649","وصلة عمود المضخة، رقم الصنف 649",PU,7907200,IE116-5847,EACH,PUMP MISC,,NON_STOCK,RS-EGPC-INSURANCE,
164719,BEARING RETAINER        ITEM NO. 652,"حامل المحمل، رقم الصنف 652",PU,7907200,B93790F0001123,EACH,PUMP MISC,,NON_STOCK,RS-EGPC-INSURANCE,
164720,"PUMP SHAFT,            ITEM NO. 660","عمود المضخة، رقم الصنف 660",PU,7907200,C02350FFMN2216,EACH,PUMP MISC,,NON_STOCK,RS-EGPC-INSURANCE,
164721,"COLUMN INTER,          ITEM NO. 642","العمود الداخلي، البند رقم 642",PU,7907200,D00556F1-8510,EACH,PUMP MISC,,NON_STOCK,RS-EGPC-INSURANCE,
164779,"COLUMN TOP,          ITEM NO. 641","رأس عمود، رقم الصنف 641",PU,7907200,D00556F2-8510,EACH,PUMP MISC,,NON_STOCK,RS-EGPC-INSURANCE,
164780,"IMPELLER,          ITEM NO. 673","مروحة، رقم الصنف 673",PU,7907200,B7943-1123,EACH,PUMP MISC,,NON_STOCK,RS-EGPC-INSURANCE,
164781,"SUCTION BELL BEARING,      ITEM NO.690","محمل جرس الشفط، رقم الصنف 690",PU,7907200,B93323-1109,EACH,PUMP MISC,,NON_STOCK,RS-EGPC-INSURANCE,
116165,"PUMP, ASSY. OIL (STANDARD ROTATION)","مضخة، مجموعة زيت (دوران قياسي)",MM,6923106,G-962-403,EACH,ENGINE USA,,NON_STOCK,RS-EGPC-INSURANCE,
116491,"NUT, CAMSHAFT GEAR","صامولة، ترس عمود الكامات",MM,0,153048,EACH,ENGINE USA,,NON_STOCK,RS-EGPC-INSURANCE,02U56H
176018,"HEAD, ASSY.","رأس، مجموعة.",MM,7103142,1CA7N0848,EACH,CATERPILLAR,,NON_STOCK,RS-EGPC-INSURANCE,
176020,"DAMPER,ASSY,VIBERAT","مخمد، مجموعة، اهتزاز",MM,7103140,8N5443,EACH,CATERPILLAR,,NON_STOCK,RS-EGPC-INSURANCE,01D20C (8)
176140,"PUMP, WATER GROUP","مضخة، مجموعة المياه",MM,7103139,1CA3520203,EACH,CATERPILLAR,,NON_STOCK,RS-EGPC-INSURANCE,
176232,"PACKING, PUMP SHAFT 296-0010-00-3",حشوة عمود المضخة 296-0010-00-3,PU,7308102,296-0010-50-0,EACH,PUMP CENTRIFUG,,NON_STOCK,RS-EGPC-INSURANCE,
164550,"SHAFT, HEAD ITEM NO. 379, P/No. 81-29 2205.","عمود، رأس رقم الصنف 379، رقم القطعة 81-29 2205.",PU,7907124,81-29 2205,EACH,PUMP MISC,,NON_STOCK,RS-EGPC-INSURANCE,
165475,"SPOOL, PIECE 5 IN. X 3 FT. 11-9/16 IN. LONG REF.   NO. 382","بكرة، قطعة 5 بوصة × 3 قدم، طول 11-9/16 بوصة، رقم المرجع 382",PU,7902230,999859-ZA,EACH,PUMP MISC,,NON_STOCK,RS-EGPC-INSURANCE,
165582,"HEADSHAFT, 1-15/16 IN. X 7 FT. 10-7/8 IN.          OLD P/N. 751183-CC                                 REF. NO. 167","عمود رأس، 1-15/16 بوصة × 7 أقدام و10-7/8 بوصة. رقم القطعة القديم: 751183-CC، رقم المرجع: 167",PU,7902218,8012219,EACH,PUMP MISC,,NON_STOCK,RS-EGPC-INSURANCE,
165610,"BEARING, SUCTION ITEM # 41","محمل شفط، رقم الصنف 41",PU,7912102,1006F015B08,EACH,PUMP MISC,,NON_STOCK,RS-EGPC-INSURANCE,
165613,"HOLD TILL 1/12/2026 , BOWL, INTERMEDIATE ITEM NO. 36 for FWP PUMP MOD 18RKMC3 S/N. 87979-80","يُحفظ حتى 1/12/2026، وعاء، قطعة متوسطة رقم 36 لمضخة FWP موديل 18RKMC3، الرقم التسلسلي 87979-80",PU,7912102,LV 1055222045,EACH,PUMP MISC,,NON_STOCK,RS-EGPC-INSURANCE,
165615,"SHAFT, IMPELLER ITEM # 32 for PUMP MOD 18RKMC3 S/N. 87979-80","عمود، مروحة، رقم الصنف 32 لمضخة موديل 18RKMC3، الرقم التسلسلي 87979-80",PU,7912102,LV9318X122104,EACH,PUMP MISC,,NON_STOCK,RS-EGPC-INSURANCE,
165617,"BELL, SUCTION ITEM # 40","جرس، قطعة شفط رقم 40",PU,7912102,LV8155163045  0660  F,EACH,PUMP MISC,,NON_STOCK,RS-EGPC-INSURANCE,
165672,"HOLD TILL 1/12/2026, PIPE, BOTTOM PC. COLUMN   ITEM NO. 30 for FWP PUMP MOD 18RKMC3 S/N. 87979-80","يُحفظ حتى 1/12/2026، أنبوب، عمود سفلي، رقم الصنف 30 لمضخة FWP موديل 18RKMC3، الرقم التسلسلي 87979-80",PU,7912102,LVX74009C,EACH,PUMP MISC,,NON_STOCK,RS-EGPC-INSURANCE,
165679,"PACKING, TEFLON ASBESTOS ITEM NO. 14 DWG.NO.       5360-01","عبوة من التفلون والأسبستوس، رقم الصنف 14، رقم الرسم 5360-01",PU,7908202,42-77-0104-415,EACH,PUMP MISC,,NON_STOCK,RS-EGPC-INSURANCE,
165691,"IMO PUMP, DELAVAL A21NI-100 C.C.W-   ROTATION When FACTING SHAFT EXTENSION","مضخة IMO، DELAVAL A21NI-100 دوران عكس اتجاه عقارب الساعة عند تركيب امتداد عمود التوجيه",PU,7909110,LH01001B04,EACH,PUMP MISC,,NON_STOCK,RS-EGPC-INSURANCE,
173509,"SHAFT,SLEEVE WITH COLLER","عمود، كم مع طوق",PU,3003138,,EACH,BELT/TRANSMIT,,NON_STOCK,RS-EGPC-INSURANCE,
164470,"IMPELLER, 316 S.S. ITEM NO 673","مروحة، فولاذ مقاوم للصدأ 316، رقم الصنف 673",PU,7907160,B5514-1203,EACH,PUMP MISC,,NON_STOCK,RS-EGPC-INSURANCE,
164474,"SHAFT, PUMP ITEM NO. 660 ,","عمود المضخة، رقم الصنف 660،",PU,7907160,B55160F004 2159,EACH,PUMP MISC,,NON_STOCK,RS-EGPC-INSURANCE,
164478,"HOLD TILL 1/12/2026,  BELL, SUCTION STAINLESS STEEL 316 ITEM NO.689","يُحفظ حتى 1/12/2026، جرس، شفط، فولاذ مقاوم للصدأ 316، رقم الصنف 689",PU,7907160,,EACH,PUMP MISC,,NON_STOCK,RS-EGPC-INSURANCE,
164503,"IMPELLER, ITEM NO. 101","المروحة، رقم الصنف 101",PU,7907148,D00157A02 1203,EACH,PUMP MISC,,NON_STOCK,RS-EGPC-INSURANCE,
164506,"GASKET, SIDE PLATE TO CASING ITEM NO.360C","حشية، لوحة جانبية للهيكل، رقم الصنف 360C",PU,7907148,70782 61 5127,EACH,PUMP MISC,,NON_STOCK,RS-EGPC-INSURANCE,
164513,"HOLD TILL 1/12/2026,  INT. BOWL 316 S.S. ITEM NO 670","يُحفظ حتى 1/12/2026، وعاء داخلي 316 SS رقم الصنف 670",PU,7907160,,EACH,PUMP MISC,,NON_STOCK,RS-EGPC-INSURANCE,
110018,"BEARING, INBOARD,""TIMKEN"" P/N  :   5735/5760","محمل داخلي، ""تيمكين"" رقم القطعة: 5735/5760",PU,3118208,5735/5760,EACH,BR/SL/S.PLG/FLT,,NON_STOCK,RS-EGPC-INSURANCE,
110025,"BEARING, THRUST,""TIMKEN"" P/N. H917810/H917840","محمل دفع، ""تيمكين"" رقم القطعة H917810/H917840",PU,3118208,,EACH,BR/SL/S.PLG/FLT,,NON_STOCK,RS-EGPC-INSURANCE,
110192,"COOLER, OIL ITEM NO. 58.","مبرد زيت، رقم الصنف 58.",PU,3110102,,EACH,BR/SL/S.PLG/FLT,,NON_STOCK,RS-EGPC-INSURANCE,
110193,"PLATE, RATCHET P/N  :   R133","صفيحة، سقاطة، رقم القطعة: R133",PU,3118208,R133,EACH,BR/SL/S.PLG/FLT,,NON_STOCK,RS-EGPC-INSURANCE,
110194,"RING, HOLD DOWN P/N  :   R63","حلقة، اضغط لأسفل، رقم القطعة: R63",PU,3118208,R63,EACH,BR/SL/S.PLG/FLT,,NON_STOCK,RS-EGPC-INSURANCE,
110195,"PUMP, OIL P/N  :   R118","مضخة زيت، رقم القطعة: R118",PU,3118208,R118,EACH,BR/SL/S.PLG/FLT,,NON_STOCK,RS-EGPC-INSURANCE,
110196,"GASKET, KIT INCLUDES :-- SEAL OIL   P/NO. 412040 P /N  :   GK-M040",طقم الحشية يتضمن: -- مانع تسرب الزيت رقم القطعة 412040 رقم القطعة: GK-M040,PU,3118208,GK-M040,EACH,BR/SL/S.PLG/FLT,,NON_STOCK,RS-EGPC-INSURANCE,
110197,"GEAR AND PINION,P/N  :   GSM200-5:6","ترس وترس صغير، رقم القطعة: GSM200-5:6",PU,3118208,GSM200-5:6,EACH,BR/SL/S.PLG/FLT,,NON_STOCK,RS-EGPC-INSURANCE,
110255,"BUSHING,THRUST BEARING ITEM NO.499.                   P/N. 8241","جلبة، محمل دفع، رقم الصنف 499، رقم القطعة 8241",PU,3101204,8241,EACH,BR/SL/S.PLG/FLT,,NON_STOCK,RS-EGPC-INSURANCE,
164860,DRIVE SHAFT ITEM 606,"عمود الدوران، رقم القطعة 606",PU,7907161,C02181FDFA 2403,EACH,PUMP MISC,,NON_STOCK,RS-EGPC-INSURANCE,
164864,"GLAND 618   , See item 164752","الغدة 618، انظر البند 164752",PU,7907134,B34660F000 1117,EACH,PUMP MISC,,NON_STOCK,RS-EGPC-INSURANCE,
164868,"DISCHARGE HEAD, ITEM 600","رأس التفريغ، رقم الصنف 600",PU,7907134,D3126F021 8510,EACH,PUMP MISC,,NON_STOCK,RS-EGPC-INSURANCE,
119621,"PISTON, W/B STUD 6 1/4 K:K-HP","مكبس، مسمار تثبيت قاعدة العجلات 6 1/4 K:K-HP",MM,8025100,C-1012,EACH,COMPRESSOR USA,,NON_STOCK,RS-EGPC-INSURANCE,
119622,"PISTON, W/B STD. 9 5/8 K","مكبس، قاعدة عجلات قياسية 9 5/8 كيلوجول",MM,8025100,C-3173,EACH,COMPRESSOR USA,,NON_STOCK,RS-EGPC-INSURANCE,01E15C (8)
119623,"PISTON, W/B STD. 14.1/8 K","مكبس، قاعدة عجلات قياسية 14.1/8 كيلو",MM,8025100,C-2662,EACH,COMPRESSOR USA,,NON_STOCK,RS-EGPC-INSURANCE,01E15C (8)
119624,LUBE OIL PUMP JGH,مضخة زيت التشحيم JGH,MM,8025100,D-0752,EACH,COMPRESSOR USA,,NON_STOCK,RS-EGPC-INSURANCE,01E15D (8)
119625,"CROSS HEAD LGT, DI, 74,9 JGE:K (Ariel Manufacture made in USA not substitute)","مصباح رأس متقاطع، DI، 74.9 JGE:K (صنع في الولايات المتحدة الأمريكية من قبل شركة أرييل، وليس بديلاً)",MM,8025100,D-0868,EACH,COMPRESSOR USA,,NON_STOCK,RS-EGPC-INSURANCE,01E15A (8)
119626,"CROSS HEAD MID, DI 131.8 JGE:K (Ariel Manufacture made in USA not substitute)","رأس كروس متوسط، DI 131.8 JGE:K (صنع في الولايات المتحدة الأمريكية من قبل شركة أرييل، وليس بديلاً)",MM,8025100,D-0870,EACH,COMPRESSOR USA,,NON_STOCK,RS-EGPC-INSURANCE,
119627,"CROSS HEAD XHV, BZ, 193. H:E:K","رأس صليب XHV، BZ، 193. H:E:K",MM,8025100,D-0949,EACH,COMPRESSOR USA,,NON_STOCK,RS-EGPC-INSURANCE,01E15D (8)
164872,"BEARING, SLHSG UPPER                               ITEM NO 791D","محمل، SLHSG علوي، رقم الصنف 791D",PU,7907174,A93350F000 1618,EACH,PUMP MISC,,NON_STOCK,RS-EGPC-INSURANCE,
164873,"HOLD TILL 1/12/2026,  H SHAFT, PUMP (1.68 X 181.12LG) ITEM NO 660 DRAWING NO B7342TBC1 NEW P/N. C07469FXBC2403","يُحفظ حتى 1/12/2026، عمود H، مضخة (1.68 × 181.12 طول) رقم الصنف 660، رقم الرسم B7342TBC1، رقم القطعة الجديد C07469FXBC2403",PU,7907174,C07469FXBC 2403,EACH,PUMP MISC,,NON_STOCK,RS-EGPC-INSURANCE,
164875,"See item no. 164832, HOUSING, SL ITEM NO 794B DRAWING NO C5998","انظر البند رقم 164832، السكن، البند الفرعي رقم 794ب، الرسم رقم C5998",PU,7907174,C59980F000 1123,EACH,PUMP MISC,,NON_STOCK,RS-EGPC-INSURANCE,
164876,"BEARING, SLHSG LOWER ITEM NO. 791E","محمل، SLHSG سفلي، رقم الصنف 791E",PU,7907174,H00277F000 1618,EACH,PUMP MISC,,NON_STOCK,RS-EGPC-INSURANCE,
164877,"BELL, SUCTION                                      ITEM NO 689","بيل، جهاز شفط رقم 689",PU,7907174,B11614F022 1123,EACH,PUMP MISC,,NON_STOCK,RS-EGPC-INSURANCE,
164883,COLUMN. BOTTOM ASSY NEW P/NO. C2408-7-30-8510 (these materials should be made in USA and don't substitute),عمود. مجموعة القاعدة الجديدة رقم القطعة C2408-7-30-8510 (يجب أن تكون هذه المواد مصنوعة في الولايات المتحدة الأمريكية ولا يمكن استبدالها),PU,7907176,D01752FNBK8510,EACH,PUMP MISC,,NON_STOCK,RS-EGPC-INSURANCE,
164930,"COVER, BEARING (JOURNAL) INBOARD C.I.              ITEM NO. 164-A","غطاء، محمل (دفتر) داخلي CI رقم الصنف 164-أ",PU,7902108,150398A39978,EACH,PUMP MISC,,NON_STOCK,RS-EGPC-INSURANCE,
173717,"SHAFT,VERTICAL HOLLOW","عمود، تجويف رأسي",PU,3101208,6268_1,EACH,BR/SL/S.PLG/FLT,,NON_STOCK,RS-EGPC-INSURANCE,01B02E
173719,SEAL OIL,زيت مانع التسرب,PU,3101208,802,EACH,BR/SL/S.PLG/FLT,,NON_STOCK,RS-EGPC-INSURANCE,02U54C
120306,"HEAD, AIR L.P","هيد، إير إل بي",MM,8009149,32172207,EACH,COMPRESSOR USA,,NON_STOCK,RS-EGPC-INSURANCE,
120609,"PACKING, ASSY. FOR CYLINDER 7 IN.",مجموعة تغليف لأسطوانة 7 بوصة,MM,8009138,MLH34657G1,EACH,COMPRESSOR USA,,NON_STOCK,RS-EGPC-INSURANCE,02U69D
133793,"GEAR, 19 TEETH FOR ""QLF"" PUMP SHAFT 031-0010-00-2","ترس ذو 19 سنًا لعمود مضخة ""QLF"" 031-0010-00-2",PU,7308102,QL_310,EACH,PUMP CENTRIFUG,,NON_STOCK,RS-EGPC-INSURANCE,02U58A
133794,"GEAR, 22 TEETH FOR ""QLF2 & 2QLF2"" PUMP SHAFT       031-0020-00-2","ترس، 22 سنًا لعمود مضخة ""QLF2 و2QLF2"" 031-0020-00-2",PU,7308102,QL2_31D,EACH,PUMP CENTRIFUG,,NON_STOCK,RS-EGPC-INSURANCE,02U58A
133795,"GEAR, 25 TEETH FOR ""QLF3 & 2QLF3"" PUMP SHAFT       031-0030-002","ترس، 25 سنًا لعمود مضخة ""QLF3 و2QLF3"" 031-0030-002",PU,7308102,QL3_31D,EACH,PUMP CENTRIFUG,,NON_STOCK,RS-EGPC-INSURANCE,02U58B
133796,"GEAR, 28 TEETH FOR ""QLF4 & 2QLF4"" PUMP SHAFT.      031-0040-002","ترس، 28 سنًا لعمود مضخة ""QLF4 و2QLF4"". 031-0040-002",PU,7308102,QL4_31D,EACH,PUMP CENTRIFUG,,NON_STOCK,RS-EGPC-INSURANCE,02U58B
133798,"RING, SEAL PACKING HOUSING 040-2470-00-3","حلقة، غلاف مانع للتسرب 040-2470-00-3",PU,7308102,40-4N462,EACH,PUMP CENTRIFUG,,NON_STOCK,RS-EGPC-INSURANCE,03A16D (8)
133800,"GLAND, PACKING FRONT 048-0020-00-2","غدة، واجهة التعبئة 048-0020-00-2",PU,7308102,QLD-57F,EACH,PUMP CENTRIFUG,,NON_STOCK,RS-EGPC-INSURANCE,02U58B
133801,"GLAND, PACKING REAR 048-0030-00-3","غدة، حشوة خلفية 048-0030-00-3",PU,7308102,QLD-57R,EACH,PUMP CENTRIFUG,,NON_STOCK,RS-EGPC-INSURANCE,02U58B
133802,"PACKING, SEPARATOR 097-0010-00-3","عبوة، فاصل 097-0010-00-3",PU,7308102,QL-58ZD,EACH,PUMP CENTRIFUG,,NON_STOCK,RS-EGPC-INSURANCE,02U58B
133803,"RING, IMPELLER RETAINING 077-1250-21-3",حلقة تثبيت المروحة 077-1250-21-3,PU,7308102,77SS125,EACH,PUMP CENTRIFUG,,NON_STOCK,RS-EGPC-INSURANCE,02U58B
133804,"RING, SEAL OIL RETAINING",حلقة مانعة للتسرب لحفظ الزيت,PU,7308102,S79SS168,EACH,PUMP CENTRIFUG,,NON_STOCK,RS-EGPC-INSURANCE,02U58B
133805,"GASKET, REAR BEARING HOUSING & COVER               046-0070-00-3","حشية، غطاء وعلبة محمل خلفي 046-0070-00-3",PU,7308102,GS-W263,EACH,PUMP CENTRIFUG,,NON_STOCK,RS-EGPC-INSURANCE,02U58C
133806,"GASKET, FRONT BEARING HOUSING & PACKING HOUSING    046-0010-00-3","حشية، غطاء محمل أمامي وغطاء حشو 046-0010-00-3",PU,7308102,QL-W263,EACH,PUMP CENTRIFUG,,NON_STOCK,RS-EGPC-INSURANCE,02U58C
133809,"SEAL, OIL FRONT BEARING HOUSING 296-2020-00-3","مانع تسرب، غطاء محمل الزيت الأمامي 296-2020-00-3",PU,7308102,QLF-296,EACH,PUMP CENTRIFUG,,NON_STOCK,RS-EGPC-INSURANCE,02U58C
133811,"RING, SEAL PRIMING VALVE PLATE 040-2260-003","حلقة، مانع تسرب، لوحة صمام التحضير 040-2260-003",PU,7308102,40-4N200,EACH,PUMP CENTRIFUG,,NON_STOCK,RS-EGPC-INSURANCE,03A16D (8)
133812,"GLAND, SLEEVE PACKING ADJUSTING 048-0040-00-2","غدة، غلاف، حشوة، تعديل 048-0040-00-2",PU,7308102,ZSF-371,EACH,PUMP CENTRIFUG,,NON_STOCK,RS-EGPC-INSURANCE,02U58C
133814,"DIAPHRAGM, FRONT BEARING HOUSING  046-5010-00-3","غشاء، غلاف المحمل الأمامي 046-5010-00-3",PU,7308102,QLF-674,EACH,PUMP CENTRIFUG,,NON_STOCK,RS-EGPC-INSURANCE,03A16E (8)
165414,IMP. STD 6JKYH KEY 4.56 W/WR C954 NO-GALL ASSY.,مفتاح IMP. STD 6JKYH 4.56 W/WR C954 بدون تآكل.,PU,7909131,82463530,EACH,PUMP MISC,,NON_STOCK,RS-EGPC-INSURANCE,
110421,"GEAR AND PINION, RATIO","التروس والتروس الصغيرة، النسبة",PU,3123104,,SET,BR/SL/S.PLG/FLT,,NON_STOCK,RS-EGPC-INSURANCE,
160846,CORE ASSY. 1W6128                                  P/N. 7C0046,مجموعة أساسية. 1W6128 رقم القطعة 7C0046,MM,7103139,7C0046,EACH,CATERPILLAR,,NON_STOCK,RS-EGPC-INSURANCE,01D02B (8)
160878,"O-RING, SEAL 4.225"" ID. X 0.210"" DIA. BLACK G G B .","حلقة دائرية مانعة للتسرب، قطر داخلي 4.225 بوصة × قطر 0.210 بوصة، أسود G G B.",MM,7103144,9F7283,EACH,CATERPILLAR,,NON_STOCK,RS-EGPC-INSURANCE,03A02D (8)
160895,"O-RING, SEAL 2.225"" 10 X 0.210"" DIA. BLACK G B B","حلقة مانعة للتسرب، قطر 2.225 بوصة × 0.210 بوصة، لون أسود، G B B",MM,7103144,3H2652,EACH,CATERPILLAR,,NON_STOCK,RS-EGPC-INSURANCE,
160951,CAMSHAFT                                           OLD P/N.OL288,"عمود الكامات القديم، رقم القطعة OL288",MM,7103126,1CA1282398,EACH,CATERPILLAR,,NON_STOCK,RS-EGPC-INSURANCE,
161098,"HOUSING, OIL COOLER",غطاء مبرد الزيت,MM,7103116,2N7479,EACH,CATERPILLAR,,NON_STOCK,RS-EGPC-INSURANCE,
161195,"PUMP, GROUP FUEL TRANSFER ONE SECTION GEAR","مضخة، مجموعة نقل الوقود، قسم واحد من التروس",MM,7103140,1CA4N1101,EACH,CATERPILLAR,,NON_STOCK,RS-EGPC-INSURANCE,
161309,"RADIATOR, GROUP BASIC , New P/N: 4655061 Replacement for 8N4880 - RADIATOR GP","مشعاع، المجموعة الأساسية، رقم القطعة الجديد: 4655061، بديل للرقم 8N4880 - مشعاع GP",MM,7103142,4655061,EACH,CATERPILLAR,,NON_STOCK,RS-EGPC-INSURANCE,
161332,"HEAD, ASSY. SERVICE FOR CYL. HEAD & VALVE          MECHANISM.                                         @ ACTIVE LOC. 45",خدمة رأس الأسطوانة ومجموعة الصمامات. @ الموقع النشط 45,MM,7103132,1P4303,EACH,CATERPILLAR,,NON_STOCK,RS-EGPC-INSURANCE,
177521,"INSERT, COUPLING ITEM NO.2-003","أدخل، وصلة رقم 2-003",PU,7907112,9080-0003,SET,PUMP MISC,,NON_STOCK,RS-EGPC-INSURANCE,
177530,"HOLD TILL 1/12/2026 , SIDEPLATE,SUCTION ITEM NO.176","يُحفظ حتى 1/12/2026، لوحة جانبية، قطعة شفط رقم 176",PU,7907148,104-441 1203,EACH,PUMP MISC,,NON_STOCK,RS-EGPC-INSURANCE,
177538,"HEAD, DISCHARGE ITEM NO. 600","رأس، مخرج، رقم الصنف 600",PU,7907150,,EACH,PUMP MISC,,NON_STOCK,RS-EGPC-INSURANCE,07C20B (8)
133815,"STRAINER, RELIEF VALVE CONTROL 010-0080-00-1","مصفاة، صمام تحكم في تخفيف الضغط 010-0080-00-1",PU,7308102,Z5-695,EACH,PUMP CENTRIFUG,,NON_STOCK,RS-EGPC-INSURANCE,02U58C
161660,GASKET,حشية,PU,7314202,8150,EACH,PUMP CENTRIFUG,,NON_STOCK,RS-EGPC-INSURANCE,02U58D
161661,GASKET,حشية,PU,7314202,13150,EACH,PUMP CENTRIFUG,,NON_STOCK,RS-EGPC-INSURANCE,02U58D
161662,SEAL,ختم,PU,7314202,16150,EACH,PUMP CENTRIFUG,,NON_STOCK,RS-EGPC-INSURANCE,02U58D
165010,"SLEEVE, THROTTLE ITEM NO. 171-B","غلاف الخانق، رقم الصنف 171-ب",PU,7902108,522.171B,EACH,PUMP MISC,,MIN_MAX,RS-EGPC-INSURANCE,
165236,"RING, BOWL WEAR 12.7/16 X 12.15/16 X 1.5/16","خاتم، وعاء متآكل 12.7/16 × 12.15/16 × 1.5/16",PU,7906201,547927-1037,EACH,PUMP MISC,,NON_STOCK,RS-EGPC-INSURANCE,
165237,"RING, IMP WEAR 11.29/32 X 1.5/16","خاتم، مقاس 11.29/32 × 1.5/16 بوصة",PU,7906201,547928-1165,EACH,PUMP MISC,,NON_STOCK,RS-EGPC-INSURANCE,
165238,"IMPELLER, 22 BKH 12.750"" DIA W/WR SKIRT","دفاعة، 22 BKH 12.750 بوصة قطر مع تنورة WR",PU,7906201,547961-1165,EACH,PUMP MISC,,NON_STOCK,RS-EGPC-INSURANCE,
165290,"BOWL, OLS TOP STAGE ITEM NO. 20","وعاء، المرحلة العليا من OLS، رقم الصنف 20",PU,7918104,2621953,EACH,PUMP MISC,,NON_STOCK,RS-EGPC-INSURANCE,
165371,"OILER, TRICO WITH GUARD NO. 3 REF.NO. 743","مزيتة، تريكو مع واقي رقم 3، رقم المرجع 743",PU,7909114,3TRICO60537503,EACH,PUMP MISC,,NON_STOCK,RS-EGPC-INSURANCE,
165403,BRG. SLV 1.01 X 1.38 OD X 3.19 LG CC 40,BRG. SLV 1.01 × 1.38 OD × 3.19 LG CC 40,PU,7909131,82093642,EACH,PUMP MISC,,NON_STOCK,RS-EGPC-INSURANCE,
165405,"RING, WEAR IMP. 6 JKY C954","خاتم، قابل للارتداء، رقم 6 JKY C954",PU,7909131,82165408,EACH,PUMP MISC,,NON_STOCK,RS-EGPC-INSURANCE,
165406,"RING, WEAR BOWL 6JK C954","خاتم، وعاء قابل للارتداء 6JK C954",PU,7909131,82128059,EACH,PUMP MISC,,NON_STOCK,RS-EGPC-INSURANCE,
165407,RING WEAR BWL 6KK-C 945,خاتم مستعمل BWL 6KK-C 945,PU,7909131,82165499,EACH,PUMP MISC,,NON_STOCK,RS-EGPC-INSURANCE,
161663,"PACKING , Pump Type : Gear Pump , Pump S/No. : 150-344-7030UR , Pump Rotation  : Upper Drive - Right Hand Rotation (CW).","التعبئة، نوع المضخة: مضخة تروس، رقم المضخة التسلسلي: 150-344-7030UR، دوران المضخة: محرك علوي - دوران باتجاه اليمين (CW).",PU,7314202,18150,EACH,PUMP CENTRIFUG,,NON_STOCK,RS-EGPC-INSURANCE,
161680,"SHAFT,BOTTOM 316_SS OLD P?N.8046451","عمود، الجزء السفلي 316_SS رقم القطعة القديم 8046451",PU,7303104,8019634,EACH,PUMP CENTRIFUG,,NON_STOCK,RS-EGPC-INSURANCE,
161689,"HALE PRIMING PUMP TYPE SMV,QLF &2 QLF, S/N.39430   WITHOUT MOTOR, AND WITHOUT TANK.","مضخة تحضير HALE من النوع SMV، QLF و2 QLF، الرقم التسلسلي 39430 بدون محرك، وبدون خزان.",PU,7308102,501-0270-50,EACH,PUMP CENTRIFUG,,NON_STOCK,RS-EGPC-INSURANCE,02U58E
161690,"GASKET,BOOSTER CONNECTION FLANGE","حشية، شفة توصيل معزز الضغط",PU,7308102,10MM-W272,EACH,PUMP CENTRIFUG,,NON_STOCK,RS-EGPC-INSURANCE,03A16D (8)
161693,"RING, PISTON SEAL (LARGE) PART NO.                 040-2390-00-40-4N362 FOR RELIEF VALVE TYPE QD P/N .538-0200-02",حلقة مانعة للتسرب للمكبس (كبيرة) رقم القطعة 040-2390-00-40-4N362 لصمام تخفيف الضغط من النوع QD رقم القطعة 0.538-0200-02,PU,7308102,040-2390-00,EACH,PUMP CENTRIFUG,,NON_STOCK,RS-EGPC-INSURANCE,03A16E (8)
161694,"VALVE,RELIEF WITH PM CONTROL VALVE                 538-0200-00-QD",صمام تخفيف الضغط مع صمام تحكم PM 538-0200-00-QD,PU,7308102,538-0200-00,EACH,PUMP CENTRIFUG,,NON_STOCK,RS-EGPC-INSURANCE,02U58E
161695,"VALVE,CONTROL BACK PRESSURE","صمام، للتحكم في الضغط الخلفي",PU,7314202,300710,EACH,PUMP CENTRIFUG,,NON_STOCK,RS-EGPC-INSURANCE,02U58F
161701,"VALVE,BALL (IRON BODY) 2""",صمام كروي (جسم حديدي) 2 بوصة,PU,7308102,1231-1095-5,EACH,PUMP CENTRIFUG,,NON_STOCK,RS-EGPC-INSURANCE,02U58F
161704,"VALVE, BALL (DISH.) 1-1/2"" (OLD P/N 1231-1010-9)",صمام كروي (مقعّر) 1-1/2 بوصة (رقم القطعة القديم 1231-1010-9),PU,7308102,1231-1010-7,EACH,PUMP CENTRIFUG,,NON_STOCK,RS-EGPC-INSURANCE,02U58F
161706,"PRIMING VALVE HALE TYPE PVT,ITEM NO. 480B","صمام تحضير من نوع HALE PVT، رقم الصنف 480B",PU,7308102,,EACH,PUMP CENTRIFUG,,NON_STOCK,RS-EGPC-INSURANCE,02U58G
161717,"Centrifugal pump, close-coupled, electric motor with extended shaft directly to the pump, the pump casing& impeller mate","مضخة طرد مركزي، ذات اقتران مباشر، ومحرك كهربائي ذو عمود ممتد متصل مباشرة بالمضخة، وغلاف المضخة والمروحة متطابقان.",PU,0,CM3-3 A-S-A-E-AQQE E-A-A-N,EACH,PUMP CENTRIFUG,,NON_STOCK,RS-EGPC-INSURANCE,
177539,"STAND, MOTOR ITEM NO. 602","حامل، محرك، رقم الصنف 602",PU,7907150,,EACH,PUMP MISC,,NON_STOCK,RS-EGPC-INSURANCE,07C20B (8)
177546,"BEARING, BOEL ITEM NO. 672","محمل، رقم صنف بويل 672",PU,7907144,A7249-6132,EACH,PUMP MISC,,NON_STOCK,RS-EGPC-INSURANCE,
177547,"LOCK, TAPER IMPELLER ITEM NO. 677","قفل، مروحة مخروطية، رقم الصنف 677",PU,7907144,H79100F0002229,EACH,PUMP MISC,,NON_STOCK,RS-EGPC-INSURANCE,
177548,"HEAD, DISCHARGE ITEM NO. 600","رأس، مخرج، رقم الصنف 600",PU,7907128,d15530f011 9616,EACH,PUMP MISC,,NON_STOCK,RS-EGPC-INSURANCE,
177621,"HOUSING, BEARING RADIAL C.I. ITEM NO. 163-A",غلاف محمل شعاعي CI رقم الصنف 163-أ,PU,7902108,4031-K11222-26,EACH,PUMP MISC,,INSURANCE_SPARE,RS-EGPC-INSURANCE,
165413,SHAFT PUMP STD KEY 1.00 1.00 LH 37.88 LG 6 GRV     316 SS,مفتاح قياسي لمضخة عمود الدوران 1.00 1.00 يسار 37.88 LG 6 GRV 316 SS,PU,7909131,82463464,EACH,PUMP MISC,,NON_STOCK,RS-EGPC-INSURANCE,
103534,"CYLINDER, SNP 1 1/2","أسطوانة، SNP 1 1/2",PU,4704103,23111,EACH,AUTO SHOP EQUIP,,NON_STOCK,RS-EGPC-INSURANCE,
103535,"DISC, CARBON, (DISCS MADE IN CHINA WILL NOT BE ACCEPTED).","قرص، كربون، (لن يتم قبول الأقراص المصنوعة في الصين).",PU,4704103,63103,EACH,AUTO SHOP EQUIP,,NON_STOCK,RS-EGPC-INSURANCE,02U56F
103536,"BEARING, BUSHING","محمل، جلبة",PU,4704103,161200,EACH,AUTO SHOP EQUIP,,NON_STOCK,RS-EGPC-INSURANCE,
103537,"ROTOR, & SHAFT",الدوار والعمود,PU,4704103,263101,EACH,AUTO SHOP EQUIP,,NON_STOCK,RS-EGPC-INSURANCE,
110418,"RING, HOLD DOWN","اضغط على الزر، ثم استمر بالضغط",MM,3123104,R113,EACH,BR/SL/S.PLG/FLT,,NON_STOCK,RS-EGPC-INSURANCE,
110419,GEART SET,مجموعة أدوات,PU,3123106,,EACH,BR/SL/S.PLG/FLT,,NON_STOCK,RS-EGPC-INSURANCE,02U54C
110420,OIL PUMP,مضخة زيت,PU,3123106,R 508,EACH,BR/SL/S.PLG/FLT,,NON_STOCK,RS-EGPC-INSURANCE,
161815,"HOUSING, CONNECTING ROD BEARING","غلاف، محمل ذراع التوصيل",MM,7407102,444PN001,EACH,PUMP ROTARY/SL,,NON_STOCK,RS-EGPC-INSURANCE,01D32D (8)
161816,"ROD, CONNECTING","قضيب، توصيل",MM,7407102,551PN05,EACH,PUMP ROTARY/SL,,NON_STOCK,RS-EGPC-INSURANCE,01D32D (8)
125525,"BEARING, OUTBOARD   (P/NO'S HM212011 & HM212049)",محمل خارجي (أرقام القطع HM212011 و HM212049),PU,3118204,,SET,BR/SL/S.PLG/FLT,,NON_STOCK,RS-EGPC-INSURANCE,
132531,"BEARING, FOR BLOCK GROUP.","محمل، لمجموعة الكتل.",MM,7103138,1CA4N6658,EACH,CATERPILLAR,,NON_STOCK,RS-EGPC-INSURANCE,
133789,"IMPELLER, FRONT  016-0010-00-2",مروحة أمامية 016-0010-00-2,PU,7308102,QLF-16F-9-3/4,EACH,PUMP CENTRIFUG,,NON_STOCK,RS-EGPC-INSURANCE,02U58A
133790,"IMPELLER, REAR  016-0020-00-2",مروحة خلفية 016-0020-00-2,PU,7308102,QLF-16R-9-314,EACH,PUMP CENTRIFUG,,NON_STOCK,RS-EGPC-INSURANCE,02U58A
177622,"HOUSING, BEARING THRUST C.I. ITEM NO. 163-B",غلاف محمل الدفع CI رقم الصنف 163-ب,PU,7902108,4031K10048-34,EACH,PUMP MISC,,INSURANCE_SPARE,RS-EGPC-INSURANCE,
177695,"BOTTOM, CASE","الجزء السفلي، الغلاف",PU,7902238,998510-VE,EACH,PUMP MISC,,NON_STOCK,RS-EGPC-INSURANCE,
161368,"KIT, GASKET VALVE GRINDING.                                   @ 6 EA AT D/CHARGE AREA",طقم تجليخ صمام الحشية. 6 قطع لكل قطعة في منطقة الشحن,MM,7103142,1CA2894884,EACH,CATERPILLAR,,NON_STOCK,RS-EGPC-INSURANCE,
161454,"PUMP, FUEL TRANSFER","مضخة، نقل الوقود",MM,7103139,1CA3775846,EACH,CATERPILLAR,,NON_STOCK,RS-EGPC-INSURANCE,
161514,"KIT, WATER PUMP REPAIR",طقم إصلاح مضخة المياه,MM,7103146,677020,EACH,CATERPILLAR,,NON_STOCK,RS-EGPC-INSURANCE,04R15B (8)
161610,"COVER, ASSY NO. 281-0053-006","غطاء، رقم التجميع 281-0053-006",PU,7313105,281-0279-040,EACH,PUMP CENTRIFUG,,NON_STOCK,RS-EGPC-INSURANCE,
161659,"GEAR,PILOT","معدات، طيار",PU,7314202,4150,EACH,PUMP CENTRIFUG,,NON_STOCK,RS-EGPC-INSURANCE,02U58D
120273,"VALVE, DISCHARGE SCREW H.P.","صمام، برغي تصريف HP",MM,8009120,30340517,EACH,COMPRESSOR USA,,NON_STOCK,RS-EGPC-OBSOLETE,
114668,"SEAL, KIT SPOOL, D-85 HOIST CONTROL VALVE","مانع تسرب، بكرة طقم، صمام تحكم رافعة D-85",MM,6413202,,KIT,CRANES,,NON_STOCK,RS-EGPC-OBSOLETE,
110222,"SLINGER, L.SP.P/N  :   AM072814","SLINGER, L.SP.P/N : AM072814",PU,3112102,AM 072814,EACH,BR/SL/S.PLG/FLT,,NON_STOCK,RS-EGPC-OBSOLETE,
114662,"SEAL, KIT BANKING, A-35 SWING CONTROL VALVE","مانع تسرب، مجموعة تجميع، صمام تحكم متأرجح A-35",MM,6413202,,EACH,CRANES,,NON_STOCK,RS-EGPC-OBSOLETE,
114663,"SEAL, KIT SPOOL, A-35 SWING CONTROL VALVE","مانع تسرب، بكرة طقم، صمام تحكم متأرجح A-35",MM,6413202,,KIT,CRANES,,NON_STOCK,RS-EGPC-OBSOLETE,
110024,"BEARING INNER HORIZONTAL,""TIMKEN""  P/N. HH224310.H H224346 ITEM NO. 603","محمل داخلي أفقي، ""تيمكين"" رقم القطعة HH224310.H H224346 رقم الصنف 603",PU,3101204,HH224346,EACH,BR/SL/S.PLG/FLT,,NON_STOCK,RS-EGPC-OBSOLETE,
119866,"PACKING,ASSY.COMPLETE.                             @ ACTIVE LOC 45",التعبئة والتجميع مكتملان. @ الموقع النشط 45,MM,8009136,MLH34657CG1,EACH,COMPRESSOR USA,,NON_STOCK,RS-EGPC-OBSOLETE,
119708,"GASKET,OUTER HEAD.                                 @ ACTIVE LOC 45",حشية رأس الأسطوانة الخارجية. @ الموقع النشط 45,MM,8009134,30A11FO646X10,EACH,COMPRESSOR USA,,NON_STOCK,RS-EGPC-OBSOLETE,
137270,IMP. (H) 8 INCH F.O.,إمب. (ح) 8 بوصة من,PU,7907143,A7722-1123,EACH,PUMP MISC,,NON_STOCK,RS-EGPC-OBSOLETE,
133382,"PUMP,TRANSFER","مضخة، نقل",MM,7103135,1CA1W1695,EACH,CATERPILLAR,,NON_STOCK,RS-EGPC-OBSOLETE,
131347,RADIATOR,المشعاع,MM,7103106,4L2114,EACH,CATERPILLAR,,NON_STOCK,RS-EGPC-OBSOLETE,
132443,"GEAR, FOR PUMP GROUP","تروس، لمجموعة المضخة",MM,7103138,3N0350,EACH,CATERPILLAR,,NON_STOCK,RS-EGPC-OBSOLETE,
137170,"RETAINER, BEARING ITEM NO. 652","حامل، رقم الصنف 652",PU,7907146,A6854-1011,EACH,PUMP MISC,,NON_STOCK,RS-EGPC-OBSOLETE,
137171,"IMPELLER, ITEM NO. 673","مروحة، رقم الصنف 673",PU,7907146,B3325-1123,EACH,PUMP MISC,,NON_STOCK,RS-EGPC-OBSOLETE,
177616,"COUPLING, PUMP SHAFT (these materials should be made in USA and don't substitute)","وصلة، عمود المضخة (يجب أن تكون هذه المواد مصنوعة في الولايات المتحدة الأمريكية ولا يمكن استبدالها)",PU,7907176,A0090F119 5914,EACH,PUMP MISC,,NON_STOCK,RS-EGPC-OBSOLETE,
160951,CAMSHAFT                                           OLD P/N.OL288,"عمود الكامات القديم، رقم القطعة OL288",MM,7103126,1CA1282398,EACH,CATERPILLAR,,NON_STOCK,RS-EGPC-OBSOLETE,
161079,"VALVE,CHECK.PRE_LUBE PUMP OIL","صمام، فحص. تشحيم مسبق لمضخة الزيت",MM,7103120,1N9924,EACH,CATERPILLAR,,NON_STOCK,RS-EGPC-OBSOLETE,
165600,"COLLET,LOCK IMPELLER 1-15/16 IN.REF.NO.272","كوليت، قفل المروحة 1-15/16 بوصة، رقم المرجع 272",PU,7902208,750021-CB,EACH,PUMP MISC,,NON_STOCK,RS-EGPC-OBSOLETE,
161693,"RING, PISTON SEAL (LARGE) PART NO.                 040-2390-00-40-4N362 FOR RELIEF VALVE TYPE QD P/N .538-0200-02",حلقة مانعة للتسرب للمكبس (كبيرة) رقم القطعة 040-2390-00-40-4N362 لصمام تخفيف الضغط من النوع QD رقم القطعة 0.538-0200-02,PU,7308102,040-2390-00,EACH,PUMP CENTRIFUG,,NON_STOCK,RS-EGPC-SURPLUS,
110024,"BEARING INNER HORIZONTAL,""TIMKEN""  P/N. HH224310.H H224346 ITEM NO. 603","محمل داخلي أفقي، ""تيمكين"" رقم القطعة HH224310.H H224346 رقم الصنف 603",PU,3101204,HH224346,EACH,BR/SL/S.PLG/FLT,,NON_STOCK,RS-EGPC-SURPLUS,
119452,"GASKET, TOP COVER",حشية الغطاء العلوي,MM,8001104,C-277,EACH,COMPRESSOR USA,,NON_STOCK,RS-EGPC-SURPLUS,
110222,"SLINGER, L.SP.P/N  :   AM072814","SLINGER, L.SP.P/N : AM072814",PU,3112102,AM 072814,EACH,BR/SL/S.PLG/FLT,,NON_STOCK,RS-EGPC-SURPLUS,
110239,"COIL,COOLING AND FITTING    P/N. 816 MNFG. AMARILLO, USA","ملف التبريد والتركيب، رقم القطعة 816، صنع في أماريلو، الولايات المتحدة الأمريكية",MM,3101202,816,EACH,BR/SL/S.PLG/FLT,,NON_STOCK,RS-EGPC-SURPLUS,
103431,"VANE, DURA VAN       P/N. 093107","ريشة، دورا فان P/N. 093107",PU,4704103,93107,EACH,AUTO SHOP EQUIP,,NON_STOCK,RS-EGPC-SURPLUS,
116163,"BEARING , CAMSHAFT-CENTER , INTERMEDIATE & REAR    (UPPER OR LOWER HALF)","محمل، عمود الكامات - المركز، المتوسط والخلفي (النصف العلوي أو السفلي)",MM,6923108,200050B,EACH,ENGINE USA,,INSURANCE_SPARE,RS-EGPC-SURPLUS,
109872,"V-BELT, WATER PUMP MNFG.""WAUKESHA"" , USA @ ACTIVE AT LOCATION 45 ,","حزام على شكل حرف V، مصنع مضخة مياه ""واكيشا""، الولايات المتحدة الأمريكية @ نشط في الموقع 45،",MM,6923114,3VX800,EACH,BELT/TRANSMIT,,NON_STOCK,RS-EGPC-SURPLUS,
103364,"BRUSH,P/N  :   131602-00","فرشاة، رقم القطعة: 131602-00",MM,4700001,131602-00,EACH,AUTO SHOP EQUIP,,NON_STOCK,RS-EGPC-SURPLUS,
109843,"V-BELT, AUTOMOTIVE TYPE RAW EDGE-NEUTRAL CORD      OC:49.375 IN TW:0.406 IN    P/N. 9433752           ""GEN.MOT."" OR EQUI","حزام على شكل حرف V، نوع السيارات، حافة خام - سلك محايد، قطر الدائرة: 49.375 بوصة، عرض السلك: 0.406 بوصة، رقم القطعة: 9433752 ""GEN.MOT."" أو ما يعادله",PU,0,9433752,EACH,BELT/TRANSMIT,,NON_STOCK,RS-EGPC-SURPLUS,
115930,"SPACER, 1.81X2.25X.82","فاصل، 1.81 × 2.25 × 0.82",MM,6923122,153551A,EACH,ENGINE USA,,NON_STOCK,RS-EGPC-SURPLUS,
125034,"BELT, EVAPORATOR FAN DRIVE                         BROWING P/NO. A58","حزام، محرك مروحة المبخر، رقم القطعة A58",PU,320302,SAUA-C 154C,EACH,BELT/TRANSMIT,,NON_STOCK,RS-EGPC-SURPLUS,
123488,"HOSE, 1/2"" ID C2A-2-WIRE BRAID SAE 100R2A MEETS FL AME RESISTANCE ACCEPTANCE (U.S. MSHA 2G) MFG. ""GAT ES"" PRODUCT NO. 46","خرطوم، قطر داخلي 1/2 بوصة، جديلة سلكية مزدوجة C2A-2، SAE 100R2A، يفي بمعايير مقاومة اللهب (MSHA 2G الأمريكية)، من إنتاج شركة ""GAT ES""، رقم المنتج 46",MM,0,,FEET,HOSES & CONNECT,,NON_STOCK,RS-EGPC-SURPLUS,
119893,"VALVE, INLET, COMPLETE, FITTED ON 6"" CYLINDER S/N  Y6R4368/69.","صمام، مدخل، كامل، مثبت على أسطوانة 6 بوصة S/N Y6R4368/69.",MM,8009138,MLR51559G1,EACH,COMPRESSOR USA,,NON_STOCK,RS-EGPC-SURPLUS,
114662,"SEAL, KIT BANKING, A-35 SWING CONTROL VALVE","مانع تسرب، مجموعة تجميع، صمام تحكم متأرجح A-35",MM,6413202,,KIT,CRANES,,NON_STOCK,RS-EGPC-SURPLUS,
114663,"SEAL, KIT SPOOL, A-35 SWING CONTROL VALVE","مانع تسرب، بكرة طقم، صمام تحكم متأرجح A-35",MM,6413202,,KIT,CRANES,,NON_STOCK,RS-EGPC-SURPLUS,
114668,"SEAL, KIT SPOOL, D-85 HOIST CONTROL VALVE","مانع تسرب، بكرة طقم، صمام تحكم رافعة D-85",MM,6413202,,KIT,CRANES,,NON_STOCK,RS-EGPC-SURPLUS,
119763,"VLAVE, DISCHARDE, COMPLETE, FOR CYLINDER 15""       @ ACTIVE LOC 45","صمام تصريف كامل، لأسطوانة 15 بوصة @ موقع نشط 45",MM,8009138,67CS2D,EACH,COMPRESSOR USA,,NON_STOCK,RS-EGPC-SURPLUS,
119993,"KEY, OIL PUMP DRINVE GEAR (WDRF-15)","مفتاح، ترس محرك مضخة الزيت (WDRF-15)",MM,8009145,23A9C88,EACH,COMPRESSOR USA,,NON_STOCK,RS-EGPC-SURPLUS,
119934,"VALVE, INLET, COMPLETE, FOR CYLINDER 7""            @ ACTIVE LOC 45",صمام مدخل كامل للأسطوانة 7 بوصة عند موضع التشغيل 45,MM,8009138,1R51561A,EACH,COMPRESSOR USA,,NON_STOCK,RS-EGPC-SURPLUS,
117021,"KIT, MAIN BEARING","طقم، محمل رئيسي",MM,6923110,918-284,EACH,ENGINE USA,,NON_STOCK,RS-EGPC-SURPLUS,
120183,"GASKET, COVER VALVE FOR CYLINDER 11.5""",حشية غطاء صمام أسطوانة 11.5 بوصة,MM,8009133,X1014T65-61U,EACH,COMPRESSOR USA,,NON_STOCK,RS-EGPC-SURPLUS,
120344,"SEAL, PISTON","ختم، مكبس",MM,8009126,35275064,EACH,COMPRESSOR USA,,NON_STOCK,RS-EGPC-SURPLUS,
119866,"PACKING,ASSY.COMPLETE.                             @ ACTIVE LOC 45",التعبئة والتجميع مكتملان. @ الموقع النشط 45,MM,8009136,MLH34657CG1,EACH,COMPRESSOR USA,,NON_STOCK,RS-EGPC-SURPLUS,
120050,"SEAL, OIL","مانع تسرب، زيت",MM,8009133,W76556C,EACH,COMPRESSOR USA,,NON_STOCK,RS-EGPC-SURPLUS,
120467,"VALVE, BLOW-DOWN FOR VALVE INLET","صمام، صمام تفريغ لمدخل الصمام",MM,8009159,39449095,EACH,COMPRESSOR USA,,NON_STOCK,RS-EGPC-SURPLUS,
119781,"BUSHING, MAIN BEARING REF. NO. 2-16","جلبة، محمل رئيسي، رقم المرجع 2-16",MM,8009124,5834C1,EACH,COMPRESSOR USA,,NON_STOCK,RS-EGPC-SURPLUS,
132404,SERVICE GROUP,مجموعة الخدمات,MM,7103126,3N4181,EACH,CATERPILLAR,,NON_STOCK,RS-EGPC-SURPLUS,
131524,"GASKET, KIT (SUPPLEMENT ENG. OVERHAUL) P/N : 5L2727",طقم حشيات (ملحق إصلاح المحرك) رقم القطعة: 5L2727,MM,7103140,5L2727,EACH,CATERPILLAR,,NON_STOCK,RS-EGPC-SURPLUS,
125757,"ELEMENT, AIR FILTER P10-1240 FOR WAUKESHA ENGINE M ODEL L3711 S/N. 486689 AND 48711.@ STD. PKG. 6 --- -PA1637","عنصر فلتر الهواء P10-1240 لمحرك واكيشا طراز M L3711، الرقم التسلسلي 486689 و48711.@ العبوة القياسية 6 --- -PA1637",MM,0,,EACH,BR/SL/S.PLG/FLT,,NON_STOCK,RS-EGPC-SURPLUS,
124945,"MECHANICAL SEAL, MODEL UK-3375 MAT. CODE NO 5N4A.  COMPLETE WITH FLANGE ASSY. S-11, GASKET S-18,      DRIVE COLLAR S-58,","مانع تسرب ميكانيكي، موديل UK-3375، رمز المادة 5N4A. كامل مع مجموعة الشفة S-11، والحشية S-18، وطوق القيادة S-58.",PU,3002116,,EACH,BELT/TRANSMIT,,NON_STOCK,RS-EGPC-SURPLUS,
124951,"KIT, REPAIR CONSISTS OF:DRIVE KEY S-3,U-CUP S-4,   SEAT GASKET S-13,STA.FACE S-14,SLEEVE GASKET S-19 ,BUSHING S-24,FLG.G","طقم الإصلاح يتكون من: مفتاح التشغيل S-3، غطاء المقعد S-4، حشية المقعد S-13، غطاء المقعد S-14، حشية الغلاف S-19، جلبة S-24، حافة G",PU,3002116,,KIT,BELT/TRANSMIT,,NON_STOCK,RS-EGPC-SURPLUS,
119708,"GASKET,OUTER HEAD.                                 @ ACTIVE LOC 45",حشية رأس الأسطوانة الخارجية. @ الموقع النشط 45,MM,8009134,30A11FO646X10,EACH,COMPRESSOR USA,,NON_STOCK,RS-EGPC-SURPLUS,
125792,"SEAL, OIL FILTER ELEMENT CARTRIDGE 10 MICRON  ELLIOTT P/N :P3516E001 , new p/no. ASE.010.10","مانع تسرب، خرطوشة عنصر فلتر الزيت 10 ميكرون إليوت، رقم القطعة: P3516E001، رقم القطعة الجديد: ASE.010.10",MM,8005056,ASE.010.10,EACH,BR/SL/S.PLG/FLT,,NON_STOCK,RS-EGPC-SURPLUS,
130941,"O-RING, 19.475 IN ID X 0.210 IN DIA BLACK G G P","حلقة دائرية، قطر داخلي 19.475 بوصة × قطر 0.210 بوصة، لون أسود، G G P",MM,7103144,9H0846,EACH,CATERPILLAR,,NON_STOCK,RS-EGPC-SURPLUS,
133700,"SET,","تعيين،",PU,7313106,224-029-016,EACH,PUMP CENTRIFUG,,NON_STOCK,RS-EGPC-SURPLUS,
133789,"IMPELLER, FRONT  016-0010-00-2",مروحة أمامية 016-0010-00-2,PU,7308102,QLF-16F-9-3/4,EACH,PUMP CENTRIFUG,,NON_STOCK,RS-EGPC-SURPLUS,
133790,"IMPELLER, REAR  016-0020-00-2",مروحة خلفية 016-0020-00-2,PU,7308102,QLF-16R-9-314,EACH,PUMP CENTRIFUG,,NON_STOCK,RS-EGPC-SURPLUS,
133793,"GEAR, 19 TEETH FOR ""QLF"" PUMP SHAFT 031-0010-00-2","ترس ذو 19 سنًا لعمود مضخة ""QLF"" 031-0010-00-2",PU,7308102,QL_310,EACH,PUMP CENTRIFUG,,NON_STOCK,RS-EGPC-SURPLUS,
133794,"GEAR, 22 TEETH FOR ""QLF2 & 2QLF2"" PUMP SHAFT       031-0020-00-2","ترس، 22 سنًا لعمود مضخة ""QLF2 و2QLF2"" 031-0020-00-2",PU,7308102,QL2_31D,EACH,PUMP CENTRIFUG,,NON_STOCK,RS-EGPC-SURPLUS,
133795,"GEAR, 25 TEETH FOR ""QLF3 & 2QLF3"" PUMP SHAFT       031-0030-002","ترس، 25 سنًا لعمود مضخة ""QLF3 و2QLF3"" 031-0030-002",PU,7308102,QL3_31D,EACH,PUMP CENTRIFUG,,NON_STOCK,RS-EGPC-SURPLUS,
133796,"GEAR, 28 TEETH FOR ""QLF4 & 2QLF4"" PUMP SHAFT.      031-0040-002","ترس، 28 سنًا لعمود مضخة ""QLF4 و2QLF4"". 031-0040-002",PU,7308102,QL4_31D,EACH,PUMP CENTRIFUG,,NON_STOCK,RS-EGPC-SURPLUS,
133112,"Hold From  1 / 1 / 2021 To  31 / 12 / 2021 ,O-RING, SEAL 0.375"" ID X 0.169"" DIA","يُحفظ من 1/1/2021 إلى 31/12/2021، حلقة مانعة للتسرب، قطر داخلي 0.375 بوصة × قطر 0.169 بوصة",MM,7103144,25CA3S5496,EACH,CATERPILLAR,,NON_STOCK,RS-EGPC-SURPLUS,
131347,RADIATOR,المشعاع,MM,7103106,4L2114,EACH,CATERPILLAR,,NON_STOCK,RS-EGPC-SURPLUS,
133809,"SEAL, OIL FRONT BEARING HOUSING 296-2020-00-3","مانع تسرب، غطاء محمل الزيت الأمامي 296-2020-00-3",PU,7308102,QLF-296,EACH,PUMP CENTRIFUG,,NON_STOCK,RS-EGPC-SURPLUS,
133811,"RING, SEAL PRIMING VALVE PLATE 040-2260-003","حلقة، مانع تسرب، لوحة صمام التحضير 040-2260-003",PU,7308102,40-4N200,EACH,PUMP CENTRIFUG,,NON_STOCK,RS-EGPC-SURPLUS,
133812,"GLAND, SLEEVE PACKING ADJUSTING 048-0040-00-2","غدة، غلاف، حشوة، تعديل 048-0040-00-2",PU,7308102,ZSF-371,EACH,PUMP CENTRIFUG,,NON_STOCK,RS-EGPC-SURPLUS,
133814,"DIAPHRAGM, FRONT BEARING HOUSING  046-5010-00-3","غشاء، غلاف المحمل الأمامي 046-5010-00-3",PU,7308102,QLF-674,EACH,PUMP CENTRIFUG,,NON_STOCK,RS-EGPC-SURPLUS,
133815,"STRAINER, RELIEF VALVE CONTROL 010-0080-00-1","مصفاة، صمام تحكم في تخفيف الضغط 010-0080-00-1",PU,7308102,Z5-695,EACH,PUMP CENTRIFUG,,NON_STOCK,RS-EGPC-SURPLUS,
133445,"TUBE, ASSY","أنبوب، مجموعة",MM,7103139,2W3454,EACH,CATERPILLAR,,NON_STOCK,RS-EGPC-SURPLUS,
131656,"SEAL, O-RING 2.475"" ID X 0.210"" DIA. YELLOW G B P","حلقة مانعة للتسرب، دائرية الشكل، قطر داخلي 2.475 بوصة × قطر 0.210 بوصة، لون أصفر، G B P",MM,7103144,6L1649,EACH,CATERPILLAR,,NON_STOCK,RS-EGPC-SURPLUS,
132890,"HOSE,  p.f. grader mod. 120g s/n. 87v4286 engine s/no. 78p45102","خرطوم، آلة تسوية التربة طراز 120 غرام، الرقم التسلسلي 87v4286، الرقم التسلسلي للمحرك 78p45102",MM,7103144,2P5943,INCH,CATERPILLAR,,NON_STOCK,RS-EGPC-SURPLUS,
137283,"BEARING, BOWL ITEM 672","محمل، وعاء، رقم الصنف 672",PU,7907161,B99680F007 6111,EACH,PUMP MISC,,NON_STOCK,RS-EGPC-SURPLUS,
137285,"RETAINER, BEARING                                  ITEM NO 652 DRAWING NO A6862","حامل، رقم الصنف 652، رقم الرسم A6862",PU,7907174,A68620F000 1123,EACH,PUMP MISC,,NON_STOCK,RS-EGPC-SURPLUS,
137286,"RING, THRUST                                       ITEM NO 725 DRAWING NO A7255","حلقة، عنصر الدفع رقم 725، الرسم رقم A7255",PU,7907174,A72550F000 2229,EACH,PUMP MISC,,NON_STOCK,RS-EGPC-SURPLUS,
137287,"KEY, IMP.(375X1.87LG)                              ITEM NO 730E","مفتاح، مستورد (375 × 1.87 بوصة) رقم الصنف 730E",PU,7907174,A84430FEBR 2426,EACH,PUMP MISC,,NON_STOCK,RS-EGPC-SURPLUS,
137288,"BEARING, SUCTION                                   ITEM NO 690","محمل شفط، رقم الصنف 690",PU,7907174,B71500F002 5402,EACH,PUMP MISC,,NON_STOCK,RS-EGPC-SURPLUS,
137289,"BEARING, BOWL.                                     ITEM NO 672","محمل، وعاء. رقم الصنف 672",PU,7907174,B71350F002 5402,EACH,PUMP MISC,,NON_STOCK,RS-EGPC-SURPLUS,
137290,IMPELLER (H) 7.                                    ITEM NO 673A DRAWING NO B5104,"المروحة (H) 7. رقم الصنف 673A، رقم الرسم B5104",PU,7907174,B51040F000 1123,EACH,PUMP MISC,,NON_STOCK,RS-EGPC-SURPLUS,
137295,"BOWL, INT.            P/N. 11687F-2-2-1126         ITEM NO 670","وعاء داخلي، رقم القطعة 11687F-2-2-1126، رقم الصنف 670",PU,7907174,B11687F022 1123,EACH,PUMP MISC,,NON_STOCK,RS-EGPC-SURPLUS,
137296,"NUT, COL/COL BLT (8)                               ITEM NO 735 A DRAWING NO 49507-110","صامولة، COL/COL BLT (8) رقم الصنف 735 أ، رقم الرسم 49507-110",PU,7907174,A49507F110 2229,EACH,PUMP MISC,,NON_STOCK,RS-EGPC-SURPLUS,
161218,"COVER,","غطاء،",MM,0,4N4536,EACH,CATERPILLAR,,NON_STOCK,RS-EGPC-SURPLUS,
132759,"SHAFT,","رمح،",MM,7103139,8N9244,EACH,CATERPILLAR,,NON_STOCK,RS-EGPC-SURPLUS,
164602,"IMPELLER, ITEM NO. 673                             BOTH IMPELLERS TO BE FULL IMPELLER DIAMETER","المروحة، رقم الصنف 673، يجب أن تكون كلتا المروحتين بقطر كامل.",PU,7907128,B42910F000 1022,EACH,PUMP MISC,,NON_STOCK,RS-EGPC-SURPLUS,
132888,"DAMPER, ASSY.",مجموعة المخمدات,MM,7103138,1678126+1779024+1682100,EACH,CATERPILLAR,,NON_STOCK,RS-EGPC-SURPLUS,
131058,"RING, SEAL 3-17/32"" OD X 2-47/64"" ID X 3/16""","حلقة مانعة للتسرب، قطر خارجي 3-17/32 بوصة × قطر داخلي 2-47/64 بوصة × 3/16 بوصة",MM,7103144,1CA1672207,EACH,CATERPILLAR,,NON_STOCK,RS-EGPC-SURPLUS,
161305,"CONNECTING ROD,  P/N. 8N1726","ذراع التوصيل، رقم القطعة 8N1726",MM,7103139,1CA8N1726,EACH,CATERPILLAR,,NON_STOCK,RS-EGPC-SURPLUS,
161233,"ELBOW,  P/N. 4N7766","كوع، رقم القطعة 4N7766",MM,7103139,4N7766,EACH,CATERPILLAR,,NON_STOCK,RS-EGPC-SURPLUS,
161262,"PLUNGER, BARREL ASSY. FUEL PUMP","مكبس، مجموعة أسطوانة، مضخة وقود",MM,7103132,6N7527,EACH,CATERPILLAR,,NON_STOCK,RS-EGPC-SURPLUS,
161267,"BEARING, CRANKSHAFT MAIN , P/N : 3178766","محمل عمود المرفق الرئيسي، رقم القطعة: 3178766",MM,7103140,1CA3178766,EACH,CATERPILLAR,,NON_STOCK,RS-EGPC-SURPLUS,
161332,"HEAD, ASSY. SERVICE FOR CYL. HEAD & VALVE          MECHANISM.                                         @ ACTIVE LOC. 45",خدمة رأس الأسطوانة ومجموعة الصمامات. @ الموقع النشط 45,MM,7103132,1P4303,EACH,CATERPILLAR,,NON_STOCK,RS-EGPC-SURPLUS,
160895,"O-RING, SEAL 2.225"" 10 X 0.210"" DIA. BLACK G B B","حلقة مانعة للتسرب، قطر 2.225 بوصة × 0.210 بوصة، لون أسود، G B B",MM,7103144,3H2652,EACH,CATERPILLAR,,NON_STOCK,RS-EGPC-SURPLUS,
137618,"BEARING, SERIES CASE REF.NO. 243","محمل، سلسلة علبة رقم المرجع 243",PU,7902226,AX169968-PQ000,EACH,PUMP MISC,,NON_STOCK,RS-EGPC-SURPLUS,
161495,"TUBE, ASSY","أنبوب، مجموعة",MM,7103139,2W2927,EACH,CATERPILLAR,,NON_STOCK,RS-EGPC-SURPLUS,
161520,"ADAPTER,","محول،",MM,7103145,7W5435,EACH,CATERPILLAR,,NON_STOCK,RS-EGPC-SURPLUS,
132531,"BEARING, FOR BLOCK GROUP.","محمل، لمجموعة الكتل.",MM,7103138,1CA4N6658,EACH,CATERPILLAR,,NON_STOCK,RS-EGPC-SURPLUS,
165427,LIP SEAL PUMP END                                  P/N. 2796A216DIAA001-NITRILE,"مانع تسرب طرفي لمضخة، رقم القطعة: 2796A216DIAA001-نيتريل",PU,7909125,60609898,EACH,PUMP MISC,,NON_STOCK,RS-EGPC-SURPLUS,
165428,LIP SEAL COUPLING END                              P/N. 2769A11ZDIACP01-NITRILE,"وصلة طرفية مانعة للتسرب، رقم القطعة 2769A11ZDIACP01-نيتريل",PU,7909125,60609773,EACH,PUMP MISC,,NON_STOCK,RS-EGPC-SURPLUS,
165429,THRUST BEARING                                     P/NO. 012A05311GA002,محمل الدفع رقم القطعة 012A05311GA002,PU,7909125,60548732,EACH,PUMP MISC,,NON_STOCK,RS-EGPC-SURPLUS,
137202,"BEARING, BOWL ITEM NO. 672","محمل، وعاء، رقم الصنف 672",PU,7907158,A91110F000 1618,EACH,PUMP MISC,,NON_STOCK,RS-EGPC-SURPLUS,
137204,"BEARING, SUCTION BOWL ITEM NO. 690","محمل، وعاء شفط، رقم الصنف 690",PU,7907134,B7285-1-5401,EACH,PUMP MISC,,NON_STOCK,RS-EGPC-SURPLUS,
137415,"COLLET, 1-1/4"" 316 S.S.","كوليت، 1-1/4 بوصة، فولاذ مقاوم للصدأ 316",PU,7920102,5009-61,EACH,PUMP MISC,,NON_STOCK,RS-EGPC-SURPLUS,
137423,"COUPLING, HALF PUMP REF.NO. 329","وصلة، نصف مضخة، رقم المرجع 329",PU,7918102,2619182-056,EACH,PUMP MISC,,NON_STOCK,RS-EGPC-SURPLUS,
137425,"BOWL, STANDARD REF.NO. 10","وعاء، رقم المرجع القياسي 10",PU,7918102,4604684-041,EACH,PUMP MISC,,NON_STOCK,RS-EGPC-SURPLUS,
133382,"PUMP,TRANSFER","مضخة، نقل",MM,7103135,1CA1W1695,EACH,CATERPILLAR,,NON_STOCK,RS-EGPC-SURPLUS,
133798,"RING, SEAL PACKING HOUSING 040-2470-00-3","حلقة، غلاف مانع للتسرب 040-2470-00-3",PU,7308102,40-4N462,EACH,PUMP CENTRIFUG,,NON_STOCK,RS-EGPC-SURPLUS,
132481,"METER, GROUP HOUR BASIC ELECTRICE","عداد، مجموعة ساعات، أساسيات الكهرباء",MM,7103132,4N3700,EACH,CATERPILLAR,,NON_STOCK,RS-EGPC-SURPLUS,
165672,"HOLD TILL 1/12/2026, PIPE, BOTTOM PC. COLUMN   ITEM NO. 30 for FWP PUMP MOD 18RKMC3 S/N. 87979-80","يُحفظ حتى 1/12/2026، أنبوب، عمود سفلي، رقم الصنف 30 لمضخة FWP موديل 18RKMC3، الرقم التسلسلي 87979-80",PU,7912102,LVX74009C,EACH,PUMP MISC,,NON_STOCK,RS-EGPC-SURPLUS,
165691,"IMO PUMP, DELAVAL A21NI-100 C.C.W-   ROTATION When FACTING SHAFT EXTENSION","مضخة IMO، DELAVAL A21NI-100 دوران عكس اتجاه عقارب الساعة عند تركيب امتداد عمود التوجيه",PU,7909110,LH01001B04,EACH,PUMP MISC,,NON_STOCK,RS-EGPC-SURPLUS,
164642,"RING, THRUST   ITEM NO. 725 , New Part no. A81090F000 2229","حلقة دفع، رقم القطعة 725، رقم القطعة الجديدة A81090F000 2229",PU,7907134,A81090F0002229,EACH,PUMP MISC,,NON_STOCK,RS-EGPC-SURPLUS,
165656,"U-JOINT, SPICER REPAIR KITS",مجموعة إصلاح وصلات U-JOINT و SPICER,PU,7902224,5-185,EACH,PUMP MISC,,NON_STOCK,RS-EGPC-SURPLUS,
164658,"RING, OIL ITEM NO. 114, MATL 1102 ,  hold purchasing for six months till August,2015 ref PU e-mail dated 1/2/2015","حلقة، زيت، رقم الصنف 114، المادة 1102، تعليق الشراء لمدة ستة أشهر حتى أغسطس 2015، مرجع البريد الإلكتروني PU بتاريخ 1/2/2015",PU,7907152,A00017A14,EACH,PUMP MISC,,NON_STOCK,RS-EGPC-SURPLUS,
165663,"BEARING, INTERMEDIATE ITEM #35","محمل، عنصر وسيط رقم 35",PU,7912102,LV0695070215 1160 F,EACH,PUMP MISC,,NON_STOCK,RS-EGPC-SURPLUS,
137235,"BUSHING - SEAL CHAMBER,       ITEM NO. 125","جلبة - حجرة مانعة للتسرب، رقم الصنف 125",PU,7907178,B02079A01 1001,EACH,PUMP MISC,,NON_STOCK,RS-EGPC-SURPLUS,
137236,LOCK NUT BEARING,محمل صامولة القفل,PU,7907178,8601-0012,EACH,PUMP MISC,,NON_STOCK,RS-EGPC-SURPLUS,
137521,SCREW CAP SOCKET/HD. 25-20 UNC X .50 X .50 4RQD    316 SS,رأس لولبي سداسي/رأس. 25-20 UNC × 0.50 × 0.50 4RQD 316 SS,PU,7909131,809630-00,EACH,PUMP MISC,,NON_STOCK,RS-EGPC-SURPLUS,
137522,"RING, WEAR IMP. 6JK C954","خاتم، قابل للارتداء، رقم القطعة 6JK C954",PU,7909131,82120726,EACH,PUMP MISC,,NON_STOCK,RS-EGPC-SURPLUS,
137523,BRG SLV. 1.01 ID X 1.38 OD X 3.00 LG-CC 40,BRG SLV. 1.01 ID X 1.38 OD X 3.00 LG-CC 40,PU,7909131,82258757,EACH,PUMP MISC,,NON_STOCK,RS-EGPC-SURPLUS,
137528,RETAINER BRG. FLGREG 4 1.13 LB OR F/CAR C C 958,حامل تثبيت FLGREG 4 1.13 رطل أو F/CAR C C 958,PU,7909131,82463472,EACH,PUMP MISC,,NON_STOCK,RS-EGPC-SURPLUS,
161195,"PUMP, GROUP FUEL TRANSFER ONE SECTION GEAR","مضخة، مجموعة نقل الوقود، قسم واحد من التروس",MM,7103140,1CA4N1101,EACH,CATERPILLAR,,NON_STOCK,RS-EGPC-SURPLUS,
133940,"Centrifugal pump, close-coupled, electric motor with extended shaft directly to the pump, the pump casing& impeller mate","مضخة طرد مركزي، ذات اقتران مباشر، ومحرك كهربائي ذو عمود ممتد متصل مباشرة بالمضخة، وغلاف المضخة والمروحة متطابقان.",PU,0,97568450,EACH,PUMP CENTRIFUG,,NON_STOCK,RS-EGPC-SURPLUS,
165430,RADIAL BEARING                                     P/N. 0128A311SC3A001,"محمل شعاعي، رقم القطعة: 0128A311SC3A001",PU,7909125,60509437,EACH,PUMP MISC,,NON_STOCK,RS-EGPC-SURPLUS,
137580,"SEAL, OIL COVER WIPER                              @ CRRECT P/N. REF EGG 6139/89","مانع تسرب، ماسحة غطاء الزيت @ رقم القطعة الصحيح: EGG 6139/89",PU,7909118,21823X1189,EACH,PUMP MISC,,NON_STOCK,RS-EGPC-SURPLUS,
137170,"RETAINER, BEARING ITEM NO. 652","حامل، رقم الصنف 652",PU,7907146,A6854-1011,EACH,PUMP MISC,,NON_STOCK,RS-EGPC-SURPLUS,
137171,"IMPELLER, ITEM NO. 673","مروحة، رقم الصنف 673",PU,7907146,B3325-1123,EACH,PUMP MISC,,NON_STOCK,RS-EGPC-SURPLUS,
137604,"CASE, BOTTOM","الغطاء، الجزء السفلي",PU,7902304,AX209794-JX000,EACH,PUMP MISC,,NON_STOCK,RS-EGPC-SURPLUS,
165445,"NUT, COUPLING","صامولة، وصلة",PU,7909110,200D164CX1,EACH,PUMP MISC,,NON_STOCK,RS-EGPC-SURPLUS,
165449,"GASKET, OUTER SPIRAL WOUND                         NEW P/NO 2450D36DX1-S-316-1",حشية حلزونية خارجية جديدة رقم القطعة 2450D36DX1-S-316-1,PU,7909110,2450D363DX1-S-316-9,EACH,PUMP MISC,,NON_STOCK,RS-EGPC-SURPLUS,
165458,"NUT, SHAFT","صامولة، عمود",PU,7909110,362S126AX1B-20,EACH,PUMP MISC,,NON_STOCK,RS-EGPC-SURPLUS,
165460,"SHAFT, (NEW P/N. 8X23JSG10XG3-15)                  P/NO. 8X23JSG10XG3-15","عمود، (رقم القطعة الجديد 8X23JSG10XG3-15) رقم القطعة 8X23JSG10XG3-15",PU,7909110,8X23JSG10XG3-15,EACH,PUMP MISC,,NON_STOCK,RS-EGPC-SURPLUS,
165475,"SPOOL, PIECE 5 IN. X 3 FT. 11-9/16 IN. LONG REF.   NO. 382","بكرة، قطعة 5 بوصة × 3 قدم، طول 11-9/16 بوصة، رقم المرجع 382",PU,7902230,999859-ZA,EACH,PUMP MISC,,NON_STOCK,RS-EGPC-SURPLUS,
137562,"CAP, 1/2 IN. AIR MAZE BREATHER                     OLD P/N. B-19919-GC","غطاء، نصف بوصة، جهاز تنفس AIR MAZE، رقم القطعة القديم: B-19919-GC",PU,7909110,62009477,EACH,PUMP MISC,,NON_STOCK,RS-EGPC-SURPLUS,
137032,"O-RING, VALVE","حلقة مانعة للتسرب، صمام",PU,7916102,22-09212,KIT,PUMP MISC,,NON_STOCK,RS-EGPC-SURPLUS,
161663,"PACKING , Pump Type : Gear Pump , Pump S/No. : 150-344-7030UR , Pump Rotation  : Upper Drive - Right Hand Rotation (CW).","التعبئة، نوع المضخة: مضخة تروس، رقم المضخة التسلسلي: 150-344-7030UR، دوران المضخة: محرك علوي - دوران باتجاه اليمين (CW).",PU,7314202,18150,EACH,PUMP CENTRIFUG,,NON_STOCK,RS-EGPC-SURPLUS,
161466,FUEL ING.LINE NO 3,خط وقود رقم 3,MM,7103139,4P3923,EACH,CATERPILLAR,,NON_STOCK,RS-EGPC-SURPLUS,
165070,"RING, THRUST IMPELLER AND SLEEVE ITEM NO. 252","حلقة، دافعة دفع، وغطاء، رقم الصنف 252",PU,7902106,1125478,EACH,PUMP MISC,,NON_STOCK,RS-EGPC-SURPLUS,
164557,"RING, WEAR BOWL ITEM NO. 680","خاتم، وعاء قابل للارتداء، رقم الصنف 680",PU,7907146,B3333-4-1117,EACH,PUMP MISC,,NON_STOCK,RS-EGPC-SURPLUS,
133800,"GLAND, PACKING FRONT 048-0020-00-2","غدة، واجهة التعبئة 048-0020-00-2",PU,7308102,QLD-57F,EACH,PUMP CENTRIFUG,,NON_STOCK,RS-EGPC-SURPLUS,
133801,"GLAND, PACKING REAR 048-0030-00-3","غدة، حشوة خلفية 048-0030-00-3",PU,7308102,QLD-57R,EACH,PUMP CENTRIFUG,,NON_STOCK,RS-EGPC-SURPLUS,
133802,"PACKING, SEPARATOR 097-0010-00-3","عبوة، فاصل 097-0010-00-3",PU,7308102,QL-58ZD,EACH,PUMP CENTRIFUG,,NON_STOCK,RS-EGPC-SURPLUS,
133803,"RING, IMPELLER RETAINING 077-1250-21-3",حلقة تثبيت المروحة 077-1250-21-3,PU,7308102,77SS125,EACH,PUMP CENTRIFUG,,NON_STOCK,RS-EGPC-SURPLUS,
133804,"RING, SEAL OIL RETAINING",حلقة مانعة للتسرب لحفظ الزيت,PU,7308102,S79SS168,EACH,PUMP CENTRIFUG,,NON_STOCK,RS-EGPC-SURPLUS,
133805,"GASKET, REAR BEARING HOUSING & COVER               046-0070-00-3","حشية، غطاء وعلبة محمل خلفي 046-0070-00-3",PU,7308102,GS-W263,EACH,PUMP CENTRIFUG,,NON_STOCK,RS-EGPC-SURPLUS,
133806,"GASKET, FRONT BEARING HOUSING & PACKING HOUSING    046-0010-00-3","حشية، غطاء محمل أمامي وغطاء حشو 046-0010-00-3",PU,7308102,QL-W263,EACH,PUMP CENTRIFUG,,NON_STOCK,RS-EGPC-SURPLUS,
164558,"RING, WEAR IMPELLER ITEM NO.681","حلقة، دافع قابل للتآكل، رقم الصنف 681",PU,7907146,B3331-1117,EACH,PUMP MISC,,NON_STOCK,RS-EGPC-SURPLUS,
137456,"BEARING, SLEEVE ITEM NO. 15","محمل، جلبة، رقم الصنف 15",PU,7918104,98623196,EACH,PUMP MISC,,NON_STOCK,RS-EGPC-SURPLUS,
137190,"RETAINER, BEARING ITEM NO. 652","حامل، رقم الصنف 652",PU,7907128,A68600F0001018,EACH,PUMP MISC,,NON_STOCK,RS-EGPC-SURPLUS,
137193,"BEARING, SUCTION BELL ITEM NO. 690","محمل، جرس شفط، رقم الصنف 690",PU,7907128,B71740F002 6132,EACH,PUMP MISC,,NON_STOCK,RS-EGPC-SURPLUS,
165610,"BEARING, SUCTION ITEM # 41","محمل شفط، رقم الصنف 41",PU,7912102,1006F015B08,EACH,PUMP MISC,,NON_STOCK,RS-EGPC-SURPLUS,
161368,"KIT, GASKET VALVE GRINDING.                                   @ 6 EA AT D/CHARGE AREA",طقم تجليخ صمام الحشية. 6 قطع لكل قطعة في منطقة الشحن,MM,7103142,1CA2894884,EACH,CATERPILLAR,,NON_STOCK,RS-EGPC-SURPLUS,
164920,"O-RING, BUSHING ITEM NO.208-T","حلقة دائرية، جلبة رقم 208-T",PU,7902108,412.208T,EACH,PUMP MISC,,PLANNED_WO,RS-EGPC-SURPLUS,
165613,"HOLD TILL 1/12/2026 , BOWL, INTERMEDIATE ITEM NO. 36 for FWP PUMP MOD 18RKMC3 S/N. 87979-80","يُحفظ حتى 1/12/2026، وعاء، قطعة متوسطة رقم 36 لمضخة FWP موديل 18RKMC3، الرقم التسلسلي 87979-80",PU,7912102,LV 1055222045,EACH,PUMP MISC,,NON_STOCK,RS-EGPC-SURPLUS,
164451,"SHAFT, ITEM NO. 122","عمود، رقم الصنف 122",PU,7907112,R79-115-2210,EACH,PUMP MISC,,NON_STOCK,RS-EGPC-SURPLUS,
165600,"COLLET,LOCK IMPELLER 1-15/16 IN.REF.NO.272","كوليت، قفل المروحة 1-15/16 بوصة، رقم المرجع 272",PU,7902208,750021-CB,EACH,PUMP MISC,,NON_STOCK,RS-EGPC-SURPLUS,
164883,COLUMN. BOTTOM ASSY NEW P/NO. C2408-7-30-8510 (these materials should be made in USA and don't substitute),عمود. مجموعة القاعدة الجديدة رقم القطعة C2408-7-30-8510 (يجب أن تكون هذه المواد مصنوعة في الولايات المتحدة الأمريكية ولا يمكن استبدالها),PU,7907176,D01752FNBK8510,EACH,PUMP MISC,,NON_STOCK,RS-EGPC-SURPLUS,
137128,"GASKET, NECH. SEAL (CRANE PART)  REF.NO.360 Q","حشية، مانع تسرب NECH (جزء رافعة) رقم المرجع 360 Q",PU,7907116,90890 0201,EACH,PUMP MISC,,NON_STOCK,RS-EGPC-SURPLUS,
137520,RING THRUST SPLIT IMP. STD F/1.00 SHF 316 SS,حلقة دفع منقسمة مقاومة قياسية F/1.00 SHF 316 SS,PU,7909131,82079369,EACH,PUMP MISC,,NON_STOCK,RS-EGPC-SURPLUS,
177570,"GASKET, END COVER ITEM NO. 360  MAT.5130","حشية غطاء طرفي، رقم الصنف 360، رقم المادة 5130",PU,7907140,A00046A02 5130,EACH,PUMP MISC,,NON_STOCK,RS-EGPC-SURPLUS,
165615,"SHAFT, IMPELLER ITEM # 32 for PUMP MOD 18RKMC3 S/N. 87979-80","عمود، مروحة، رقم الصنف 32 لمضخة موديل 18RKMC3، الرقم التسلسلي 87979-80",PU,7912102,LV9318X122104,EACH,PUMP MISC,,NON_STOCK,RS-EGPC-SURPLUS,
165617,"BELL, SUCTION ITEM # 40","جرس، قطعة شفط رقم 40",PU,7912102,LV8155163045  0660  F,EACH,PUMP MISC,,NON_STOCK,RS-EGPC-SURPLUS,
161464,FUEL ING.LINE NO 1,خط وقود رقم 1,MM,7103139,4P9661,EACH,CATERPILLAR,,NON_STOCK,RS-EGPC-SURPLUS,
161465,FUEL ING.LINE NO 2,خط وقود رقم 2,MM,7103139,1CA1917942,EACH,CATERPILLAR,,NON_STOCK,RS-EGPC-SURPLUS,
164802,"NUT, ADJUSTING","صامولة، ضبط",PU,7907159,H00461F0002130,EACH,PUMP MISC,,NON_STOCK,RS-EGPC-SURPLUS,
161402,"V-BELT,SET","حزام على شكل حرف V، مجموعة",MM,7103104,258268,EACH,BELT/TRANSMIT,,NON_STOCK,RS-EGPC-SURPLUS,
164794,"SUCTION, BELL ITEM NO 689","شفط، رقم الصنف 689 من بيل",PU,7907165,B42870F002 1123,EACH,PUMP MISC,,NON_STOCK,RS-EGPC-SURPLUS,
165168,"TIP, 0 DEGREE","طرف، 0 درجة",PU,7919402,,EACH,PUMP MISC,,NON_STOCK,RS-EGPC-SURPLUS,
161660,GASKET,حشية,PU,7314202,8150,EACH,PUMP CENTRIFUG,,NON_STOCK,RS-EGPC-SURPLUS,
165477,"COUPLING, HALF DRIVER, 1.1/8"" BORE, REF NO 529.","وصلة، نصف محرك، فتحة 1.1/8 بوصة، رقم المرجع 529.",PU,7902230,170292-RX,EACH,PUMP MISC,,NON_STOCK,RS-EGPC-SURPLUS,
161661,GASKET,حشية,PU,7314202,13150,EACH,PUMP CENTRIFUG,,NON_STOCK,RS-EGPC-SURPLUS,
161662,SEAL,ختم,PU,7314202,16150,EACH,PUMP CENTRIFUG,,NON_STOCK,RS-EGPC-SURPLUS,
161694,"VALVE,RELIEF WITH PM CONTROL VALVE                 538-0200-00-QD",صمام تخفيف الضغط مع صمام تحكم PM 538-0200-00-QD,PU,7308102,538-0200-00,EACH,PUMP CENTRIFUG,,NON_STOCK,RS-EGPC-SURPLUS,
161695,"VALVE,CONTROL BACK PRESSURE","صمام، للتحكم في الضغط الخلفي",PU,7314202,300710,EACH,PUMP CENTRIFUG,,NON_STOCK,RS-EGPC-SURPLUS,
161454,"PUMP, FUEL TRANSFER","مضخة، نقل الوقود",MM,7103139,1CA3775846,EACH,CATERPILLAR,,NON_STOCK,RS-EGPC-SURPLUS,
173654,"DISC PACK, STAINLESS FOR COUPLING ""THOMAS""  SERIES 71 SIZE 562","مجموعة أقراص من الفولاذ المقاوم للصدأ لوصلة ""توماس"" سلسلة 71 مقاس 562",PU,7902107,329291,EACH,BR/SL/S.PLG/FLT,,NON_STOCK,RS-EGPC-SURPLUS,
164979,"SHAFT, PROTECTING SLV.STG.","عمود، حماية SLV.STG.",PU,7902102,2187221,EACH,PUMP MISC,,MIN_MAX,RS-EGPC-SURPLUS,
161701,"VALVE,BALL (IRON BODY) 2""",صمام كروي (جسم حديدي) 2 بوصة,PU,7308102,1231-1095-5,EACH,PUMP CENTRIFUG,,NON_STOCK,RS-EGPC-SURPLUS,
161724,"GASKET, GLAND","حشية، غدة",PU,7321102,815B0118113R20501,EACH,PUMP CENTRIFUG,,NON_STOCK,RS-EGPC-SURPLUS,
165434,"SETSCREW, ALLEN CUP PT.","مسمار تثبيت، رأس ألين",PU,7909110,109A2A10-318,EACH,PUMP MISC,,NON_STOCK,RS-EGPC-SURPLUS,
161079,"VALVE,CHECK.PRE_LUBE PUMP OIL","صمام، فحص. تشحيم مسبق لمضخة الزيت",MM,7103120,1N9924,EACH,CATERPILLAR,,NON_STOCK,RS-EGPC-SURPLUS,
165284,"IMPELLER, REF.NO. 8","دافع، رقم المرجع 8",PU,7918102,96669330,EACH,PUMP MISC,,NON_STOCK,RS-EGPC-SURPLUS,
176214,SUCTION & DISCHARGE VALVE,صمام السحب والتفريغ,PU,7313114,,EACH,PUMP CENTRIFUG,,NON_STOCK,RS-EGPC-SURPLUS,
176218,PLUNGER + PACKING ASSEMBLY,مجموعة المكبس والتغليف,PU,7313122,3050934100F,SET,PUMP CENTRIFUG,,NON_STOCK,RS-EGPC-SURPLUS,
177522,"GASKET, MECHANICAL SEAL ITEM NO.360Q  (OLD P/N. 70782-25_5128 (70782-25)","حشية، مانع تسرب ميكانيكي، رقم الصنف 360Q (رقم القطعة القديم 70782-25_5128 (70782-25))",PU,7907114,70782 25 5127,EACH,PUMP MISC,,NON_STOCK,RS-EGPC-SURPLUS,
164709,"GASKET, END COVER ITEM NO. 360  MATL 5130,  hold purchasing for six months till August,2015 ref PU e-mail dated 1/2/201","حشية غطاء طرفي، رقم الصنف 360، المادة 5130، يُرجى تعليق الشراء لمدة ستة أشهر حتى أغسطس 2015، مرجع البريد الإلكتروني PU بتاريخ 1/2/2015",PU,7907152,A00046A03,EACH,PUMP MISC,,NON_STOCK,RS-EGPC-SURPLUS,
173702,"SEAL, CAP HS.","ختم، غطاء HS.",PU,3112100,BM 108877,EACH,BR/SL/S.PLG/FLT,,NON_STOCK,RS-EGPC-SURPLUS,
177726,"GASKET, DISCHARGE VALVE ACCESSORY CYLINDER 11.5""","حشية، أسطوانة ملحقة بصمام التفريغ 11.5 بوصة",MM,8009134,30A11F0514X10,EACH,COMPRESSOR USA,,NON_STOCK,RS-EGPC-SURPLUS,
161680,"SHAFT,BOTTOM 316_SS OLD P?N.8046451","عمود، الجزء السفلي 316_SS رقم القطعة القديم 8046451",PU,7303104,8019634,EACH,PUMP CENTRIFUG,,NON_STOCK,RS-EGPC-SURPLUS,
164839,"HEAD, SHAFT (1.68 IN. X 145 IN. LG.)               NEW P/N. B00020FRP-2216","رأس، عمود (1.68 بوصة × 145 بوصة طولًا) رقم القطعة الجديد B00020FRP-2216",PU,7907159,B00020FRFA2216,EACH,PUMP MISC,,NON_STOCK,RS-EGPC-SURPLUS,
161690,"GASKET,BOOSTER CONNECTION FLANGE","حشية، شفة توصيل معزز الضغط",PU,7308102,10MM-W272,EACH,PUMP CENTRIFUG,,NON_STOCK,RS-EGPC-SURPLUS,
175873,SEAL  @O.A.R,سيل @OAR,MM,7103152,4K7463,EACH,CATERPILLAR,,NON_STOCK,RS-EGPC-SURPLUS,
177614,"IMPELLER, ITEM 673","المروحة، رقم الصنف 673",PU,7907161,B75420F000 1123,EACH,PUMP MISC,,NON_STOCK,RS-EGPC-SURPLUS,
164703,LOCK WASHER IMPELLER       ITEM NO. 199 A,"حلقة قفل المروحة، رقم الصنف 199 أ",PU,7907178,B10585 3 3211,EACH,PUMP MISC,,NON_STOCK,RS-EGPC-SURPLUS,
164707,RING WEAR SEAL CHAMBER      ITEM NO. 230,"حجرة ختم التآكل الحلقي، رقم الصنف 230",PU,7907178,,EACH,PUMP MISC,,NON_STOCK,RS-EGPC-SURPLUS,
114316,"Rope, Wire, offshore crane Aux. Hoist, 3/4 in, 400 ft, Bridon Endurance, Dyform 34 LR, WSC, Galvanized,","حبل، سلك، رافعة بحرية مساعدة، 3/4 بوصة، 400 قدم، بريدون إندورانس، دايفورم 34 LR، WSC، مجلفن.",MM,0,,EACH,CRANES,,NON_STOCK,RS-EGPC-SURPLUS,
119480,"""STEEL GASKET",حشية فولاذية,MM,8001108,A-0458,EACH,COMPRESSOR USA,,NON_STOCK,RS-EGPC-SURPLUS,
119594,"SIGHT GLASS , P/N A-5374","زجاج الرؤية، رقم القطعة A-5374",MM,8025100,A-5374,EACH,COMPRESSOR USA,,INSURANCE_SPARE,RS-EGPC-SURPLUS,
288586,Vacuum Switch,مفتاح المكنسة الكهربائية,MM,0,ZVS12,EACH,AUTO SHOP EQUIP,,INSURANCE_SPARE,RS-GUPCO,02/L16D
288587,ALGAE-X Magnetic fuel Conditioner (P/N LG-X1500) used for Automated Fuel Filtration System Model : STS 6000-4GPM-S  Seri,مُكيّف الوقود المغناطيسي ALGAE-X (رقم القطعة LG-X1500) يُستخدم في نظام ترشيح الوقود الآلي طراز: STS 6000-4GPM-S,MM,0,LG-X1500,EACH,AUTO SHOP EQUIP,,PLANNED_WO,RS-GUPCO,
288215,"Steady Brgs., P/NO. B00266B02, P/F:  GOULDS Vertical Pumps Model CV 3171 Group M Size 3X4-13 in CD4MCUN With 316SS Colum","محامل ثابتة، رقم القطعة B00266B02، رقم الصنف: مضخات غولدز العمودية، طراز CV 3171، المجموعة M، المقاس 3X4-13 بوصة CD4MCUN، مع عمود من الفولاذ المقاوم للصدأ 316",PU,7907024,B00266B02 0000,EACH,PUMP MISC,,INSURANCE_SPARE,RS-GUPCO,
288217,"Coupling Half, P/NO. 91765-99, P/F:  GOULDS Vertical Pumps Model CV 3171 Group M Size 3X4-13 in CD4MCUN With 316SS Colum","نصف وصلة، رقم القطعة 91765-99، رقم الصنف: مضخات غولدز العمودية، طراز CV 3171، المجموعة M، المقاس 3X4-13 بوصة، CD4MCUN، مع عمود من الفولاذ المقاوم للصدأ 316",PU,7907024,91765-99,EACH,PUMP MISC,,INSURANCE_SPARE,RS-GUPCO,02/V27E
288583,ALGAE-X Smart Filtration Controller (P/N SFC4GPM) used for Automated Fuel Filtration System Model : STS 6000-4GPM-S,"وحدة التحكم الذكية في الترشيح ALGAE-X (رقم القطعة SFC4GPM) المستخدمة في نظام ترشيح الوقود الآلي، طراز: STS 6000-4GPM-S",MM,0,SFC4GPM,EACH,AUTO SHOP EQUIP,,INSURANCE_SPARE,RS-GUPCO,02L16E
125544,"CAP, THRU. L.S ITEM NO. 2,PT.NO.40030-0083","غطاء، من خلال. رقم الصنف 2، رقم القطعة 40030-0083",PU,3116102,40030-0083,EACH,BR/SL/S.PLG/FLT,,PLANNED_WO,RS-GUPCO,
288395,Mechanical flow meter with flow switch P/N ZFMM07 used for Automated Fuel Filtration System Model : STS 6000-4GPM-S  Ser,"مقياس تدفق ميكانيكي مزود بمفتاح تدفق رقم القطعة ZFMM07، يُستخدم في نظام ترشيح الوقود الآلي، طراز: STS 6000-4GPM-S",MM,0,ZFMM07,EACH,METERS & GAUGE,,PLANNED_WO,RS-GUPCO,
283735,"HEAVY DUTY AIR SANDER ( IR )  Part No. 4667A21   McMASTER-CARR  CATALOG 96 Page 1878 , letter ( J )   HEAVY DUTY","صنفرة هوائية شديدة التحمل (IR) رقم القطعة 4667A21، كتالوج ماكماستر-كار 96، الصفحة 1878، الحرف (J) شديدة التحمل",MM,0,4667A21,EACH,TOOLS,,PLANNED_WO,RS-GUPCO,
165348,"BUSHING, STUFFING BOX","جلبة، صندوق حشو",PU,7909110,421D88AXG2-20,EACH,PUMP MISC,,INSURANCE_SPARE,RS-GUPCO,02/V48B
110019,"Hold till July 2027 , BEARING, TAPER for CRANKSHAFT ,TIMKEN  29685/29620","يُحفظ حتى يوليو 2027، محمل مخروطي لعمود المرفق، تيمكين 29685/29620",PU,7321122,29685-29620,EACH,BR/SL/S.PLG/FLT,,INSURANCE_SPARE,RS-GUPCO,
282151,"Bearing Intermediate, item 672 used for goulds pump model 4x9 AHC, 12 STG., Ref. S/N. 314064 (these materials should be","محمل وسيط، رقم الصنف 672، يُستخدم لمضخة غولدز طراز 4x9 AHC، 12 مجموعة، الرقم التسلسلي المرجعي 314064 (يجب أن تكون هذه المواد",PU,7907177,A97520F0026132,EACH,PUMP MISC,,INSURANCE_SPARE,RS-GUPCO,02T07A
282155,"Column Bottom Assy., item 644 used for goulds pump model 4x9 AHC, 12 STG., Ref. S/N. 314064 (these materials should be m","مجموعة قاعدة العمود، رقم الصنف 644، تُستخدم لمضخة غولدز طراز 4x9 AHC، 12 مجموعة، رقم المرجع التسلسلي 314064 (يجب أن تكون هذه المواد",PU,7907177,C24020F760 9722,EACH,PUMP MISC,,PLANNED_WO,RS-GUPCO,
282158,"Retainer Bearing item 652, used for goulds pump model 4x9 AHC, 12 STG., Ref. S/N. 314064 )these materials should be made","محمل التثبيت (رقم القطعة 652)، يُستخدم لمضخة غولدز طراز 4x9 AHC، 12 مجموعة، الرقم التسلسلي المرجعي 314064. يجب تصنيع هذه المواد",PU,7907177,B94240F000 1203,EACH,PUMP MISC,,PLANNED_WO,RS-GUPCO,
282230,"Repair Kit FOR METASTREAM COUPLING TYPE,  MODEL TSCS0110, P/N: 1729190 FOR BINGHAM PUMP,SIZE 3X6X9E. SER.NO.1B615","طقم إصلاح لوصلة ميتاستريم، طراز TSCS0110، رقم القطعة: 1729190، لمضخة بينغهام، مقاس 3×6×9E، الرقم التسلسلي: 1B615",PU,0,87117447,EACH,PUMP MISC,,INSURANCE_SPARE,RS-GUPCO,02/V65E
278299,CYLINDER BLOCK GROUP P/NO. 1527642 USED FOR F.P. DIESEL ENGINE MODEL D-3406,"مجموعة كتلة الأسطوانات رقم القطعة 1527642، تُستخدم لمحرك ديزل FP طراز D-3406",MM,0,1527642,EACH,CATERPILLAR,,INSURANCE_SPARE,RS-GUPCO,01D16
282718,"Washer, Product, P/NO. 96705645, FOR  IR  Ingersoll Rand","غسالة، منتج، رقم القطعة 96705645، لشركة إنجرسول راند",MM,0,96705645,EACH,COMPRESSOR USA,,PLANNED_WO,RS-GUPCO,
133431,"SEAL, LIP FOR CLUTCH ASSY.","مانع تسرب، شفة لمجموعة القابض.",MM,7103140,6V5340,EACH,CATERPILLAR,,PLANNED_WO,RS-GUPCO,
283834,Shutoff GP- Electrical P/N:2W-8198 Should contain:*2EA Stud-P/N:9X-2649,"صمام إغلاق كهربائي - رقم القطعة: 2W-8198، يجب أن يحتوي على: قطعتين من مسمار التثبيت - رقم القطعة: 9X-2649",MM,0,2W-8198,EACH,CATERPILLAR,,INSURANCE_SPARE,RS-GUPCO,04/M14F
283835,Centeral &  Lower structure gasket kit used for caterpillar diesel engine model D-3412,طقم حشيات الهيكل المركزي والسفلي المستخدم لمحرك ديزل كاتربيلر طراز D-3412,MM,0,1CA8C8714,EACH,CATERPILLAR,,PLANNED_WO,RS-GUPCO,
283836,Fuel system gasket kit used for caterpillar diesel engine model D-3412,طقم حشيات نظام الوقود المستخدم لمحرك ديزل كاتربيلر طراز D-3412,MM,0,1CA6V1167,EACH,CATERPILLAR,,INSURANCE_SPARE,RS-GUPCO,03/A08C
283837,Oil cooler & lines gasket kit used for caterpillar diesel engine model D-3412,"طقم حشيات مبرد الزيت وخطوطه، يُستخدم لمحرك ديزل كاتربيلر طراز D-3412",MM,0,1CA6V1185,EACH,CATERPILLAR,,PLANNED_WO,RS-GUPCO,
282619,"SCREW , CAP HEX HEAD   M6  X 25 LONG, P/NO. 96702246, FOR  IR  Ingersoll Rand model EP-100","برغي، رأس سداسي M6 × 25، رقم القطعة 96702246، لجهاز IR Ingersoll Rand موديل EP-100",MM,0,96702246,EACH,COMPRESSOR USA,,PLANNED_WO,RS-GUPCO,
132958,"BEARING, ASSY. FOR CLUTCH ASSY.",مجموعة محمل لمجموعة القابض.,MM,7103140,5P381,EACH,CATERPILLAR,,PLANNED_WO,RS-GUPCO,
283838,Single cylinder head gasket kit used for caterpillar diesel engine model D-3412,طقم حشية رأس أسطوانة واحدة يستخدم لمحرك ديزل كاتربيلر طراز D-3412,MM,0,1CA2899183,EACH,CATERPILLAR,,PLANNED_WO,RS-GUPCO,
283839,Water lines group gasket kit used for caterpillar diesel engine model D-3412,طقم حشيات مجموعة خطوط المياه المستخدم لمحرك ديزل كاتربيلر طراز D-3412,MM,0,1CA6V2544,EACH,CATERPILLAR,,PLANNED_WO,RS-GUPCO,
283840,Water pump repair gasket kit used for caterpillar diesel engine model D-3412,طقم إصلاح حشيات مضخة المياه المستخدم لمحرك ديزل كاتربيلر طراز D-3412,MM,0,1CA6V2543,EACH,CATERPILLAR,,PLANNED_WO,RS-GUPCO,
283841,Water pump rebuild kit used for caterpillar diesel engine model D-3412,طقم إصلاح مضخة المياه المستخدم لمحرك ديزل كاتربيلر طراز D-3412,MM,0,1CA1293068,EACH,CATERPILLAR,,INSURANCE_SPARE,RS-GUPCO,04/M16A
288209,"Bearing Lock Nut, P/NO. 8601-0008, P/F:  GOULDS Vertical Pumps Model CV 3171 Group M Size 3X4-13 in CD4MCUN With 316SS C","صامولة قفل المحمل، رقم القطعة 8601-0008، رقم القطعة: مضخات غولدز العمودية، طراز CV 3171، المجموعة M، المقاس 3X4-13 بوصة، CD4MCUN، مع فولاذ مقاوم للصدأ 316",PU,7907024,8601-0008,EACH,PUMP MISC,,PLANNED_WO,RS-GUPCO,
288210,"Casing Bushing, P/NO. B00590B03, P/F:  GOULDS Vertical Pumps Model CV 3171 Group M Size 3X4-13 in CD4MCUN With 316SS Col","جلبة غلاف، رقم القطعة B00590B03، رقم القطعة: مضخات غولدز العمودية، طراز CV 3171، المجموعة M، المقاس 3X4-13 بوصة، CD4MCUN، مصنوعة من الفولاذ المقاوم للصدأ 316.",PU,7907024,B00590B03,EACH,PUMP MISC,,PLANNED_WO,RS-GUPCO,
288211,"Strainer, P/NO. Strainer, P/F:  GOULDS Vertical Pumps Model CV 3171 Group M Size 3X4-13 in CD4MCUN With 316SS Column use","مصفاة، رقم القطعة: مصفاة، رقم القطعة: مضخات غولدز العمودية، طراز CV 3171، المجموعة M، المقاس 3×4-13 بوصة، CD4MCUN، مع عمود من الفولاذ المقاوم للصدأ 316.",PU,7907024,C01948B 3216,EACH,PUMP MISC,,INSURANCE_SPARE,RS-GUPCO,02/V05e
288214,"Grease Fitting, P/NO. 9008-01646, P/F:  GOULDS Vertical Pumps Model CV 3171 Group M Size 3X4-13 in CD4MCUN With 316SS Co","وصلة تشحيم، رقم القطعة 9008-01646، من إنتاج: مضخات غولدز العمودية، طراز CV 3171، المجموعة M، مقاس 3×4-13 بوصة، CD4MCUN، مصنوعة من الفولاذ المقاوم للصدأ 316",PU,7907024,9008-01646,EACH,PUMP MISC,,PLANNED_WO,RS-GUPCO,
288219,"Sleeve, Coupling, P/NO. A01381A06, P/F:  GOULDS Vertical Pumps Model CV 3171 Group M Size 3X4-13 in CD4MCUN With 316SS C","وصلة، رقم القطعة A01381A06، رقم المنتج: مضخات غولدز العمودية، طراز CV 3171، المجموعة M، المقاس 3×4-13 بوصة، CD4MCUN، مع فولاذ مقاوم للصدأ 316",PU,7907024,A01381A06,EACH,PUMP MISC,,INSURANCE_SPARE,RS-GUPCO,02/V27F
288220,"Nut, Pipe, P/NO. 9112, P/F:  GOULDS Vertical Pumps Model CV 3171 Group M Size 3X4-13 in CD4MCUN With 316SS Column used a","صامولة، أنبوب، رقم القطعة 9112، رقم الصنف: مضخات غولدز العمودية، طراز CV 3171، المجموعة M، مقاس 3×4-13 بوصة، CD4MCUN، مع عمود من الفولاذ المقاوم للصدأ 316.",PU,7907024,9112,EACH,PUMP MISC,,INSURANCE_SPARE,RS-GUPCO,02/V27G
288223,"Labrinth seal, P/NO. A05376E00, P/F:  GOULDS Vertical Pumps Model CV 3171 Group M Size 3X4-13 in CD4MCUN With 316SS Colu","مانع تسرب لابريث، رقم القطعة A05376E00، رقم المنتج: مضخات غولدز العمودية، طراز CV 3171، المجموعة M، المقاس 3X4-13 بوصة CD4MCUN، مصنوع من الفولاذ المقاوم للصدأ 316",PU,7907024,A05376E00,EACH,PUMP MISC,,PLANNED_WO,RS-GUPCO,
288224,"Lip Seal, P/NO. A01535B, P/F:  GOULDS Vertical Pumps Model CV 3171 Group M Size 3X4-13 in CD4MCUN With 316SS Column used","مانع تسرب شفوي، رقم القطعة A01535B، رقم الصنف: مضخات غولدز العمودية، طراز CV 3171، المجموعة M، مقاس 3×4-13 بوصة، CD4MCUN، مع عمود من الفولاذ المقاوم للصدأ 316.",PU,7907024,A01535B 0000,EACH,PUMP MISC,,PLANNED_WO,RS-GUPCO,
288225,"STDY BRG SEAL, P/NO. 8690-48118, Item: 333H, SKF part no.: 16054 , Dimensions: (1.625 X 2.125 X 0.25) , P/F: GOULDS V","مانع تسرب حامل قياسي، رقم القطعة 8690-48118، الصنف: 333H، رقم قطعة SKF: 16054، الأبعاد: (1.625 × 2.125 × 0.25)، P/F: GOULDS V",PU,7907024,8690-48118,EACH,PUMP MISC,,INSURANCE_SPARE,RS-GUPCO,
288199,"Adapter, P/NO. D02036E00, P/F:  GOULDS Vertical Pumps Model CV 3171 Group M Size 3X4-13 in CD4MCUN With 316SS Column use","محول، رقم القطعة D02036E00، رقم الصنف: مضخات غولدز العمودية، طراز CV 3171، المجموعة M، المقاس 3X4-13 بوصة CD4MCUN، للاستخدام مع عمود من الفولاذ المقاوم للصدأ 316",PU,7907024,D02036E00,EACH,PUMP MISC,,INSURANCE_SPARE,RS-GUPCO,01/E25D
288200,"Ball Bearing, SKF P/NO. 3308A-2RS1 used for GOULDS Vertical Pumps Model CV 3171 Group M Size 3X4-13 in CD4MCUN With 316S","محمل كروي، SKF رقم القطعة 3308A-2RS1، يُستخدم في مضخات GOULDS العمودية طراز CV 3171 المجموعة M، مقاس 3X4-13 بوصة CD4MCUN، مصنوع من الفولاذ المقاوم للصدأ 316S",PU,7907024,3308A,EACH,BR/SL/S.PLG/FLT,,INSURANCE_SPARE,RS-GUPCO,02G63E
288212,"Suprt. Plate, P/NO. Suprtpltio, P/F:  GOULDS Vertical Pumps Model CV 3171 Group M Size 3X4-13 in CD4MCUN With 316SS Colu","لوحة الدعم، رقم القطعة: لوحة الدعم، رقم القطعة: مضخات غولدز العمودية، طراز CV 3171، المجموعة M، المقاس 3X4-13 بوصة، CD4MCUN، مع لون 316SS",PU,7907024,Suprtpltio,EACH,PUMP MISC,,INSURANCE_SPARE,RS-GUPCO,01/E27E
288213,"Column (Head), P/NO. B00253B02, P/F:  GOULDS Vertical Pumps Model CV 3171 Group M Size 3X4-13 in CD4MCUN With 316SS Colu","عمود (رأس)، رقم القطعة B00253B02، رقم الصنف: مضخات غولدز العمودية، طراز CV 3171، المجموعة M، المقاس 3X4-13 بوصة CD4MCUN، مع عمود من الفولاذ المقاوم للصدأ 316",PU,7907024,B00253B02,EACH,PUMP MISC,,INSURANCE_SPARE,RS-GUPCO,07/YARD
288218,"Coupling Half, P/NO. 91765-16, P/F:  GOULDS Vertical Pumps Model CV 3171 Group M Size 3X4-13 in CD4MCUN With 316SS Colum","نصف وصلة، رقم القطعة 91765-16، رقم الصنف: مضخات غولدز العمودية، طراز CV 3171، المجموعة M، المقاس 3X4-13 بوصة، CD4MCUN، مع عمود من الفولاذ المقاوم للصدأ 316",PU,7907024,91765-16,EACH,PUMP MISC,,INSURANCE_SPARE,RS-GUPCO,02/V27F
288222,"Elbow, Disch., P/NO. B01466E00, P/F:  GOULDS Vertical Pumps Model CV 3171 Group M Size 3X4-13 in CD4MCUN With 316SS Colu","كوع، مخرج، رقم القطعة B01466E00، نوع المنتج: مضخات غولدز العمودية، طراز CV 3171، المجموعة M، مقاس 3×4-13 بوصة، CD4MCUN، مع لون من الفولاذ المقاوم للصدأ 316",PU,7907024,B01466E00,EACH,PUMP MISC,,INSURANCE_SPARE,RS-GUPCO,02/V27G
237458,"OIL FILTER  ( P.No. #  2654403   ) used for PERKINS Diesel Generator Engine  Model : 1006TAG  ,","فلتر زيت (رقم القطعة 2654403) يستخدم لمحرك مولد ديزل بيركنز طراز: 1006TAG،",MM,0,2654403,EACH,WELDING EQUIP,,PLANNED_WO,RS-GUPCO,
283158,"BELT  (P.No.  2614B658) used for PERKINS Diesel Generator Engine  Model : 1006TAG  , Serail No. : YD51440","حزام (رقم القطعة 2614B658) يُستخدم لمحرك مولد ديزل بيركنز، طراز: 1006TAG، الرقم التسلسلي: YD51440",MM,0,2614B658,EACH,BELT/TRANSMIT,,PLANNED_WO,RS-GUPCO,
282154,"Strainer , P/N : B44360F008AA11, item 698 used for goulds pump model 4x9 AHC, 12 STG., Ref. S/N. 314064 (these materials","مصفاة، رقم القطعة: B44360F008AA11، رقم الصنف: 698، تُستخدم لمضخة غولدز طراز 4x9 AHC، 12 مجموعة، رقم المرجع: 314064 (هذه المواد",PU,7907177,B44360F008AA11,EACH,PUMP MISC,,PLANNED_WO,RS-GUPCO,
282612,"NUT , HEX FINSHED 0.75 UNC  2B, P/NO. 95922928, FOR  IR  Ingersoll Rand model EP-100","صامولة سداسية الشكل، مقاس 0.75 UNC 2B، رقم القطعة 95922928، لطراز IR Ingersoll Rand EP-100",MM,0,95922928,EACH,COMPRESSOR USA,,PLANNED_WO,RS-GUPCO,
282617,"SCREW , CAP HEX HEAD  .75 X  2.5 LONG, P/NO. 95929105, FOR  IR  Ingersoll Rand model EP-100","برغي، رأس سداسي، 0.75 × 2.5 بوصة، رقم القطعة 95929105، لجهاز IR Ingersoll Rand موديل EP-100",MM,0,95929105,EACH,COMPRESSOR USA,,PLANNED_WO,RS-GUPCO,
288226,"Gskt. Adap. /Csng, P/NO. 70782-28, P/F:  GOULDS Vertical Pumps Model CV 3171 Group M Size 3X4-13 in CD4MCUN With 316SS C","محول حشية / غطاء، رقم القطعة 70782-28، رقم الصنف: مضخات غولدز العمودية، طراز CV 3171، المجموعة M، المقاس 3X4-13 بوصة، CD4MCUN، مع فولاذ مقاوم للصدأ 316",PU,7907024,70782-28,EACH,PUMP MISC,,PLANNED_WO,RS-GUPCO,
288227,"Retg. Rng. Ball Brg., P/NO. 58101-354, P/F:  GOULDS Vertical Pumps Model CV 3171 Group M Size 3X4-13 in CD4MCUN With 316","حلقة تثبيت كروية، رقم القطعة 58101-354، رقم الصنف: مضخات غولدز العمودية، طراز CV 3171، المجموعة M، المقاس 3×4-13 بوصة، CD4MCUN، مع 316",PU,7907024,58101-354,EACH,PUMP MISC,,INSURANCE_SPARE,RS-GUPCO,02/V25B
288328,"ITT GOULDS Bowl assembly, Model VIT-FF, Size 16BHC, 2-Stg, S/No. 305420.","مجموعة وعاء ITT GOULDS، طراز VIT-FF، حجم 16BHC، 2-Stg، رقم التسلسل 305420.",PU,7907158,~,EACH,PUMP MISC,,STRATEGIC_WO,RS-GUPCO,
288582,Leak Detector ( Float Switch) (P/N ZFS10NC) used for Automated Fuel Filtration System Model : STS 6000-4GPM-S  Serial No,"كاشف تسرب (مفتاح عائم) (رقم القطعة ZFS10NC) يُستخدم في نظام ترشيح الوقود الآلي، طراز: STS 6000-4GPM-S، الرقم التسلسلي",MM,0,ZFS10NC,EACH,AUTO SHOP EQUIP,,INSURANCE_SPARE,RS-GUPCO,02L16E
125545,"CAP, THRU. H.S. ITEM NO. 3,PT.NO.40030-0084","غطاء، من خلال. رقم الصنف 3، رقم القطعة 40030-0084",PU,3116102,40030-0084,EACH,BR/SL/S.PLG/FLT,,PLANNED_WO,RS-GUPCO,
283892,"""Manually operated Lever hoist in accordance with",رافعة يدوية التشغيل وفقًا لـ,MM,0,~,EACH,CORDG & CHAIN,,PLANNED_WO,RS-GUPCO,01A32
283893,"""Manually operated Lever hoist in accordance with BSEN 13157:2004+A1:2009",رافعة يدوية التشغيل وفقًا للمعيار BSEN 13157:2004+A1:2009,MM,0,,EACH,CORDG & CHAIN,,PLANNED_WO,RS-GUPCO,
288584,Gear pump-Motor Assembly (P/N ZPMP4) used for Automated Fuel Filtration System Model : STS 6000-4GPM-S  Serial No. : K-1,"مجموعة مضخة التروس والمحرك (رقم القطعة ZPMP4) المستخدمة في نظام ترشيح الوقود الآلي، طراز: STS 6000-4GPM-S، الرقم التسلسلي: K-1",MM,0,ZPMP4,EACH,AUTO SHOP EQUIP,,PLANNED_WO,RS-GUPCO,
282149,"Bowl Intermediate, item 670 used for goulds pump model 4x9 AHC, 12 STG., Ref. S/N. 314064 (these materials should be mad","وعاء متوسط، رقم الصنف 670، يُستخدم لمضخة غولدز طراز 4x9 AHC، 12 مجموعة، الرقم المرجعي 314064 (يجب تصنيع هذه المواد",PU,7907177,C40130F002 1123,EACH,PUMP MISC,,PLANNED_WO,RS-GUPCO,
292232,"Reservoir,Oil , P/N:208997A , For Engine Model: F3521G , S/N:5283702784","خزان زيت، رقم القطعة: 208997A، لمحرك طراز: F3521G، الرقم التسلسلي: 5283702784",MM,0,208997A,EACH,ENGINE USA,,INSURANCE_SPARE,RS-GUPCO,02R51B
292239,"Radiator Fan Belts Used For Ecodyne Draft Air Cooler , Radiator  Model No.:ES-48-1FS, P/N:1320-Blt-EHX17-850 ,","أحزمة مروحة الرادياتير المستخدمة في مبرد الهواء Ecodyne Draft، رقم موديل الرادياتير: ES-48-1FS، رقم القطعة: 1320-Blt-EHX17-850،",MM,0,1320-Blt-EHX17-850,SET,BELT/TRANSMIT,,INSURANCE_SPARE,RS-GUPCO,03R45B
293374,Shaft As. Rocker Arm P/N 4N-1106,"عمود ذراع التأرجح، رقم القطعة 4N-1106",MM,0,1CA4N1106,EACH,CATERPILLAR,,INSURANCE_SPARE,RS-GUPCO,04/M22B
291644,"CONNECTOR FOR AIREND  COMP. EP60 , P/N 95989695","موصل لوحدة ضغط الهواء EP60، رقم القطعة 95989695",MM,0,95989695,EACH,COMPRESSOR USA,,INSURANCE_SPARE,RS-GUPCO,
291641,"CONNECTOR ,1.00  TUBE X1.31 SAE FOR EP60 , P/N 39111752","موصل، أنبوب 1.00 × 1.31 SAE لـ EP60، رقم القطعة 39111752",MM,0,95938148,EACH,COMPRESSOR USA,,PLANNED_WO,RS-GUPCO,
292236,"Manifold , Water , Rear -Assembly , P/N:D205477B , Used For Engine Model: F3521G , S/N:5283702784","مشعب الماء، مجموعة خلفية، رقم القطعة: D205477B، يُستخدم لمحرك طراز: F3521G، الرقم التسلسلي: 5283702784",MM,0,D205477B,EACH,ENGINE USA,,INSURANCE_SPARE,RS-GUPCO,02Q46
292305,"Separator, Moisture is used for Ingersoll Rand-Air Compressor Model EP-60 , P/N 39906334","يُستخدم فاصل الرطوبة مع ضاغط الهواء من طراز Ingersoll Rand-Air EP-60، رقم القطعة 39906334",MM,0,38430005,EACH,COMPRESSOR USA,,INSURANCE_SPARE,RS-GUPCO,02/W21E
291645,"CONNECTOR FOR AIREND  COMP. EP60 , P/N 96739701","موصل لوحدة ضغط الهواء EP60، رقم القطعة 96739701",MM,0,96739701,EACH,COMPRESSOR USA,,PLANNED_WO,RS-GUPCO,
291638,"SCREW,SOCKET HEAD FOR AIR END EP60 , P/N 39178637","برغي، رأس مقبس لوحدة ضغط الهواء EP60، رقم القطعة 39178637",MM,0,39178637,EACH,COMPRESSOR USA,,PLANNED_WO,RS-GUPCO,
291639,"WASHER, SPRING LOCK FOR SCREW,SOCKET HEAD FOR AIR END EP60 , P/N 96721097","غسالة، قفل زنبركي للمسمار، رأس مقبس لوحدة ضغط الهواء EP60، رقم القطعة 96721097",MM,0,96721097,EACH,COMPRESSOR USA,,PLANNED_WO,RS-GUPCO,02/W19B
291643,"ELBOW FOR AIREND  COMP. EP60 , P/N 39311618","كوع لمكونات وحدة ضغط الهواء EP60، رقم القطعة 39311618",MM,0,39311618,EACH,COMPRESSOR USA,,PLANNED_WO,RS-GUPCO,
292233,"Valve ,3way NC Sol.,025npt , P/N:211194C Used For Engine Model: F3521G , S/N:5283702784","صمام ثلاثي الاتجاهات مغلق عادةً، مقاس 025NPT، رقم القطعة: 211194C، يُستخدم لمحرك طراز: F3521G، الرقم التسلسلي: 5283702784",MM,0,211194C,EACH,ENGINE USA,,INSURANCE_SPARE,RS-GUPCO,02R51B
293375,Multiple Cylinder Head Gasket Kit  P/N 6V-1785,"طقم حشيات رأس الأسطوانة المتعددة، رقم القطعة 6V-1785",MM,0,1CA6V1785,EACH,CATERPILLAR,,INSURANCE_SPARE,RS-GUPCO,04K09
293422,"Bearing retainer item no. 187, used for sulzer bingham pump type CDA, size 8X10X18, S/No. 2H 319/21","حامل محمل، رقم الصنف 187، يُستخدم لمضخة سولزر بينغهام من النوع CDA، المقاس 8×10×18، الرقم التسلسلي 2H 319/21",PU,7902112,571.344,EACH,PUMP MISC,,INSURANCE_SPARE,RS-GUPCO,
293423,"Cross head oil seal (408) used for Milroyal (D), Pump code MD 46 (55) S(F) 3, 2N350/ND.VV2 plunger end liquid type N.","مانع تسرب الزيت ذو الرأس المتقاطع (408) المستخدم في Milroyal (D)، رمز المضخة MD 46 (55) S(F) 3، 2N350/ND.VV2 نوع السائل ذو نهاية المكبس N.",PU,0,4380235000N,EACH,PUMP CENTRIFUG,,INSURANCE_SPARE,RS-GUPCO,
294336,"Retainer BRG FLG 82.63 OR, Mat. C958, P/No. 82299751","حامل BRG FLG 82.63 OR، المادة C958، رقم القطعة 82299751",PU,7909108,,EACH,PUMP MISC,,PLANNED_WO,RS-GUPCO,
294011,"Bit tool premium carbide tipped, style AR-8  Right hand, grade C-5, 1/2X1/2X3.5 LG, EDP no. 70127, STD package = 10","أداة حفر ذات رأس من الكربيد الممتاز، طراز AR-8، يمين، درجة C-5، 1/2 × 1/2 × 3.5 بوصة، رقم EDP 70127، العبوة القياسية = 10",PU,0,70127,PACKAGE,TOOLS,,MIN_MAX,RS-GUPCO,
291633,"TUBE ,SCAVENGE FOR AIR COMP. EP60 , P/N 39906110","أنبوب، ضاغط هواء EP60، رقم القطعة 39906110",MM,0,22173207,EACH,COMPRESSOR USA,,PLANNED_WO,RS-GUPCO,
291634,"ELBOW FOR AIR COMP. EP60 , P/N 39308655","كوع ضاغط هواء EP60، رقم القطعة 39308655",MM,0,39308655,EACH,COMPRESSOR USA,,PLANNED_WO,RS-GUPCO,02U40
291640,"CONNECTOR 1.5 TUBE X1.5 NPT , FOR EP60 , P/N 95937553","موصل أنبوب 1.5 × 1.5 NPT، لـ EP60، رقم القطعة 95937553",MM,0,95937553,EACH,COMPRESSOR USA,,PLANNED_WO,RS-GUPCO,02/W19B
292148,"GEAR, SET, P/N 88115753 , PARTS FOR ROTARY AIR COMPRESSOR MODEL SSR EP60 (DRIVE MOTOR 75 HP) (INGERSOLL RAND GENUINE PAR","مجموعة تروس، رقم القطعة 88115753، قطع غيار لضاغط هواء دوار طراز SSR EP60 (محرك قيادة 75 حصان) (قطع غيار أصلية من إنجرسول راند)",MM,0,88115753,EACH,COMPRESSOR USA,,INSURANCE_SPARE,RS-GUPCO,02U 40 E
291642,"Elbow,1.00 Tube X1.31 SAE for EP60 , P/N 95938171","كوع، أنبوب 1.00 × 1.31 SAE لـ EP60، رقم القطعة 95938171",MM,0,95938171,EACH,COMPRESSOR USA,,PLANNED_WO,RS-GUPCO,
292235,"Manifold , Water ,Center Assembly , P/N:D205477A ,  Used For Engine Model: F3521G , S/N:5283702784","مشعب، ماء، مجموعة مركزية، رقم القطعة: D205477A، يُستخدم لمحرك طراز: F3521G، الرقم التسلسلي: 5283702784",MM,0,D205477A,EACH,ENGINE USA,,INSURANCE_SPARE,RS-GUPCO,02Q44
291635,"CONNECTOR FOR AIR COMP. EP60 , P/N 95962601","موصل لضاغط الهواء EP60، رقم القطعة 95962601",MM,0,95962601,EACH,COMPRESSOR USA,,INSURANCE_SPARE,RS-GUPCO,02/W19A
291636,"CONNECTOR FOR AIR COMP. EP60 , P/N 95937488","موصل لضاغط الهواء EP60، رقم القطعة 95937488",MM,0,95937488,EACH,COMPRESSOR USA,,INSURANCE_SPARE,RS-GUPCO,02/W19A
291637,"BATT ,INTAKE , P/N 39898390","بطارية، مدخل، رقم القطعة 39898390",MM,0,39898390,EACH,COMPRESSOR USA,,MIN_MAX,RS-GUPCO,
292245,"Thermostat ,160 F , P/N:496816 , Used For Temperature Control Valve For Engine Model: F3521G, S/N:5283702784","منظم حرارة، 160 فهرنهايت، رقم القطعة: 496816، يُستخدم كصمام تحكم في درجة الحرارة لمحرك طراز: F3521G، الرقم التسلسلي: 5283702784",MM,0,496816,EACH,ENGINE USA,,PLANNED_WO,RS-GUPCO,
291700,"Hose , hydraulic 1.5 nominal X41.75 INCH for EP60 , P/N 39573100 , CERTIFICATE ARE REQUIRED","خرطوم هيدروليكي 1.5 بوصة اسمي × 41.75 بوصة لـ EP60، رقم القطعة 39573100، يلزم وجود شهادة.",MM,0,85562536,EACH,COMPRESSOR USA,,MIN_MAX,RS-GUPCO,
293376,Rocker Arm GP   P/N 4N-1718,ذراع التأرجح GP P/N 4N-1718,MM,0,4N-1718,EACH,CATERPILLAR,,INSURANCE_SPARE,RS-GUPCO,04/M22D
294502,"MOTOR SPRT 10"" H 4000#, P/NO. D01212B 1000.","MOTOR SPRT 10"" H 4000#, P/NO. D01212B 1000.",PU,7907124,D01212B 1000,EACH,PUMP MISC,,PLANNED_WO,RS-GUPCO,
293373,Dowel  P/N 4N-0955,وتد رقم القطعة 4N-0955,MM,0,10CA4N0955,EACH,CATERPILLAR,,PLANNED_WO,RS-GUPCO,04/M22B
291672,Valve As-check (fuel trans pump inlet & outlet) P/N 169-2130 for Caterpillar Diesel Engine Model (3406c) serial number 1,صمام فحص (مدخل ومخرج مضخة نقل الوقود) رقم القطعة 169-2130 لمحرك ديزل كاتربيلر طراز (3406c) الرقم التسلسلي 1,MM,0,169-2130,EACH,CATERPILLAR,,INSURANCE_SPARE,RS-GUPCO,04M20B
292342,"Piston 10:1 comp.ratio , part no. 205504 Z , used for engine model:F3521G  S/N:5283702784","مكبس بنسبة انضغاط 10:1، رقم القطعة 205504 Z، يُستخدم لمحرك طراز: F3521G، الرقم التسلسلي: 5283702784",MM,0,205504 Z,EACH,ENGINE USA,,INSURANCE_SPARE,RS-GUPCO,01C15B
294566,"Cylinder Head Assembly Engine Model:L7042GSI, P/No: AA204702R (Waukeash  GENUINE PART , MADE IN USA, DO NOT SUBSTITUTE)","مجموعة رأس الأسطوانة، طراز المحرك: L7042GSI، رقم القطعة: AA204702R (قطعة أصلية من Waukeash، صنع في الولايات المتحدة الأمريكية، لا تستبدلها)",MM,0,AA204702R,EACH,ENGINE USA,,MIN_MAX,RS-GUPCO,01C11H
295077,"Vertical industrial turbine Pump complete without Electrical Motor, The pump consists of discharge head, flanged columns","مضخة توربينية صناعية عمودية كاملة بدون محرك كهربائي، تتكون المضخة من رأس تصريف وأعمدة ذات حواف",PU,0,,EACH,PUMP MISC,,STRATEGIC_WO,RS-GUPCO,
294010,"Square tool bits ,Style AL 0° lead Angle ,turning tool premium carbide tipped for turning to a square shoulder.","رؤوس أدوات مربعة، طراز AL بزاوية ميل 0 درجة، أداة خراطة ذات طرف كربيد ممتاز للخراطة إلى كتف مربع.",PU,0,70245,EACH,TOOLS,,MIN_MAX,RS-GUPCO,
294012,"Bit tool premium carbide tipped, style AL-8 (Left hand), grade C-5, 1/2X1/2X3.5 LG, EDP no. 70227, Morse cutting tool","أداة قطع ذات رأس من الكربيد الممتاز، طراز AL-8 (يسار)، درجة C-5، 1/2 × 1/2 × 3.5 بوصة، رقم EDP 70227، أداة قطع مورس",PU,0,70227,PACKAGE,TOOLS,,MIN_MAX,RS-GUPCO,
145432,"CAM SHAFT, ASSY.   ( 6N5673 )                      FOR  4N963  CAM SHAFT GROUP","عمود الكامات، مجموعة (6N5673) لمجموعة عمود الكامات 4N963",MM,7113408,1CA2W7980,EACH,CATERPILLAR,,INSURANCE_SPARE,RS-GUPCO,01D26E (1)
293372,Clamp Housing   P/N 9N-2039,غطاء المشبك رقم القطعة 9N-2039,MM,0,1CA9N2039,EACH,CATERPILLAR,,PLANNED_WO,RS-GUPCO,
302066,"Hollow bar, 316 stainless steel material, 2.5""ID X 5.00""OD X 12.00"" L","قضيب مجوف، مصنوع من الفولاذ المقاوم للصدأ 316، القطر الداخلي 2.5 بوصة × القطر الخارجي 5.00 بوصة × الطول 12.00 بوصة",PU,0,~,EACH,METALS& PLASTIC,,MIN_MAX,RS-GUPCO,
302064,"Hollow bar, 316 stainless steel material, 5.00""ID X 7.00""OD X 12.00"" L","قضيب مجوف، مصنوع من الفولاذ المقاوم للصدأ 316، القطر الداخلي 5.00 بوصة × القطر الخارجي 7.00 بوصة × الطول 12.00 بوصة",PU,0,~,EACH,METALS& PLASTIC,,MIN_MAX,RS-GUPCO,01A20H
302063,"Hollow bar, 316 stainless steel material, 7.00""ID X 9.00""OD X 12.00"" L","قضيب مجوف، مصنوع من الفولاذ المقاوم للصدأ 316، القطر الداخلي 7.00 بوصة × القطر الخارجي 9.00 بوصة × الطول 12.00 بوصة",PU,0,~,EACH,METALS& PLASTIC,,MIN_MAX,RS-GUPCO,01A20H
302062,"Hollow bar,316 Stainless steel material, 200mm ID X 275mm OD X 508mm L","قضيب مجوف، مصنوع من الفولاذ المقاوم للصدأ 316، القطر الداخلي 200 مم × القطر الخارجي 275 مم × الطول 508 مم",PU,0,~,EACH,METALS& PLASTIC,,MIN_MAX,RS-GUPCO,01A22H
302065,"Hollow bar, 316 stainless steel material, 3""ID X 6.00""OD X 12.00"" L","قضيب مجوف، مصنوع من الفولاذ المقاوم للصدأ 316، القطر الداخلي 3 بوصات × القطر الخارجي 6 بوصات × الطول 12 بوصة",PU,0,~,EACH,METALS& PLASTIC,,MIN_MAX,RS-GUPCO,
302990,"Elbow GP-Exhaust ,  1/EA P.N: 8N1184 ELBOW , 1/EA P.N: 9L5839 COUPLING , 10/EA P.N: 5L8854 RING","كوع عادم GP، قطعة واحدة، رقم القطعة: 8N1184، كوع، قطعة واحدة، رقم القطعة: 9L5839، وصلة، 10 قطع، رقم القطعة: 5L8854، حلقة",MM,0,142-6073,EACH,CATERPILLAR,,INSURANCE_SPARE,RS-GUPCO,
302353,"Temperature Switch 117°C , P/N : 100003445 ,  is used for  Comp Air Portable Diesel air compressor Model DLT 1302,","مفتاح درجة الحرارة 117 درجة مئوية، رقم القطعة: 100003445، يستخدم لضاغط الهواء المحمول الذي يعمل بالديزل من طراز Comp Air DLT 1302،",MM,0,100003445,EACH,COMPRESSOR OTHR,,INSURANCE_SPARE,RS-GUPCO,02V08C
302354,"Seal of Temperature Switch , P/N : A93189460 ,  is used for  Comp Air Portable Diesel air compressor Model DLT 1302,","يُستخدم ختم مفتاح درجة الحرارة، رقم القطعة: A93189460، لضاغط الهواء المحمول الذي يعمل بالديزل من طراز Comp Air DLT 1302.",MM,0,A93189460,EACH,COMPRESSOR OTHR,,INSURANCE_SPARE,RS-GUPCO,02V08B
302355,"Radiator Level Switch , P/N : 100003913 ,  is used for  Comp Air Portable Diesel air compressor Model DLT 1302,","مفتاح مستوى الرادياتير، رقم القطعة: 100003913، يستخدم لضاغط الهواء المحمول الذي يعمل بالديزل من طراز Comp Air DLT 1302،",MM,0,100003913,EACH,COMPRESSOR OTHR,,INSURANCE_SPARE,RS-GUPCO,02V08B
302356,"Fuel Tank Float Switch , P/N : A10544874 ,  is used for  Comp Air Portable Diesel air compressor Model DLT 1302,","مفتاح عائم خزان الوقود، رقم القطعة: A10544874، يستخدم لضاغط الهواء المحمول الذي يعمل بالديزل من طراز Comp Air DLT 1302،",MM,0,A10544874,EACH,COMPRESSOR OTHR,,INSURANCE_SPARE,RS-GUPCO,02V08C
302357,"Fuel Preliminary Filter Element  , P/N : 100005216 ,  is used for  Comp Air Portable Diesel air compressor Model DLT 130","عنصر فلتر الوقود الأولي، رقم القطعة: 100005216، يُستخدم لضاغط الهواء المحمول الذي يعمل بالديزل من طراز Comp Air DLT 130",MM,0,100005216,EACH,BR/SL/S.PLG/FLT,,MIN_MAX,RS-GUPCO,02G59A
302358,"Fuel Preliminary Filter Drain Pan , P/N : 100005217 ,   is used for  Comp Air Portable Diesel air compressor Model DLT 1","حوض تصريف فلتر الوقود الأولي، رقم القطعة: 100005217، يُستخدم مع ضاغط الهواء المحمول الذي يعمل بالديزل من طراز Comp Air DLT 1",MM,0,100005217,EACH,BR/SL/S.PLG/FLT,,MIN_MAX,RS-GUPCO,02G59A
302359,"Air Filter Insert , P/N : 100005026 ,  is used for  Comp Air Portable Diesel air compressor Model DLT 1302,","يُستخدم فلتر الهواء الداخلي، رقم القطعة: 100005026، لضاغط الهواء المحمول الذي يعمل بالديزل من طراز Comp Air DLT 1302.",MM,0,100005026,EACH,BR/SL/S.PLG/FLT,,MIN_MAX,RS-GUPCO,02G59D
302388,"Safety Cartridge , P/N : 100005027  ,   is used for  Comp Air Portable Diesel air compressor Model DLT 1302,","خرطوشة الأمان، رقم القطعة: 100005027، تُستخدم لضاغط الهواء المحمول الذي يعمل بالديزل من طراز Comp Air DLT 1302،",MM,0,100005027,EACH,BR/SL/S.PLG/FLT,,INSURANCE_SPARE,RS-GUPCO,02G59H
302360,"Pressure Control Device , P/N : 100007925 ,  is used for  Comp Air Portable Diesel air compressor Model DLT 1302,","جهاز التحكم بالضغط، رقم القطعة: 100007925، يستخدم لضاغط الهواء المحمول الذي يعمل بالديزل من طراز Comp Air DLT 1302،",MM,0,100007925,EACH,COMPRESSOR OTHR,,INSURANCE_SPARE,RS-GUPCO,02V08C
302361,"Solenoid Valve 24V on-Load , P/N : 100007925 ,  is used for  Comp Air Portable Diesel air compressor Model DLT 1302,","صمام الملف اللولبي 24 فولت تحت الحمل، رقم القطعة: 100007925، يستخدم لضاغط الهواء المحمول الذي يعمل بالديزل من طراز Comp Air DLT 1302،",MM,0,100007926,EACH,COMPRESSOR OTHR,,INSURANCE_SPARE,RS-GUPCO,02V08C
302362,"Solenoid Valve 3/2- Way , P/N : A10243174 ,  is used for  Comp Air Portable Diesel air compressor Model DLT 1302,","صمام الملف اللولبي 3/2 اتجاه، رقم القطعة: A10243174، يستخدم لضاغط الهواء المحمول الذي يعمل بالديزل من طراز Comp Air DLT 1302،",MM,0,A10243174,EACH,COMPRESSOR OTHR,,INSURANCE_SPARE,RS-GUPCO,02V08C
302363,"Water Separator for after cooler assembly, P/N : 100009863 ,  is used for  Comp Air Portable Diesel air compressor Model","فاصل الماء لمجموعة التبريد اللاحق، رقم القطعة: 100009863، يُستخدم مع ضاغط الهواء المحمول الذي يعمل بالديزل من طراز Comp Air",MM,0,ZS1088151,EACH,COMPRESSOR OTHR,,INSURANCE_SPARE,RS-GUPCO,02V08H
302365,"First Filter Element  for after cooler assembly , P/N : A51131374 , is used for  Comp Air Portable Diesel air compressor","عنصر الترشيح الأول لمجموعة المبرد اللاحق، رقم القطعة: A51131374، يُستخدم لضاغط الهواء المحمول الذي يعمل بالديزل من شركة Comp Air",MM,0,A51131374,EACH,BR/SL/S.PLG/FLT,,INSURANCE_SPARE,RS-GUPCO,02G59B
302366,"Condensate Separator  for after cooler assembly , P/N : 100012396 , is used for  Comp Air Portable Diesel air compressor","فاصل المكثفات لمجموعة التبريد اللاحق، رقم القطعة: 100012396، يُستخدم لضاغط الهواء المحمول الذي يعمل بالديزل من شركة Comp Air",MM,0,100012396,EACH,COMPRESSOR OTHR,,INSURANCE_SPARE,RS-GUPCO,02V08C
302367,"Second Filter Element  for after cooler assembly , P/N : A51131474 ,   is used for  Comp Air Portable Diesel air compres","عنصر الترشيح الثاني لمجموعة المبرد اللاحق، رقم القطعة: A51131474، يُستخدم لضاغط الهواء المحمول الذي يعمل بالديزل من شركة Comp Air",MM,0,A51131474,EACH,BR/SL/S.PLG/FLT,,INSURANCE_SPARE,RS-GUPCO,02G59C
302369,"Compressor Oil Coolant , P/N : scwo 4000-20 ,  is used for  Comp Air Portable Diesel air compressor Model DLT 1302,","سائل تبريد زيت الضاغط، رقم القطعة: scwo 4000-20، يستخدم لضاغط الهواء المحمول الذي يعمل بالديزل من طراز Comp Air DLT 1302،",MM,0,scwo 4000-20,EACH,COMPRESSOR OTHR,,MIN_MAX,RS-GUPCO,09YARD
302370,"Pipe Seal R. for (Air/oil) separator P/N : 100004702 , is used for  Comp Air Portable Diesel air compressor Model DLT 13","مانع تسرب الأنابيب R لفاصل (الهواء/الزيت) رقم القطعة: 100004702، يُستخدم مع ضاغط الهواء المحمول الذي يعمل بالديزل من طراز Comp Air DLT 13",MM,0,100004702,EACH,COMPRESSOR OTHR,,MIN_MAX,RS-GUPCO,03B21B
302371,"Air-Oil Separator Element , P/N : 100004873 , is used for  Comp Air Portable Diesel air compressor Model","عنصر فاصل الهواء والزيت، رقم القطعة: 100004873، يُستخدم في ضاغط الهواء المحمول الذي يعمل بالديزل من طراز Comp Air",MM,0,100004873,EACH,BR/SL/S.PLG/FLT,,INSURANCE_SPARE,RS-GUPCO,02G59C
302372,"Pressure Maintaining Valve, P/N : 100003539 , is used for  Comp Air Portable Diesel air compressor","صمام الحفاظ على الضغط، رقم القطعة: 100003539، يُستخدم مع ضاغط الهواء المحمول الذي يعمل بالديزل من شركة كومب إير",MM,0,100003539,EACH,COMPRESSOR OTHR,,INSURANCE_SPARE,RS-GUPCO,02V08C
302373,"Blow-Down valve  , P/N : 100006290 ,  is used for  Comp Air Portable Diesel air compressor Model DLT 1302,","صمام تصريف الضغط، رقم القطعة: 100006290، يستخدم لضاغط الهواء المحمول الذي يعمل بالديزل من طراز Comp Air DLT 1302،",MM,0,100006290,EACH,COMPRESSOR OTHR,,INSURANCE_SPARE,RS-GUPCO,
302374,"SP. Cartridge Fuel Filter , P/N : 100004745 ,  is used for  Comp Air Portable Diesel air compressor","فلتر وقود خرطوشة SP، رقم القطعة: 100004745، يُستخدم لضاغط هواء ديزل محمول من شركة Comp Air",MM,0,100004745,EACH,COMPRESSOR OTHR,,MIN_MAX,RS-GUPCO,02V08C
302375,"Engine Oil Filter Cartridge P/N : 100004746 ,   is used for  Comp Air Portable Diesel air compressor Model DLT 1302,","خرطوشة فلتر زيت المحرك رقم القطعة: 100004746، تُستخدم لضاغط الهواء المحمول الذي يعمل بالديزل من طراز Comp Air DLT 1302،",MM,0,100004746,EACH,BR/SL/S.PLG/FLT,,MIN_MAX,RS-GUPCO,02G59H
302376,"Oil Pressure Switch 0.9 Bar , P/N : 100005064 , is used for  Comp Air Portable Diesel air compressor","مفتاح ضغط الزيت 0.9 بار، رقم القطعة: 100005064، يُستخدم مع ضاغط الهواء المحمول الذي يعمل بالديزل من شركة كومب إير",MM,0,100005064,EACH,COMPRESSOR OTHR,,INSURANCE_SPARE,RS-GUPCO,02V08C
302377,"Thermometer Probe  P/N : 100005065 ,  is used for  Comp Air Portable Diesel air compressor Model DLT 1302,","مسبار مقياس الحرارة رقم القطعة: 100005065، يستخدم لضاغط الهواء المحمول الذي يعمل بالديزل من طراز Comp Air DLT 1302،",MM,0,100005065,EACH,COMPRESSOR OTHR,,INSURANCE_SPARE,RS-GUPCO,02V08C
302378,"Positioning Cylinder , P/N : 100004997 ,   is used for  Comp Air Portable Diesel air compressor Model DLT 1302,","أسطوانة تحديد المواقع، رقم القطعة: 100004997، تُستخدم لضاغط الهواء المحمول الذي يعمل بالديزل من طراز Comp Air DLT 1302،",MM,0,100004997,EACH,COMPRESSOR OTHR,,INSURANCE_SPARE,RS-GUPCO,02V08C
302379,"Compressor Oil filter Cartridge , P/N : A04425274 ,  is used for  Comp Air Portable Diesel air compressor Model DLT 1302","خرطوشة فلتر زيت الضاغط، رقم القطعة: A04425274، تُستخدم لضاغط الهواء المحمول الذي يعمل بالديزل من طراز Comp Air DLT 1302",MM,0,A04425274,EACH,BR/SL/S.PLG/FLT,,MIN_MAX,RS-GUPCO,02G59H
304381,Crown As-Piston used for Diesel Engine CAT 3406 S/N: 1DZ-12976 Arr.150-2982,"مكبس كراون آز المستخدم في محرك الديزل كات 3406، الرقم التسلسلي: 1DZ-12976، رقم المجموعة: 150-2982",MM,0,125-8869,EACH,CATERPILLAR,,UNDER_CLASSIFICATION,RS-GUPCO,
304380,Cylinder Head GP used for Diesel Engine CAT 3406 S/N: 2GG-00728 Arr.150-2981 & S/N: 1DZ-12976 Arr. 150-2982,"رأس أسطوانة GP مستخدم لمحرك ديزل CAT 3406، الرقم التسلسلي: 2GG-00728، رقم التجهيز: 150-2981، والرقم التسلسلي: 1DZ-12976، رقم التجهيز: 150-2982",MM,0,7W-2203,EACH,CATERPILLAR,,UNDER_CLASSIFICATION,RS-GUPCO,
304382,Skirt As-Piston used for Diesel Engine CAT 3406 S/N: 1DZ-12976 Arr.150-2982,"غطاء مكبس يستخدم لمحرك ديزل CAT 3406، الرقم التسلسلي: 1DZ-12976، رقم التجميع: 150-2982",MM,0,130-0241,EACH,CATERPILLAR,,UNDER_CLASSIFICATION,RS-GUPCO,
304383,Bearing Con.Rod Standard used for Diesel Engine CAT 3406 S/N: 2GG-00728 Arr.150-2981 & S/N: 1DZ-12976 Arr. 150-2982,"محمل ذراع التوصيل القياسي المستخدم لمحرك الديزل CAT 3406، الرقم التسلسلي: 2GG-00728، رقم التجميع: 150-2981، والرقم التسلسلي: 1DZ-12976، رقم التجميع: 150-2982",MM,0,1CA3285573,EACH,CATERPILLAR,,UNDER_CLASSIFICATION,RS-GUPCO,
304386,Clamp Turbine used for Diesel Engine CAT 3406 S/N: 1DZ-12976 Arr. 150-2982,"توربين ذو مشبك يستخدم لمحرك ديزل CAT 3406، الرقم التسلسلي: 1DZ-12976، رقم التجهيز: 150-2982",MM,0,130-5470,EACH,CATERPILLAR,,UNDER_CLASSIFICATION,RS-GUPCO,
305030,"DISC PACK, For THOMAS Flexible Disc Coupling, Series 63, Size 375","مجموعة أقراص، لوصلة القرص المرنة من توماس، السلسلة 63، المقاس 375",PU,0,69984225,SET,PUMP MISC,,MIN_MAX,RS-GUPCO,02T03B
304391,Clamp Compressor Used for Diesel Engine CAT 3406 S/N: 2GG-00728 Arr.150-2981,"ضاغط مشبك يستخدم لمحرك ديزل CAT 3406، الرقم التسلسلي: 2GG-00728، رقم التجهيز: 150-2981",MM,0,2S-1304,EACH,CATERPILLAR,,UNDER_CLASSIFICATION,RS-GUPCO,
304393,Injection Nozzle As used for Diesel Engine CAT 3406 S/N: 1DZ-12976 Arr. 150-2982,"فوهة حقن الوقود المستخدمة في محرك الديزل CAT 3406، الرقم التسلسلي: 1DZ-12976، رقم التجميع: 150-2982",MM,0,130-5187,EACH,CATERPILLAR,,UNDER_CLASSIFICATION,RS-GUPCO,
304398,Cylinder Head Gaskets Kit used for Diesel Engine CAT 3406 S/N: 2GG-00728 Arr.150-2981 & S/N: 1DZ-12976 Arr. 150-2982,"طقم حشيات رأس الأسطوانة المستخدم لمحرك الديزل CAT 3406، الرقم التسلسلي: 2GG-00728، رقم التجهيز: 150-2981، والرقم التسلسلي: 1DZ-12976، رقم التجهيز: 150-2982",MM,0,233-9473,EACH,CATERPILLAR,,UNDER_CLASSIFICATION,RS-GUPCO,
304752,Blow-off valve solenoid is used for Atlas Copco Rotary Air compressor Model GA37+ P/N: 1622369480,يستخدم صمام الملف اللولبي لتفريغ الضغط في ضاغط الهواء الدوار من أطلس كوبكو طراز GA37+ رقم القطعة: 1622369480,MM,0,1622369480,EACH,COMPRESSOR OTHR,,PLANNED_WO,RS-GUPCO,
303912,"V-belts , P/N: 4N-8220 for caterpillar diesel engine 3406 TA ,Engine S/N: 6TB21792 , Ar./N:4W-3799","أحزمة على شكل حرف V، رقم القطعة: 4N-8220 لمحرك ديزل كاتربيلر 3406 TA، الرقم التسلسلي للمحرك: 6TB21792، رقم القطعة: 4W-3799",MM,0,4N-8220 DF,EACH,BELT/TRANSMIT,,MIN_MAX,RS-GUPCO,03R47A
303614,"Rebuild kit for Pattioni Pagani rotary blades vacuum pump Model MEC 9000 P LF DX D80 LONGLIFE, serail No. 435503 year 20","طقم إصلاح لمضخة تفريغ الهواء ذات الشفرات الدوارة من باتيوني باجاني، طراز MEC 9000 P LF DX D80 LONGLIFE، الرقم التسلسلي 435503، سنة الصنع 20",PU,0,~,KIT,PUMP D.WELL/VAC,,SURPLUS,RS-GUPCO,
304385,Cartridge GP Turbocharger used for Diesel Engine CAT 3406 S/N: 1DZ-12976 Arr. 150-2982,"شاحن توربيني من نوع Cartridge GP يُستخدم لمحرك ديزل CAT 3406، الرقم التسلسلي: 1DZ-12976، رقم التجهيز: 150-2982",MM,0,141-1468,EACH,CATERPILLAR,,UNDER_CLASSIFICATION,RS-GUPCO,
116175,"ARM, ROCKER-EXHAUST.","ذراع، صمام العادم.",MM,6923106,CA204066J,EACH,ENGINE USA,,PLANNED_WO,RS-GUPCO,02Q50G (1)
119515,"""CROSS HEAD PIN.","""دبوس رأس متقاطع"".",MM,8001108,B-0773,EACH,COMPRESSOR USA,,INSURANCE_SPARE,RS-GUPCO,02W30D (1)
119517,"""CROSSHEAD NUT # 6",صامولة رأس متقاطع رقم 6,MM,8001108,B-0780,EACH,COMPRESSOR USA,,INSURANCE_SPARE,RS-GUPCO,02W30E (1)
119518,"""CROSSHEAD NUT # 22",صامولة رأس متقاطع رقم 22,MM,8001108,B-0784,EACH,COMPRESSOR USA,,INSURANCE_SPARE,RS-GUPCO,02W30E (1)
119519,"""SLEEVE BEARING BX X-HEAD",محمل جلبة رأسية BX X,MM,8001108,B-0787,EACH,COMPRESSOR USA,,INSURANCE_SPARE,RS-GUPCO,02W30F (1)
119520,"""GASKET RET.","""حشية مانعة للتسرب.""",MM,8001108,B-0832,EACH,COMPRESSOR USA,,MIN_MAX,RS-GUPCO,03B24E
119513,"""VALVE CAP.",غطاء الصمام,MM,8001108,B-0457,EACH,COMPRESSOR USA,,INSURANCE_SPARE,RS-GUPCO,02W30D (1)
119446,"""GASKET, CYLINDER TO CROSSHEAD","حشية، من الأسطوانة إلى رأس الأسطوانة",MM,8001104,B-3515,EACH,COMPRESSOR USA,,MIN_MAX,RS-GUPCO,03B24
119499,"""O-RING VT.","""حلقة دائرية فيرمونت.""",MM,8001108,A-3509,EACH,COMPRESSOR USA,,INSURANCE_SPARE,RS-GUPCO,03B31D (1)
119500,"""O-RING ""O-RING",حلقة دائرية,MM,8001108,A-3512,EACH,COMPRESSOR USA,,INSURANCE_SPARE,RS-GUPCO,03B31B (1)
119501,"""CHECK VALVE",صمام عدم الرجوع,MM,8001108,A-3689,EACH,COMPRESSOR USA,,MIN_MAX,RS-GUPCO,02U12
119502,"""CHECK VALVE",صمام عدم الرجوع,MM,8001108,A-18496-K,EACH,COMPRESSOR USA,,INSURANCE_SPARE,RS-GUPCO,02U12
119504,"""GASKET RET.","""حشية مانعة للتسرب.""",MM,8001108,A-3875,EACH,COMPRESSOR USA,,INSURANCE_SPARE,RS-GUPCO,03B31D (1)
119506,"""SPRKT R/R. CHAIN.","""SPRKT R/R. CHAIN.""",MM,8001108,A-3918,EACH,COMPRESSOR USA,,INSURANCE_SPARE,RS-GUPCO,02W30A (1)
119509,"""ECCENTRIC VERINER CAP.","""غطاء فيرينر غريب الأطوار""",MM,8001108,B-0030,EACH,COMPRESSOR USA,,INSURANCE_SPARE,RS-GUPCO,02/U12F(1)
119510,"""VALVE CAP.",غطاء الصمام,MM,8001108,B-0357,EACH,COMPRESSOR USA,,INSURANCE_SPARE,RS-GUPCO,
119511,"""DSCH. VALVE RETAINER","""حامل صمام DSCH""",MM,8001108,B-7060,EACH,COMPRESSOR USA,,MIN_MAX,RS-GUPCO,02U12
119512,"Hold Till 1/12/2026 PRIMING PUMP ASSY. @  REF. MR 147/99(Areil Manufacture made in USA not substitute)."" B-0425","يُحفظ حتى 1/12/2026، مجموعة مضخة التحضير، رقم المرجع: MR 147/99 (صنع في الولايات المتحدة الأمريكية، من إنتاج شركة أريل، وليس بديلاً). B-0425",MM,8001108,B-0425,EACH,COMPRESSOR USA,,INSURANCE_SPARE,RS-GUPCO,02W30C (1)
116154,"ASM., CAMSHAFT",مجموعة عمود الكامات,MM,6923122,A205623E,EACH,ENGINE USA,,INSURANCE_SPARE,RS-GUPCO,01M02D
120501,"HOSE, 25X43 P/N. 39578406  (INGERSOLL RAND GENUINE PARTS , MADE IN USA AND PROVIDE ORGINE CERTIFICATE , DO NOT SUBSTITUT","خرطوم، 25 × 43، رقم القطعة 39578406 (قطع غيار أصلية من إنجرسول راند، صنع في الولايات المتحدة الأمريكية، مع شهادة المنشأ، لا تستخدم بديلًا).",MM,8009166,24278905,EACH,COMPRESSOR USA,,MIN_MAX,RS-GUPCO,
165676,"RING, LANTERN ITEM NO. 402","خاتم، فانوس، رقم الصنف 402",PU,7912102,LV6775055208 9649 F,EACH,PUMP MISC,,SURPLUS,RS-GUPCO,02V21A (1)
165677,"RING, SEPARATOR ITEM NO. 403","حلقة فاصلة، رقم الصنف 403",PU,7912102,,EACH,PUMP MISC,,INSURANCE_SPARE,RS-GUPCO,02V21H (1)
165678,"COUPLING, ASSY., FLANGED ITEM NO. 205","وصلة، مجموعة، ذات حواف، رقم الصنف 205",PU,7912102,LV257562899,SET,PUMP MISC,,INSURANCE_SPARE,RS-GUPCO,02V37G(1)
165614,"IMPELLER, TRIMMED",مروحة مشذبة,PU,7912102,,EACH,PUMP MISC,,INSURANCE_SPARE,RS-GUPCO,01E32C
164631,"IMPELLER, 6M DYNAMIC TWO PLANE ITEM NO. 673,       12.25 INCH. TRIMMING OUTER DIAMETER                PT.NO. B55140F0001","مروحة، 6 أمتار ديناميكية ثنائية المستوى، رقم الصنف 673، قطر خارجي للتشذيب 12.25 بوصة، رقم القطعة B55140F0001",PU,7907160,,EACH,PUMP MISC,,PLANNED_WO,RS-GUPCO,
161042,"GASKET, 1-7/8"" OD X 57/64"" ID X 0.194""             PRECOMBUSTION CHAMBER","حشية، قطر خارجي 1-7/8 بوصة × قطر داخلي 57/64 بوصة × 0.194 بوصة، غرفة احتراق مسبق",MM,7103144,1CA5M2667,EACH,CATERPILLAR,,MIN_MAX,RS-GUPCO,04H15A
120399,"SWITCH, TEMPERATUR, P/NO: 39416128 PARTS FOR UP5 22 COMPRESSOR, MODEL: UP5E-22-8.5, S/N: 2230936  (INGERSOLL RAND GENUIN","مفتاح تحكم في درجة الحرارة، رقم القطعة: 39416128، قطع غيار لضاغط UP5 22، الموديل: UP5E-22-8.5، الرقم التسلسلي: 2230936 (أصلي من إنجرسول راند)",MM,8009168,39416128,EACH,COMPRESSOR USA,,INSURANCE_SPARE,RS-GUPCO,02W49E(1)
120519,"COOLER OIL/AFTERCOOLER  (INGERSOLL RAND GENUINE PARTS , MADE IN USA AND PROVIDE ORGINE CERTIFICATE , DO NOT SUBSTITUTE)","زيت التبريد/المبرد اللاحق (قطع غيار أصلية من إنجرسول راند، صنع في الولايات المتحدة الأمريكية، مع توفير شهادة المنشأ، لا تستبدلها)",MM,8009168,39899893,EACH,COMPRESSOR USA,,INSURANCE_SPARE,RS-GUPCO,01/E23E
120518,"TUBE AFTERCOOLER  (INGERSOLL RAND GENUINE PARTS , MADE IN USA AND PROVIDE ORGINE CERTIFICATE , DO NOT SUBSTITUTE)","مبرد أنبوبي (قطع غيار أصلية من إنجرسول راند، صنع في الولايات المتحدة الأمريكية، مع تقديم شهادة المنشأ، لا تستبدلها)",MM,8009168,39896543,EACH,COMPRESSOR USA,,INSURANCE_SPARE,RS-GUPCO,02W41B (1)
120400,"SWITCH, HIGH AIR FOR VALVE INLET P/N. 37952264 (OLD P/N. 39419668) (INGERSOLL RAND GENUINE PARTS , MADE IN USA AND PROVI","مفتاح ضغط هواء عالٍ لمدخل الصمام، رقم القطعة 37952264 (رقم القطعة القديم 39419668) (قطع غيار أصلية من إنجرسول راند، صنع في الولايات المتحدة الأمريكية)",MM,8009159,39419668,EACH,COMPRESSOR USA,,MIN_MAX,RS-GUPCO,
120029,GAUGE DELTA  P,مقياس دلتا P,MM,8010100,W1233172,EACH,COMPRESSOR USA,,INSURANCE_SPARE,RS-GUPCO,02W58B (1)
116043,"CONNECTION, EXHAUST","اتصال، عادم",MM,6923128,169999H,EACH,ENGINE USA,,INSURANCE_SPARE,RS-GUPCO,01C19D
103441,"BUSHING, SLEEVE      P/N. 161400","جلبة، كم، رقم القطعة 161400",PU,4704104,161400,EACH,AUTO SHOP EQUIP,,PLANNED_WO,RS-GUPCO,
103442,"ROTOR, AND SHAFT,P/N  :   263801","الدوار والعمود، رقم القطعة: 263801",PU,4704104,263801,EACH,AUTO SHOP EQUIP,,PLANNED_WO,RS-GUPCO,
103447,"O-RING,P/N  :   711934","حلقة دائرية، رقم القطعة: 711934",PU,4704104,711934,EACH,AUTO SHOP EQUIP,,PLANNED_WO,RS-GUPCO,
115788,IDLER BEARING,محمل وسيط,MM,6923116,KH134513A,EACH,ENGINE USA,,INSURANCE_SPARE,RS-GUPCO,
120387,"ORIFICE, SCAVENGE 056 P/N. 39303276  (INGERSOLL RAND GENUINE PARTS , MADE IN USA AND PROVIDE ORGINE CERTIFICATE , DO NOT","فتحة، كاسحة 056 رقم القطعة 39303276 (قطع غيار أصلية من إنجرسول راند، صنع في الولايات المتحدة الأمريكية، مع شهادة المنشأ، لا تقم بـ",MM,8009166,39303276,EACH,COMPRESSOR USA,,MIN_MAX,RS-GUPCO,02U18
120493,"VALVE, MINIMUM PRESSURE P/N. 39475645  (INGERSOLL RAND GENUINE PARTS , MADE IN USA AND PROVIDE ORGINE CERTIFICATE , DO N","صمام، ضغط أدنى، رقم القطعة 39475645 (قطع غيار أصلية من إنجرسول راند، صنع في الولايات المتحدة الأمريكية، مع تقديم شهادة المنشأ).",MM,8009166,99289852,EACH,COMPRESSOR USA,,INSURANCE_SPARE,RS-GUPCO,02U20F
116271,CONDUIT ASM. THERMOCOUPLE,مجموعة أنابيب مزدوجة حرارية,MM,6923116,D211359G,EACH,ENGINE USA,,PLANNED_WO,RS-GUPCO,
116196,"GUIDE, VALVE LIFTER","دليل، رافع الصمام",MM,6923122,205034A,EACH,ENGINE USA,,INSURANCE_SPARE,RS-GUPCO,02Q19C (1)
116440,"CABLE, MAGNETO, FOR 12 CYLINDERS,  P/N     393014-2","كابل مغناطيسي لـ 12 أسطوانة، رقم القطعة 393014-2",MM,3601100,393014-2,EACH,ENGINE USA,,MIN_MAX,RS-GUPCO,02/Q18
115771,"HIGH,TENSION WIRE, ALTRONUC COMPANY, DO NOT SUBSTITUTE.","أسلاك الضغط العالي، شركة ألترونك، لا تستبدلها.",MM,3601100,GH13F921-22,EACH,ENGINE USA,,OBSOLETE,RS-GUPCO,02P33B(1)
115840,"LOW TENSION WIRE 3 PIN (GH129103-20 ), ALTRONUC COMPANY, DO NOT SUBSTITUTE.","سلك جهد منخفض 3 دبابيس (GH129103-20)، شركة ALTRONUC، لا تستبدله.",MM,6923116,593027-30,EACH,ENGINE USA,,MIN_MAX,RS-GUPCO,02P33D
115971,"ELBOW, CRANKCASE WATER INLET","كوع، مدخل ماء علبة المرافق",MM,6923106,164464T,EACH,ENGINE USA,,MIN_MAX,RS-GUPCO,02P15
119479,"""DIST. BOX VALVE",صمام صندوق التوزيع,MM,8001108,A-0304,EACH,COMPRESSOR USA,,INSURANCE_SPARE,RS-GUPCO,
119482,"""V-PACKING","""V-PACKING",MM,8001108,A-0472,EACH,COMPRESSOR USA,,INSURANCE_SPARE,RS-GUPCO,
120515,"ELEMENT SEPARATOR, P/N. 39894597 NEW P/N. 54601513  (INGERSOLL RAND GENUINE PARTS , MADE IN USA AND PROVIDE ORGINE CERTI","فاصل عنصر، رقم القطعة 39894597، جديد، رقم القطعة 54601513 (قطع غيار أصلية من إنجرسول راند، صنع في الولايات المتحدة الأمريكية، مع شهادة أصالة).",MM,8009166,54601513,EACH,COMPRESSOR USA,,MIN_MAX,RS-GUPCO,
120401,"SSR UULTRA- COOLANT, 5 GAL, (INGERSOLL RAND GENUINE PARTS , MADE IN USA AND PROVIDE ORGINE CERTIFICATE , DO NOT SUBSTITU","سائل تبريد SSR فائق الصلابة، 5 جالون، (قطع غيار أصلية من إنجرسول راند، صنع في الولايات المتحدة الأمريكية، مع شهادة منشأ، لا تستبدله)",MM,8009159,38459582,EACH,COMPRESSOR USA,,MIN_MAX,RS-GUPCO,09YARD
119483,"""UNL. PISTON RING","""حلقة مكبس جامعة نبراسكا",MM,8001108,A-0495,EACH,COMPRESSOR USA,,INSURANCE_SPARE,RS-GUPCO,02U12B
119485,"""F.F. S/D. TRABON ELECT.","""FF S/D. TRABON ELECT.",MM,8001108,A-0505,EACH,COMPRESSOR USA,,INSURANCE_SPARE,RS-GUPCO,
119486,"PACKING BACK-UP RING P/N A-0518 for Ariel Gas Compressor 5-1/2 inch bore cylinders, Frame S/N F-10743","حلقة دعم التعبئة رقم القطعة A-0518 لأسطوانات ضاغط غاز أرييل ذات تجويف 5.5 بوصة، رقم تسلسل الإطار F-10743",MM,8001108,A-0518,EACH,COMPRESSOR USA,,INSURANCE_SPARE,RS-GUPCO,02W28F (1)
119487,"""SPRKT R/R. CHAIN IDLER",بكرة شد سلسلة SPRKT R/R,MM,8001108,A-0523,EACH,COMPRESSOR USA,,INSURANCE_SPARE,RS-GUPCO,02W28F (1)
119492,"""PACKING BACK-UP","""التغليف الاحتياطي",MM,8001108,A-0643,EACH,COMPRESSOR USA,,INSURANCE_SPARE,RS-GUPCO,02W28F (1)
119493,"""DIST. BOX VALVE",صمام صندوق التوزيع,MM,8001108,A-0686,EACH,COMPRESSOR USA,,INSURANCE_SPARE,RS-GUPCO,
119494,"""O-RING VT.","""حلقة دائرية فيرمونت.""",MM,8001108,A-0687,EACH,COMPRESSOR USA,,INSURANCE_SPARE,RS-GUPCO,
119495,"""UNL. PISTON RING","""حلقة مكبس جامعة نبراسكا",MM,8001108,A-0688,EACH,COMPRESSOR USA,,INSURANCE_SPARE,RS-GUPCO,02W28G (1)
119497,"""O-RING",حلقة دائرية,MM,8001108,A-3507,EACH,COMPRESSOR USA,,INSURANCE_SPARE,RS-GUPCO,03B31C (1)
119498,"""O-RING VT.","""حلقة دائرية فيرمونت.""",MM,8001108,A-3508,EACH,COMPRESSOR USA,,INSURANCE_SPARE,RS-GUPCO,03B31C (1)
119440,"""VALVE, DISCHARGE H.P.","صمام، تصريف HP",MM,8019102,B-1629-H,EACH,COMPRESSOR USA,,MIN_MAX,RS-GUPCO,02U10D
161050,"GASKET, TURBOCHARGER 5.32"" X 3.63"" W/3.75"" X 2.75 ""OPENING WITH FOUR 0.438"" DIA. BOLT HOLES",حشية شاحن توربيني 5.32 بوصة × 3.63 بوصة مع فتحة 3.75 بوصة × 2.75 بوصة مزودة بأربعة ثقوب براغي قطرها 0.438 بوصة,MM,7103144,7M7273,EACH,CATERPILLAR,,MIN_MAX,RS-GUPCO,04H03C (1)
161051,"SERVICE GROUP, FUEL VALVE","مجموعة الخدمات، صمام الوقود",MM,7103116,1CA7M7431,EACH,CATERPILLAR,,MIN_MAX,RS-GUPCO,04H15C
161052,"VALVE, INLET                                       @SEE P.C.7103124,7103126 & 7103128","صمام، مدخل @انظر PC7103124 و7103126 و7103128",MM,7103116,1CA7M7817,EACH,CATERPILLAR,,INSURANCE_SPARE,RS-GUPCO,04J01D (1)
161053,"INDICATOR, HEAT                                    29A INDICATOR, 1W0697 * 29B SEAL, 6V3507 *","مؤشر، مؤشر حرارة 29A، 1W0697 * مانع تسرب 29B، 6V3507 *",MM,7103144,200-5235,EACH,CATERPILLAR,,PLANNED_WO,RS-GUPCO,
161054,"CLAMP, V TURBINE","مشبك، توربين على شكل حرف V",MM,7103144,7M9917,EACH,CATERPILLAR,,PLANNED_WO,RS-GUPCO,
161057,"INSERT, VALVE","إدخال، صمام",MM,7103116,1CA8M4014,EACH,CATERPILLAR,,INSURANCE_SPARE,RS-GUPCO,04H03E (1)
161060,"NOZZLE, FOR TURBOCHARGER","فوهة، لشاحن توربيني",MM,7103128,8M7853,EACH,CATERPILLAR,,INSURANCE_SPARE,RS-GUPCO,04K08B (1)
110370,"ELEMENT AIR FILTER  (INGERSOLL RAND GENUINE PARTS , MADE IN USA AND PROVIDE ORGINE CERTIFICATE , DO NOT SUBSTITUTE)","فلتر هواء عنصر (قطع غيار أصلية من إنجرسول راند، صنع في الولايات المتحدة الأمريكية، مع توفير شهادة المنشأ، لا تستبدله)",MM,8009168,39588462,EACH,BR/SL/S.PLG/FLT,,INSURANCE_SPARE,RS-GUPCO,
120473,"HOSE  (INGERSOLL RAND GENUINE PARTS , MADE IN USA AND PROVIDE ORGINE CERTIFICATE , DO NOT SUBSTITUTE)","خرطوم (قطع غيار أصلية من إنجرسول راند، صنع في الولايات المتحدة الأمريكية، مع توفير شهادة المنشأ، لا تستبدله)",MM,8009168,39572003,EACH,COMPRESSOR USA,,INSURANCE_SPARE,RS-GUPCO,03B21A (1)
116272,BOX. JUNCTION ASSEMBLY,صندوق. مجموعة وصلات,MM,6923116,A211554D,EACH,ENGINE USA,,INSURANCE_SPARE,RS-GUPCO,-1
116214,CONN. STRGTINSUL CONDUIT,قناة كونين سترغتينسول,MM,6923116,207855B,EACH,ENGINE USA,,INSURANCE_SPARE,RS-GUPCO,-1
119565,"PISTON RING, 14-1/8:T(Ariel Manufacture made in USA not substitute)","حلقة مكبس، 14-1/8:T (صنع في الولايات المتحدة الأمريكية بواسطة شركة أرييل، وليست بديلاً عنها)",MM,8025100,A-1886,EACH,COMPRESSOR USA,,INSURANCE_SPARE,RS-GUPCO,02W34B (1)
119422,"Cylinder Body  5-1/2 H-HP,ION-N 1725","جسم الأسطوانة 5-1/2 H-HP، ION-N 1725",MM,0,D-9592-K,EACH,COMPRESSOR USA,,MIN_MAX,RS-GUPCO,01E21H
160981,"GEAR, FOR MAGNETO DRIVE OLD P.N. 6L3547","ترس، لمحرك مغناطيسي، رقم القطعة القديم 6L3547",MM,7103126,8N1364,EACH,CATERPILLAR,,INSURANCE_SPARE,RS-GUPCO,04H19D (1)
119612,"Piston rod gas packing rebuild kit P.No.:B-1584-K , Ref.group.no. G1032 for Ariel G.Comp. Model JGE/4 , Frame serial no.","طقم إصلاح حشوة غاز قضيب المكبس، رقم القطعة: B-1584-K، رقم المجموعة المرجعية: G1032، لطراز Ariel G.Comp. JGE/4، رقم الهيكل التسلسلي.",MM,8025100,B-8581-K,EACH,COMPRESSOR USA,,MIN_MAX,RS-GUPCO,02U16D
119570,"STL. GASKET, 4.861 * 4.543 * 30 (Ariel Manufacture made in USA not substitute)","حشية فولاذية، 4.861 * 4.543 * 30 (صنع في الولايات المتحدة الأمريكية من قبل شركة آرييل، وليست بديلاً عنها)",MM,8025100,A-2126,EACH,COMPRESSOR USA,,MIN_MAX,RS-GUPCO,02U16B
119571,"PISTON RING, 9-5/8K:KT : T: C:D (Ariel Manufacture made in USA not substitute)","حلقة مكبس، 9-5/8K:KT : T: C:D (صنع في الولايات المتحدة الأمريكية من قبل شركة أرييل، وليست بديلاً عنها)",MM,8025100,A-2128,EACH,COMPRESSOR USA,,INSURANCE_SPARE,RS-GUPCO,02U49F
119572,WAFER BAND (Ariel Manufacture made in USA not substitute),"شريط رقائقي (صنع في الولايات المتحدة الأمريكية بواسطة شركة آرييل، وليس بديلاً)",MM,8025100,A-2130,EACH,COMPRESSOR USA,,INSURANCE_SPARE,RS-GUPCO,02U49F
119583,"THUMB SCREW, NYLON (Ariel Manufacture made in USA not substitute)","برغي إبهام، نايلون (صنع في الولايات المتحدة الأمريكية من قبل شركة أرييل، وليس بديلاً عنه)",MM,8025100,A-2695,EACH,COMPRESSOR USA,,INSURANCE_SPARE,RS-GUPCO,03B29B (1)
119577,STL. GASKET (Ariel Manufacture made in USA not substitute),"حشية فولاذية (صنع في الولايات المتحدة الأمريكية بواسطة شركة آرييل، وليست بديلاً عنها)",MM,8025100,A-2331,EACH,COMPRESSOR USA,,INSURANCE_SPARE,RS-GUPCO,02U16B
119580,"O-RING,  VT (Ariel Manufacture made in USA not substitute)","حلقة دائرية، VT (صنع في الولايات المتحدة الأمريكية بواسطة شركة أرييل، وليست بديلاً)",MM,8025100,A-2336,EACH,COMPRESSOR USA,,MIN_MAX,RS-GUPCO,03B24F
119578,A-2333  (Ariel Manufacture made in USA not substitute),"A-2333 (صنع في الولايات المتحدة الأمريكية بواسطة شركة أرييل، وليس بديلاً)",MM,8025100,A-2333,EACH,COMPRESSOR USA,,INSURANCE_SPARE,RS-GUPCO,
119579,WEAR BAND  (Ariel Manufacture made in USA not substitute),"سوار الارتداء (صنع في الولايات المتحدة الأمريكية بواسطة شركة آرييل، وليس بديلاً عنه)",MM,8025100,A-2335,EACH,COMPRESSOR USA,,INSURANCE_SPARE,RS-GUPCO,02U16B
116470,"dont reorder till update description , LOW,TENSION WIRE 2X3 PIN, ALTRONUC COMPANY DO NOT SUBSTITUTE","لا تعيد الطلب حتى يتم تحديث الوصف، سلك منخفض الجهد 2×3 دبوس، شركة ألترونك لا تستبدله",MM,6923128,593-022-18,EACH,ENGINE USA,,INSURANCE_SPARE,RS-GUPCO,02Q22
110298,"ELEMENT, OIL FILTER, FOR WAUKESHA ENGINE MODEL L5108G S/N 288-946  WAUKESHA PART NO.167602B (DO NOT SUBSTITUTE ORIGINAL","عنصر فلتر الزيت، لمحرك واكيشا طراز L5108G، الرقم التسلسلي 288-946، رقم قطعة واكيشا 167602B (لا تستبدل القطعة الأصلية).",MM,0,168660B,EACH,BR/SL/S.PLG/FLT,,MIN_MAX,RS-GUPCO,01C20H
110551,"BEARING, idler,  2-15/16""  link-belt  p/no.p347","محمل، بكرة وسيطة، حزام ربط 2-15/16 بوصة، رقم القطعة p347",MM,0,p347,EACH,COOLERS,,INSURANCE_SPARE,RS-GUPCO,
115877,"SLINGER, OIL","سلينجر، زيت",MM,6923106,153042,EACH,ENGINE USA,,INSURANCE_SPARE,RS-GUPCO,
161064,"BEARING, SLEEVE","محمل، جلبة",MM,7103126,9M1277,EACH,CATERPILLAR,,INSURANCE_SPARE,RS-GUPCO,04K12B (1)
160982,"SHAFT, ASSY. FOR MAGNETO DRIVE","عمود، مجموعة لمحرك مغناطيسي",MM,7103126,6L3706,EACH,CATERPILLAR,,INSURANCE_SPARE,RS-GUPCO,04H19E (1)
119181,"THERMOCOUPLE, K-TYPE, PRE-TURBINE","مزدوج حراري، من النوع K، قبل التوربين",MM,6923123,295962B,EACH,ENGINE USA,,PLANNED_WO,RS-GUPCO,
115959,"ELBOW, EXHAUST.","الكوع، العادم.",MM,6923106,168325,EACH,ENGINE USA,,INSURANCE_SPARE,RS-GUPCO,02Q06D(1)
115767,"GASKET, SET HEAD.","حشية، رأس التثبيت.",MM,6923110,G-977-51,EACH,ENGINE USA,,PLANNED_WO,RS-GUPCO,
116156,"NUT, HEX 1.5-12UNF",صامولة سداسية 1.5-12UNF,MM,6923122,207329,EACH,ENGINE USA,,INSURANCE_SPARE,RS-GUPCO,02Q17C (1)
115787,LOCK,قفل,MM,6923122,B881A,EACH,ENGINE USA,,INSURANCE_SPARE,RS-GUPCO,02Q48E (1)
120450,"PLATE, RETAINER P/N. 39109129  (INGERSOLL RAND GENUINE PARTS , MADE IN USA AND PROVIDE ORGINE CERTIFICATE , DO NOT SUBST","لوحة تثبيت، رقم القطعة 39109129 (قطع غيار أصلية من إنجرسول راند، صنع في الولايات المتحدة الأمريكية، مع شهادة المنشأ، لا تستبدلها)",MM,8009166,39109129,EACH,COMPRESSOR USA,,INSURANCE_SPARE,RS-GUPCO,02 U 180
120470,"VALVE THERMO  (INGERSOLL RAND GENUINE PARTS , MADE IN USA AND PROVIDE ORGINE CERTIFICATE , DO NOT SUBSTITUTE)","صمام حراري (قطع غيار أصلية من إنجرسول راند، صنع في الولايات المتحدة الأمريكية، مع تقديم شهادة المنشأ، لا تستبدلها)",MM,8009168,39566237,EACH,COMPRESSOR USA,,INSURANCE_SPARE,RS-GUPCO,02W47G(1)
120535,"SLEEVE SHAFT, P/N. 54429782  (INGERSOLL RAND GENUINE PARTS , MADE IN USA AND PROVIDE ORGINE CERTIFICATE , DO NOT SUBSTIT","عمود جلبة، رقم القطعة 54429782 (قطع غيار أصلية من إنجرسول راند، صنع في الولايات المتحدة الأمريكية، مع شهادة منشأ، لا تستبدلها).",MM,8009166,54429782,EACH,COMPRESSOR USA,,INSURANCE_SPARE,RS-GUPCO,02U 22 E
119558,"O-RING,  VT","حلقة دائرية، فيرمونت",MM,8025100,A-0032,EACH,COMPRESSOR USA,,MIN_MAX,RS-GUPCO,03B24F
119616,SUC. VALVE (N.P/N. B-2704-S),صمام شفط (NP/N. B-2704-S),MM,8025100,B-2704-S,EACH,COMPRESSOR USA,,MIN_MAX,RS-GUPCO,02U43C
119613,"Piston rod oil packing Rebuild kit P.No.:(B-1687-K) ,Ref.Group No.:G1032 (For Ariel G.Comp. Model JGE/4 ,Frame serial No","طقم إصلاح حشوة زيت قضيب المكبس، رقم القطعة: (B-1687-K)، رقم المجموعة المرجعية: G1032 (لـ Ariel G.Comp. موديل JGE/4، رقم الهيكل التسلسلي:",MM,8025100,B-6470-K,EACH,COMPRESSOR USA,,MIN_MAX,RS-GUPCO,03B39
119566,"WEAR BAND, 14-1/8K:C (Ariel Manufacture made in USA not substitute)","سوار قابل للارتداء، 14-1/8 قيراط:C (صنع في الولايات المتحدة الأمريكية من قبل شركة آرييل، وليس بديلاً عنه)",MM,8025100,A-1891,EACH,COMPRESSOR USA,,INSURANCE_SPARE,RS-GUPCO,02W34C (1)
119609,PISTON  COLLAR,طوق المكبس,MM,8025100,B-1248,EACH,COMPRESSOR USA,,INSURANCE_SPARE,RS-GUPCO,02U16F
119610,PISTON NUT (Ariel Manufacture made in USA not substitute),"صامولة المكبس (صنع في الولايات المتحدة الأمريكية بواسطة شركة أرييل، وليست بديلاً عنها)",MM,8025100,B-1249,EACH,COMPRESSOR USA,,INSURANCE_SPARE,RS-GUPCO,02U16F
119552,"PISTON RD, 5.50 ST. ""45.438 LG","طريق بيستون، 5.50 شارع ""45.438 إل جي",MM,8025100,C-0876,EACH,COMPRESSOR USA,,INSURANCE_SPARE,RS-GUPCO,01E23C
119619,DIS. VALVE,صمام تفكيك,MM,8025100,B-1944-L,EACH,COMPRESSOR USA,,MIN_MAX,RS-GUPCO,02U16H
120338,"SPACER, BEARING P/N. 35262716,  (INGERSOLL RAND GENUINE PARTS , MADE IN USA AND PROVIDE ORGINE CERTIFICATE , DO NOT SUBS","فاصل، محمل، رقم القطعة 35262716، (قطع غيار أصلية من إنجرسول راند، صنع في الولايات المتحدة الأمريكية، مع شهادة منشأ، لا تقبل ببدائل).",MM,8009166,35262716,EACH,COMPRESSOR USA,,PLANNED_WO,RS-GUPCO,
120451,"GEAR SET, P/N. 39109848  (INGERSOLL RAND GENUINE PARTS , MADE IN USA AND PROVIDE ORGINE CERTIFICATE , DO NOT SUBSTITUTE)","مجموعة تروس، رقم القطعة 39109848 (قطع غيار أصلية من إنجرسول راند، صنع في الولايات المتحدة الأمريكية، مع تقديم شهادة المنشأ، لا تستبدلها)",MM,8009166,39109848,EACH,COMPRESSOR USA,,MIN_MAX,RS-GUPCO,
120495,"VALVE, CHECK 3"" P/N. 39477674  (INGERSOLL RAND GENUINE PARTS , MADE IN USA AND PROVIDE ORGINE CERTIFICATE , DO NOT SUBST","صمام فحص 3 بوصة، رقم القطعة 39477674 (قطع غيار أصلية من إنجرسول راند، صنع في الولايات المتحدة الأمريكية، مع شهادة منشأ، لا تستبدلها).",MM,8009166,39477674,EACH,COMPRESSOR USA,,PLANNED_WO,RS-GUPCO,
120391,"GASKET, DISCHARGE ELBOW P/N. 39326228  (INGERSOLL RAND GENUINE PARTS , MADE IN USA AND PROVIDE ORGINE CERTIFICATE , DO N","حشية، كوع تصريف، رقم القطعة 39326228 (قطع غيار أصلية من إنجرسول راند، صنع في الولايات المتحدة الأمريكية، مع تقديم شهادة المنشأ).",MM,8009166,39326228,EACH,COMPRESSOR USA,,PLANNED_WO,RS-GUPCO,
103438,"OUTBOARD HEAD AND BUSHING ASSY.,P/N  :   033804","مجموعة رأس المحرك الخارجي وجلبة التثبيت، رقم القطعة: 033804",PU,4704104,33804,EACH,AUTO SHOP EQUIP,,INSURANCE_SPARE,RS-GUPCO,02L12C
161044,"BODY, FUEL VALVE (MODEL-D398) For caterpillar D398",جسم صمام الوقود (موديل D398) لجرارات كاتربيلر D398,MM,7103104,1CA7M4603,EACH,CATERPILLAR,,PLANNED_WO,RS-GUPCO,04H15A
161048,"RETAINER, FOR CONNECTING ROD & PISTON","مثبت، لقضيب التوصيل والمكبس",MM,7103144,10CA7M4926,EACH,CATERPILLAR,,PLANNED_WO,RS-GUPCO,04H03C (1)
161049,"GASKET, LIQUID 8 OZ CAN.","حشية، سائل، علبة 8 أونصة.",MM,7103144,1854590,EACH,CATERPILLAR,,PLANNED_WO,RS-GUPCO,
115859,COIL IGNITION used for Waukesha gas engine F3524 G series 4,ملف إشعال يستخدم لمحرك غاز واكيشا F3524 من سلسلة G 4,MM,6923123,69694G,EACH,ENGINE USA,,MIN_MAX,RS-GUPCO,02P29B
119562,"O-RING, VT (Ariel Manufacture made in USA not substitute)","حلقة دائرية، VT (صنع في الولايات المتحدة الأمريكية بواسطة شركة أرييل، وليست بديلاً)",MM,8025100,A-0745,EACH,COMPRESSOR USA,,MIN_MAX,RS-GUPCO,03B24F
115907,"GOVERNOR, OVERSPEED ASSY.",مجموعة منظم السرعة الزائدة.,MM,6923108,N153005A,EACH,ENGINE USA,,INSURANCE_SPARE,RS-GUPCO,02Q65H (1)
120540,"TUBE SEPERATOR  (INGERSOLL RAND GENUINE PARTS , MADE IN USA AND PROVIDE ORGINE CERTIFICATE , DO NOT SUBSTITUTE)","فاصل الأنابيب (قطع غيار أصلية من إنجرسول راند، صنع في الولايات المتحدة الأمريكية، مع تقديم شهادة المنشأ، لا تستبدلها)",MM,8009168,88158068,EACH,COMPRESSOR USA,,INSURANCE_SPARE,RS-GUPCO,02W39D (1)
116265,"GASKET, OIL COOLER",حشية مبرد الزيت,MM,6923129,209089,EACH,ENGINE USA,,MIN_MAX,RS-GUPCO,02R04B (1)
116168,"GEAR, MAG DRIVE","تروس، محرك مغناطيسي",MM,6923122,200426 J,EACH,ENGINE USA,,INSURANCE_SPARE,RS-GUPCO,02Q48D (1)
115790,WASHR 1.515X2.75X5/16,غسالة 1.515 × 2.75 × 5/16,MM,6923122,B2108B,EACH,ENGINE USA,,INSURANCE_SPARE,RS-GUPCO,02Q49F (1)
115988,"ELBOW, WATER BY PASS- R.H","الكوع، تحويل مسار الماء - الجانب الأيمن",MM,6923106,167424,EACH,ENGINE USA,,MIN_MAX,RS-GUPCO,02/P17
119415,"Piston 5-1/2"" H,  Old P/NO. C-0620 ,New P/NO C-0833  (Areil Manufacture made in USA not substitute","مكبس بارتفاع 5.5 بوصة، رقم القطعة القديم C-0620، رقم القطعة الجديد C-0833 (صنع في الولايات المتحدة الأمريكية، ليس بديلاً عن مكبس أريل الأصلي).",MM,8025102,C-0833,EACH,COMPRESSOR USA,,MIN_MAX,RS-GUPCO,02U10
119416,"""PISTON ROD 4.50 ST.X 31.955 LG",ذراع مكبس 4.50 ST.X 31.955 LG,MM,8025102,C-0627,EACH,COMPRESSOR USA,,MIN_MAX,RS-GUPCO,01E23TOP
119525,"""PISTON NUT","""صامولة المكبس""",MM,8025100,B-0847,EACH,COMPRESSOR USA,,MIN_MAX,RS-GUPCO,02U14
119524,"""PISTON COLLAR",طوق المكبس,MM,8025100,B-0846,EACH,COMPRESSOR USA,,MIN_MAX,RS-GUPCO,02U14
116270,"THRMCPL, TYPEK, 16 FT","THRMCPL، TYPEK، 16 قدمًا",MM,6923116,211288S,EACH,ENGINE USA,,INSURANCE_SPARE,RS-GUPCO,
119461,"THERMOWELL AND THERMOCOUPLE FOR COMP . CYLINDER DISCHARGE TEMP 75W0250 ST 260 C,304,34/""""PROCESS 4"""" STEM (Areil Manufac","بئر حراري ومزدوجة حرارية لدرجة حرارة تفريغ أسطوانة الضغط 75W0250 ST 260 C,304,34/""""العملية 4"""" STEM (Areil Manufac",MM,8001108,Q5/802502150,EACH,COMPRESSOR USA,,MIN_MAX,RS-GUPCO,
119462,"""THERMOWELL AND THERMOCOUPLE FOR ENGINE WATER COOLANT TEMP., OIL TEM. & INTAKE MANIFOLD TEMP.","""بئر حراري ومزدوج حراري لقياس درجة حرارة سائل تبريد المحرك، ودرجة حرارة الزيت، ودرجة حرارة مشعب السحب.""",MM,8001108,211040,EACH,COMPRESSOR USA,,INSURANCE_SPARE,RS-GUPCO,02U10E
116243,COUPLING FLEX MASTER 3 TUE,وصلة مرنة ماستر 3 الثلاثاء,MM,6923123,208706U,EACH,ENGINE USA,,MIN_MAX,RS-GUPCO,
116438,SHIELDED PRIMARY HARNESS,حزام أمان أساسي محمي,MM,6923116,295497,EACH,ENGINE USA,,INSURANCE_SPARE,RS-GUPCO,02R32C
116442,SHIELDED PICKUP HARNESS,حزام التقاط محمي,MM,6923116,485066,EACH,ENGINE USA,,INSURANCE_SPARE,RS-GUPCO,02R32G
116415,"O-RING 2.12X2. 38X.12, V1","حلقة دائرية 2.12 × 2.38 × 0.12، الإصدار 1",MM,6923123,304745G,EACH,ENGINE USA,,MIN_MAX,RS-GUPCO,03H27F
120496,"VALVE MPCV  (INGERSOLL RAND GENUINE PARTS , MADE IN USA AND PROVIDE ORGINE CERTIFICATE , DO NOT SUBSTITUTE)","صمام MPCV (قطع غيار أصلية من إنجرسول راند، صنع في الولايات المتحدة الأمريكية، مع توفير شهادة المنشأ، لا تستبدلها)",MM,8009168,39490693,EACH,COMPRESSOR USA,,INSURANCE_SPARE,RS-GUPCO,
120524,"VALVE SAFETY  (INGERSOLL RAND GENUINE PARTS , MADE IN USA AND PROVIDE ORGINE CERTIFICATE , DO NOT SUBSTITUTE)","صمام أمان (قطع غيار أصلية من إنجرسول راند، صنع في الولايات المتحدة الأمريكية، مع توفير شهادة المنشأ، لا تستبدلها)",MM,8009168,39102736,EACH,COMPRESSOR USA,,INSURANCE_SPARE,RS-GUPCO,02W39A(1)
120479,"VALVE SOLONIOD 3-WAY  (INGERSOLL RAND GENUINE PARTS , MADE IN USA AND PROVIDE ORGINE CERTIFICATE , DO NOT SUBSTITUTE)","صمام سولونويد ثلاثي الاتجاهات (قطع غيار أصلية من إنجرسول راند، صنع في الولايات المتحدة الأمريكية، مع تقديم شهادة المنشأ، لا تستبدلها)",MM,8009168,24271529,EACH,COMPRESSOR USA,,PLANNED_WO,RS-GUPCO,
110337,"ELEMENT, AIR FILTER P/N. 39708466  (INGERSOLL RAND GENUINE PARTS , MADE IN USA AND PROVIDE ORGINE CERTIFICATE , DO NOT S","عنصر فلتر الهواء، رقم القطعة 39708466 (قطع غيار أصلية من إنجرسول راند، صنع في الولايات المتحدة الأمريكية، مع شهادة المنشأ، لا تقم باستبدالها).",MM,8009166,39708466,EACH,BR/SL/S.PLG/FLT,,MIN_MAX,RS-GUPCO,
110167,STARTER ASSY I-R P/N  :   SS825GC03R25,مجموعة بادئ التشغيل IR P/N : SS825GC03R25,MM,6923116,SS825GC03R25,EACH,BR/SL/S.PLG/FLT,,MIN_MAX,RS-GUPCO,01A03B
120532,"MAINTENANCE KIT  (INGERSOLL RAND GENUINE PARTS , MADE IN USA AND PROVIDE ORGINE CERTIFICATE , DO NOT SUBSTITUTE)","طقم الصيانة (قطع غيار أصلية من إنجرسول راند، صنع في الولايات المتحدة الأمريكية، مع شهادة المنشأ، لا تستبدلها)",MM,8009168,42448456,EACH,COMPRESSOR USA,,INSURANCE_SPARE,RS-GUPCO,03P01H
161067,"O-RING, SEAL 3.350""ID X 0.210"" DIA. YELLOW G W W","حلقة مانعة للتسرب، قطر داخلي 3.350 بوصة × قطر 0.210 بوصة، لون أصفر G W W",MM,7103144,1CA9M4217,EACH,CATERPILLAR,,MIN_MAX,RS-GUPCO,
161068,"SPRING, VALVE INNER FOR CYL.HEAD & VALVE MECHANIS M","زنبرك، صمام داخلي لرأس الأسطوانة وآلية الصمام M",MM,7103126,10CA9M5349,EACH,CATERPILLAR,,MIN_MAX,RS-GUPCO,04H3
161069,"SPRING, VALVE","زنبرك، صمام",MM,7103116,5CA9M5350,EACH,CATERPILLAR,,MIN_MAX,RS-GUPCO,04H13
116169,GEAR CAMSHAFT,عمود الكامات للتروس,MM,6923122,200526D,EACH,ENGINE USA,,INSURANCE_SPARE,RS-GUPCO,02P05H
161336,"LINER, CYLINDER FOR CYLINDER BLOCK",بطانة أسطوانة كتلة الأسطوانات,MM,7103132,1CA1105800,EACH,CATERPILLAR,,PLANNED_WO,RS-GUPCO,
161339,"O-RING, SEAL 2.225"" ID X O.210"" DIA","حلقة دائرية، ختم مقاس 2.225 بوصة معرف × O.210 بوصة قطر",MM,7103144,3P0649,EACH,CATERPILLAR,,INSURANCE_SPARE,RS-GUPCO,03A10H (1)
161340,"ORING, SEAL 1.975"" ID X 0.210"" DIA (Old Part no. 3P-0650) (New Part no 113-5304)","حلقة مانعة للتسرب، قطر داخلي 1.975 بوصة × قطر 0.210 بوصة (رقم القطعة القديم 3P-0650) (رقم القطعة الجديد 113-5304)",MM,7103144,1135304,EACH,CATERPILLAR,,INSURANCE_SPARE,RS-GUPCO,03A04D
161341,"O-RING, SEAL 2.350"" ID X 0.210"" DIA","حلقة مانعة للتسرب، قطر داخلي 2.350 بوصة × قطر 0.210 بوصة",MM,7103144,1CA3P0651,EACH,CATERPILLAR,,MIN_MAX,RS-GUPCO,03A04H
161343,"O-RING, SEAL 2.850"" ID X 0.210"" DIA","حلقة مانعة للتسرب، قطر داخلي 2.850 بوصة × قطر 0.210 بوصة",MM,7103144,3P0655,EACH,CATERPILLAR,,INSURANCE_SPARE,RS-GUPCO,03A 04 A
161344,"O-RING, SEAL 2.600 IN. X 0.210 IN. DIA","حلقة مانعة للتسرب، قطرها 2.600 بوصة × 0.210 بوصة",MM,7103144,3P0656,EACH,CATERPILLAR,,PLANNED_WO,RS-GUPCO,
161345,"JOINT, ASSY. TUBE","وصلة، أنبوب تجميع",MM,7103120,1CA3P1774,SET,CATERPILLAR,,MIN_MAX,RS-GUPCO,04J24E
161346,"SEAL, FOR JOINT ASSY.,","مانع تسرب، لتجميع الوصلات،",MM,7103120,3P1796,EACH,CATERPILLAR,,PLANNED_WO,RS-GUPCO,
161338,"GUIDE, FOR CYLINDER HEAD & VALVE MECHANISM",دليل لرأس الأسطوانة وآلية الصمامات,MM,7103132,5CA1487425,EACH,CATERPILLAR,,PLANNED_WO,RS-GUPCO,
120472,"HOSE  (INGERSOLL RAND GENUINE PARTS , MADE IN USA AND PROVIDE ORGINE CERTIFICATE , DO NOT SUBSTITUTE)","خرطوم (قطع غيار أصلية من إنجرسول راند، صنع في الولايات المتحدة الأمريكية، مع توفير شهادة المنشأ، لا تستبدله)",MM,8009168,39571922,EACH,COMPRESSOR USA,,INSURANCE_SPARE,RS-GUPCO,03B21A (1)
120504,"SENSOR, TEMP THERMISTOR P/N. 39586227 P/N. 37952439  (INGERSOLL RAND GENUINE PARTS , MADE IN USA AND PROVIDE ORGINE CERT","مستشعر، مقاوم حراري، رقم القطعة 39586227، رقم القطعة 37952439 (قطع غيار أصلية من إنجرسول راند، صنع في الولايات المتحدة الأمريكية، مع شهادة أصالة)",MM,8009166,37952439,EACH,COMPRESSOR USA,,MIN_MAX,RS-GUPCO,
120444,"BREATHER, FILTER P/N. 39112362  (INGERSOLL RAND GENUINE PARTS , MADE IN USA AND PROVIDE ORGINE CERTIFICATE , DO NOT SUBS","فلتر تنفس، رقم القطعة 39112362 (قطع غيار أصلية من إنجرسول راند، صنع في الولايات المتحدة الأمريكية، مع شهادة منشأ، لا تقبل ببدائل).",MM,8009166,39111893 & 39106240,EACH,COMPRESSOR USA,,INSURANCE_SPARE,RS-GUPCO,02W47B (1)
120541,"TUBE OIL COOLER OUT  (INGERSOLL RAND GENUINE PARTS , MADE IN USA AND PROVIDE ORGINE CERTIFICATE , DO NOT SUBSTITUTE)","أنبوب تبريد الزيت الخارجي (قطع غيار أصلية من إنجرسول راند، صنع في الولايات المتحدة الأمريكية، مع توفير شهادة المنشأ، لا تستبدلها)",MM,8009168,88158316,EACH,COMPRESSOR USA,,INSURANCE_SPARE,RS-GUPCO,02W39D(1)
120542,"TUBE OIL COOLER IN  (INGERSOLL RAND GENUINE PARTS , MADE IN USA AND PROVIDE ORGINE CERTIFICATE , DO NOT SUBSTITUTE)","مبرد زيت أنبوبي (قطع غيار أصلية من إنجرسول راند، صنع في الولايات المتحدة الأمريكية، مع تقديم شهادة المنشأ، لا تستبدلها)",MM,8009168,88158324,EACH,COMPRESSOR USA,,INSURANCE_SPARE,RS-GUPCO,02W39E (1)
110371,"TUBE OIL FILTER  (INGERSOLL RAND GENUINE PARTS , MADE IN USA AND PROVIDE ORGINE CERTIFICATE , DO NOT SUBSTITUTE)","فلتر زيت أنبوبي (قطع غيار أصلية من إنجرسول راند، صنع في الولايات المتحدة الأمريكية، مع شهادة المنشأ، لا تستبدله)",MM,8009168,88158076,EACH,BR/SL/S.PLG/FLT,,INSURANCE_SPARE,RS-GUPCO,02/F64E (1)
120539,"TUBE  (INGERSOLL RAND GENUINE PARTS , MADE IN USA AND PROVIDE ORGINE CERTIFICATE , DO NOT SUBSTITUTE)","أنبوب (قطع غيار أصلية من إنجرسول راند، صنع في الولايات المتحدة الأمريكية، مع تقديم شهادة المنشأ، لا تستبدله)",MM,8009168,88158290,EACH,COMPRESSOR USA,,INSURANCE_SPARE,RS-GUPCO,02W39D (1)
120471,"HOSE  (INGERSOLL RAND GENUINE PARTS , MADE IN USA AND PROVIDE ORGINE CERTIFICATE , DO NOT SUBSTITUTE)","خرطوم (قطع غيار أصلية من إنجرسول راند، صنع في الولايات المتحدة الأمريكية، مع توفير شهادة المنشأ، لا تستبدله)",MM,8009168,39571872,EACH,COMPRESSOR USA,,INSURANCE_SPARE,RS-GUPCO,03B21A (1)
120481,"O-RING  (INGERSOLL RAND GENUINE PARTS , MADE IN USA AND PROVIDE ORGINE CERTIFICATE , DO NOT SUBSTITUTE)","حلقة دائرية (قطع غيار أصلية من إنجرسول راند، صنع في الولايات المتحدة الأمريكية، مع شهادة المنشأ، لا تستبدلها)",MM,8009168,39588082,EACH,COMPRESSOR USA,,INSURANCE_SPARE,RS-GUPCO,02W45A (1)
120395,O-RING,حلقة دائرية,MM,8009168,39404157,EACH,COMPRESSOR USA,,INSURANCE_SPARE,RS-GUPCO,
161078,"GEAR, FLYWHEEL","ترس، دولاب الموازنة",MM,7103120,1CA1N5742,EACH,CATERPILLAR,,PLANNED_WO,RS-GUPCO,
119569,"O-RING, VT (Ariel Manufacture made in USA not substitute)","حلقة دائرية، VT (صنع في الولايات المتحدة الأمريكية بواسطة شركة أرييل، وليست بديلاً)",MM,8025100,A-2124,EACH,COMPRESSOR USA,,MIN_MAX,RS-GUPCO,03B24F
109712,"CARTRIDGE J.C. TYPE 1B                             SIZE 3-3/4"" MAT.CODE XF50-1D1 DWG.NO.CF-SP-45339   COMPLETE WITH GLAN","خرطوشة من النوع JC 1B، مقاس 3-3/4 بوصة، رمز المادة XF50-1D1، رقم الرسم CF-SP-45339، كاملة مع رأس غليون",PU,3003134,90629297,EACH,BELT/TRANSMIT,,INSURANCE_SPARE,RS-GUPCO,
120537,"HOUSING SEAL CF90 P/N. 88142427  (INGERSOLL RAND GENUINE PARTS , MADE IN USA AND PROVIDE ORGINE CERTIFICATE , DO NOT SUB","مانع تسرب الغلاف CF90 رقم القطعة 88142427 (قطع غيار أصلية من إنجرسول راند، صنع في الولايات المتحدة الأمريكية، مع شهادة المنشأ، لا تستخدم بديلًا).",MM,8009166,88142427,EACH,COMPRESSOR USA,,MIN_MAX,RS-GUPCO,02U24A
120538,"HOUSING SEAL CF90 P/N. 88142450 (INGERSOLL RAND GENUINE PARTS , MADE IN USA AND PROVIDE ORGINE CERTIFICATE , DO NOT SUBS","مانع تسرب الغلاف CF90 رقم القطعة 88142450 (قطع غيار أصلية من إنجرسول راند، صنع في الولايات المتحدة الأمريكية، مع شهادة منشأ، لا تقبل ببدائل).",MM,8009166,88142450,EACH,COMPRESSOR USA,,MIN_MAX,RS-GUPCO,03B35A
116396,"GASKET, SPIRAL EXHAUST","حشية، عادم حلزوني",MM,0,294093N,EACH,ENGINE USA,,INSURANCE_SPARE,RS-GUPCO,02R28C (1)
116376,"O-RING, 94X1.19 X 12, EP","حلقة دائرية، 94 × 1.19 × 12، EP",MM,0,290221B,EACH,ENGINE USA,,INSURANCE_SPARE,RS-GUPCO,03H25H (1)
110464,"IDLER SHAFT: FT: 2.437"" DIAX 20"" LONG WITH 5/8""    SQ. KEY 4 1/2"" LONG ONE END","عمود وسيط: قطره 2.437 بوصة، طوله 20 بوصة، مزود بمفتاح مربع 5/8 بوصة، طول أحد طرفيه 4 1/2 بوصة.",MM,0,,EACH,COOLERS,,INSURANCE_SPARE,RS-GUPCO,02/F13E (1)
110465,"BEARING, DODGE, ""E"", 4 BOLT BASE, P/N.023029,      P4BE3004. F/3"" SHAFT FOR LAYSHAFT, USERCD 4615.    ITEM 409546250","محمل، دودج، ""E""، قاعدة بأربعة مسامير، رقم القطعة 023029، P4BE3004. عمود F/3 بوصة لعمود نقل الحركة، USERCD 4615. رقم الصنف 409546250",MM,0,23029,EACH,COOLERS,,INSURANCE_SPARE,RS-GUPCO,02G45
116441,SHIELDED INPUT HARNESS,حزمة إدخال محمية,MM,6923116,485065,EACH,ENGINE USA,,INSURANCE_SPARE,RS-GUPCO,02R32G(1)
120502,"HOSE 1.25X33 LONG P/N. 39572458 (INGERSOLL RAND GENUINE PARTS , MADE IN USA AND PROVIDE ORGINE CERTIFICATE , DO NOT SUBS","خرطوم 1.25 × 33 بوصة، رقم القطعة 39572458 (قطع غيار أصلية من إنجرسول راند، صنع في الولايات المتحدة الأمريكية، مع شهادة المنشأ، لا تقبل ببدائل).",MM,8009166,24278970,EACH,COMPRESSOR USA,,MIN_MAX,RS-GUPCO,03P01H
165616,"HOLD TILL 1/12/2026, IMPELLER, MAX. DIA. ITEM NO. 38 32 for FWP PUMP MOD 18RKMC3 S/N. 87979-80","يُحفظ حتى 1/12/2026، دافعة، أقصى قطر، رقم الصنف 38 32 لمضخة FWP موديل 18RKMC3، الرقم التسلسلي 87979-80",PU,7912102,,EACH,PUMP MISC,,INSURANCE_SPARE,RS-GUPCO,
165665,"HOLD TILL 1/12/2026, PIPE, TOP PC COLUMN ITEM NO. 21 for FWP PUMP MOD 18RKMC3 S/N. 87979-80","يُحفظ حتى 1/12/2026، أنبوب، عمود علوي، رقم الصنف 21 لمضخة FWP موديل 18RKMC3، الرقم التسلسلي 87979-80",PU,7912102,LV79R5669 A01,EACH,PUMP MISC,,INSURANCE_SPARE,RS-GUPCO,
165668,"LINESHAFT, BOTTOM PC. ITEM NO. 23B for FWP PUMP MOD 18RKMC3 S/N. 87979-80","عمود نقل الحركة، الجزء السفلي. رقم الصنف 23B لمضخة FWP موديل 18RKMC3، الرقم التسلسلي 87979-80",PU,7912102,LV729S290104,EACH,PUMP MISC,,INSURANCE_SPARE,RS-GUPCO,01L03E
165669,"LINESHAFT, TOP PC. ITEM NO. 23T","عمود نقل الحركة، الجزء العلوي. رقم الصنف 23T",PU,7912102,LV7295627 2582F,EACH,PUMP MISC,,INSURANCE_SPARE,RS-GUPCO,01/L03-D
165670,"SPIDER, ITEM NO. 25","العنكبوت، رقم الصنف 25",PU,7912102,LV7705119232 1050 F,EACH,PUMP MISC,,INSURANCE_SPARE,RS-GUPCO,02V37D (1)
165673,"STUD, FOR SPLIT GLAND ITEM NO. 8","مسمار، للغدة المنقسمة، رقم الصنف 8",PU,7912102,11FM4R0003,EACH,PUMP MISC,,INSURANCE_SPARE,RS-GUPCO,
165675,"BOX, STUFFING ITEM NO. 17","صندوق، حشو، رقم الصنف 17",PU,7912102,LV 8135129010,EACH,PUMP MISC,,INSURANCE_SPARE,RS-GUPCO,
116274,"HOLD TILL 1/3/2027 , DUCT, AIR-R.H., REAR MOUNT P/N. A211424B SUPERCEDED BY P/N. 1 EA 15837GL - 1 EA 15837GN ( 1 EA 169","يُحفظ حتى 1/3/2027، قناة تهوية، هواء يمين، تركيب خلفي، رقم القطعة A211424B، تم استبدالها برقم القطعة 15837GL - 15837GN (169 قطعة)",MM,6923106,A211424B,EACH,ENGINE USA,,INSURANCE_SPARE,RS-GUPCO,
120489,"VALVE, SOLONIOD 2-WAY  (INGERSOLL RAND GENUINE PARTS , MADE IN USA AND PROVIDE ORGINE CERTIFICATE , DO NOT SUBSTITUTE)","صمام، ملف لولبي ثنائي الاتجاه (قطع غيار أصلية من إنجرسول راند، صنع في الولايات المتحدة الأمريكية، مع تقديم شهادة المنشأ، لا تستبدلها)",MM,8009168,39492558,EACH,COMPRESSOR USA,,INSURANCE_SPARE,RS-GUPCO,02U20E
110431,"DRIVE SHAFT 3.437"" DIA. X 82"" LONG",عمود الدوران بقطر 3.437 بوصة وطول 82 بوصة,MM,3225200,,EACH,COOLERS,,INSURANCE_SPARE,RS-GUPCO,01M01E
110441,"FLOATING SHAFT 2.937"" DIA X 83"" 1/4"" LONG",عمود عائم بقطر 2.937 بوصة وطول 83 و1/4 بوصة,MM,3225200,,EACH,COOLERS,,INSURANCE_SPARE,RS-GUPCO,01M01E
110442,"FAN SHAFT 2.937"" DIA X 135-1/2"" LONG",عمود المروحة: قطر 2.937 بوصة × طول 135.5 بوصة,MM,3225200,~,EACH,COOLERS,,INSURANCE_SPARE,RS-GUPCO,01M06
110443,"CUST DRIVE SHAFT 2.937"" DIA X 36"" LONG",عمود إدارة مخصص بقطر 2.937 بوصة وطول 36 بوصة,MM,3225200,,EACH,COOLERS,,INSURANCE_SPARE,RS-GUPCO,01M01E
110444,"CPLG. DODGE MAKE PX140 MODL 2 15/16"" BORE 3/4"" X   3/8"" DWY EACH END","CPLG. DODGE MAKE PX140 MODL 2 15/16"" BORE 3/4"" X 3/8"" DWY CHE HE END",MM,3225200,~,EACH,COOLERS,,INSURANCE_SPARE,RS-GUPCO,01B06C
116437,BY PASS EXH. R.B.,مخرج جانبي RB,MM,6923129,C295635C,EACH,ENGINE USA,,INSURANCE_SPARE,RS-GUPCO,03/P05H
120531,"SHAFT SEAL KIT  (INGERSOLL RAND GENUINE PARTS , MADE IN USA AND PROVIDE ORGINE CERTIFICATE , DO NOT SUBSTITUTE)","طقم مانع تسرب العمود (قطع غيار أصلية من إنجرسول راند، صنع في الولايات المتحدة الأمريكية، مع تقديم شهادة المنشأ، لا تستبدلها)",MM,8009168,42412197,EACH,COMPRESSOR USA,,INSURANCE_SPARE,RS-GUPCO,02W39B (1)
160912,"O-RING, 0.351"" ID X 0.072"" DIA BLACK G","حلقة دائرية، قطر داخلي 0.351 بوصة × قطر 0.072 بوصة، لون أسود G",MM,7103144,50CA3J7354,EACH,CATERPILLAR,,INSURANCE_SPARE,RS-GUPCO,03A08D (1)
161295,"PIN, PISTON FOR CONNECTING ROD & PISTON",دبوس ومكبس لذراع التوصيل والمكبس,MM,7103132,1CA7N9805,EACH,CATERPILLAR,,OBSOLETE,RS-GUPCO,04N18B (1)
120480,"RELIVE VALVE  (INGERSOLL RAND GENUINE PARTS , MADE IN USA AND PROVIDE ORGINE CERTIFICATE , DO NOT SUBSTITUTE)","صمام ريلايف (قطع غيار أصلية من إنجرسول راند، صنع في الولايات المتحدة الأمريكية، مع توفير شهادة المنشأ، لا تستبدلها)",MM,8009168,39588017,EACH,COMPRESSOR USA,,INSURANCE_SPARE,RS-GUPCO,02W45A (1)
109875,"V-BELT SET , (ST = 3 EA) ,","مجموعة أحزمة على شكل حرف V، (ST = 3 EA)",MM,7103121,8L4526,SET,BELT/TRANSMIT,,INSURANCE_SPARE,RS-GUPCO,03C24A
115933,OIL STARINER HOUSING,غلاف ستارينر الزيتي,MM,6923123,153707R,EACH,ENGINE USA,,MIN_MAX,RS-GUPCO,
110462,"FAN: 120"" DIA, 5 BLADES, LEFT HAND, MOORE MADE 9   ANGLE AT CLEVIS 2 15/16"" BORE WITH 3/4"" 3/8""       KEYWAY, ADJUSTABLE","مروحة: قطر 120 بوصة، 5 شفرات، يسارية، من صنع مور، زاوية 9 عند الوصلة، فتحة 2 15/16 بوصة مع مجرى مفتاح 3/4 بوصة 3/8 بوصة، قابلة للتعديل",MM,0,~,EACH,COOLERS,,INSURANCE_SPARE,RS-GUPCO,01B08B
110463,"FAN: 120"" DIA, 5 BLADES, LEFT HAND, MOORE MADE 9  ANGLE AT CLEVES 2 11/16"" BORE WITH 5/8"" X 5/16"" KE YWAY, ADJUSTABLE PI","مروحة: قطر 120 بوصة، 5 شفرات، يسارية، مصنوعة من قبل مور، زاوية 9 عند الشقوق، فتحة 2 11/16 بوصة مع وصلة 5/8 بوصة × 5/16 بوصة، قابلة للتعديل",MM,0,~,EACH,COOLERS,,INSURANCE_SPARE,RS-GUPCO,01B12H
115782,"MAGNETO, FOR 12 CYLINERS,  P/N 12A33H-G,","مغناطيس، لـ 12 أسطوانة، رقم القطعة 12A33H-G،",MM,3601100,12A33H-G,EACH,ENGINE USA,,MIN_MAX,RS-GUPCO,
161118,"VALVE, INTAKE FOR HEAD ASSY.","صمام، مدخل لمجموعة رأس المحرك.",MM,7103126,1W8606,EACH,CATERPILLAR,,MIN_MAX,RS-GUPCO,04H07F
161119,"VALVE, EXHAUST FOR HEAD ASSY. (2W3211)",صمام عادم لمجموعة رأس المحرك (2W3211),MM,7103126,1CA2W3211,EACH,CATERPILLAR,,MIN_MAX,RS-GUPCO,04H05A
161182,"PUMP, ASSY. OIL.                                   (PUMP GRP 5N7868* BRACKET 5N7856* BRACKET 5N7857*  SEAL-O-RING,3P0656","مضخة، مجموعة زيت. (مجموعة المضخة 5N7868*، حامل 5N7856*، حامل 5N7857*، حلقة مانعة للتسرب، 3P0656)",MM,7103128,3N7722,EACH,CATERPILLAR,,PLANNED_WO,RS-GUPCO,
161185,"GOVERNOR, CONTROL GROUP AIR ACTUATED","مُحكِّم، مجموعة تحكم تعمل بالهواء",MM,7103128,3N9125,EACH,CATERPILLAR,,MIN_MAX,RS-GUPCO,04J04C
161187,"RING, SEAL FOR CRANKSHAFT",حلقة مانعة للتسرب لعمود المرفق,MM,7103128,1CA3N9160,EACH,CATERPILLAR,,PLANNED_WO,RS-GUPCO,
161188,"MOTOR, GROUP INCLUDE :- 1- MOTOR G P/NO.4W5107 2- FLANGE P/NO. 5N7131 3- FLANGE P/NO. 5N7135 4- GASKET P/NO. 8N8451 5- G","مجموعة المحرك تتضمن: 1- محرك G رقم القطعة 4W5107، 2- شفة رقم القطعة 5N7131، 3- شفة رقم القطعة 5N7135، 4- حشية رقم القطعة 8N8451، 5- G",MM,7103128,3N9411,EACH,CATERPILLAR,,MIN_MAX,RS-GUPCO,01D02B
161014,"END, SPHERICAL BEARING ROD",نهاية قضيب محمل كروي,MM,7103126,7L4186,EACH,CATERPILLAR,,INSURANCE_SPARE,RS-GUPCO,
161015,"COUPLING, ASSY.","وصلة، مجموعة.",MM,7103126,1CA7L4196,EACH,CATERPILLAR,,MIN_MAX,RS-GUPCO,04H19A
161000,"TUBE, TURBO DRAIN-RIGHT HAND",أنبوب تصريف توربو - يمين,MM,7103116,7L7001,EACH,CATERPILLAR,,PLANNED_WO,RS-GUPCO,
161019,"BAFFLE, FOR CRANKSHAFT","حاجز، لعمود المرفق",MM,7103126,1ca8l3972,EACH,CATERPILLAR,,INSURANCE_SPARE,RS-GUPCO,04H07A (1)
161023,"COVER, CYLINDER BLOCK WATER PASSAGE","غطاء، ممر الماء في كتلة الأسطوانة",MM,7103116,1CA8L4857,EACH,CATERPILLAR,,INSURANCE_SPARE,RS-GUPCO,04H19
161025,"CORE ASSY.,","مجموعة أساسية،",MM,7103120,8L5351,EACH,CATERPILLAR,,PLANNED_WO,RS-GUPCO,
161026,"SWITCH, MAGNETIC FOR IGNITION CONVERTER GROUP",مفتاح مغناطيسي لمجموعة محول الإشعال,MM,7103126,1CA8L5849,EACH,CATERPILLAR,,MIN_MAX,RS-GUPCO,04H19F
161512,"NOZZLE VALVE, FUEL, ASS. P/NO: 4W7017, FOR: CAT ENGINE MODEL: CAT 3406 GEN. SET, ENGINE S/N:2WB05095, ENG. ARR. NO.:4W38","صمام فوهة الوقود، رقم القطعة: 4W7017، لمحرك كاتربيلر، طراز: CAT 3406، مولد كهربائي، الرقم التسلسلي للمحرك: 2WB05095، رقم مجموعة المحرك: 4W38",MM,7103165,4W7017,EACH,CATERPILLAR,,INSURANCE_SPARE,RS-GUPCO,04/J05
161028,"ELBOW, EXHAUST ""RH"" FOR MANIFOLD",كوع العادم الأيمن للمشعب,MM,7103128,8L9727,EACH,CATERPILLAR,,INSURANCE_SPARE,RS-GUPCO,04H19
161029,"GASKET, ELBOW EXHAUST FOR MANIFOLD","حشية، كوع عادم للمشعب",MM,7103128,1CA8L9757,EACH,CATERPILLAR,,INSURANCE_SPARE,RS-GUPCO,04H17A
161030,"ELBOW, EXHAUST ""L.H"" FOR MANIFOLD",كوع العادم الأيسر للمشعب,MM,7103128,8L9771,EACH,CATERPILLAR,,INSURANCE_SPARE,RS-GUPCO,04J18E (1)
161033,"NOZZLE, ASSY. FOR LINES GROUP","فوهة، مجموعة أنابيب",MM,7103142,1CA9L6884,EACH,CATERPILLAR,,INSURANCE_SPARE,RS-GUPCO,4
161293,"GASKET, FOR MANIFOLD                               @ 12 EA AT D/CHARGE AREA","حشية للمشعب، سعرها 12 قطعة في منطقة الشحن.",MM,7103142,10CA1299452,EACH,CATERPILLAR,,PLANNED_WO,RS-GUPCO,
161111,"ELBOW, WATER TRANSFER","الكوع، نقل الماء",MM,7103116,2N8915,EACH,CATERPILLAR,,INSURANCE_SPARE,RS-GUPCO,04K11H (1)
161296,"PIN, CONNECTING ROD","دبوس، ذراع توصيل",MM,7103116,7N9810,EACH,CATERPILLAR,,INSURANCE_SPARE,RS-GUPCO,04N18B (1)
161299,"RING, GROUP PISTON","حلقة، مكبس المجموعة",MM,7103142,1CA8N0822,EACH,CATERPILLAR,,INSURANCE_SPARE,RS-GUPCO,04N20A (1)
161301,"VALVE, FOR CYLINDER HEAD & VALVE MECHANISM","صمام، لرأس الأسطوانة وآلية الصمام",MM,7103132,1CA8N0875,EACH,CATERPILLAR,,PLANNED_WO,RS-GUPCO,04/J01E
109679,"MECH.SEAL J.C TYPE 8B1 SIZE 2 1/4"" MAT.CODE XD1O581,DRW NO. H-SP-3227& CF-SP-47048, (The stationary face is silicon carb","مانع تسرب ميكانيكي من نوع JC 8B1، مقاس 2 1/4 بوصة، رمز المادة XD1O581، رقم الرسم H-SP-3227 و CF-SP-47048، (السطح الثابت مصنوع من كربونات السيليكون)",PU,7907174,89230293,EACH,BELT/TRANSMIT,,INSURANCE_SPARE,RS-GUPCO,02E13B (1)
161007,"CAP, RADIATOR PRESS. VALVE 4 PSI.","غطاء، صمام ضغط الرادياتير 4 رطل لكل بوصة مربعة.",MM,7103144,1CA6L9850,EACH,CATERPILLAR,,INSURANCE_SPARE,RS-GUPCO,04H11F (1)
161008,"HEAD, CYLINDER",رأس الأسطوانة,MM,7103116,1CA7L0138,EACH,CATERPILLAR,,MIN_MAX,RS-GUPCO,01C01A
161010,SEAL,ختم,MM,7103120,7L0486,EACH,CATERPILLAR,,INSURANCE_SPARE,RS-GUPCO,03A06C
161011,GASKET,حشية,MM,7103120,7L0487,EACH,CATERPILLAR,,INSURANCE_SPARE,RS-GUPCO,
161012,"ADAPTER, FOR IGNITION",محول للإشعال,MM,7103126,7L0918,EACH,CATERPILLAR,,MIN_MAX,RS-GUPCO,04H21D
161195,"PUMP, GROUP FUEL TRANSFER ONE SECTION GEAR","مضخة، مجموعة نقل الوقود، قسم واحد من التروس",MM,7103140,1CA4N1101,EACH,CATERPILLAR,,PLANNED_WO,RS-GUPCO,
161272,"CORE, OIL COOLER",قلب مبرد الزيت,MM,7103116,1CA4W5549,EACH,CATERPILLAR,,MIN_MAX,RS-GUPCO,01D20A (1)
110166,PINION GEAR P/N  :  SS825R-13-25,رقم قطعة ترس التدوير: SS825R-13-25,MM,6923123,SS825R-13-25,EACH,BR/SL/S.PLG/FLT,,MIN_MAX,RS-GUPCO,02G78
116467,"COIL,INTEGRAL,SHIELD","ملف، متكامل، درع",MM,6923128,60615F,EACH,ENGINE USA,,INSURANCE_SPARE,RS-GUPCO,02R36D
116460,ADAPTER SHIELD,واقي المحول,MM,6923128,593-120-5,EACH,ENGINE USA,,INSURANCE_SPARE,RS-GUPCO,02R36D
161255,"CRANKSHAFT, ASSY. P/N : 6N3907","عمود المرفق، مجموعة. رقم القطعة: 6N3907",MM,7103138,6N3907,EACH,CATERPILLAR,,INSURANCE_SPARE,RS-GUPCO,
161360,"CLAMP, 3.50 TO 5.12"" ID","مشبك، قطر داخلي من 3.50 إلى 5.12 بوصة",MM,7103144,5P1717,EACH,CATERPILLAR,,INSURANCE_SPARE,RS-GUPCO,04J24F
160923,"BOLT, 3/8 IN. X 2-1/4 IN. NC THRD.","مسمار، 3/8 بوصة × 2-1/4 بوصة، خيط غير ملولب.",MM,7103144,25CA0L2070,EACH,CATERPILLAR,,INSURANCE_SPARE,RS-GUPCO,04H23F(1)
115906,"DEVICE, ASSY. ROTATING                             (SS. NO. 151814B)","جهاز، مجموعة دوارة (رقم التسلسل 151814B)",MM,6923125,C151814B,EACH,ENGINE USA,,INSURANCE_SPARE,RS-GUPCO,
109749,"GOVERNOR, (WOODWARD UG-8 LD)","الحاكم، (وودوارد يو جي-8 إل دي)",MM,6923106,8520-0038,EACH,BELT/TRANSMIT,,INSURANCE_SPARE,RS-GUPCO,01A05B (1)
161277,"PUMP,GROUP FUEL INJECTION BASIC","مضخة، مجموعة حقن الوقود الأساسية",MM,7103138,7N1219,EACH,CATERPILLAR,,MIN_MAX,RS-GUPCO,04J14G
161282,"LINE, ASSY. FOR LINES GROUP","خط، مجموعة خطوط",MM,7103152,1CA7N2871,EACH,CATERPILLAR,,PLANNED_WO,RS-GUPCO,04/J09E(1)
161283,"LINE, ASSY. FOR LINES GROUP","خط، مجموعة خطوط",MM,7103152,1CA7N2872,EACH,CATERPILLAR,,PLANNED_WO,RS-GUPCO,04/J09E
161287,"PISTON, ASSEM. P/N: 7N4515 P/F CATERPILLAR  ., D398","مكبس، مجموعة. رقم القطعة: 7N4515 P/F كاتربيلر، D398",MM,7103116,1CA7N4515,EACH,CATERPILLAR,,INSURANCE_SPARE,RS-GUPCO,04N06C (1)
161288,"LINER, CYLINDER",بطانة الأسطوانة,MM,7103116,1CA8N9174,EACH,CATERPILLAR,,MIN_MAX,RS-GUPCO,01D10H
161291,"ROTATOR, VALVE","دوار، صمام",MM,7103116,1CA7N7639,EACH,CATERPILLAR,,MIN_MAX,RS-GUPCO,04J18
161270,"GUIDE, HEAD","المرشد، رئيس",MM,7103116,1CA6N8847,EACH,CATERPILLAR,,INSURANCE_SPARE,RS-GUPCO,04/J11C(1)
160927,"VALVE, WHISTLE","صمام، صفارة",MM,7103144,1CA7E3701,EACH,CATERPILLAR,,INSURANCE_SPARE,RS-GUPCO,04H21C
160934,"ARM ASSY., VALVE ROCKER CYL.HEAD & VALVE MECHANIS M","مجموعة ذراع الصمام، رأس أسطوانة ذراع الصمام، وآلية الصمام M",MM,7103126,4L3855,EACH,CATERPILLAR,,INSURANCE_SPARE,RS-GUPCO,04G05A (1)
120468,"GASKET, GEAR CASE MOTOR P/N. 39454558  (INGERSOLL RAND GENUINE PARTS , MADE IN USA AND PROVIDE ORGINE CERTIFICATE , DO N","حشية، علبة تروس المحرك، رقم القطعة 39454558 (قطع غيار أصلية من إنجرسول راند، صنع في الولايات المتحدة الأمريكية، مع شهادة المنشأ).",MM,8009166,39454558,EACH,COMPRESSOR USA,,INSURANCE_SPARE,RS-GUPCO,03 B37 D
120449,"INDICATOR AIR FILTER P/N. 39124722  (INGERSOLL RAND GENUINE PARTS , MADE IN USA AND PROVIDE ORGINE CERTIFICATE , DO NOT","مؤشر فلتر الهواء، رقم القطعة 39124722 (قطع غيار أصلية من إنجرسول راند، صنع في الولايات المتحدة الأمريكية، مع شهادة المنشأ).",MM,8009166,39124722,EACH,COMPRESSOR USA,,INSURANCE_SPARE,RS-GUPCO,02W47B (1)
120494,"GASKET INLET VALVE P/N. 39476304  (INGERSOLL RAND GENUINE PARTS , MADE IN USA AND PROVIDE ORGINE CERTIFICATE , DO NOT SU","حشية صمام المدخل، رقم القطعة 39476304 (قطع غيار أصلية من إنجرسول راند، صنع في الولايات المتحدة الأمريكية، مع شهادة المنشأ، لا تستخدمها).",MM,8009166,39476304,EACH,COMPRESSOR USA,,MIN_MAX,RS-GUPCO,03B37E (1)
120521,"ORIFICE, FAN 28""  (INGERSOLL RAND GENUINE PARTS , MADE IN USA AND PROVIDE ORGINE CERTIFICATE , DO NOT SUBSTITUTE)","فتحة، مروحة 28 بوصة (قطع غيار أصلية من إنجرسول راند، صنع في الولايات المتحدة الأمريكية، مع تقديم شهادة المنشأ، لا تستبدلها)",MM,8009166,39905500,EACH,COMPRESSOR USA,,INSURANCE_SPARE,RS-GUPCO,01E21A
115831,ROD EXTENSION,وصلة تمديد القضيب,MM,6923116,BG21600,EACH,ENGINE USA,,INSURANCE_SPARE,RS-GUPCO,02Q58D (1)
161383,"BOLT, 1/2"" NC THRD X 1-1/4""","مسمار، 1/2 بوصة NC THRD × 1-1/4 بوصة",MM,7103144,50CA0S1595,EACH,CATERPILLAR,,PLANNED_WO,RS-GUPCO,04K08E(1)
161384,"BOLT,1/2 IN.NC THRD X 2-3/4 IN.","مسمار، 1/2 بوصة، سن لولبي غير متصل × 2-3/4 بوصة.",MM,7103144,10CA0S1599,EACH,CATERPILLAR,,PLANNED_WO,RS-GUPCO,
161385,"BOLT,1/2 IN. NF THRD X 2-1/2 IN.","مسمار، 1/2 بوصة، سن لولبي طبيعي × 2-1/2 بوصة.",MM,7103144,0S1604,EACH,CATERPILLAR,,PLANNED_WO,RS-GUPCO,
161394,"GASKET, TURBO OIL SUPPLY FLANGE TYPE WITH 1-1/15""  DIA CENTER OPENING & 2-13/32"" DIA BOLT HOLES       2-1/16 IN. C-TO-C","حشية، نوع شفة تزويد زيت التوربو بفتحة مركزية قطرها 1-1/15 بوصة وفتحات براغي قطرها 2-13/32 بوصة، بمسافة 2-1/16 بوصة بين المركزين",MM,7103144,1S4810,EACH,CATERPILLAR,,PLANNED_WO,RS-GUPCO,04P15C (1)
161397,"CABLE, ASSY.","كابل، مجموعة.",MM,7103144,4W8832,EACH,CATERPILLAR,,INSURANCE_SPARE,RS-GUPCO,04/K10G
160930,"TUBE, ROCKER SHAFT OIL",أنبوب زيت عمود الكامات,MM,7103120,4L7892,EACH,CATERPILLAR,,INSURANCE_SPARE,RS-GUPCO,04H02E (1)
119468,"HOLD Till update description  , INTAKE MAN PRESSURE GAUGE FOR PANEL P/N. 4PSHL-30V-30 SUPERCEDED BY P/N. 4PMHL-30V-30 ,","انتظر حتى يتم تحديث الوصف، مقياس ضغط مدخل الهواء للوحة رقم القطعة 4PSHL-30V-30 تم استبداله برقم القطعة 4PMHL-30V-30.",MM,8001108,4PSHL-30V-30,EACH,COMPRESSOR USA,,INSURANCE_SPARE,RS-GUPCO,02W28D
119418,"""DIGITAL TEMP GAUGE FOR PANEL",مقياس حرارة رقمي للوحة,MM,8001108,DPYH-1392U-K,EACH,COMPRESSOR USA,,INSURANCE_SPARE,RS-GUPCO,02U10B
161363,"KIT,  GASKET BASIC ENGINE OVERHAUL                 CONSIST OF: PT.NO.5P8766,5P9117,5P8767,5P8768(6EA ),5P9568,6V2983,6N1","طقم إصلاح المحرك الأساسي، يتضمن الحشيات، ويتكون من: أرقام القطع 5P8766، 5P9117، 5P8767، 5P8768 (6 قطع)، 5P9568، 6V2983، 6N1",MM,7103132,5P3990,EACH,CATERPILLAR,,SURPLUS,RS-GUPCO,03/P03E
161141,"PINION, ASSY.",مجموعة التروس,MM,7103128,3N4049,EACH,CATERPILLAR,,INSURANCE_SPARE,RS-GUPCO,04/J14D
161369,ROD END,طرف القضيب,MM,7103117,1CA5P6672,EACH,CATERPILLAR,,INSURANCE_SPARE,RS-GUPCO,04 J23B
161371,"KIT, GASKET SINGLE CYLINDER LINER , P/N : 1609874","طقم، حشية بطانة أسطوانة مفردة، رقم القطعة: 1609874",MM,7103140,1CA1609874,EACH,CATERPILLAR,,MIN_MAX,RS-GUPCO,03A06F
161372,"KIT, GASKET SINGLE CYLINDER LINER","طقم، حشية بطانة أسطوانة واحدة",MM,7103132,1CA5P8768,EACH,CATERPILLAR,,INSURANCE_SPARE,RS-GUPCO,03/A10A
161374,"BOLT,","مسمار،",MM,7103144,100CA0S1571,EACH,CATERPILLAR,,PLANNED_WO,RS-GUPCO,04P19A (1)
161376,"BOLT, 1/2"" NC THRD X 1-3/4""","مسمار، 1/2 بوصة NC THRD × 1-3/4 بوصة",MM,7103144,50CA0S1587,EACH,CATERPILLAR,,PLANNED_WO,RS-GUPCO,
161378,"BOLT, 3/8"" NC THRD X 1-1/4""","مسمار، 3/8 بوصة NC THRD × 1-1/4 بوصة",MM,7103144,100CA0S1588,EACH,CATERPILLAR,,PLANNED_WO,RS-GUPCO,
161379,"BOLT, 3/8"" NC THRD X 2""","مسمار، 3/8 بوصة NC THRD × 2 بوصة",MM,7103144,100CA0S1590,EACH,CATERPILLAR,,PLANNED_WO,RS-GUPCO,04K08D(1)
161381,"BOLT, 5/8 IN.NC THRD 1-1/4 IN.","بولت، 5/8 بوصة.NC ثرد 1-1/4 بوصة.",MM,7103144,0S1592,EACH,CATERPILLAR,,INSURANCE_SPARE,RS-GUPCO,~
161082,"GASKET, WATER REGULATOR HOUSING","حشية، غلاف منظم المياه",MM,7103116,1CA2N0741,EACH,CATERPILLAR,,MIN_MAX,RS-GUPCO,04H13E
116262,THERMOSTATE 160F (208627),منظم حرارة 160 فهرنهايت (208627),MM,6923128,211887,EACH,ENGINE USA,,MIN_MAX,RS-GUPCO,
116260,TURBOCHARGER,شاحن توربيني,MM,6923128,209227A,EACH,ENGINE USA,,INSURANCE_SPARE,RS-GUPCO,01C09A
110360,OIL FILTER OIL FILTER,فلتر زيت فلتر زيت,MM,8001108,A-0661,EACH,BR/SL/S.PLG/FLT,,MIN_MAX,RS-GUPCO,
115984,REGULATOR BREATHER ASSY.,مجموعة منظم التنفس,MM,6923121,C166990E,EACH,ENGINE USA,,INSURANCE_SPARE,RS-GUPCO,02P17A
160891,"RETAINER,","مثبت،",MM,7103144,8E6259,EACH,CATERPILLAR,,INSURANCE_SPARE,RS-GUPCO,04F19D (1)
160898,"GASKET, FLANGE TYPE 1-3/8"" DIA. CENTER HOLE WITH   TWO 13/32"" DIA BOLT HOLES 2-1/2"" C TO C X 1/32""","حشية، من نوع الفلنجة، قطر الفتحة المركزية 1-3/8 بوصة، مع فتحتين للمسامير بقطر 13/32 بوصة، والمسافة بين مركزي الفتحتين 2-1/2 بوصة × 1/32 بوصة.",MM,7103144,4H5952,EACH,CATERPILLAR,,MIN_MAX,RS-GUPCO,
160899,"ARM, EXHAUST","ذراع، عادم",MM,7103116,4H9811,EACH,CATERPILLAR,,INSURANCE_SPARE,RS-GUPCO,04F07F (1)
160900,"RING, SEAL KIT 6.500"" ID X 0.192"" DIA RUBBER","حلقة، طقم مانع تسرب، قطر داخلي 6.500 بوصة × قطر 0.192 بوصة، مطاط",MM,7103144,1CA5P8970,EACH,CATERPILLAR,,MIN_MAX,RS-GUPCO,03A06B
160903,"SHAFT, VALVE ROCKER","عمود، ذراع صمام متأرجح",MM,7103116,6H3217,EACH,CATERPILLAR,,INSURANCE_SPARE,RS-GUPCO,04F01B (1)
160908,"PUMP, PRIMING  For caterpillar D398",مضخة تحضيرية لـ كاتربيلر D398,MM,7103116,1CA9H2256,EACH,CATERPILLAR,,PLANNED_WO,RS-GUPCO,04H23B
160910,"SEAL, LIP TYPE 3.756"" OD X 1/2"" DIA SHAFT","مانع تسرب، نوع الشفة، قطر خارجي 3.756 بوصة × قطر عمود 1/2 بوصة",MM,7103144,1J3540,EACH,CATERPILLAR,,INSURANCE_SPARE,RS-GUPCO,04G14D (1)
160911,"NUT, 1 IN NC THRD","صامولة، 1 بوصة NC THRD",MM,7103144,2J3507,EACH,CATERPILLAR,,INSURANCE_SPARE,RS-GUPCO,04G14E (1)
161354,"KIT, GASKET COMPLETE ENGINE OVERHAUL","طقم إصلاح كامل للمحرك، يشمل الحشية",MM,7103128,6V9250,EACH,CATERPILLAR,,MIN_MAX,RS-GUPCO,03P05B
161355,"GASKET KIT, COMPLETE ENGINE OVERHAUL","طقم حشيات، إصلاح كامل للمحرك",MM,7103116,5P0770,EACH,CATERPILLAR,,PLANNED_WO,RS-GUPCO,
161099,"RADIATOR,","المشعاع،",MM,7103116,3N2458,PACKAGE,CATERPILLAR,,INSURANCE_SPARE,RS-GUPCO,
109795,"V-BELT, C-190                                      FOR GAS COMPRESSOR OCT GAS LIFT                    PURCHASE FROM FORE","حزام على شكل حرف V، طراز C-190، لضاغط غازي، يُباع من قبل شركة فور.",MM,0,~,EACH,BELT/TRANSMIT,,INSURANCE_SPARE,RS-GUPCO,
115942,"SCREW, ROCKER-ARM ADJUSTING",برغي ضبط ذراع التأرجح,MM,6923106,A211820,EACH,ENGINE USA,,MIN_MAX,RS-GUPCO,02P25G
115990,"HOSE, FLEX - AUXILIARY WATER PUMP TO INTERCOOLER",خرطوم مرن - مضخة مياه مساعدة إلى المبرد البيني,MM,6923108,A168007M,EACH,ENGINE USA,,MIN_MAX,RS-GUPCO,03P05C
161226,"TURBOCHARGER, GROUP",مجموعة الشواحن التوربينية,MM,7103138,1CA4N6700,EACH,CATERPILLAR,,INSURANCE_SPARE,RS-GUPCO,01D08A
116429,THERMOCOUPLE  P/N. A295987L CONSIST OF.:           P/N. A295987L   P/N. 194929,المزدوجة الحرارية رقم القطعة A295987L تتكون من: رقم القطعة A295987L ورقم القطعة 194929,MM,8001108,295987L+194929,EACH,ENGINE USA,,MIN_MAX,RS-GUPCO,02Q18H
120396,"O-RING, SWITCH P/N. 39404165  (INGERSOLL RAND GENUINE PARTS , MADE IN USA AND PROVIDE ORGINE CERTIFICATE , DO NOT SUBSTI","حلقة مانعة للتسرب، مفتاح رقم القطعة 39404165 (قطع غيار أصلية من إنجرسول راند، صنع في الولايات المتحدة الأمريكية، مع شهادة منشأ، لا تستبدلها).",MM,8009166,39404165,EACH,COMPRESSOR USA,,INSURANCE_SPARE,RS-GUPCO,
120520,"HOSE, (HYDRAULIC) 2.5X33.3 P/N. 39905450 (INGERSOLL RAND GENUINE PARTS , MADE IN USA AND PROVIDE ORGINE CERTIFICATE , DO","خرطوم هيدروليكي 2.5 × 33.3، رقم القطعة 39905450 (قطع غيار أصلية من إنجرسول راند، صنع في الولايات المتحدة الأمريكية، مع شهادة المنشأ).",MM,8009166,24201592,EACH,COMPRESSOR USA,,MIN_MAX,RS-GUPCO,03P01H
120548,"O-RING, HOSE P/N. 95028502 (INGERSOLL RAND GENUINE PARTS, DO NOT SUBSTITUTE).","حلقة دائرية، خرطوم رقم القطعة 95028502 (قطع غيار أصلية من إنجرسول راند، لا تستبدلها).",MM,8009166,95028502,EACH,COMPRESSOR USA,,PLANNED_WO,RS-GUPCO,
120514,"Hold Till 1/12/2026   OIL INJECTION ORIFICE P/N. 39890652 (INGERSOLL RAND GENUINE PARTS , MADE IN USA AND PROVIDE ORGINE","يُحفظ حتى 1/12/2026، فتحة حقن الزيت، رقم القطعة 39890652 (قطع غيار أصلية من إنجرسول راند، صنع في الولايات المتحدة الأمريكية، مع ضمان المنشأ).",MM,8009166,39890652,EACH,COMPRESSOR USA,,INSURANCE_SPARE,RS-GUPCO,02/W43G
119549,TACH/HOURMETER FOR PANEL                           P/N. PTHO-2100,عداد دورات المحرك/عداد ساعات التشغيل للوحة رقم القطعة PTHO-2100,MM,8001108,PTHO-2100,EACH,COMPRESSOR USA,,MIN_MAX,RS-GUPCO,
119531,ANNUNICATOR FOR PANEL                              P/N. DD-40NT-0,مُذيع للوحة P/N. DD-40NT-0,MM,8001108,DD-40NT-0,EACH,COMPRESSOR USA,,PLANNED_WO,RS-GUPCO,
116475,IGNITION MODULE,وحدة الإشعال,MM,6923128,740610A,EACH,ENGINE USA,,INSURANCE_SPARE,RS-GUPCO,02Q22C
116030,"PUMP, AUXILIARY WATER","مضخة، مياه إضافية",MM,6923128,169561A,EACH,ENGINE USA,,INSURANCE_SPARE,RS-GUPCO,01C15A (1)
116310,PUMP WATER MAIN (D257060),مضخة خط المياه الرئيسي (D257060),MM,6923128,J257060,EACH,ENGINE USA,,INSURANCE_SPARE,RS-GUPCO,01C19B
120543,"RING RETAINER  (INGERSOLL RAND GENUINE PARTS , MADE IN USA AND PROVIDE ORGINE CERTIFICATE , DO NOT SUBSTITUTE)","حلقة تثبيت (قطع غيار أصلية من إنجرسول راند، صنع في الولايات المتحدة الأمريكية، مع تقديم شهادة المنشأ، لا تستبدلها)",MM,8009168,92095348,EACH,COMPRESSOR USA,,INSURANCE_SPARE,RS-GUPCO,02W39E (1)
116275,"DUCT, AIR-L.H., REAR MOUNT P/N. A211424C           SUPERCEDED BY P/N.A211424F WITH                    1 EA 15837GL  - 1","قناة تهوية، يسار، تركيب خلفي، رقم القطعة A211424C، تم استبدالها برقم القطعة A211424F، مع قطعة واحدة 15837GL - 1",MM,6923106,,EACH,ENGINE USA,,INSURANCE_SPARE,RS-GUPCO,01C15B (1)
116219,"SHIELD, RAIN","درع، مطر",MM,6923106,A208272A,EACH,ENGINE USA,,PLANNED_WO,RS-GUPCO,
115916,"TUBE, 6"" O.D","أنبوب، قطر خارجي 6 بوصات",MM,6923106,158376E,EACH,ENGINE USA,,PLANNED_WO,RS-GUPCO,02P27
110308,"ELEMENT, PRECLEANER","عنصر، منظف مسبق",MM,6923106,208349,EACH,BR/SL/S.PLG/FLT,,INSURANCE_SPARE,RS-GUPCO,03G46D
115881,"TUBE, BREATHER","أنبوب، جهاز تنفس",MM,6923106,117327,EACH,ENGINE USA,,INSURANCE_SPARE,RS-GUPCO,02P07D (1)
116032,"PIPE, AIR INTAKE","أنبوب، مدخل الهواء",MM,6923106,169584,EACH,ENGINE USA,,INSURANCE_SPARE,RS-GUPCO,02Q45F (1)
116033,"FLANGE, AIR HORN","شفة، بوق هوائي",MM,6923106,169586,EACH,ENGINE USA,,INSURANCE_SPARE,RS-GUPCO,02Q45F (1)
115879,"LOCK, CAMSHAFT GEAR NUT",قفل صامولة تروس عمود الكامات,MM,6923122,153049,EACH,ENGINE USA,,INSURANCE_SPARE,RS-GUPCO,02P29G
120403,"SWITCH PRESSURE  (INGERSOLL RAND GENUINE PARTS , MADE IN USA AND PROVIDE ORGINE CERTIFICATE , DO NOT SUBSTITUTE)","مفتاح الضغط (قطع غيار أصلية من إنجرسول راند، صنع في الولايات المتحدة الأمريكية، مع شهادة المنشأ، لا تستبدلها)",MM,8009168,39439740,EACH,COMPRESSOR USA,,INSURANCE_SPARE,RS-GUPCO,02W49E (1)
161170,"MANIFOLD, ASSY. W/C EXHAUST.","مشعب العادم، مجموعة العادم.",MM,7103128,3N5805,EACH,CATERPILLAR,,INSURANCE_SPARE,RS-GUPCO,01D08D (1)
161199,"COVER, WATER PUMP INLET",غطاء مدخل مضخة المياه,MM,7103139,4N3065,EACH,CATERPILLAR,,INSURANCE_SPARE,RS-GUPCO,04L17H (1)
161200,"MOTOR, GROUP BASIC FOR ELECTRIC STARTING MOTOR","محرك، مجموعة أساسية لمحرك بدء التشغيل الكهربائي",MM,7103132,1CA2071560,EACH,CATERPILLAR,,MIN_MAX,RS-GUPCO,01D04A
120516,"VALVE, OIL TEMP BYPASS Element P/N. 22477525 (150 F  160 F) (INGERSOLL RAND GENUINE PARTS , MADE IN USA AND PROVIDE ORG","صمام تجاوز درجة حرارة الزيت، رقم القطعة 22477525 (150 فهرنهايت - 160 فهرنهايت) (قطع غيار أصلية من إنجرسول راند، صنع في الولايات المتحدة الأمريكية)",MM,8009166,22477525,EACH,COMPRESSOR USA,,MIN_MAX,RS-GUPCO,
110143,"COUPLING, DODGE PARAFLEX MAKE PX120 MODEL 2 15/16 ""BORE WITH 3/4""X3/8"" KEYWAY ONE SIDE AND 2 11/16""   BORE WITH 5/8""X5/1","وصلة، من صنع دودج بارافليكس، طراز PX120، بفتحة 2 15/16 بوصة مع مجرى مفتاح 3/4 بوصة × 3/8 بوصة من جانب واحد، وفتحة 2 11/16 بوصة مع مجرى مفتاح 5/8 بوصة × 5/1 بوصة من جانب واحد.",MM,0,~,EACH,BR/SL/S.PLG/FLT,,INSURANCE_SPARE,RS-GUPCO,
120402,"GASKET, GEAR CASE P/N. 39437637  (INGERSOLL RAND GENUINE PARTS , MADE IN USA AND PROVIDE ORGINE CERTIFICATE , DO NOT SUB","حشية علبة التروس، رقم القطعة 39437637 (قطع غيار أصلية من إنجرسول راند، صنع في الولايات المتحدة الأمريكية، مع شهادة المنشأ، لا تقبل ببدائل).",MM,8009166,39437637,EACH,COMPRESSOR USA,,MIN_MAX,RS-GUPCO,03B37C
110010,"BEARING,CYLINDRICAL ROLLER STEEL CAGE TYPE STRAIGH T INNER RACE TYPE WITH SELF CONTAINED OUTER RACE A ND ROLLER ASSY MED",محمل أسطواني من نوع قفص فولاذي مستقيم ذو حلقة داخلية على شكل حرف T مع حلقة خارجية مدمجة ومجموعة بكرات متوسطة الحجم,PU,3101200,NU321,EACH,BR/SL/S.PLG/FLT,,PLANNED_WO,RS-GUPCO,
161186,"GUIDE, VALVE.","دليل، صمام.",MM,7103122,1CA4N3664,EACH,CATERPILLAR,,PLANNED_WO,RS-GUPCO,
161203,"CONTROL, GROUP GOVERNOR","الرقابة، حاكم المجموعة",MM,7103142,4N3829,EACH,CATERPILLAR,,INSURANCE_SPARE,RS-GUPCO,04J06
161206,GASKET,حشية,MM,7103139,4N3955,EACH,CATERPILLAR,,INSURANCE_SPARE,RS-GUPCO,04J06E
161208,"VANE, KIT SERVICE REPAIR",خدمة إصلاح ريشة المروحة ومجموعة أدواتها,MM,7103138,4N4380,KIT,CATERPILLAR,,INSURANCE_SPARE,RS-GUPCO,04L13B (1)
161209,"MOTOR, GROUP AIR STARTING , P/N : 1077859","محرك، مجموعة بدء التشغيل بالهواء، رقم القطعة: 1077859",MM,7103138,1077859,PACKAGE,CATERPILLAR,,INSURANCE_SPARE,RS-GUPCO,01D04A
161223,"ROD, VALVE PUSH FOR MECHANISM GROUP","قضيب، صمام دفع لمجموعة الآلية",MM,7103140,1CA4W5998,EACH,CATERPILLAR,,INSURANCE_SPARE,RS-GUPCO,04J08E
161224,"INSERT, FOR HEAD ASSY.","أدخل، لمجموعة الرأس.",MM,7103142,5CA4N5893,EACH,CATERPILLAR,,INSURANCE_SPARE,RS-GUPCO,04/J19A
161225,"V-BELT, SET FOR DRIVE GROUP ""CATERPILLR""            SET= 2 EA","طقم سير على شكل حرف V لمجموعة القيادة ""كاتربيلر"" (الطقم = قطعتان)",MM,7103138,1CA4N6373,SET,BELT/TRANSMIT,,MIN_MAX,RS-GUPCO,03C30B
161107,"METER, ASSY. SERVICE","عداد، مجموعة خدمة",MM,7103128,2N8378,EACH,CATERPILLAR,,INSURANCE_SPARE,RS-GUPCO,04J06F
161108,"GUIDE, FOR OIL COOLER & OIL LINES",دليل لمبرد الزيت وخطوط الزيت,MM,7103128,2N8519,EACH,CATERPILLAR,,INSURANCE_SPARE,RS-GUPCO,04K11F (1)
161109,"ELBOW, WATER PUMP INLET","كوع، مدخل مضخة الماء",MM,7103116,2N8827,EACH,CATERPILLAR,,INSURANCE_SPARE,RS-GUPCO,04J06D (1)
161110,"SEAL, COUPLING","مانع تسرب، وصلة",MM,7103116,1CAA2N8866,EACH,CATERPILLAR,,PLANNED_WO,RS-GUPCO,
161113,"TUBE, ASSY. FOR TANK GROUP","أنبوب، مجموعة خزان",MM,7103126,2N9262,EACH,CATERPILLAR,,INSURANCE_SPARE,RS-GUPCO,01 d02e
161114,"TUBE, ASSY. FOR TANK GROUP","أنبوب، مجموعة خزان",MM,7103126,2N9265,EACH,CATERPILLAR,,INSURANCE_SPARE,RS-GUPCO,04K09C (1)
161115,"RETAINER, VALVE SPRING FOR HEAD ASSY.","مثبت، زنبرك الصمام لمجموعة رأس الأسطوانة.",MM,7103126,2N9297,EACH,CATERPILLAR,,MIN_MAX,RS-GUPCO,04H07C
161116,"GUIDE, VALVE INLET FOR HEAD ASSY.",دليل مدخل الصمام لمجموعة الرأس.,MM,7103126,2N9298,EACH,CATERPILLAR,,INSURANCE_SPARE,RS-GUPCO,~
161117,"GUIDE, VALVE EXHAUST FOR HEAD ASSY.",دليل صمام العادم لمجموعة رأس المحرك.,MM,7103126,1CA2N9299,EACH,CATERPILLAR,,INSURANCE_SPARE,RS-GUPCO,~
109865,"V-BELT, SET WAUKESHA (SET=2EA)                     MNFG.""WAUKESHA"" USA","حزام على شكل حرف V، طقم من شركة واكيشا (طقم من قطعتين) من إنتاج شركة واكيشا الأمريكية",MM,6923108,3VX710,SET,BELT/TRANSMIT,,MIN_MAX,RS-GUPCO,
120463,"AIREND ASSEMBLY, P/N. 36017028 , New P/N. 42476119  (INGERSOLL RAND GENUINE PARTS , MADE IN USA AND PROVIDE ORGINE CERTI","مجموعة ضغط الهواء، رقم القطعة 36017028، رقم القطعة الجديد 42476119 (قطع غيار أصلية من إنجرسول راند، صنع في الولايات المتحدة الأمريكية، مع شهادة أصالة).",MM,8009168,39248117,EACH,COMPRESSOR USA,,INSURANCE_SPARE,RS-GUPCO,02W47E(1)
120465,"GASKET, SILICON P/N. 39249651  (INGERSOLL RAND GENUINE PARTS , MADE IN USA AND PROVIDE ORGINE CERTIFICATE , DO NOT SUBST","حشية سيليكون، رقم القطعة 39249651 (قطع غيار أصلية من إنجرسول راند، صنع في الولايات المتحدة الأمريكية، مع شهادة منشأ، لا تستبدلها).",MM,8009166,39249651,EACH,COMPRESSOR USA,,INSURANCE_SPARE,RS-GUPCO,03B23F (1)
161228,"GAS KET, FOR HEAD GROUP 3571148542621","حشية غاز، لمجموعة الرأس 3571148542621",MM,7103140,10CA4N7253,EACH,CATERPILLAR,,PLANNED_WO,RS-GUPCO,
161230,"LUBRICATOR, AIR MOTOR","مُزَلِّق، محرك هوائي",MM,7103128,1CA1196284,EACH,CATERPILLAR,,INSURANCE_SPARE,RS-GUPCO,04J10A
161231,"CARTRIDGE ASSY.,","مجموعة الخرطوشة،",MM,7103139,4N7601,EACH,CATERPILLAR,,INSURANCE_SPARE,RS-GUPCO,04L03H (1)
161232,"PUMP, GROUP WATER BASIC","مضخة، مجموعة مياه أساسية",MM,7103142,3520200,EACH,CATERPILLAR,,INSURANCE_SPARE,RS-GUPCO,
160856,"NUT, HEX. 3/8 IN NC THRD. 16.","صامولة سداسية، 3/8 بوصة، سن لولبي NC، 16.",MM,7103144,100CA6V8801,EACH,CATERPILLAR,,MIN_MAX,RS-GUPCO,04H10B
164859,PUMP SHAFT ITEM 660.,"عمود المضخة، رقم الصنف 660.",PU,7907161,B78260F004 2216,EACH,PUMP MISC,,INSURANCE_SPARE,RS-GUPCO,01N05E(1)
164882,"hold till 01/01/2027 , WEAR RING, BOWL (these materials should be made in USA and don't substitute)","يُحفظ حتى 01/01/2027، خاتم الارتداء، الوعاء (يجب أن تكون هذه المواد مصنوعة في الولايات المتحدة الأمريكية ولا تقبل بدائل).",PU,7907176,B44070F0031128,EACH,PUMP MISC,,INSURANCE_SPARE,RS-GUPCO,02T04A
164885,"hold till 01/01/2027 , TAPER, LOCK IMP. (these materials should be made in USA and don't substitute)","يُحفظ حتى 01/01/2027، مدبب، قفل محسّن. (يجب أن تكون هذه المواد مصنوعة في الولايات المتحدة الأمريكية ولا تقبل بدائل).",PU,7907176,H00331F0002229,EACH,PUMP MISC,,INSURANCE_SPARE,RS-GUPCO,02T04A
164889,"IMPELLER,STAGE 1 ITEM#NO.113-A BORE I/D 3.187""     EYE.O.D 6.006 IN                                   NEW P/N. 5122467&D","مروحة، المرحلة 1، رقم الصنف 113-أ، القطر الداخلي 3.187 بوصة، القطر الخارجي للعين 6.006 بوصة، رقم القطعة الجديد 5122467&D",PU,7902110,5122467,EACH,PUMP MISC,,MIN_MAX,RS-GUPCO,
164890,"IMPELLER, STAGE 2 ITEM NO. 113-B.BORE I/D 3.192""   @RECEIVED FROM A/G. AND REJECTED BY USER DEPT.","دافع، المرحلة 2 رقم الصنف 113-ب. القطر الداخلي 3.192 بوصة @تم استلامه من A/G. ورفضه قسم المستخدم.",PU,7902110,1854534,EACH,PUMP MISC,,PLANNED_WO,RS-GUPCO,
164891,"IMPLLER.STAGE 3 ITEM NO.113-C,BORE I/D 3.217""      EYE O.D 5.130 IN                                   NEW P/N 5122468&DR","مُشَغِّل، المرحلة 3، رقم الصنف 113-C، القطر الداخلي 3.217 بوصة، القطر الخارجي للعين 5.130 بوصة، رقم القطعة الجديد 5122468&DR",PU,7902110,5122468,EACH,PUMP MISC,,INSURANCE_SPARE,RS-GUPCO,02T04C
164892,"IMPELLER STAGE 4 ITEM NO.113-D,BORE I/D 3.187""     EYE O.D 5.130 IN                                   NEW P/N. 5122469&D","مروحة المرحلة الرابعة، رقم الصنف 113-D، القطر الداخلي 3.187 بوصة، القطر الخارجي للفتحة 5.130 بوصة، رقم القطعة الجديد 5122469&D",PU,7902110,5122469,EACH,PUMP MISC,,MIN_MAX,RS-GUPCO,
165060,"SLEEVE, SHAFT BTWN. 1 AND 2 ITEM NO. 213           MATERIAL 440A 450/525 B","كم، عمود بين 1 و2، رقم الصنف 213، المادة 440A 450/525 B",PU,7902106,521-011,EACH,PUMP MISC,,PLANNED_WO,RS-GUPCO,
165061,"SLEEVE, SHAFT CENTER ITEM NO. 214","جلبة، مركز العمود، رقم الصنف 214",PU,7902106,520-012,EACH,PUMP MISC,,PLANNED_WO,RS-GUPCO,
165063,"IMPELLER, STAGE 1 ITEM NO. 220","دافعة، المرحلة 1، رقم الصنف 220",PU,7902106,6480B36404,EACH,PUMP MISC,,PLANNED_WO,RS-GUPCO,
165064,"RING, IMP. SERIES EYE,AISI 347 W/WALLEX 50         ITEM # 225, MTL.9703   DWG.NO. A15281-03","حلقة، سلسلة إمب. عين، AISI 347 مع والكس 50، رقم الصنف 225، MTL.9703، رقم الرسم A15281-03",PU,7902107,2219846,EACH,PUMP MISC,,MIN_MAX,RS-GUPCO,02T10
165065,"IMPELLER, STAGE 2 ITEM NO. 237","دافعة، المرحلة 2، رقم الصنف 237",PU,7902106,230-237,EACH,PUMP MISC,,PLANNED_WO,RS-GUPCO,
161189,"ELBOW, WATER PUMP INLET.","كوع، مدخل مضخة المياه.",MM,7103128,3N9564,EACH,CATERPILLAR,,INSURANCE_SPARE,RS-GUPCO,04L24B (1)
161002,"PIPE, WATER DIVIDER, OIL COOLER AND LINES","الأنابيب، ومقسم المياه، ومبرد الزيت، والخطوط",MM,7103120,6L8938,EACH,CATERPILLAR,,PLANNED_WO,RS-GUPCO,
165657,"BEARING, STUFFING BOX ITEM NO. 401","محمل، صندوق حشو، رقم الصنف 401",PU,7912102,LV0695103208 9649 F,EACH,PUMP MISC,,PLANNED_WO,RS-GUPCO,
160935,"PLATE, THRUST CYLINDER BLOCK AND COVER","الصفيحة، كتلة أسطوانة الدفع والغطاء",MM,7103126,1CA4L4653,EACH,CATERPILLAR,,PLANNED_WO,RS-GUPCO,
160937,"TEE, OIL COOLER & OIL LINE","وصلة على شكل حرف T، مبرد الزيت وخط الزيت",MM,7103116,4L6725,EACH,CATERPILLAR,,INSURANCE_SPARE,RS-GUPCO,04G01C (1)
161040,"O-RING, SEAL 0.799"" X 0.103"" DIA. BLACK P G G","حلقة مانعة للتسرب، قطرها 0.799 بوصة × 0.103 بوصة، لون أسود P G G",MM,7103144,4M8303,EACH,CATERPILLAR,,OBSOLETE,RS-GUPCO,03A07H (1)
161263,"VANE, KIT ROTOR FOR SERVICE REPAIR                 KIT = 5 EA","مجموعة ريشة، دوار للصيانة والإصلاح = 5 قطع",MM,7103142,6N7533,KIT,CATERPILLAR,,MIN_MAX,RS-GUPCO,04J14A
161266,"TURBOCHARGER, GROUP BASIC","شاحن توربيني، المجموعة الأساسية",MM,7103128,6N8636,EACH,CATERPILLAR,,INSURANCE_SPARE,RS-GUPCO,01D18E (1)
110369,"OIL FILTER ELEMENT, P/N. 39911631  (INGERSOLL RAND GENUINE PARTS , MADE IN USA AND PROVIDE ORGINE CERTIFICATE , DO NOT S","عنصر فلتر الزيت، رقم القطعة 39911631 (قطع غيار أصلية من إنجرسول راند، صنع في الولايات المتحدة الأمريكية، مع شهادة المنشأ، لا تقم بـ",MM,8009168,39446489,EACH,BR/SL/S.PLG/FLT,,INSURANCE_SPARE,RS-GUPCO,
110378,"ELEMENT SEPARATOR TANK , P.NO. 39895610   , New P/N. 22089551 PARTS FOR ROTARY AIR COMPRESSOR , MODEL SSR EP60 , S/NO. C","خزان فاصل العناصر، رقم القطعة 39895610، رقم القطعة الجديد 22089551، قطع غيار لضاغط هواء دوار، موديل SSR EP60، الرقم التسلسلي C",MM,8009168,39900923,EACH,BR/SL/S.PLG/FLT,,PLANNED_WO,RS-GUPCO,
161084,"PUMP, WATER , P/N : 2N-0955","مضخة مياه، رقم القطعة: 2N-0955",MM,7103128,2N-0955,EACH,CATERPILLAR,,MIN_MAX,RS-GUPCO,04H13H
161172,"HOUSING, ASSY. REGULATOR","غلاف، مجموعة منظم",MM,7103126,1CA3N6066,EACH,CATERPILLAR,,INSURANCE_SPARE,RS-GUPCO,04L14E (1)
161281,"SPRING, RING P/N: IB892527022                      CATREPILLER NO: 7N2388","زنبرك، حلقة، رقم القطعة: IB892527022، رقم كاتربيلر: 7N2388",MM,0,,EACH,CATERPILLAR,,INSURANCE_SPARE,RS-GUPCO,04M03E (1)
161718,"Centrifugal pump, close-coupled, electric motor with extended shaft directly to the pump, the pump casing & impeller mat","مضخة طرد مركزي، موصولة مباشرة بمحرك كهربائي ذي عمود ممتد متصل مباشرة بالمضخة، وغلاف المضخة، وحصيرة المروحة.",PU,0,CM5-3- A-S-A-E-AQQE E-A-A-N,EACH,PUMP CENTRIFUG,,MIN_MAX,RS-GUPCO,
120512,"COOLER, P/N. 39892492  (INGERSOLL RAND GENUINE PARTS , MADE IN USA AND PROVIDE ORGINE CERTIFICATE , DO NOT SUBSTITUTE)","مبرد، رقم القطعة 39892492 (قطع غيار أصلية من إنجرسول راند، صنع في الولايات المتحدة الأمريكية، مع تقديم شهادة المنشأ، لا تستبدلها)",MM,8009166,39916853,EACH,COMPRESSOR USA,,MIN_MAX,RS-GUPCO,01E23H
120522,"FAN, 28"" P/N. 39921978  (INGERSOLL RAND GENUINE PARTS , MADE IN USA AND PROVIDE ORGINE CERTIFICATE , DO NOT SUBSTITUTE)","مروحة، 28 بوصة، رقم القطعة 39921978 (قطع غيار أصلية من إنجرسول راند، صنع في الولايات المتحدة الأمريكية، مع تقديم شهادة المنشأ، لا تستبدلها)",MM,8009166,39921978,EACH,COMPRESSOR USA,,INSURANCE_SPARE,RS-GUPCO,02W41G (1)
120453,"HOSE SYNFLEX, 18 P/N. 39137518 (INGERSOLL RAND GENUINE PARTS , MADE IN USA AND PROVIDE ORGINE CERTIFICATE , DO NOT SUBST","خرطوم سينفلكس، 18 قطعة، رقم القطعة 39137518 (قطع غيار أصلية من إنجرسول راند، صنع في الولايات المتحدة الأمريكية، مع شهادة المنشأ، لا تستبدل",MM,8009166,39137518,EACH,COMPRESSOR USA,,INSURANCE_SPARE,RS-GUPCO,03B23E (1)
120500,"HOSE, 2""X38 , P/N. 39572219 (New P/N. 85563245)  (INGERSOLL RAND GENUINE PARTS , MADE IN USA AND PROVIDE ORGINE CERTIFIC","خرطوم، 2 بوصة × 38، رقم القطعة 39572219 (رقم القطعة الجديد 85563245) (قطع غيار أصلية من إنجرسول راند، صنع في الولايات المتحدة الأمريكية، مع شهادة منشأ)",MM,8009166,39572219,EACH,COMPRESSOR USA,,MIN_MAX,RS-GUPCO,03 PO I D
120491,"SEPARATOR MOISTURE, P/N. 39586292  (INGERSOLL RAND GENUINE PARTS , MADE IN USA AND PROVIDE ORGINE CERTIFICATE , DO NOT S","فاصل الرطوبة، رقم القطعة 39586292 (قطع غيار أصلية من إنجرسول راند، صنع في الولايات المتحدة الأمريكية، مع شهادة المنشأ، لا تقم بـ",MM,8009166,22309272,EACH,COMPRESSOR USA,,INSURANCE_SPARE,RS-GUPCO,02U20H
120490,"TRAP CONDENSATE, P/N. 39530159 P/N. 39586672  (INGERSOLL RAND GENUINE PARTS , MADE IN USA AND PROVIDE ORGINE CERTIFICATE","مصيدة المكثفات، رقم القطعة 39530159، رقم القطعة 39586672 (قطع غيار أصلية من إنجرسول راند، صنع في الولايات المتحدة الأمريكية، مع شهادة المنشأ)",MM,8009166,39530159,EACH,COMPRESSOR USA,,OBSOLETE,RS-GUPCO,
120456,"VALVE 25NPT (LOAD SOLENLID) P/N. 39146741 (INGERSOLL RAND GENUINE PARTS, DO NOT SUBSTITUTE).","صمام 25NPT (غطاء تحميل) رقم القطعة 39146741 (قطع غيار أصلية من إنجرسول راند، لا تستبدلها).",MM,8009166,22228019,EACH,COMPRESSOR USA,,MIN_MAX,RS-GUPCO,02U18E
120486,"VALVE 3WAY (SUMP SOLENOID) P/N. 39497672  (INGERSOLL RAND GENUINE PARTS , MADE IN USA AND PROVIDE ORGINE CERTIFICATE , D","صمام ثلاثي الاتجاهات (صمام لولبي لحوض الزيت) رقم القطعة 39497672 (قطع غيار أصلية من إنجرسول راند، صنع في الولايات المتحدة الأمريكية، مع شهادة منشأ)",MM,8009166,39497672,EACH,COMPRESSOR USA,,MIN_MAX,RS-GUPCO,02U20D
120487,"BLOWDOWN (MODULATE SOLENLID) P/N. 39497680  (INGERSOLL RAND GENUINE PARTS , MADE IN USA AND PROVIDE ORGINE CERTIFICATE ,","صمام تخفيف الضغط (غطاء صمام منظم) رقم القطعة 39497680 (قطع غيار أصلية من إنجرسول راند، صنع في الولايات المتحدة الأمريكية، مع تقديم شهادة المنشأ)",MM,8009166,39497680,EACH,COMPRESSOR USA,,INSURANCE_SPARE,RS-GUPCO,02W45C (1)
120517,"TRANSDUCER PRESSURE P/N. 39853809  (INGERSOLL RAND GENUINE PARTS , MADE IN USA AND PROVIDE ORGINE CERTIFICATE , DO NOT S","محول ضغط، رقم القطعة 39853809 (قطع غيار أصلية من إنجرسول راند، صنع في الولايات المتحدة الأمريكية، مع شهادة المنشأ، لا تقم باستبدالها).",MM,8009166,39853809,EACH,COMPRESSOR USA,,MIN_MAX,RS-GUPCO,03/B37F
120438,"ORIFICE .063 P/N. 37081528  (INGERSOLL RAND GENUINE PARTS , MADE IN USA AND PROVIDE ORGINE CERTIFICATE , DO NOT SUBSTITU","فتحة 0.063، رقم القطعة 37081528 (قطع غيار أصلية من إنجرسول راند، صنع في الولايات المتحدة الأمريكية، مع شهادة المنشأ، لا تستبدلها).",MM,8009166,37081528,EACH,COMPRESSOR USA,,INSURANCE_SPARE,RS-GUPCO,02W49G (1)
161085,"COVER, ASSY.","غطاء، مجموعة.",MM,7103126,2N2306,EACH,CATERPILLAR,,INSURANCE_SPARE,RS-GUPCO,04K21B (1)
161086,"SOLENOID, RACK SHUT-OFF 24-32 VOLT","ملف لولبي، إيقاف تشغيل الرف 24-32 فولت",MM,7103132,1CA1023506,EACH,CATERPILLAR,,MIN_MAX,RS-GUPCO,04H13H
161087,"GAUGE, ENGINE OIL PRESSURE FOR INSTRUMENT PANEL",مقياس ضغط زيت المحرك للوحة العدادات,MM,7103132,2N2414,PACKAGE,CATERPILLAR,,PLANNED_WO,RS-GUPCO,
161090,"GASKET, FOR WATER COOLED MANIFOLD",حشية لمشعب تبريد الماء,MM,7103126,2N3236,EACH,CATERPILLAR,,MIN_MAX,RS-GUPCO,04H11A
161091,"GASKET, OIL FILTER",حشية فلتر الزيت,MM,7103116,2N3584,EACH,CATERPILLAR,,MIN_MAX,RS-GUPCO,04H11
161092,"SEAL, RUBBER, CYLINDER HEAD",مانع تسرب مطاطي لرأس الأسطوانة,MM,7103116,5CA2N3597,EACH,CATERPILLAR,,MIN_MAX,RS-GUPCO,03A06D
161093,"COVER, CYLINDER HEAD",غطاء رأس الأسطوانة,MM,7103116,2N3598,EACH,CATERPILLAR,,INSURANCE_SPARE,RS-GUPCO,04J04B (1)
161094,"CARBURATOR, ASSY. NATURAL GAS RIGHT HAND.","مجموعة المكربن، غاز طبيعي، جهة اليمين.",MM,7103128,1CA9Y5306,EACH,CATERPILLAR,,INSURANCE_SPARE,RS-GUPCO,04/J04G (1)
161095,"TUBE,ASSY.PISTON COOLING JET.","أنبوب، مجموعة، مكبس، فوهة تبريد.",MM,7103128,2N4541,EACH,CATERPILLAR,,INSURANCE_SPARE,RS-GUPCO,04K15A (1)
161096,"TUBE,","أنبوب،",MM,7103128,1CA2N4897,EACH,CATERPILLAR,,MIN_MAX,RS-GUPCO,04H09A
161097,"TUBE,","أنبوب،",MM,7103116,2N7242,EACH,CATERPILLAR,,MIN_MAX,RS-GUPCO,04H09B
161106,"TUBE, ASSY. WATER PUMP OUTLET","أنبوب، مجموعة مخرج مضخة المياه",MM,7103128,1CA2N8371,EACH,CATERPILLAR,,INSURANCE_SPARE,RS-GUPCO,04/S18E
116255,"PAD, PRE CLEANER","وسادة، منظف مسبق",MM,6923128,209365,EACH,ENGINE USA,,PLANNED_WO,RS-GUPCO,
116042,"GASKET, CARUBRATOR","حشية، مكربن",MM,6923128,169905,EACH,ENGINE USA,,INSURANCE_SPARE,RS-GUPCO,03H27G (1)
116446,"O-RING, OIL FILTER ,","حلقة مانعة للتسرب، فلتر زيت،",MM,6923108,493029,EACH,ENGINE USA,,PLANNED_WO,RS-GUPCO,03H27TOP
164766,"NUT, ADJUSTING","صامولة، ضبط",PU,7907166,H00459F0002242,EACH,PUMP MISC,,INSURANCE_SPARE,RS-GUPCO,02S02A
164767,"COUPLING, COLUMN",وصلة عمودية,PU,7907166,B12234F0056531,EACH,PUMP MISC,,MIN_MAX,RS-GUPCO,02S03B
164768,"SHAFT, LINE SIXE 1"" X 120 LENGTH ITEM 646","عمود، خط ستة 1 بوصة × طول 120، رقم الصنف 646",PU,7907166,B00002FNAA2216,EACH,PUMP MISC,,MIN_MAX,RS-GUPCO,
164769,"SHAFT, HEAD SIZE 1"" X 131 LENGTH","عمود، مقاس الرأس 1 بوصة × طول 131",PU,7907166,B12221F0005924,EACH,PUMP MISC,,INSURANCE_SPARE,RS-GUPCO,01N01C
164770,"O-RING,","حلقة دائرية،",PU,7907166,C60000F214 5302,EACH,PUMP MISC,,PLANNED_WO,RS-GUPCO,
164771,"CAPSCREW, FOR PUMP COUPLING                        OLD P/N. 49585-45-2298                             NEW P/N. A49585F04","برغي غطاء، لوصلة المضخة، رقم القطعة القديم: 49585-45-2298، رقم القطعة الجديد: A49585F04",PU,7907166,A49585F045 2433,EACH,PUMP MISC,,PLANNED_WO,RS-GUPCO,
164774,"GASKET, CASE","حشية، غلاف",PU,7907121,70782 28 5127,EACH,PUMP MISC,,PLANNED_WO,RS-GUPCO,
164775,"IMPELLER,W/O RING",مروحة بدون حلقة,PU,7907121,R101-499-0013,EACH,PUMP MISC,,INSURANCE_SPARE,RS-GUPCO,02/S03
164776,"IMPELER, W/O RING",مروحة بدون حلقة,PU,7907119,OB10542 1203,EACH,PUMP MISC,,INSURANCE_SPARE,RS-GUPCO,02/S03D
164893,"IMPELLER, STAGE 5 ITEM NO. 113.E,BORE I/D 3.192""   EYE O.D 5.130 IN                                   NEW P/N. 5122470&D","مروحة، المرحلة 5، رقم الصنف 113.E، القطر الداخلي 3.192 بوصة، القطر الخارجي للعين 5.130 بوصة، رقم القطعة الجديد 5122470&D",PU,7902110,5122470,EACH,PUMP MISC,,INSURANCE_SPARE,RS-GUPCO,02T04C
164894,"IMPELLER,STAGE 6 ITEM NO.113-F, BORE I/D 3,217""    NEW P/N 5122471&DRAWING NO.B52111                  THE OUTER DIAM,OF","مروحة، المرحلة 6، رقم الصنف 113-F، القطر الداخلي 3.217 بوصة، رقم القطعة الجديد 5122471 ورقم الرسم B52111، القطر الخارجي لـ",PU,7902110,5122471,EACH,PUMP MISC,,MIN_MAX,RS-GUPCO,
164895,"LOCKNUT, SHAFT SLEEVE ITEM NO. 121-B               DWG.#A41232","صامولة قفل، جلبة عمود، رقم الصنف 121-ب، الرسم رقم A41232",PU,7902110,923.121S,EACH,PUMP MISC,,MIN_MAX,RS-GUPCO,
164896,"SHAFT, PUMP ITEM NO. 210 THE OUTER DIAMETER'S      AT STAGES ARE:                                     - AT STAGE 1, THE","عمود المضخة، رقم الصنف 210، الأقطار الخارجية في المراحل هي: - في المرحلة 1،",PU,7902110,210-210,EACH,PUMP MISC,,MIN_MAX,RS-GUPCO,
164897,"RING, OIL ITEM NO. 126","حلقة، زيت، رقم الصنف 126",PU,7902110,644-126,EACH,PUMP MISC,,PLANNED_WO,RS-GUPCO,
161157,"LINE, NO. 3, FUEL VALVE","الخط رقم 3، صمام الوقود",MM,7103116,1CA1W9203,EACH,CATERPILLAR,,PLANNED_WO,RS-GUPCO,
161159,"LINE, NO. 5, FUEL VALVE","الخط رقم 5، صمام الوقود",MM,7103116,1CA1W9205,EACH,CATERPILLAR,,PLANNED_WO,RS-GUPCO,
160938,"STUD, BLOCK","مسمار، كتلة",MM,7103116,4L6788,EACH,CATERPILLAR,,INSURANCE_SPARE,RS-GUPCO,04G01E (1)
160929,"PUSH ROD,","قضيب الدفع،",MM,7103116,1CA4L7820,EACH,CATERPILLAR,,PLANNED_WO,RS-GUPCO,04H21D(1)
160932,"GASKET, INTAKE MANIFOLD FOR WATER COOLER",حشية مشعب السحب لمبرد الماء,MM,7103126,4L8097,EACH,CATERPILLAR,,MIN_MAX,RS-GUPCO,04H16A
160939,"TUBE ASSY.,FOR OIL COLLOER AND OIL LINES","مجموعة أنابيب، لألوان الزيت وخطوط الزيت",MM,7103126,4L8116,EACH,CATERPILLAR,,PLANNED_WO,RS-GUPCO,04H16F
160940,"GASKET, FOR OIL COOLER AND OIL LINES",حشية لمبرد الزيت وخطوط الزيت,MM,7103126,1CA4L8121,EACH,CATERPILLAR,,MIN_MAX,RS-GUPCO,04H18A
160941,"PISTON, FOR OIL COOLER AND OIL LINES","مكبس، لمبرد الزيت وخطوط الزيت",MM,7103128,4L8138,EACH,CATERPILLAR,,INSURANCE_SPARE,RS-GUPCO,04H04A (1)
160943,"GASKET, PORT COVER FOR OIL COOLER & OIL LINES.","حشية، غطاء منفذ لمبرد الزيت وخطوط الزيت.",MM,7103128,10CA4L8606,EACH,CATERPILLAR,,MIN_MAX,RS-GUPCO,04H19G(1)
160944,"PUMP, GROUP FRESH WATER","مضخة، مجموعة مياه عذبة",MM,7103126,1CA0R0804,EACH,CATERPILLAR,,MIN_MAX,RS-GUPCO,01C03C
160946,"ELEMENT, ASSY. SERVICE FOR AIR CLEANER.","عنصر، مجموعة خدمة لجهاز تنقية الهواء.",MM,7103132,4L9851,EACH,CATERPILLAR,,INSURANCE_SPARE,RS-GUPCO,04H18
160947,"ELEMENT, GROUP SERVICE FOR AIR CLEANER             EQUIV.(AF333), (THIS ITEM TO BE SUPPLIED FROM ORIGINAL MANUFACTURER &","عنصر، خدمة مجموعة لتنقية الهواء (AF333)، (يتم توريد هذا المنتج من الشركة المصنعة الأصلية و",MM,7103126,1CA4L9853,EACH,CATERPILLAR,,MIN_MAX,RS-GUPCO,05/D06
160950,"PANEL, INSTRUMENT","لوحة التحكم، جهاز القياس",MM,7103116,1CA5L2574,EACH,CATERPILLAR,,MIN_MAX,RS-GUPCO,04H18D
160868,"GASKET, WATER PASSAGE COVER",حشية غطاء ممر الماء,MM,7103116,1F4419,EACH,CATERPILLAR,,MIN_MAX,RS-GUPCO,04H12A
160869,"GASKET, CYLINDER BLOCK & COVERS.","الحشية، كتلة الأسطوانة والأغطية.",MM,7103116,1CA1F9223,EACH,CATERPILLAR,,INSURANCE_SPARE,RS-GUPCO,04H24A (1)
160872,"WASHER, COVER CYL. HEAD COVER FOR 1/2 IN DIA STUD .","غسالة، غطاء رأس الأسطوانة لمسمار قطره 1/2 بوصة.",MM,7103144,3F9780,EACH,CATERPILLAR,,INSURANCE_SPARE,RS-GUPCO,04H24C (1)
160874,"O-RING, SEAL 3.975"" ID X 0.210"" DIA. BLACK G P G","حلقة مانعة للتسرب، قطر داخلي 3.975 بوصة × قطر 0.210 بوصة، أسود، G P G",MM,7103144,10CA4F7387,EACH,CATERPILLAR,,PLANNED_WO,RS-GUPCO,03A04H
160876,"SEAL, ASSY 9/16"" ID FOR FUEL INJECTION VALVES","مجموعة مانع تسرب، بقطر داخلي 9/16 بوصة لصمامات حقن الوقود",MM,7103144,10CA6F1069,EACH,CATERPILLAR,,MIN_MAX,RS-GUPCO,03A04H
160880,"O-RING, SEAL 0.906"" ID X 0.207"" DIA. BLACK D W W.","حلقة مانعة للتسرب، قطر داخلي 0.906 بوصة × قطر 0.207 بوصة، أسود D W W.",MM,7103144,25CA8F4994,EACH,CATERPILLAR,,PLANNED_WO,RS-GUPCO,03 A04 H
160881,"BUTTON, VALVE STEM                                 FOR CYLINDER HEAD & VALVE MECHANISM","زر، ساق صمام لرأس الأسطوانة وآلية الصمام",MM,7103104,8F8858,EACH,CATERPILLAR,,PLANNED_WO,RS-GUPCO,
161537,"WELL ADAPTER, FOR IGNITION SYSTEM","محول بئر، لنظام الإشعال",MM,7103126,L2560,EACH,CATERPILLAR,,INSURANCE_SPARE,RS-GUPCO,04R09D (1)
161538,"SPYDER LEAD, FOR IGNITION SYSTEM","سلك سبايدر، لنظام الإشعال",MM,7103126,RSI-T6L24,EACH,CATERPILLAR,,SURPLUS,RS-GUPCO,02R09E (1)
161539,"SPYDER LEAD, FOR IGNITION SYSTEM","سلك سبايدر، لنظام الإشعال",MM,7103126,RSI.T6L44,EACH,CATERPILLAR,,SURPLUS,RS-GUPCO,04R09F (1)
161540,"SPYDER LEAD, FOR IGNITION SYSTEM","سلك سبايدر، لنظام الإشعال",MM,7103126,RSI.T6L36,EACH,CATERPILLAR,,SURPLUS,RS-GUPCO,04R07A (1)
161529,"BOX, MAIN SWITCH FOR IGNITION SYSTEM               MFG. ""REAGAN EQUIPMENT CO.""                        NEW PN.RSI-0258","صندوق، مفتاح رئيسي لنظام الإشعال، من إنتاج شركة ""ريجان للمعدات""، جديد، رقم القطعة RSI-0258",MM,3601100,RSI-0258,EACH,CATERPILLAR,,INSURANCE_SPARE,RS-GUPCO,04R11B (1)
109867,"V-BELT, MULTIPLE TYPE  NO. C 152                   OC: 156.200 IN IC: 152.000 IN TWO: 0.875 IN        T: 0.531 IN","حزام على شكل حرف V، متعدد الأنواع رقم C 152، المسافة بين المركزين: 156.200 بوصة، المسافة بين المركزين: 152.000 بوصة، المسافة بين اثنين: 0.875 بوصة، المسافة بين الحافتين: 0.531 بوصة",MM,0,C152,EACH,BELT/TRANSMIT,,MIN_MAX,RS-GUPCO,
115836,"PULLEY, WATER PUMP","بكرة، مضخة مياه",MM,6923108,27432X,EACH,ENGINE USA,,PLANNED_WO,RS-GUPCO,
164899,"Complete thrust bearing 5 JHJ (steel), Drawing no. FJHJ050AY-001, Cage code 75333, KINGSBURY manufacturer.","محمل دفع كامل 5 JHJ (فولاذ)، رقم الرسم FJHJ050AY-001، رمز القفص 75333، الشركة المصنعة KINGSBURY.",PU,7902110,FJHJ050AY-001,EACH,PUMP MISC,,INSURANCE_SPARE,RS-GUPCO,
164900,"BEARING JOURNAL, used for SULZER pump size 4X6X10B, 5 stages, type MSD, S/No. 220061 thru 220067.","محمل الدوران، يستخدم لمضخة SULZER بحجم 4X6X10B، 5 مراحل، نوع MSD، الرقم التسلسلي من 220061 إلى 220067.",PU,7902110,1318799,EACH,PUMP MISC,,MIN_MAX,RS-GUPCO,
164901,"PIN, TAPER NO. 11 X 9-1/2"" LONG  (ITEM NO. 11)     NEW NO. 4XXX  STEEL",دبوس مخروطي رقم 11 × 9.5 بوصة طولاً (رقم الصنف 11) جديد رقم 4XXX فولاذ,PU,7902110,566.122,EACH,PUMP MISC,,MIN_MAX,RS-GUPCO,
164902,"PLASTIGAGE , 0.001- 0.003","بلاستيج، 0.001-0.003",PU,7902110,2300658,PACKAGE,PUMP MISC,,PLANNED_WO,RS-GUPCO,
161861,"VANE,","VANE,",PU,7509102,1690002,EACH,PUMP D.WELL/VAC,,INSURANCE_SPARE,RS-GUPCO,02/R08A
161864,"SEAL,","ختم،",PU,7509102,1-563-019,EACH,PUMP D.WELL/VAC,,PLANNED_WO,RS-GUPCO,
161778,"O-RING, IMPELLER  (OLD PT NO.9310-568023)          P/NO. 815-2 9410A02300J","حلقة مانعة للتسرب، مروحة (رقم القطعة القديم 9310-568023) رقم القطعة 815-2 9410A02300J",PU,7321112,9410A02300J,EACH,PUMP CENTRIFUG,,PLANNED_WO,RS-GUPCO,
116478,"REPAIR KIT, AUX WATER PUMP ,",طقم إصلاح مضخة المياه الإضافية,MM,6923116,G-960-243,EACH,ENGINE USA,,MIN_MAX,RS-GUPCO,02Q22D
165032,"RING , CASE STAGE 1 EYE ITEM NO. 176_A","حلقة، علبة المرحلة 1، رقم الصنف 176_أ",PU,7902108,502.174A,EACH,PUMP MISC,,SURPLUS,RS-GUPCO,
165033,"RING, CASE SERIES EYE ITEM NO. 176-B","خاتم، علبة، سلسلة عين، رقم الصنف 176-ب",PU,7902108,502.176B-1773984,EACH,PUMP MISC,,SURPLUS,RS-GUPCO,
165034,"BUSHING, THROAT ITEM NO. 185-A (9241A-50142)_","جلبة، حلقة، رقم الصنف 185-أ (9241أ-50142)",PU,7902108,456.185A-1582399,EACH,PUMP MISC,,SURPLUS,RS-GUPCO,
165035,"BUSHING,THROTTLE ITEM NO.185_B","جلبة، خانق، رقم الصنف 185_ب",PU,7902108,542.185B,EACH,PUMP MISC,,SURPLUS,RS-GUPCO,02T10
165036,"O-RING, CENTER STAGE PIECE ITEM NO. 208-A","حلقة دائرية، قطعة مركزية، رقم الصنف 208-أ",PU,7902108,412.208A-1056271,EACH,PUMP MISC,,PLANNED_WO,RS-GUPCO,
165037,"STAGE ITEM NO. 210 THE OUTER DIAMETER AT STAGEARE  AT STAGE  1.  THE SHAFT O/D IS 3.376""              AT STAGE  2.  THE",رقم القطعة 210: القطر الخارجي عند المنصة 1. القطر الخارجي للعمود 3.376 بوصة عند المنصة 2.,PU,7902108,1568930,EACH,PUMP MISC,,SURPLUS,RS-GUPCO,
165038,"KEY,STAGE 1,3 AND 4 IMPELLERS ITEM NO 255-A","مفتاح، مراوح المرحلة 1 و3 و4، رقم الصنف 255-أ",PU,7902108,940.255A,EACH,PUMP MISC,,PLANNED_WO,RS-GUPCO,
165039,"KEY,STAGE 5 IMPELLER ITEM NO , 255-C","مفتاح، دافع المرحلة 5، رقم الصنف 255-C",PU,7902108,940.255C,EACH,PUMP MISC,,PLANNED_WO,RS-GUPCO,
165040,"KEY,THROTTLE SLEEVE ITEM NO.255-D","مفتاح، غطاء الخانق، رقم الصنف 255-D",PU,7902108,940.255D,EACH,PUMP MISC,,PLANNED_WO,RS-GUPCO,
165041,"PIN, DOWEL ITEM NO. 262-A 3/16"" X 9/16""","دبوس، وتد، رقم الصنف 262-أ، 3/16 بوصة × 9/16 بوصة",PU,7902108,562.262A,EACH,PUMP MISC,,SURPLUS,RS-GUPCO,
160951,CAMSHAFT                                           OLD P/N.OL288,"عمود الكامات القديم، رقم القطعة OL288",MM,7103126,1CA1282398,EACH,CATERPILLAR,,INSURANCE_SPARE,RS-GUPCO,01D16D
160952,"BEARING, SLEEVE FOR BLOCK ASSY.","محمل، جلبة لمجموعة الكتلة.",MM,7103126,5L2894,EACH,CATERPILLAR,,INSURANCE_SPARE,RS-GUPCO,04H17A(1)
160955,"GASKET, EXHAUST ELBOW","حشية، كوع العادم",MM,7103116,1CA5L3773,EACH,CATERPILLAR,,PLANNED_WO,RS-GUPCO,
160956,"LIFTER , VALVE","رافعة، صمام",MM,7103116,1CA1021561,EACH,CATERPILLAR,,INSURANCE_SPARE,RS-GUPCO,04H17B(1)
160959,"ADAPTER, FLEXIBLE EXHAUST","محول، عادم مرن",MM,7103116,1CA2146045,EACH,CATERPILLAR,,MIN_MAX,RS-GUPCO,04H20D
160960,"GAUGE, ENGINE OIL PRESSURE                          CONSISTS OF:-  1- INDICATOR P/NO. 7W2937                          2-",يتكون مقياس ضغط زيت المحرك من: 1- مؤشر رقم القطعة 7W2937 2-,MM,7103112,5L7456,EACH,CATERPILLAR,,INSURANCE_SPARE,RS-GUPCO,04H20
160961,"CLAMP, WATER JACKET AFTERCOOLER AND EXHAUST ELBOW","مشبك، غلاف مائي، مبرد لاحق، ومرفق عادم",MM,7103116,1CA5L7631,EACH,CATERPILLAR,,PLANNED_WO,RS-GUPCO,
160962,"ELBOW, EXHUST,GP , OLD P/N: 5L7661 , NEW P/N: CONSISTS OF :-","كوع، عادم، GP، رقم القطعة القديم: 5L7661، رقم القطعة الجديد: يتكون من:-",MM,7103165,1CA5L7661,EACH,CATERPILLAR,,INSURANCE_SPARE,RS-GUPCO,04H20F
160990,"DIAPHRAM, ASSY. CARBURETOR","غشاء، مجموعة المكربن",MM,7103126,6L5288,EACH,CATERPILLAR,,MIN_MAX,RS-GUPCO,04H22
160992,"COUPLING, GAS PRESSURE REGULATOR","وصلة، منظم ضغط الغاز",MM,7103128,6L7028,EACH,CATERPILLAR,,PLANNED_WO,RS-GUPCO,
160994,"DIAPHRAGM, REGULATOR ASSY,","مجموعة الحجاب الحاجز، منظم الضغط،",MM,7103128,1CA6L7143,EACH,CATERPILLAR,,MIN_MAX,RS-GUPCO,03/A06B(1)
160983,"SEAL,0.625 IN IDX1 IN ODX0.375 IN CYLINDER HEAD    AND VALVE MECHANISM.","مانع التسرب، 0.625 بوصة ID × 1 بوصة OD × 0.375 بوصة رأس الأسطوانة وآلية الصمام.",MM,7103144,6L7813,EACH,CATERPILLAR,,PLANNED_WO,RS-GUPCO,03A08H (1)
160984,"O-RING, SEAL 2.125"" X 0.250""","حلقة مانعة للتسرب، 2.125 بوصة × 0.250 بوصة",MM,7103144,6L7816,EACH,CATERPILLAR,,MIN_MAX,RS-GUPCO,03A06B
160985,"O-RING, SEAL 1.600 IN ID X 0.210 IN DIA.","حلقة دائرية مانعة للتسرب، قطر داخلي 1.600 بوصة × قطر 0.210 بوصة.",MM,7103144,10CA6L7817,EACH,CATERPILLAR,,MIN_MAX,RS-GUPCO,03A06B
165473,"BEARING, SERIES CASE REF. NO. 243","محمل، سلسلة، رقم مرجع العلبة 243",PU,7902230,AX117681-PQ000,EACH,PUMP MISC,,PLANNED_WO,RS-GUPCO,
161607,"BEARING, ADJUSTER","محمل، مُعدِّل",PU,7313106,237-0014-006,EACH,PUMP CENTRIFUG,,PLANNED_WO,RS-GUPCO,
161167,"MANIFOLD, ASSY.","مشعب، مجموعة.",MM,7103126,1CA3N5799,EACH,CATERPILLAR,,INSURANCE_SPARE,RS-GUPCO,01D02H
161168,"MANIFOLD, ASSY.","مشعب، مجموعة.",MM,7103126,1CA3N5800,EACH,CATERPILLAR,,INSURANCE_SPARE,RS-GUPCO,
161174,"CONTACTOR,","جهة الاتصال،",MM,7103116,3N4028,EACH,CATERPILLAR,,INSURANCE_SPARE,RS-GUPCO,04J02E
161175,"TUBE ASSY.,FOR TURBOCHARGER GROUP","مجموعة أنابيب، لمجموعة الشاحن التوربيني",MM,7103120,1CA3N6846,EACH,CATERPILLAR,,PLANNED_WO,RS-GUPCO,04/J02F(1)
161176,"TACHOMETER, GROUP FOR ELECTRIC                     - TACHOMETER  P/N. 9X1116                          - GENERATOR   P/N.","مقياس سرعة الدوران، مجموعة للكهرباء - مقياس سرعة الدوران رقم القطعة 9X1116 - مولد كهربائي رقم القطعة.",MM,7103144,1645524,EACH,CATERPILLAR,,INSURANCE_SPARE,RS-GUPCO,04L16F (1)
161177,"VALVE, CHECK.","صمام، تحقق.",MM,7103116,1CA3N6935,EACH,CATERPILLAR,,PLANNED_WO,RS-GUPCO,
164495,"CASING, ITEM NO.100","غلاف، رقم الصنف 100",PU,7907120,R235-125-1179,EACH,PUMP MISC,,PLANNED_WO,RS-GUPCO,
164496,"hold till 01/01/2027 , IMPELLER,7 3/8"" OUTER DIAMETER PRONZE ITEM NO.101","يُحفظ حتى 01/01/2027، مروحة، قطر خارجي 7 3/8 بوصة، برونزي، رقم الصنف 101",PU,7907120,78-168 11179,EACH,PUMP MISC,,PLANNED_WO,RS-GUPCO,
164498,"PACKING, STUFFING BOX ITEM NO. 106","صندوق التعبئة والتغليف، رقم الصنف 106",PU,7907120,A01063A02,EACH,PUMP MISC,,MIN_MAX,RS-GUPCO,02S19C
165365,"BEARING, DISCH. CASE THREADED","محمل، علبة تفريغ ملولبة",PU,7909130,82299785,EACH,PUMP MISC,,PLANNED_WO,RS-GUPCO,
165399,"SHAFT, PUMP KEYED                                  P/N.82299892-1D2406CG","عمود مضخة بمفتاح، رقم القطعة 82299892-1D2406CG",PU,7909130,82299892,EACH,PUMP MISC,,NON_STOCK,RS-GUPCO,
161724,"GASKET, GLAND","حشية، غدة",PU,7321102,815B0118113R20501,EACH,PUMP CENTRIFUG,,INSURANCE_SPARE,RS-GUPCO,02/Q13D
161210,"LINE, ASSY. NO.1.","خط، مجموعة رقم 1.",MM,7103132,1CA4N9941,EACH,CATERPILLAR,,PLANNED_WO,RS-GUPCO,
161211,"LINE, ASSY. NO.5.","خط، مجموعة رقم 5.",MM,7103132,1CA4N9945,EACH,CATERPILLAR,,PLANNED_WO,RS-GUPCO,
161212,"LINE, ASSY. NO.6.","خط، مجموعة رقم 6.",MM,7103132,1CA4N9946,EACH,CATERPILLAR,,PLANNED_WO,RS-GUPCO,
161214,"COVER, ASSY. FOR CLEANER GROUP","غطاء، مجموعة أدوات التنظيف",MM,7103120,5N2969,EACH,CATERPILLAR,,INSURANCE_SPARE,RS-GUPCO,01D16B (1)
161215,"ELBOW, FOR COOLER & LINES GROUP","كوع، لمجموعة المبردات والخطوط",MM,7103120,1CA5N3050,EACH,CATERPILLAR,,INSURANCE_SPARE,RS-GUPCO,04/J08
161238,AIR SHUT OFF GROUP,مجموعة إيقاف تشغيل الهواء,MM,7103117,2w8817,EACH,CATERPILLAR,,PLANNED_WO,RS-GUPCO,04J10F
165354,IMPLER ITEM NO2,أداة التنفيذ رقم 2,PU,7909128,82299231,EACH,PUMP MISC,,INSURANCE_SPARE,RS-GUPCO,
165356,"BUSHING, THROTTLE","جلبة، خانق",PU,7909130,82016734,EACH,PUMP MISC,,PLANNED_WO,RS-GUPCO,
165363,"HOLD TILL 1/12/2026,  H SLEEVE AND COLLAR F/1-11/16"" SHF.","يُحفظ حتى 1/12/2026، كم وياقة مقاس F/1-11/16 بوصة SHF.",PU,7909130,82230947,EACH,PUMP MISC,,MIN_MAX,RS-GUPCO,
161560,"BEARING, CRANK SHAFT REAR","محمل، عمود المرفق الخلفي",PU,7313106,237-0019-062,EACH,PUMP CENTRIFUG,,INSURANCE_SPARE,RS-GUPCO,02/Q21B
161126,"GASKET,","حشية،",MM,7103116,3N1238,EACH,CATERPILLAR,,PLANNED_WO,RS-GUPCO,
161127,"COUPLING, COOLER","وصلة، مبرد",MM,7103116,1CA3N1322,EACH,CATERPILLAR,,MIN_MAX,RS-GUPCO,04H05F
161128,"ADAPTER,","محول،",MM,7103116,3N1341,EACH,CATERPILLAR,,INSURANCE_SPARE,RS-GUPCO,04J11A64
161129,"COUPLING, ASSY.","وصلة، مجموعة.",MM,7103126,1CA3N1371,EACH,CATERPILLAR,,INSURANCE_SPARE,RS-GUPCO,04H03A
161130,"SEAL, ASSY.",مجموعة الختم.,MM,7103128,3N1372,EACH,CATERPILLAR,,MIN_MAX,RS-GUPCO,03A06D
161131,"TUBE, ASSY WATER BYBASS FOR LINES GROUP","أنبوب، مجموعة وصلة مياه جانبية لمجموعة الخطوط",MM,7103128,1cA3N1376,EACH,CATERPILLAR,,MIN_MAX,RS-GUPCO,04/H03B
161132,"TUBE, ASSY. WATER BYBASS FOR LINES GROUP","أنبوب، مجموعة وصلة مياه جانبية لمجموعة الخطوط",MM,7103128,3N1377,EACH,CATERPILLAR,,INSURANCE_SPARE,RS-GUPCO,04H03C
165046,"ELEMENT, ROTATING COMPLETE ASSEMBLY, (DYNAMICALLY BALANCE) WITH WEAR RING.","عنصر، مجموعة كاملة دوارة، (متوازنة ديناميكيًا) مع حلقة مقاومة للتآكل.",PU,7902106,200-200,EACH,PUMP MISC,,INSURANCE_SPARE,RS-GUPCO,
164710,"SHAFT, ITEM NO. 122","عمود، رقم الصنف 122",PU,7907125,R104-733 2230,EACH,PUMP MISC,,INSURANCE_SPARE,RS-GUPCO,
161688,"SEAL , MACHANICAL",مانع تسرب ميكانيكي,PU,7303106,58216,EACH,PUMP CENTRIFUG,,INSURANCE_SPARE,RS-GUPCO,02S06D
120484,"BLOW DOWN SOLENOID VALVE P/N. 39479571 P/N. 22871090 & P/N. 39479555 (INGERSOLL RAND GENUINE PARTS , MADE IN USA AND PRO","صمام الملف اللولبي لتفريغ الضغط، رقم القطعة 39479571، رقم القطعة 22871090، ورقم القطعة 39479555 (قطع غيار أصلية من إنجرسول راند، صنع في الولايات المتحدة الأمريكية).",MM,8009166,39479571 + 22871090,EACH,COMPRESSOR USA,,MIN_MAX,RS-GUPCO,
120483,"OIL STOP (COOLANT SOLENOID) P/N. 39479548  (INGERSOLL RAND GENUINE PARTS , MADE IN USA AND PROVIDE ORGINE CERTIFICATE ,","صمام إيقاف الزيت (صمام تبريد) رقم القطعة 39479548 (قطع غيار أصلية من إنجرسول راند، صنع في الولايات المتحدة الأمريكية، مع توفير شهادة المنشأ).",MM,8009166,39479548 & 42552687,EACH,COMPRESSOR USA,,MIN_MAX,RS-GUPCO,
161133,"SPACER,","فاصل،",MM,7103122,3N1414,EACH,CATERPILLAR,,MIN_MAX,RS-GUPCO,04J12 E (1)
161134,"ROD,","عصا،",MM,7103116,3N2069,EACH,CATERPILLAR,,INSURANCE_SPARE,RS-GUPCO,04K01G (1)
161135,"PUMP, FUEL TRANSFER","مضخة، نقل الوقود",MM,7103120,3N2078,EACH,CATERPILLAR,,MIN_MAX,RS-GUPCO,04H03E
161136,"COUPLING, ASSY. FOR TANK GROUP",وصلة تجميع لمجموعة الخزانات,MM,7103126,3N2407,EACH,CATERPILLAR,,INSURANCE_SPARE,RS-GUPCO,04 h03e
161137,"TUBE, ASSY. FOR COOLER & LINES GROUP",مجموعة أنابيب التبريد والخطوط,MM,7103126,3N2414,EACH,CATERPILLAR,,PLANNED_WO,RS-GUPCO,
161239,SWITCH MAGNETIC GROUP. P/N. 5N4806,مجموعة مفاتيح مغناطيسية. رقم القطعة: 5N4806,MM,0,1CA5N4806,EACH,CATERPILLAR,,MIN_MAX,RS-GUPCO,04J12A
161241,"Heater, Water P/N: 5N-5739 Contain:","سخان الماء، رقم القطعة: 5N-5739، يحتوي على:",MM,7103139,5N5739,EACH,CATERPILLAR,,MIN_MAX,RS-GUPCO,04J12B
161244,"PICK-UP, MAGNETIC",التقاط مغناطيسي,MM,7103116,5N6753,EACH,CATERPILLAR,,MIN_MAX,RS-GUPCO,04J12B
161248,"TUBE ASSY,","مجموعة الأنابيب،",MM,7103117,6N0029,EACH,CATERPILLAR,,INSURANCE_SPARE,RS-GUPCO,04J15D
161246,"CONTACTOR,","جهة الاتصال،",MM,7103102,1CA5N8857,EACH,CATERPILLAR,,MIN_MAX,RS-GUPCO,04J12C
161149,"GAUGE,","كَيّل،",MM,7103120,4W0506,EACH,CATERPILLAR,,INSURANCE_SPARE,RS-GUPCO,04/J16A
161151,"ELBOW, WATER PUMP INLET","كوع، مدخل مضخة الماء",MM,7103128,1CA3N4790,EACH,CATERPILLAR,,INSURANCE_SPARE,RS-GUPCO,
161152,"SPRING, OIL COOLER","زنبرك، مبرد الزيت",MM,7103116,3N4875,EACH,CATERPILLAR,,INSURANCE_SPARE,RS-GUPCO,04L10D (1)
161155,"LINE, NO. 1, VALVE FUEL","الخط رقم 1، صمام الوقود",MM,7103116,1CA1W9201,EACH,CATERPILLAR,,PLANNED_WO,RS-GUPCO,
161156,"LINE, NO. 2, FUEL VALVE","الخط رقم 2، صمام الوقود",MM,7103116,1CA1W9202,EACH,CATERPILLAR,,PLANNED_WO,RS-GUPCO,
160811,"SCREW, 7/16 IN. UNF THRD. 2-1/8 01A LG WITH 3/16   GROOVE HD. END & 5/32"" X 1/16"" SLOT OPPOSITE END.","برغي، 7/16 بوصة، سن لولبي UNF، 2-1/8 بوصة، 01A، مع رأس أخدود 3/16 بوصة، وشق 5/32 بوصة × 1/16 بوصة في الطرف المقابل.",MM,7103144,1A0744,EACH,CATERPILLAR,,INSURANCE_SPARE,RS-GUPCO,04/H16G
161252,"GOVERNOR,","محافظ،",MM,7103116,7N4197,EACH,CATERPILLAR,,PLANNED_WO,RS-GUPCO,
161253,"TUBE, ASSY","أنبوب، مجموعة",MM,7103139,1CA6N3683,EACH,CATERPILLAR,,INSURANCE_SPARE,RS-GUPCO,04J15G
165649,"IMPELLER, 5 VANE (L)","مروحة، 5 ريش (يسار)",PU,7902306,AX750448-VE000,EACH,PUMP MISC,,INSURANCE_SPARE,RS-GUPCO,
165651,"INT,COLUMN","INT,COLUMN",PU,7902238,8006457,EACH,PUMP MISC,,INSURANCE_SPARE,RS-GUPCO,07C15A (1)
165581,"SHAFT, PUMP, 2-3/16"" DIA. X 10 FT. 3/8"" LONG       FOR 1-15/16"" COL. REF. NO. 167","عمود مضخة، قطر 2-3/16 بوصة × طول 10 أقدام و3/8 بوصة، مناسب لعمود قياس 1-15/16 بوصة، رقم المرجع 167",PU,7902218,88383734,EACH,PUMP MISC,,INSURANCE_SPARE,RS-GUPCO,01N02D (1)
165653,"SHAFT, PUMP 13/16 IN. X 3 FT. - 4-13/16 IN. LG.",عمود المضخة 13/16 بوصة × 3 قدم - 4-13/16 بوصة طول.,PU,7902238,88377846,EACH,PUMP MISC,,INSURANCE_SPARE,RS-GUPCO,
165654,"SHAFT, HEAD 1 IN. X 3 FT. - 75/8 IN. LG","عمود، رأس 1 بوصة × 3 أقدام - 75/8 بوصة طولاً",PU,7902238,8006455,EACH,PUMP MISC,,INSURANCE_SPARE,RS-GUPCO,01L05E
165661,"CAP, SCREW 5/8 "" X 3 ""","غطاء، برغي 5/8 بوصة × 3 بوصة",PU,7912102,LV1680574104 0015 F,EACH,PUMP MISC,,MIN_MAX,RS-GUPCO,02T38
165662,"NUT, 5/8""","صامولة، 5/8 بوصة",PU,7912102,LV5455086104 0015 F.,EACH,PUMP MISC,,PLANNED_WO,RS-GUPCO,
161504,"SHUT OFF GROUP, ELECTRIC 24 VOLTS CONSISTS OF:     - CAPSCREW   P/NO. 9F6580                          - SOLENOID   P/NO.","مجموعة إيقاف التشغيل، كهربائية 24 فولت تتكون من: - برغي غطاء رقم القطعة 9F6580 - ملف لولبي رقم القطعة.",MM,7103141,2W-8197,KIT,CATERPILLAR,,MIN_MAX,RS-GUPCO,04J05C
161508,"PUMP, ASSY. FUEL PRIMING","مضخة، مجموعة. تحضير الوقود",MM,7103140,1CA1052508,EACH,CATERPILLAR,,SURPLUS,RS-GUPCO,
161454,"PUMP, FUEL TRANSFER","مضخة، نقل الوقود",MM,7103139,1CA3775846,EACH,CATERPILLAR,,INSURANCE_SPARE,RS-GUPCO,04J13F
161368,"KIT, GASKET VALVE GRINDING.                                   @ 6 EA AT D/CHARGE AREA",طقم تجليخ صمام الحشية. 6 قطع لكل قطعة في منطقة الشحن,MM,7103142,1CA2894884,EACH,CATERPILLAR,,INSURANCE_SPARE,RS-GUPCO,04J23
160925,"SWITCH,","يُحوّل،",MM,7103116,1CA2L3402,EACH,CATERPILLAR,,PLANNED_WO,RS-GUPCO,
161625,"PLUNGER, 7/8"" DIA. ITEM #212","مكبس، قطر 7/8 بوصة. رقم الصنف 212",PU,7313110,,EACH,PUMP CENTRIFUG,,PLANNED_WO,RS-GUPCO,
161626,"BALL, CHECK CARTRIGE ASSY. 1""  ITEM #221E","كرة، مجموعة خرطوشة فحص 1 بوصة، رقم الصنف 221E",PU,7313110,2210206002N,EACH,PUMP CENTRIFUG,,INSURANCE_SPARE,RS-GUPCO,02Q15
161629,"PACKING, ITEM #408","التعبئة والتغليف، رقم الصنف 408",PU,7313110,,SET,PUMP CENTRIFUG,,PLANNED_WO,RS-GUPCO,
160816,"LOCK, VALVE RETAINER FOR 3/8"" DIA VALVE STEM       3/8"" HIGH","قفل، مثبت صمام لساق صمام بقطر 3/8 بوصة وارتفاع 3/8 بوصة",MM,7103144,100CA2A4429,EACH,CATERPILLAR,,MIN_MAX,RS-GUPCO,
160819,"NUT, HEX. 7/16 IN NF THRD.","صامولة سداسية، 7/16 بوصة، سن لولبي.",MM,7103144,1B4204,EACH,CATERPILLAR,,PLANNED_WO,RS-GUPCO,04H18C (1)
164786,"BEARING, BOWL ITEM NO. 672","محمل، وعاء، رقم الصنف 672",PU,7907165,B42840F000 1618,EACH,PUMP MISC,,PLANNED_WO,RS-GUPCO,
164787,"IMPELER, L 3.88 IN.D ITEM NO. 637","مروحة، قطر داخلي 3.88 بوصة، رقم الصنف 637",PU,7907165,B42900F000 1123,EACH,PUMP MISC,,PLANNED_WO,RS-GUPCO,
161526,"SPYDER LEAD, FOR IGNITION SYSTEM MFG. ""REAGAN EQUI PMENT CO.""","سلك سبايدر، لتصنيع نظام الإشعال. شركة ريغان للمعدات.",MM,7103126,RSI-0189(T6L38,EACH,CATERPILLAR,,INSURANCE_SPARE,RS-GUPCO,04     (1)
161527,"SPYDER LEAD, FOR IGNITION SYSTEM MFG. ""REAGAN EQUI PMENT CO.""","سلك سبايدر، لتصنيع نظام الإشعال. شركة ريغان للمعدات.",MM,7103126,RSI-0191(T6L48,EACH,CATERPILLAR,,SURPLUS,RS-GUPCO,04     (1)
161528,"SPYDER LEAD, FOR IGNITION SYSTEM MFG. ""REAGAN EQUI PMENT CO.""","سلك سبايدر، لتصنيع نظام الإشعال. شركة ريغان للمعدات.",MM,7103126,RSI.T6L54,EACH,CATERPILLAR,,SURPLUS,RS-GUPCO,04R11B (1)
161530,"SWITCH GUARD, FOR IGNITION SYSTEM",واقي مفتاح التشغيل لنظام الإشعال,MM,7103126,RSI-0260,EACH,CATERPILLAR,,INSURANCE_SPARE,RS-GUPCO,04R11C (1)
161644,"SHAFT,","رمح،",PU,7320102,NOI 601106511,EACH,PUMP CENTRIFUG,,INSURANCE_SPARE,RS-GUPCO,01D24C
165658,"BEARING, LINE SHAFT ITEM NO. 26","محمل عمود خطي، رقم الصنف 26",PU,7912102,069 5397 453,EACH,PUMP MISC,,INSURANCE_SPARE,RS-GUPCO,
165659,"PACKING, 6 RINGS ITEM NO. 15","عبوة، 6 حلقات، رقم الصنف 15",PU,7912102,LV5665009 9906F,SET,PUMP MISC,,PLANNED_WO,RS-GUPCO,
165660,"RING, LOCK BEARING 2-3/16 IN. ITEM NO. 27","حلقة، محمل قفل 2-3/16 بوصة، رقم الصنف 27",PU,7912102,LV6775043208 9649 F,EACH,PUMP MISC,,INSURANCE_SPARE,RS-GUPCO,
160968,"COUPLING, EXHAUST",وصلة العادم,MM,7103116,1CA5L9738,EACH,CATERPILLAR,,PLANNED_WO,RS-GUPCO,
160970,"GASKET, SOLID STATE IGNITION","حشية، إشعال الحالة الصلبة",MM,7103116,6L1576,EACH,CATERPILLAR,,MIN_MAX,RS-GUPCO,04H22D
160972,"SWITCH, STOP FOR INSTRUMENT PANEL",مفتاح إيقاف لوحة العدادات,MM,7103126,6L2309,EACH,CATERPILLAR,,PLANNED_WO,RS-GUPCO,04H23C (1)
160974,"EXHAUST, ELBW GROUP 6 INCH","عادم، مجموعة ELBW 6 بوصة",MM,7103132,1CA6L2927,EACH,CATERPILLAR,,PLANNED_WO,RS-GUPCO,
160975,"RING, TURBO MOUNTING",حلقة تثبيت التوربو,MM,7103116,1CA6L2960,EACH,CATERPILLAR,,INSURANCE_SPARE,RS-GUPCO,04/H15E
160976,"RING, FOR TURBO & TURBO MOUNTING","حلقة، للشاحن التوربيني وقاعدة تثبيته",MM,7103116,1CA6L2961,EACH,CATERPILLAR,,PLANNED_WO,RS-GUPCO,
160978,"ROD END, FOR CARBURETOR CONTROL","طرف قضيب، للتحكم في المكربن",MM,7103126,1CA6L3353,EACH,CATERPILLAR,,MIN_MAX,RS-GUPCO,
160971,"REGULATOR, ASSY. GAS PRESSURE WITH RED SPRING NO. 6L4104","منظم ضغط الغاز، مجموعة زنبرك أحمر رقم 6L4104",MM,7103128,1CA3770008,EACH,CATERPILLAR,,INSURANCE_SPARE,RS-GUPCO,04/U17E
160986,"ROD,","عصا،",MM,7103116,6L4891,EACH,CATERPILLAR,,INSURANCE_SPARE,RS-GUPCO,04H17C (1)
160987,"GASKET, MAGNETO",حشية مغناطيسية,MM,7103128,6L5270,EACH,CATERPILLAR,,INSURANCE_SPARE,RS-GUPCO,04H17D (1)
160988,"SPRING, AIR VALVE, CARBURETOR ASSY,","زنبرك، صمام هواء، مجموعة المكربن،",MM,7103126,6L5281,EACH,CATERPILLAR,,INSURANCE_SPARE,RS-GUPCO,04H17E (1)
161075,"LEVER,","رافعة،",MM,7103116,2N5818,EACH,CATERPILLAR,,INSURANCE_SPARE,RS-GUPCO,04K15F (1)
160813,"BOLT, 1/2 IN X 2-3/4 IN LG NC. THRD.","مسمار، 1/2 بوصة × 2-3/4 بوصة كبير، ملولب.",MM,7103144,1A5822,EACH,CATERPILLAR,,PLANNED_WO,RS-GUPCO,
160814,"BOLT, MACHINE SIZE 3/8 IN X 4-1/2 IN LG NC THRD.","مسمار، مقاس الآلة 3/8 بوصة × 4-1/2 بوصة كبير NC THRD.",MM,7103144,1A5964,EACH,CATERPILLAR,,INSURANCE_SPARE,RS-GUPCO,04E19C (1)
160823,"BOLT, 5/16 IN X 1-1/4 IN LG. NC THRD.","مسمار، 5/16 بوصة × 1-1/4 بوصة طول. NC THRD.",MM,7103144,100CA1B7182,EACH,CATERPILLAR,,PLANNED_WO,RS-GUPCO,04H18E (1)
165692,"PUMP, DELAVAL IMO. MODEL 3EBCS-87D (direction of rotation is CCW facing pump shaft) DWG. A-52545","مضخة، ديلافال إيمو. طراز 3EBCS-87D (اتجاه الدوران عكس عقارب الساعة عند مواجهة عمود المضخة) DWG. A-52545",PU,7902104,"3250/012, D3EBCSD-87D",EACH,PUMP MISC,,INSURANCE_SPARE,RS-GUPCO,
161531,"MAGNEANA HORNESS, FOR IGNITION SYSTEM","ماغنيانا هورنس، لنظام الإشعال",MM,7103126,RSI-2012348,EACH,CATERPILLAR,,INSURANCE_SPARE,RS-GUPCO,04R13H (1)
161533,"MAGNETO, 16 CYLINDER","مغناطيس، 16 أسطوانة",MM,3601100,16B21H-A,EACH,TRANSM/BATTERY,,MIN_MAX,RS-GUPCO,
161535,"SHORT, COUPLED SHAFT TO CONNECT CATERPILLER ENGIN ETO FIRE WATER PUMP L.13-31/32"" D.2-19/32"" E.9/16""  AND J.8 DGR. WORK","عمود قصير موصول لتوصيل محرك كاتربيلر بمضخة مياه إطفاء الحريق، طوله 13-31/32 بوصة، وقطره 2-19/32 بوصة، وعمقه 9/16 بوصة، وزاوية عمله 8 درجات.",MM,7103144,~,EACH,CATERPILLAR,,PLANNED_WO,RS-GUPCO,01D06C
161536,"SILENCER, EXHAUST MODEL MAXUM MSA 1 AMF 8"" 22""     DIAMETER 56"" LENGTH ""REF. RILEY BEARID INC""","كاتم صوت، عادم طراز ماكسوم إم إس إيه 1 إيه إم إف، قطر 8 بوصات، طول 56 بوصة، ""المرجع: رايلي بيريد إنك""",MM,7103144,MSA1-8C1,EACH,ENGINE USA,,PLANNED_WO,RS-GUPCO,
161583,"VALVE, CHECK ASSY. ITEM NO. 221-J","صمام فحص، رقم الصنف 221-J",PU,7313102,2210263012,EACH,PUMP CENTRIFUG,,INSURANCE_SPARE,RS-GUPCO,
160830,"LOCK, RETAINER .","قفل، مثبت.",MM,7103116,1CA3B1143,EACH,CATERPILLAR,,INSURANCE_SPARE,RS-GUPCO,04H18H (1)
160832,"LOCK WASHER, 8.3 MM OR 5/16 IN.","غسالة قفل، 8.3 مم أو 5/16 بوصة.",MM,0,3B4505,EACH,CATERPILLAR,,INSURANCE_SPARE,RS-GUPCO,04E17C (1)
160833,"LOCK WASHER, 9.9 MM OR 3/8""","حلقة قفل، 9.9 مم أو 3/8 بوصة",MM,7103144,100CA3B4506,EACH,CATERPILLAR,,PLANNED_WO,RS-GUPCO,
160837,"O-RING, SEAL 0.812"" ID X 0.188"" DIA","حلقة مانعة للتسرب، قطر داخلي 0.812 بوصة × قطر 0.188 بوصة",MM,7103144,25CA5B3718,EACH,CATERPILLAR,,MIN_MAX,RS-GUPCO,03A04H
160838,"FERRULE, WATER DIRECTOR SEAL.","حلقة تثبيت، ختم مدير المياه.",MM,7103104,6B6224,EACH,CATERPILLAR,,MIN_MAX,RS-GUPCO,04H08D
160841,"FERRULE, DIRECTOR SEAL","ختم المدير، فيرول",MM,7103144,7B2420,EACH,CATERPILLAR,,MIN_MAX,RS-GUPCO,04H08E
160882,"O-RING, SEAL 0.487"" ID X 0.103"" DIA. BLACK P B G.","حلقة مانعة للتسرب، قطر داخلي 0.487 بوصة × قطر 0.103 بوصة. أسود P B G.",MM,7103144,25CA8F9206,EACH,CATERPILLAR,,PLANNED_WO,RS-GUPCO,03 A04 H
160883,"SWITCH, MAGNETIC FOR ELECTRICAL SYS.",مفتاح مغناطيسي للأنظمة الكهربائية.,MM,7103144,1CA9F3099,EACH,CATERPILLAR,,PLANNED_WO,RS-GUPCO,
160884,"O-RING, SEAL 3.100"" ID X 0.210"" DIA. BLACK G B B","حلقة مانعة للتسرب، قطر داخلي 3.100 بوصة × قطر 0.210 بوصة، أسود G B B",MM,7103144,9F4446,EACH,CATERPILLAR,,INSURANCE_SPARE,RS-GUPCO,03A02H (1)
160886,"RING, 0.702 IN. INSIDE DIA. X O.043 IN. THICK.","حلقة، قطر داخلي 0.702 بوصة × سمك 0.043 بوصة.",MM,7103144,10CA9F6656,EACH,CATERPILLAR,,PLANNED_WO,RS-GUPCO,04H24E (1)
160879,"RING, RETAINER FOR CYLINDER HEAD & VALVE MECHANIS M",حلقة تثبيت لرأس الأسطوانة وآليات الصمامات M,MM,7103126,9F7707,EACH,CATERPILLAR,,INSURANCE_SPARE,RS-GUPCO,04H24D (1)
160964,"RING, SEALING EXHAUST ELBOW                        FOR WATER COOLED MANIFOLD SHIELD",حلقة مانعة للتسرب لكوع العادم لحماية مشعب التبريد المائي,MM,7103104,10CA5L8854,EACH,CATERPILLAR,,MIN_MAX,RS-GUPCO,04H20
160965,"RING, 3-7/8 IN. OD X 3-35/64 IN. ID X 0.1235 IN.   SEALING TURBO OUTLET METAL.","حلقة، 3-7/8 بوصة قطر خارجي × 3-35/64 بوصة قطر داخلي × 0.1235 بوصة، مانع تسرب معدني لمخرج التوربو.",MM,7103144,5l8855,EACH,CATERPILLAR,,PLANNED_WO,RS-GUPCO,04H15A(1)
160966,"ELBOW, INLET, MANIFOLD","كوع، مدخل، مشعب",MM,7103116,1CA5L9370,EACH,CATERPILLAR,,INSURANCE_SPARE,RS-GUPCO,04H22
160967,"CONNECTOR, MANIFOLD INLET",موصل مدخل مشعب العادم,MM,7103116,5L9371,EACH,CATERPILLAR,,MIN_MAX,RS-GUPCO,04H22B
164879,"BEARING, BOWL (these materials should be made in USA and don't substitute)","محمل، وعاء (يجب أن تكون هذه المواد مصنوعة في الولايات المتحدة الأمريكية ولا يمكن استبدالها)",PU,7907176,B44120F0001618,EACH,PUMP MISC,,INSURANCE_SPARE,RS-GUPCO,02T02H
164880,"SHAFT, PUMP 1.18"" D.X69""LG NEW P/NO B4411-1-10-2216 (these materials should be made in USA and don't substitute)",عمود مضخة 1.18 بوصة قطر × 69 بوصة طول جديد رقم القطعة B4411-1-10-2216 (يجب أن تكون هذه المواد مصنوعة في الولايات المتحدة الأمريكية ولا يمكن استبدالها),PU,7907176,B44110F1102216,EACH,PUMP MISC,,MIN_MAX,RS-GUPCO,01N01A (1)
164881,"hold till 01/01/2027 , WEAR RING, IMPELLER (these materials should be made in USA and don't substitute)","يُحفظ حتى 01/01/2027، حلقة التآكل، المروحة (يجب أن تكون هذه المواد مصنوعة في الولايات المتحدة الأمريكية ولا تقبل بدائل).",PU,7907176,B47420F0001128,EACH,PUMP MISC,,INSURANCE_SPARE,RS-GUPCO,02T04A
165006,"IMPELLER, ITEM NO. 113-E   BORE I/D 3.400""","مروحة، رقم الصنف 113-E، القطر الداخلي 3.400 بوصة",PU,7902108,1511939,EACH,PUMP MISC,,INSURANCE_SPARE,RS-GUPCO,
165007,"PIECE,STAGE SERIES ITEM NO. 147-A","قطعة، سلسلة المسرح، رقم الصنف 147-أ",PU,7902108,541.147A-1773992,EACH,PUMP MISC,,SURPLUS,RS-GUPCO,02T08
165008,"PIECE, STAGE CENTER ITEM NO. 147-B","قطعة، قطعة مركز المسرح رقم 147-ب",PU,7902108,546.147B,EACH,PUMP MISC,,PLANNED_WO,RS-GUPCO,
165009,"SLEEVE, SHAFT CENTER ITEM NO. 171-A  (9241A-50138 )","جلبة، مركز العمود، رقم الصنف 171-أ (9241أ-50138)",PU,7902108,523.171A-1582380,EACH,PUMP MISC,,SURPLUS,RS-GUPCO,
165011,"RING, IMPELLER STAGE 1 EYE NO. 174A","حلقة، عين المرحلة الأولى من المروحة رقم 174A",PU,7902108,503.174A-1568957,EACH,PUMP MISC,,SURPLUS,RS-GUPCO,
165012,"RING, IMPELLER SERIES EYE ITEM NO. 174-B           DWG.NO. A35-171","حلقة، سلسلة المروحة، رقم الصنف 174-ب، رقم الرسم A35-171",PU,7902108,503.174B,EACH,PUMP MISC,,SURPLUS,RS-GUPCO,02T08
165013,"RING, IMPELLER HUB ITEM NO. 174-C","حلقة، محور المروحة، رقم الصنف 174-C",PU,7902108,503.174C,EACH,PUMP MISC,,SURPLUS,RS-GUPCO,
161120,"HEAD, CYLINDER ASSY.                               FOR CYLINDER HEAD & VALVE MECHANISM 09.","رأس الأسطوانة، مجموعة الأسطوانة لرأس الأسطوانة وآلية الصمام 09.",MM,7103126,1CA2N9331,EACH,CATERPILLAR,,MIN_MAX,RS-GUPCO,01D04H
161121,"SWITCH, LIQUID LEVEL",مفتاح مستوى السائل,MM,7103116,1CA2N9768,EACH,CATERPILLAR,,MIN_MAX,RS-GUPCO,04H05B
161123,"MOTOR, ASSY. PRELUBE PUMP","محرك، مجموعة مضخة التشحيم المسبق",MM,7103128,3N0706,EACH,CATERPILLAR,,PLANNED_WO,RS-GUPCO,
161124,"ADAPTER, WATER OUTLET FOR TANK GROUP","محول، مخرج مياه لمجموعة الخزانات",MM,7103128,3N1236,EACH,CATERPILLAR,,INSURANCE_SPARE,RS-GUPCO,04K05F (1)
161125,"CONNECTOR,MANIFOLD END","موصل، طرف مشعب",MM,7103116,1CA3N1237,EACH,CATERPILLAR,,PLANNED_WO,RS-GUPCO,
164904,"SLEEVE, SHAFT CETER ITEM NO. 171-A","جلبة، مركز العمود، رقم الصنف 171-أ",PU,7902110,523.171A,EACH,PUMP MISC,,MIN_MAX,RS-GUPCO,
164905,"SLEEVE, SHAFT THROTTLE IREM NO. 171-B","جلبة، عمود خانق IREM رقم 171-B",PU,7902110,1854577,EACH,PUMP MISC,,INSURANCE_SPARE,RS-GUPCO,
164906,"SLEEVE, SHAFT STUFFING BOX","غلاف، صندوق حشو العمود",PU,7902110,1115073,EACH,PUMP MISC,,MIN_MAX,RS-GUPCO,02T04
164907,"BUSHING,THROAT ITEM NO,185-A","جلبة، حلقة، رقم الصنف 185-أ",PU,7902110,456.185A,EACH,PUMP MISC,,MIN_MAX,RS-GUPCO,
165611,"RING, WEAR ITEM # 57","خاتم، رقم الصنف 57",PU,7912102,1064F020B08,EACH,PUMP MISC,,INSURANCE_SPARE,RS-GUPCO,
165612,"STUD,BOWL1/2""-13X2 3/4""ITEM#616 P/N1092F015F03","مسمار، وعاء 1/2 بوصة - 13 × 2 3/4 بوصة، رقم الصنف 616، رقم القطعة 1092F015F03",PU,7912102,1092F015F03,EACH,PUMP MISC,,PLANNED_WO,RS-GUPCO,
164465,"SHAFT, REF.NO. 122","عمود، رقم المرجع 122",PU,7907106,R104-435-2238,EACH,PUMP MISC,,INSURANCE_SPARE,RS-GUPCO,02S21A
164467,"HOUSING, BRG. REF. NO. 134 A","الإسكان، رقم مرجع المبنى 134 أ",PU,7907106,C03340A 1000,EACH,PUMP MISC,,INSURANCE_SPARE,RS-GUPCO,02S21B
164484,"GASKET ,CASE REF.NO.351 , P/N : 70782 82  5127","حشية، رقم مرجع العلبة 351، رقم القطعة: 70782 82 5127",PU,7907106,70782 82  5127,EACH,PUMP MISC,,INSURANCE_SPARE,RS-GUPCO,02S21F
164485,"LOCK WASHER,BEARING ITEM NO.382","حلقة قفل، محمل، رقم الصنف 382",PU,7907106,8910-0006,EACH,PUMP MISC,,INSURANCE_SPARE,RS-GUPCO,02S21F
164486,"O-RING ,IMP.REF.NO.421 A","حلقة دائرية، رقم المرجع 421 أ",PU,7907106,C02495A23 6359,EACH,PUMP MISC,,INSURANCE_SPARE,RS-GUPCO,02S21F
164489,"SLEEVE,SHAFT REF.NO,126","كم، عمود رقم المرجع 126",PU,7907116,92826_2229,EACH,PUMP MISC,,INSURANCE_SPARE,RS-GUPCO,
120550,"ELBOW  (INGERSOLL RAND GENUINE PARTS , MADE IN USA AND PROVIDE ORGINE CERTIFICATE , DO NOT SUBSTITUTE)","كوع (قطع غيار أصلية من إنجرسول راند، صنع في الولايات المتحدة الأمريكية، مع تقديم شهادة المنشأ، لا تستبدلها)",MM,8009168,95952610,EACH,COMPRESSOR USA,,INSURANCE_SPARE,RS-GUPCO,02W39F (1)
160854,"CAP SCREW,","برغي رأسي،",MM,7103126,1D4574,EACH,CATERPILLAR,,PLANNED_WO,RS-GUPCO,04E07D (1)
160855,"NUT, HEX. 5/16 IN NC THRD.","صامولة سداسية، 5/16 بوصة، ملولبة.",MM,7103144,1D4716,EACH,CATERPILLAR,,INSURANCE_SPARE,RS-GUPCO,~
165664,"KEY, IMPELLER GIB ITEM NO. 625","مفتاح، مروحة، رقم الصنف 625",PU,7912102,LV4735009100 2280 F,EACH,PUMP MISC,,INSURANCE_SPARE,RS-GUPCO,
165666,"COUPLING, LINE SHAFT ITEM NO. 22","وصلة عمود الدوران، رقم الصنف 22",PU,7912102,LV2575133104 2580 F,EACH,PUMP MISC,,INSURANCE_SPARE,RS-GUPCO,
165667,"LINESHAFT, ITEM NO. 23","عمود نقل الحركة، رقم الصنف 23",PU,7912102,LV 7295291104 2582 F,EACH,PUMP MISC,,INSURANCE_SPARE,RS-GUPCO,01/K03C
165671,"HOLD TILL 1/12/2026, PIPE, COLUMN   ITEM NO. 28 for FWP PUMP MOD 18RKMC3 S/N. 87979-80","يُحفظ حتى 1/12/2026، أنبوب، عمود، رقم الصنف 28 لمضخة FWP موديل 18RKMC3، الرقم التسلسلي 87979-80",PU,7912102,LVX74009B,EACH,PUMP MISC,,INSURANCE_SPARE,RS-GUPCO,
165674,"GLAND, SPLIT ITEM NO. 9 O A R","غدة، منقسمة، رقم الصنف 9 O A R",PU,7912102,LV3735035207 1640 C,EACH,PUMP MISC,,INSURANCE_SPARE,RS-GUPCO,
161100,"ELBOW, WATER TRANSFER","الكوع، نقل الماء",MM,7103116,1CA3N2622,EACH,CATERPILLAR,,INSURANCE_SPARE,RS-GUPCO,04L02D (1)
161101,"PUMP, OIL GROUP.",مجموعة المضخات والزيوت.,MM,7103116,3N2696,EACH,CATERPILLAR,,INSURANCE_SPARE,RS-GUPCO,01D12B
161103,"GAUGE, WATER TEMP FOR PANEL ASSY",مقياس درجة حرارة الماء لمجموعة اللوحة,MM,7103128,1CA3N2781,EACH,CATERPILLAR,,MIN_MAX,RS-GUPCO,04H09D
161104,"CRANKSHAFT, P/NO:4W7614","عمود المرفق، رقم القطعة: 4W7614",MM,7103116,1CA4W7614,EACH,CATERPILLAR,,INSURANCE_SPARE,RS-GUPCO,01D18H (1)
161105,"FITTING, GROUP VERTICAL EXHAUST",تركيب نظام العادم الرأسي الجماعي,MM,7103126,3N3018,EACH,CATERPILLAR,,MIN_MAX,RS-GUPCO,
161138,"RING, CRANKSHAFT",حلقة عمود المرفق,MM,7103116,1CA3N3234,EACH,CATERPILLAR,,PLANNED_WO,RS-GUPCO,
161139,"PIPE,","ماسورة،",MM,7103116,3N3368,EACH,CATERPILLAR,,INSURANCE_SPARE,RS-GUPCO,04H03H
161140,"DRIVE, GROUP TACH. FOR SERVICE & TACH. DRIVE METE R",مجموعة عدادات السرعة. للصيانة وعداد السرعة. عداد السرعة,MM,7103128,3N3886,EACH,CATERPILLAR,,INSURANCE_SPARE,RS-GUPCO,04H01A
161142,"COUPLING,","اقتران،",MM,7103116,3N4050,EACH,CATERPILLAR,,INSURANCE_SPARE,RS-GUPCO,04/J14E
161732,"COUPLING, RIGID DYN. BALANCED","وصلة، صلبة، ديناميكية، متوازنة",PU,7321102,818C2222,EACH,PUMP CENTRIFUG,,INSURANCE_SPARE,RS-GUPCO,02G59G (1)
161735,"BUSHING, THROAT ASSY.","جلبة، مجموعة الحلق.",PU,7321102,100993,EACH,PUMP CENTRIFUG,,INSURANCE_SPARE,RS-GUPCO,02Q11A
161736,"COLLAR,LOCK SHAFT","طوق، عمود القفل",PU,7321102,825A0197505B22300,EACH,PUMP CENTRIFUG,,PLANNED_WO,RS-GUPCO,
160853,"BOLT, 1/2 IN X 4-1/2 IN NC THRD.","مسمار، 1/2 بوصة × 4-1/2 بوصة NC THRD.",MM,7103144,1D4569,EACH,CATERPILLAR,,PLANNED_WO,RS-GUPCO,
115963,"ELBOW, EXHAUST-NATURALLY ASPIRATED P/N. 168340C  S.S.BY 168340H,2422,B2131 ,","كوع العادم - سحب طبيعي، رقم القطعة 168340C، SSBY 168340H، 2422، B2131",MM,6923106,168340H,EACH,ENGINE USA,,MIN_MAX,RS-GUPCO,02P21D
165043,"LOCK NUT, SHAFT EXTENSION ITEM NO. 284","صامولة قفل، وصلة تمديد العمود، رقم الصنف 284",PU,7902108,921-284,EACH,PUMP MISC,,SURPLUS,RS-GUPCO,
165045,"COUPLING, SPACER THOMAS SIZE 375 SERIES 63 Extend","وصلة، فاصل توماس، مقاس 375، سلسلة 63، تمديد",PU,7902110,~,EACH,BR/SL/S.PLG/FLT,,INSURANCE_SPARE,RS-GUPCO,0/ E30D
165047,"PIN, LOCK ITEM NO.113","دبوس، قفل، رقم الصنف 113",PU,7902106,562.113,EACH,PUMP MISC,,SURPLUS,RS-GUPCO,02V06D (1)
165049,"RING, CASE STAGE 1 ITEM NO. 201","خاتم، علبة، المرحلة 1، رقم الصنف 201",PU,7902106,502.201-1122592,EACH,PUMP MISC,,PLANNED_WO,RS-GUPCO,
165050,"RING, CASE STAGE 1 ITEM NO. 202","خاتم، علبة المرحلة 1، رقم الصنف 202",PU,7902106,502-002,EACH,PUMP MISC,,PLANNED_WO,RS-GUPCO,
165051,"RING, SERIES, CASE ITEM NO.203                     SHOULD BE ITEM 202","الخاتم، السلسلة، العلبة، رقم الصنف 203 يجب أن يكون الصنف 202",PU,7902106,1507249,EACH,PUMP MISC,,PLANNED_WO,RS-GUPCO,
165052,"PIECE, STAGE 1,2,                                  ITEM # 204","قطعة، المرحلة 1، 2، رقم الصنف 204",PU,7902106,541-204-1644246,EACH,PUMP MISC,,PLANNED_WO,RS-GUPCO,
165053,"PIN,TAPER (BRG.HSG.TO PUMP)","دبوس، مخروطي (محمل.غطاء.إلى المضخة)",PU,7902107,566-0400,EACH,PUMP MISC,,SURPLUS,RS-GUPCO,
165054,"PIECE, STAGE CENTER ITEM NO. 206","قطعة، قطعة مركز المسرح رقم 206",PU,7902106,546-206,EACH,PUMP MISC,,PLANNED_WO,RS-GUPCO,
165055,"BUSHING, THROTTLE ITEM NO. 207","جلبة، خانق، رقم القطعة 207",PU,7902106,542.207-1507257,EACH,PUMP MISC,,PLANNED_WO,RS-GUPCO,
165056,"BUSHING, THROTTLE ITEM NO. 208","جلبة، خانق، رقم القطعة 208",PU,7902106,1123114,EACH,PUMP MISC,,PLANNED_WO,RS-GUPCO,02V06F (1)
165059,"RING, IMPELLER SERIES ITEM NO. 211","حلقة، سلسلة المروحة، رقم الصنف 211",PU,7902106,503-211,EACH,PUMP MISC,,PLANNED_WO,RS-GUPCO,
160993,"SPRING, REGULATOR ASSY,","زنبرك، مجموعة منظم الضغط،",MM,7103128,6L7140,EACH,CATERPILLAR,,PLANNED_WO,RS-GUPCO,
160995,"STEM, ASSY. VALVE REGULATOR ASSY.","ساق، مجموعة. مجموعة منظم الصمام.",MM,7103128,6L7148,EACH,CATERPILLAR,,INSURANCE_SPARE,RS-GUPCO,04H09B (1)
165542,"O-RING, GASKET FOR HEAD","حلقة مانعة للتسرب، حشية للرأس",PU,7902224,H7033002-GS000,EACH,PUMP MISC,,MIN_MAX,RS-GUPCO,03B16C
161077,"LEVER,","رافعة،",MM,7103116,2N5904,EACH,CATERPILLAR,,INSURANCE_SPARE,RS-GUPCO,
161076,"ROD,","عصا،",MM,7103116,2N5903,EACH,CATERPILLAR,,INSURANCE_SPARE,RS-GUPCO,04K15E (1)
165543,"O-RING, GASKET FOR BOWL , Flowserve Part Num: H7033005-GS000 (CCN: 95086989)","حلقة دائرية، حشية للوعاء، رقم قطعة Flowserve: H7033005-GS000 (CCN: 95086989)",PU,7902224,H7033005-GS000,EACH,PUMP MISC,,MIN_MAX,RS-GUPCO,03B16C(1)
165544,"O-RING, GASKET FOR BORAL , Flowserve Part Num: H7033703-GS000 (CCN: 95823639)","حلقة دائرية، حشية لبورال، رقم قطعة التدفق: H7033703-GS000 (CCN: 95823639)",PU,7902224,H7033703-GS000,EACH,PUMP MISC,,MIN_MAX,RS-GUPCO,03B16D
165545,"COUPLING, SHAFT 2-3/16 IN.","وصلة، عمود 2-3/16 بوصة.",PU,7902224,AX751876-CB000,EACH,PUMP MISC,,MIN_MAX,RS-GUPCO,
165546,"IMPELLER, 7 VANE-M FULL DIA. STD. U.F.","مروحة، 7 ريشات - قطر كامل قياسي UF",PU,7902224,81903041,EACH,PUMP MISC,,MIN_MAX,RS-GUPCO,
165548,"CASE, SERIES",سلسلة الحالات,PU,7902224,88477410,EACH,PUMP MISC,,PLANNED_WO,RS-GUPCO,
165550,"BEARING, SERIES CASE BRZ.","محمل، سلسلة علبة BRZ.",PU,7902224,AX117959-FJ000,EACH,PUMP MISC,,INSURANCE_SPARE,RS-GUPCO,02T32C
165551,"CASE, BOTTOM","الغطاء، الجزء السفلي",PU,7902224,88477407,EACH,PUMP MISC,,INSURANCE_SPARE,RS-GUPCO,01E30H
161181,"PICK-UP,","يلتقط،",MM,7103129,1CA3N7477,EACH,CATERPILLAR,,PLANNED_WO,RS-GUPCO,
120503,"HOSE, 5X16. 5 LONG P/N. 39575279  (INGERSOLL RAND GENUINE PARTS , MADE IN USA AND PROVIDE ORGINE CERTIFICATE , DO NOT SU","خرطوم، 5 × 16.5 بوصة، رقم القطعة 39575279 (قطع غيار أصلية من إنجرسول راند، صنع في الولايات المتحدة الأمريكية، مع شهادة المنشأ، لا تقم باستبدالها).",MM,8009166,39575279,EACH,COMPRESSOR USA,,INSURANCE_SPARE,RS-GUPCO,03B37F (1)
110382,"OIL FILTER ELEMENT,""ARIEL"" P/N.: A-0661,P/N.A661","عنصر فلتر الزيت ""أرييل"" رقم القطعة: A-0661، رقم القطعة: A661",MM,0,,EACH,BR/SL/S.PLG/FLT,,MIN_MAX,RS-GUPCO,
161046,"O-RING, SEAL 0.549"" ID X 0.103"" DIA. YELLOW P G B","حلقة مانعة للتسرب، قطر داخلي 0.549 بوصة × قطر 0.103 بوصة، لون أصفر P G B",MM,7103144,8M4437,EACH,CATERPILLAR,,INSURANCE_SPARE,RS-GUPCO,03a04d
165552,"BEARING, BOTTOM CASE BRZ.","محمل، غطاء المحرك السفلي BRZ.",PU,7902224,AX118034-FJ000,EACH,PUMP MISC,,PLANNED_WO,RS-GUPCO,
165554,"SHAFT, PUMP 2-3/16 IN. X 8 FT. 11-1/2 IN. LONG ,","عمود المضخة 2-3/16 بوصة × 8 أقدام و11-1/2 بوصة طولاً،",PU,7902224,8004686,EACH,PUMP MISC,,INSURANCE_SPARE,RS-GUPCO,
161335,"GASKET, FOR CYLINDER HEAD & VALVE MECHANISM",حشية لرأس الأسطوانة وآلية الصمامات,MM,7103120,10CA1P8005,EACH,CATERPILLAR,,MIN_MAX,RS-GUPCO,04J24A
120513,"TUBE MINUM PRESSURE P/N. 39893359  (INGERSOLL RAND GENUINE PARTS , MADE IN USA AND PROVIDE ORGINE CERTIFICATE , DO NOT S","أنبوب ضغط أدنى، رقم القطعة 39893359 (قطع غيار أصلية من إنجرسول راند، صنع في الولايات المتحدة الأمريكية، مع شهادة منشأ، لا تقم بـ",MM,8009166,39893359,EACH,COMPRESSOR USA,,INSURANCE_SPARE,RS-GUPCO,02W43F (1)
120530,"INLET VALVE, P/N. 42435891 , New P/N. 42527366  (INGERSOLL RAND GENUINE PARTS , MADE IN USA AND PROVIDE ORGINE CERTIFICA","صمام مدخل، رقم القطعة 42435891، رقم القطعة الجديد 42527366 (قطع غيار أصلية من إنجرسول راند، صنع في الولايات المتحدة الأمريكية، مع شهادة منشأ).",MM,8009166,42527366,EACH,COMPRESSOR USA,,MIN_MAX,RS-GUPCO,01 E23 H
120427,"AIREND ASSEMBLY, P/N. 36017028 , New P/N. 42476119  (INGERSOLL RAND GENUINE PARTS , MADE IN USA AND PROVIDE ORGINE CERTI","مجموعة ضغط الهواء، رقم القطعة 36017028، رقم القطعة الجديد 42476119 (قطع غيار أصلية من إنجرسول راند، صنع في الولايات المتحدة الأمريكية، مع شهادة أصالة).",MM,8009166,42476119,EACH,COMPRESSOR USA,,PLANNED_WO,RS-GUPCO,
120499,"ARM INLET VALVE, P/N. 39586656  (INGERSOLL RAND GENUINE PARTS , MADE IN USA AND PROVIDE ORGINE CERTIFICATE , DO NOT SUBS","صمام مدخل ذراع، رقم القطعة 39586656 (قطع غيار أصلية من إنجرسول راند، صنع في الولايات المتحدة الأمريكية، مع شهادة منشأ، لا تقبل ببدائل).",MM,8009166,39586656,EACH,COMPRESSOR USA,,MIN_MAX,RS-GUPCO,02U20G
120389,"ROD END BEARING, P/N. 39325154 (INGERSOLL RAND GENUINE PARTS , MADE IN USA AND PROVIDE ORGINE CERTIFICATE , DO NOT SUBST","محمل طرف قضيب التوصيل، رقم القطعة 39325154 (قطع غيار أصلية من إنجرسول راند، صنع في الولايات المتحدة الأمريكية، مع شهادة المنشأ، لا تستبدلها).",MM,8009166,39325154,EACH,COMPRESSOR USA,,INSURANCE_SPARE,RS-GUPCO,02U18B
120388,"ORIFICE CHECK VALVE  (INGERSOLL RAND GENUINE PARTS , MADE IN USA AND PROVIDE ORGINE CERTIFICATE , DO NOT SUBSTITUTE)","صمام فحص الفتحة (قطع غيار أصلية من إنجرسول راند، صنع في الولايات المتحدة الأمريكية، مع توفير شهادة المنشأ، لا تستبدلها)",MM,8009168,39303219,EACH,COMPRESSOR USA,,PLANNED_WO,RS-GUPCO,
120505,"CYLINDER PNEUMATIC , P/N. 39589056  (INGERSOLL RAND GENUINE PARTS , MADE IN USA AND PROVIDE ORGINE CERTIFICATE , DO NOT","أسطوانة هوائية، رقم القطعة 39589056 (قطع غيار أصلية من إنجرسول راند، صنع في الولايات المتحدة الأمريكية، مع شهادة المنشأ).",MM,8009166,42495903,EACH,COMPRESSOR USA,,MIN_MAX,RS-GUPCO,
120545,"O-RING, P/N. 95022141 (INGERSOLL RAND GENUINE PARTS, DO NOT SUBSTITUTE).","حلقة دائرية، رقم القطعة 95022141 (قطع غيار أصلية من إنجرسول راند، لا تستبدلها).",MM,8009166,95022141,EACH,COMPRESSOR USA,,INSURANCE_SPARE,RS-GUPCO,03B21D (1)
120392,"GASKET, INLET VALVE P/N. 39326319 (INGERSOLL RAND GENUINE PARTS, DO NOT SUBSTITUTE).","حشية صمام المدخل رقم القطعة 39326319 (قطع غيار أصلية من إنجرسول راند، لا تستبدلها).",MM,8009166,39326319,EACH,COMPRESSOR USA,,MIN_MAX,RS-GUPCO,03B37B
120497,"HOSE, 1""X20.5"" P/N. 39572086  (INGERSOLL RAND GENUINE PARTS , MADE IN USA AND PROVIDE ORGINE CERTIFICATE , DO NOT SUBSTI","خرطوم، 1 بوصة × 20.5 بوصة، P/N. 39572086 (أجزاء أصلية من INGERSOLL RAND، صُنعت في الولايات المتحدة الأمريكية وتوفر شهادة المنشأ، لا تقم بالاستبدال)",MM,8009166,24278939,EACH,COMPRESSOR USA,,MIN_MAX,RS-GUPCO,
120464,"INLET VALVE REBUILD KIT  (INGERSOLL RAND GENUINE PARTS , MADE IN USA AND PROVIDE ORGINE CERTIFICATE , DO NOT SUBSTITUTE)","طقم إصلاح صمام المدخل (قطع غيار أصلية من إنجرسول راند، صنع في الولايات المتحدة الأمريكية، مع توفير شهادة المنشأ، لا تستبدلها)",MM,8009168,39257514,EACH,COMPRESSOR USA,,INSURANCE_SPARE,RS-GUPCO,02W47F (1)
165068,"BUSHING, THROAT,AISI 347 W/WALLEX 55               ITEM # 218 , MTL. 9704   DWG.NO. B1N821-11","جلبة، حلق، AISI 347 مع WALLEX 55، رقم الصنف 218، رقم المادة 9704، رقم الرسم B1N821-11",PU,7902107,2219843,EACH,PUMP MISC,,MIN_MAX,RS-GUPCO,02T12
165069,"SLEEVE, THROTTLE SHAFT,AISI 347 W/WALLEX 50 ITEM # 233 ,MTL. 9703  DWG.NO. B1B821-15","جلبة عمود الخانق، AISI 347 مع Wallex 50، رقم الصنف 233، رقم القطعة 9703، رقم الرسم B1B821-15",PU,7902107,2219850,EACH,PUMP MISC,,MIN_MAX,RS-GUPCO,02T12
165071,"SHAFT, PUMP ITEM NO. 250 (OLD P/N. 5210D19635-01)",عمود المضخة رقم الصنف 250 (رقم القطعة القديم 5210D19635-01),PU,7902106,210.250-1607561,EACH,PUMP MISC,,PLANNED_WO,RS-GUPCO,
165072,"KEY, STAGE 1 ITEM NO. 254","المفتاح، المرحلة 1، رقم الصنف 254",PU,7902106,1306804,EACH,PUMP MISC,,PLANNED_WO,RS-GUPCO,
164796,"HOLD TILL 1/1/2027, BEARING OLS ITEM NO 653","يُحفظ حتى 1/1/2027، محمل OLS رقم الصنف 653",PU,7907165,B99510F005 6111,EACH,PUMP MISC,,PLANNED_WO,RS-GUPCO,
161260,OIL LEVEL GAUGE GROUP CONSISTING OF.               1EA CAP SCREW  P/N.0S1608  3EA WASHER     5M2894   1EA BRACKET,"مجموعة مقياس مستوى الزيت تتكون من: برغي غطاء واحد رقم القطعة 0S1608، و3 حلقات غسيل رقم 5M2894، وقوس تثبيت واحد.",MM,7103142,6N6938,EACH,CATERPILLAR,,INSURANCE_SPARE,RS-GUPCO,04M19A (1)
161459,"GASKET,REAR STRUCTURE , P/N : 4250625","حشية، الهيكل الخلفي، رقم القطعة: 4250625",MM,7103139,4250625,EACH,CATERPILLAR,,PLANNED_WO,RS-GUPCO,
165610,"BEARING, SUCTION ITEM # 41","محمل شفط، رقم الصنف 41",PU,7912102,1006F015B08,EACH,PUMP MISC,,INSURANCE_SPARE,RS-GUPCO,
165613,"HOLD TILL 1/12/2026 , BOWL, INTERMEDIATE ITEM NO. 36 for FWP PUMP MOD 18RKMC3 S/N. 87979-80","يُحفظ حتى 1/12/2026، وعاء، قطعة متوسطة رقم 36 لمضخة FWP موديل 18RKMC3، الرقم التسلسلي 87979-80",PU,7912102,LV 1055222045,EACH,PUMP MISC,,INSURANCE_SPARE,RS-GUPCO,
161285,"SPIDER, FAN","عنكبوت، مروحة",MM,7103116,7N4445,EACH,CATERPILLAR,,INSURANCE_SPARE,RS-GUPCO,01D20D (1)
164838,"LINE, SHAFT (1.68 IN X 120 IN. LG.)                NEW P/N. B00005FNAA-2270","خط، عمود (1.68 بوصة × 120 بوصة طولاً) رقم القطعة الجديد: B00005FNAA-2270",PU,7907159,B00005FNAA 2403,EACH,PUMP MISC,,INSURANCE_SPARE,RS-GUPCO,
164819,"GASKET, SUCTION COVER TO  CASING ITEM NO. 351","حشية غطاء الشفط للغلاف، رقم الصنف 351",PU,7907124,B00003B08 5136,EACH,PUMP MISC,,MIN_MAX,RS-GUPCO,02B12F
164329,"SHAFT, PUMP ITEM NO. 660","عمود المضخة، رقم الصنف 660",PU,7907138,C33410F000 2216,EACH,PUMP MISC,,PLANNED_WO,RS-GUPCO,
164330,"BELL, SUCTION ITEM NO. 689","بيل، منتج شفط رقم 689",PU,7907136,B84000F0041003,EACH,PUMP MISC,,PLANNED_WO,RS-GUPCO,02S31G
164832,"SEAL, HOUSING","ختم، غلاف",PU,7907172,C59980F000 1123,EACH,PUMP MISC,,INSURANCE_SPARE,RS-GUPCO,
164834,"COLUMN, TOP ASSY. , PART NO. D38300F021 8510","عمود، مجموعة علوية، رقم القطعة D38300F021 8510",PU,7907172,D38300F0218510,EACH,PUMP MISC,,PLANNED_WO,RS-GUPCO,
164835,"COLUMN, INTND.","عمود، داخلي.",PU,7907172,C24140F0608510,EACH,PUMP MISC,,INSURANCE_SPARE,RS-GUPCO,07YARD
164837,"KEY, TIMP.    NEW P/N. A8443-7-2229","مفتاح، تيمب.    جديد ف/ن. A8443-7-2229",PU,7907159,A84430FGDA 2229,EACH,PUMP MISC,,INSURANCE_SPARE,RS-GUPCO,02U21B (1)
165513,"BOX,STUFFING REF.NO.50","صندوق، حشو رقم المرجع 50",PU,7902234,AX268587-GQ000,EACH,PUMP MISC,,INSURANCE_SPARE,RS-GUPCO,02/V55H
165514,"SPACER,COUPLING REF.NO.538","فاصل، وصلة رقم المرجع 538",PU,7902234,268592-IC,EACH,PUMP MISC,,INSURANCE_SPARE,RS-GUPCO,02V53A (1)
165515,"O-RING, GASKET REF. NO. 744 , Flowserve Part Num: H7032977-GS000 (CCN: 95018735)","حلقة دائرية، حشية رقم المرجع 744، رقم قطعة Flowserve: H7032977-GS000 (CCN: 95018735)",PU,7902234,H7032977-GS000,EACH,PUMP MISC,,INSURANCE_SPARE,RS-GUPCO,03B16C
165516,"O-RING, GASKET CASE REF NO 744 , Flowserve Part Num: H7033001-GS000 (CCN: 95086989","حلقة دائرية، علبة حشية رقم المرجع 744، رقم قطعة فلو سيرف: H7033001-GS000 (CCN: 95086989",PU,7902234,H7033001-GS000,EACH,PUMP MISC,,SURPLUS,RS-GUPCO,03B16C
164449,"ADAPTER, MOTOR ITEM NO. 108","محول، محرك، رقم الصنف 108",PU,7907110,246-8-1001,EACH,PUMP MISC,,SURPLUS,RS-GUPCO,
164450,"BEARING, THRUST BALL COUOPED END ITEM NO. 112","محمل كروي دافع ذو طرف مقعر، رقم الصنف 112",PU,7907112,8050-30661,EACH,PUMP MISC,,INSURANCE_SPARE,RS-GUPCO,02S23E
164456,"IMPELLER, ITEM NO.101","المروحة، رقم الصنف 101",PU,7907110,97-191-1179,EACH,PUMP MISC,,INSURANCE_SPARE,RS-GUPCO,02S23F
164461,"BEARING, END COVER ITEM NO. 111.","محمل، غطاء طرفي، رقم الصنف 111.",PU,7907124,71918-1000,EACH,PUMP MISC,,PLANNED_WO,RS-GUPCO,
164462,"SHAFT, PUMP ITEM NO. 122","عمود المضخة، رقم الصنف 122",PU,7907124,D00358B09 2216,EACH,PUMP MISC,,PLANNED_WO,RS-GUPCO,
164557,"RING, WEAR BOWL ITEM NO. 680","خاتم، وعاء قابل للارتداء، رقم الصنف 680",PU,7907146,B3333-4-1117,EACH,PUMP MISC,,SURPLUS,RS-GUPCO,02U57E (1)
161456,GASKET KIT CYL. HEAD,طقم حشيات رأس الأسطوانة,MM,7103116,6V3746,EACH,CATERPILLAR,,MIN_MAX,RS-GUPCO,03P03B
161458,"GASKET KIT, VALVE GRINDING","طقم حشيات، تجليخ الصمامات",MM,7103116,6V5468,EACH,CATERPILLAR,,PLANNED_WO,RS-GUPCO,
164841,"RING, THRUST.","رنين، دفع.",PU,7907159,B31710F000 2229,EACH,PUMP MISC,,INSURANCE_SPARE,RS-GUPCO,02U21C (1)
164842,"PUMP, SHAFT  (2.43 IN X 43.62 IN.)","مضخة، عمود (2.43 بوصة × 43.62 بوصة)",PU,7907159,B75150F004 2216,EACH,PUMP MISC,,INSURANCE_SPARE,RS-GUPCO,01N05F (1)
164844,"RETAINER, BRG.,","حامل، جسر،",PU,7907159,B93790F000 1018,EACH,PUMP MISC,,INSURANCE_SPARE,RS-GUPCO,
164999,"SPACER, SLEEVE","فاصل، غلاف",PU,7902104,1453491,EACH,PUMP MISC,,INSURANCE_SPARE,RS-GUPCO,02V02D (1)
165292,"COUPLING,PUMP HALF ITEM NO 326","وصلة، نصف مضخة، رقم الصنف 326",PU,7918104,96670467,EACH,PUMP MISC,,INSURANCE_SPARE,RS-GUPCO,02/T16A
161576,"COUPLING, COMPLETE BETWEEN PUMP AND MOTOR",وصلة كاملة بين المضخة والمحرك,PU,7313106,410-0068-240,EACH,PUMP CENTRIFUG,,PLANNED_WO,RS-GUPCO,
161577,"RING, LANTERN ASSY. NO. 206-0001-416","حلقة، مجموعة فانوس رقم 206-0001-416",PU,7313105,206,EACH,PUMP CENTRIFUG,,INSURANCE_SPARE,RS-GUPCO,02R01D (1)
161579,"PLUNGER, SIZE 7/8 ASSY NO. 212-0020-216","مكبس، مقاس 7/8، رقم التجميع 212-0020-216",PU,7313105,212-0020-293,EACH,PUMP CENTRIFUG,,INSURANCE_SPARE,RS-GUPCO,02Q19C
161580,"HOLD TILL 1/12/2026 , END, ASSY LIQUID ASSY NO. 221-0338-316","يُحفظ حتى 1/12/2026، نهاية، مجموعة سائلة رقم 221-0338-316",PU,7313105,221-0338-316,EACH,PUMP CENTRIFUG,,INSURANCE_SPARE,RS-GUPCO,02/Q19
165636,"BEARING, COL","محمل، لون",PU,7902302,AX117907-FH000,EACH,PUMP MISC,,INSURANCE_SPARE,RS-GUPCO,02V41E (1)
161610,"COVER, ASSY NO. 281-0053-006","غطاء، رقم التجميع 281-0053-006",PU,7313105,281-0279-040,EACH,PUMP CENTRIFUG,,PLANNED_WO,RS-GUPCO,
161612,"GEAR, HOUSING ASSY NO.281_0167_001","مجموعة التروس، غلاف رقم 281_0167_001",PU,7313105,281_0167_001,EACH,PUMP CENTRIFUG,,INSURANCE_SPARE,RS-GUPCO,02Q15
161613,"COUPLING, MOTOR ASSY NO. 410-0068-230","وصلة، مجموعة المحرك رقم 410-0068-230",PU,7313105,4100068230,EACH,PUMP CENTRIFUG,,MIN_MAX,RS-GUPCO,02Q15
161614,"PLUNGER, 7/16"" DIA. 316 S.S.  ITEM # 212","مكبس، قطر 7/16 بوصة، مصنوع من الفولاذ المقاوم للصدأ 316، رقم الصنف 212",PU,7313107,,EACH,PUMP CENTRIFUG,,INSURANCE_SPARE,RS-GUPCO,02S04B(1)
161582,"GLAND, FOLLOWER  244-0005-116","غدة، تابع 244-0005-116",PU,7313105,244-0005-116,EACH,PUMP CENTRIFUG,,INSURANCE_SPARE,RS-GUPCO,02/S02D
161608,ADAPTER.(LIQ/END) ASSY NO.272_0038_001,محول (طرف سائل) رقم التجميع 272_0038_001,PU,7313105,272-0038-001,EACH,PUMP CENTRIFUG,,PLANNED_WO,RS-GUPCO,
161609,"PLUNGER, ADAPTER ASSY NO 272-0026-406","مكبس، مجموعة محول رقم 272-0026-406",PU,7313105,272-0026-406,EACH,PUMP CENTRIFUG,,INSURANCE_SPARE,RS-GUPCO,02S04A (1)
165517,"O-RING, GASKET REF. NO. 744 , Flowserve Part Num: H7034678-GS000 (CCN: 95720066)","حلقة دائرية، مرجع الحشية. لا. 744، رقم جزء فلوسيرف: H7034678-GS000 (CCN: 95720066)",PU,7902234,H7034678-GS000,EACH,PUMP MISC,,INSURANCE_SPARE,RS-GUPCO,03B16C
165518,"COLLAR, IMPELLER LOCK REF. NO. 272","طوق، قفل المروحة، رقم المرجع 272",PU,7902234,753812CB,EACH,PUMP MISC,,INSURANCE_SPARE,RS-GUPCO,02T30F
165519,"RING, SPLIT IMP OLD P/N 753813-DJ","حلقة، مقسمة، مستوردة، رقم القطعة القديم 753813-DJ",PU,7902234,AX753813/2-DB000,EACH,PUMP MISC,,INSURANCE_SPARE,RS-GUPCO,02T30
165520,"RING,SPLIT REF.NO.256","خاتم، منقسم، رقم المرجع 256",PU,7902234,AX754465-LZ000,EACH,PUMP MISC,,INSURANCE_SPARE,RS-GUPCO,02T30G
165522,"KEY, 1 ST. STAGE IMPELLER 5/16 SQ."" X 3-1/8"" LG.","مفتاح، دافع المرحلة الأولى 5/16 مربع × 3-1/8 بوصة طول.",PU,7902234,E3302062-CK000,EACH,PUMP MISC,,INSURANCE_SPARE,RS-GUPCO,02T30G
164638,COLUMN.BOTTOM 120 IN.LONG FOR S/N.305484-1&2       ITEM NO.644,"عمود سفلي بطول 120 بوصة للرقم التسلسلي 305484-1 و2، رقم الصنف 644",PU,7907134,C24020F9308510,EACH,PUMP MISC,,INSURANCE_SPARE,RS-GUPCO,07YARD (1)
164642,"RING, THRUST   ITEM NO. 725 , New Part no. A81090F000 2229","حلقة دفع، رقم القطعة 725، رقم القطعة الجديدة A81090F000 2229",PU,7907134,A81090F0002229,EACH,PUMP MISC,,PLANNED_WO,RS-GUPCO,
164647,"SHAFT, PUMP ROD FOR S/N.T305486 ITEM NO. 660","عمود، قضيب مضخة للرقم التسلسلي T305486، رقم الصنف 660",PU,7907136,C33410F000 2227,EACH,PUMP MISC,,INSURANCE_SPARE,RS-GUPCO,01M04D
164648,"BEARING, BOWL WITH HYDROTESTING ITEM NO. 672","محمل، وعاء مع اختبار هيدروليكي، رقم الصنف 672",PU,7907136,A10341F000 1618,EACH,PUMP MISC,,INSURANCE_SPARE,RS-GUPCO,02S11A
161549,"COUPLING, YELLOW","وصلة، صفراء",MM,3601100,510-454-P,EACH,CATERPILLAR,,INSURANCE_SPARE,RS-GUPCO,04R03E (1)
161550,OIL SEAL,مانع تسرب الزيت,MM,3601100,510-463,EACH,CATERPILLAR,,INSURANCE_SPARE,RS-GUPCO,04R03F (1)
161719,NASH LIQUID_RING VACUUM PUMP TYPE MHF-75           TEST NO.96Y2236. IN ALL BRONZE CONSTRUCTION.       (REPLACES OLD PUMP,"مضخة تفريغ حلقية سائلة من نوع MHF-75 من ناش، رقم الاختبار 96Y2236. مصنوعة بالكامل من البرونز. (تحل محل المضخة القديمة)",PU,7314104,2BV5000,EACH,PUMP CENTRIFUG,,INSURANCE_SPARE,RS-GUPCO,01D24C
161738,"VALVE, SUCTTION - DISCHARGE P/NO. 320B0792200F11505","صمام سحب - تفريغ، رقم القطعة 320B0792200F11505",PU,7319100,320B0792200F11505,EACH,PUMP CENTRIFUG,,INSURANCE_SPARE,RS-GUPCO,02Q11A
161740,"Packing, SET, SQ RING, 1"" ID X 1-1/2"" OD (Part no.: 1311)","عبوة، مجموعة، حلقة مربعة، 1 بوصة قطر داخلي × 1-1/2 بوصة قطر خارجي (رقم القطعة: 1311)",PU,7319100,1311,SET,PUMP CENTRIFUG,,INSURANCE_SPARE,RS-GUPCO,02Q01D
161247,MAGNETIC PICK UP,لاقط مغناطيسي,MM,7103121,1CA5N8757,EACH,CATERPILLAR,,MIN_MAX,RS-GUPCO,04J12C
161265,"TUBE, ASSY. TURBO OIL SUPPLY FOR LINES GROUP.","أنبوب، مجموعة إمداد زيت التوربو لمجموعة الخطوط.",MM,7103132,1CA6N7752,EACH,CATERPILLAR,,SURPLUS,RS-GUPCO,04/J13G(1)
160894,"FITTING, 1/8 IN PIPE THRD. X 1/4 IN OD TUBE.","وصلة، أنبوب ملولب 1/8 بوصة × أنبوب بقطر خارجي 1/4 بوصة.",MM,7103144,4H0945,EACH,CATERPILLAR,,INSURANCE_SPARE,RS-GUPCO,
161259,ADAPTER ASSY. CONSISTING OF.                       12 EA ADAPTER ASS.  P/N. 4W5733                    12 EA SLEEVE,"مجموعة محولات تتكون من: 12 قطعة محولات، رقم القطعة 4W5733، و12 قطعة غلاف.",MM,7103142,6N5898,EACH,CATERPILLAR,,PLANNED_WO,RS-GUPCO,
160999,"CAP, PRESSURE, EXPANSION TANK","غطاء، ضغط، خزان تمدد",MM,7103144,1CA6L8617,EACH,CATERPILLAR,,MIN_MAX,RS-GUPCO,04H23E
161003,"COUPLING, TURBO MOUNTING","وصلة، تركيب التوربو",MM,7103132,1CA6L8968,EACH,CATERPILLAR,,MIN_MAX,RS-GUPCO,04H23
161004,"CORE, ASSY.OIL COOLER AND LINES","قلب، مجموعة مبرد الزيت والأنابيب",MM,7103128,1CA4W5551,EACH,CATERPILLAR,,INSURANCE_SPARE,RS-GUPCO,01C03E
161005,"TUBE, ASSY. OIL COOLER AND LINES","أنبوب، مجموعة مبرد الزيت والخطوط",MM,7103128,6L9217,EACH,CATERPILLAR,,INSURANCE_SPARE,RS-GUPCO,04H21A
161006,"HOLDER, DISC","حامل، قرص",MM,7103144,6L9260,EACH,CATERPILLAR,,PLANNED_WO,RS-GUPCO,
164994,"SPACER,SLEEVE","فاصل، كم",PU,7902104,520-215,EACH,PUMP MISC,,MIN_MAX,RS-GUPCO,
164995,"SLEEVE,SHAFT","الكم، العمود",PU,7902104,1453416,EACH,PUMP MISC,,MIN_MAX,RS-GUPCO,
164996,"IMPELLER, (STG.1)","المروحة، (المرحلة 1)",PU,7902104,1453459,EACH,PUMP MISC,,MIN_MAX,RS-GUPCO,
165373,"O-RING,","حلقة دائرية،",PU,7909124,20A11TM024,EACH,PUMP MISC,,PLANNED_WO,RS-GUPCO,
164518,"hold till 01/01/2027 , HEADSHAFT, 84.50 IN. LONG ITEM NO. 608","يُحفظ حتى 01/01/2027، عمود رأس، طوله 84.50 بوصة، رقم الصنف 608",PU,7907160,B00020FJEJ2159,EACH,PUMP MISC,,INSURANCE_SPARE,RS-GUPCO,
164619,BUSHING. THROTTLE ITEM NO.617,"جلبة. خانق، رقم القطعة 617",PU,7907158,H00361F0001618,EACH,PUMP MISC,,MIN_MAX,RS-GUPCO,02S13D
164621,"PACKING, ITEM NO.620A","التعبئة، رقم الصنف 620أ",PU,7907158,A11338FECD5017,EACH,PUMP MISC,,INSURANCE_SPARE,RS-GUPCO,02S13D
164997,"IMPELLER, (STG.2) ,","المروحة، (المرحلة 2)",PU,7902104,1453467,EACH,PUMP MISC,,MIN_MAX,RS-GUPCO,
165588,"RING, CASE SERIES AISI 410/420 ST.STEEL OUTSIDE DIAMETER  7.688"" INSIDE  DIAMETER  7.188"" WIDTH 1.375"" Flowserve Part Nu","حلقة، سلسلة علبة AISI 410/420 من الفولاذ المقاوم للصدأ، القطر الخارجي 7.688 بوصة، القطر الداخلي 7.188 بوصة، العرض 1.375 بوصة، رقم قطعة Flowserve",PU,7902234,AX753659-BX000,EACH,PUMP MISC,,PLANNED_WO,RS-GUPCO,
165589,"IMPELLER, 1ST. STG. Flowserve Part Num: AX268069-JX000 (CNN: 81814971)","دافع، المرحلة الأولى. رقم قطعة فلو سيرف: AX268069-JX000 (CNN: 81814971)",PU,7902234,AX268069-JX000,EACH,PUMP MISC,,PLANNED_WO,RS-GUPCO,
165590,"IMPELLER, SERIES Flowserve Part Num: AX268910-JX000 (CCN: 81942744)","مروحة، سلسلة Flowserve رقم القطعة: AX268910-JX000 (CCN: 81942744)",PU,7902234,AX268910-JX000,EACH,PUMP MISC,,PLANNED_WO,RS-GUPCO,
165591,"RING, IMPELLER SERIES AISI 410/420  ST.STEEL OUTSIDE DIAMETER 7.237"" INSIDE DIAMETER  6.725"" WIDTH 1.250"" Flowserve Part","حلقة، سلسلة المروحة، فولاذ مقاوم للصدأ AISI 410/420، القطر الخارجي 7.237 بوصة، القطر الداخلي 6.725 بوصة، العرض 1.250 بوصة، قطعة غيار من Flowserve",PU,7902234,AX173513-BH000,EACH,PUMP MISC,,PLANNED_WO,RS-GUPCO,
165592,"IMPELLER WEAR RING I.D. 8.225"" O.D. 8.730"" W. 1.675"" , Flowserve Part Num: AX173481-BH000 (CCN: 81939786)","حلقة تآكل المروحة الداخلية 8.225 بوصة، الخارجية 8.730 بوصة، العرض 1.675 بوصة، رقم قطعة Flowserve: AX173481-BH000 (CCN: 81939786)",PU,7902234,AX173481-BH000,EACH,PUMP MISC,,PLANNED_WO,RS-GUPCO,
165309,"STUD, GLAND SIZE 1/2"" X 2-3/4""                     REF.1999","مسمار، حجم الغدة 1/2 بوصة × 2-3/4 بوصة، رقم المرجع 1999",PU,7909106,62A3S253-669,EACH,PUMP MISC,,PLANNED_WO,RS-GUPCO,
165311,"SHAFT,","رمح،",PU,7909106,211B10X2-348,EACH,PUMP MISC,,MIN_MAX,RS-GUPCO,01N06D
165312,"RING, CASING INCLUDE ROLL PIN P/NO. 25A13562","الحلقة، الغلاف يشمل دبوس التثبيت رقم القطعة 25A13562",PU,7909106,962D6JX2-376,EACH,PUMP MISC,,MIN_MAX,RS-GUPCO,
165313,"HOLD TILL 1/1/2027  , SLEEVE, SHAFT","يُحفظ حتى 1/1/2027، غلاف، عمود",PU,7909106,250S8BUX2A-348,EACH,PUMP MISC,,MIN_MAX,RS-GUPCO,02T16
165314,"NUT, SHAFT SLEEVE                                  P/N. 250S127TX1F-K-20","صامولة، جلبة عمود، رقم القطعة: 250S127TX1F-K-20",PU,7909106,250S127TX1F-K-20,EACH,PUMP MISC,,MIN_MAX,RS-GUPCO,02T16
165315,"ROTATING ASSY., COMPLETE ROTOR PER","مجموعة دوارة، دوار كامل لكل",PU,7909106,0672-674SE,EACH,PUMP MISC,,STRATEGIC_WO,RS-GUPCO,
165316,"IMPELLER, OUTER DIAM 13-1/2"" ,","مروحة، قطرها الخارجي 13-1/2 بوصة،",PU,7909106,10SD3BX3-376,EACH,PUMP MISC,,STRATEGIC_WO,RS-GUPCO,
165317,"RING, WEAR IMPELLER SS 316                         P/N. 925D4BX6-376                                  REF.MECH.MAINT JUL","حلقة، دافعة مقاومة للتآكل، فولاذ مقاوم للصدأ 316، رقم القطعة 925D4BX6-376، مرجع الصيانة الميكانيكية، يوليو",PU,7909106,925D4BX6-376,EACH,PUMP MISC,,MIN_MAX,RS-GUPCO,02T16G
165369,"COVER, STUFFING BOX (COOLED) REF.NO. 0575B","غطاء، صندوق حشو (مبرد) رقم المرجع 0575B",PU,7909104,,EACH,PUMP MISC,,INSURANCE_SPARE,RS-GUPCO,02V54A (1)
165370,"SHAFT, MECHANICAL SEAL REF.NO. 1189                P/N.2807A112GR1A001-20                             NEW P/N. 2807A112G","عمود، مانع تسرب ميكانيكي، رقم المرجع 1189، رقم القطعة 2807A112GR1A001-20، جديد، رقم القطعة 2807A112G",PU,7909134,2807A112GR1A001-K-20,EACH,PUMP MISC,,INSURANCE_SPARE,RS-GUPCO,
165372,BEARING RADIAL & THRUST REF. NO. 204 & 205 (SKF 6211-2RS1,"محمل شعاعي ومحوري، رقم المرجع 204 و205 (SKF 6211-2RS1)",PU,7909106,6211-2RS1,EACH,PUMP MISC,,MIN_MAX,RS-GUPCO,
160866,"FITTING, CONNECTION 1/8"" PIPE THRD. X 1/4"" OD.","وصلة، وصلة أنبوب ملولب 1/8 بوصة × 1/4 بوصة قطر خارجي.",MM,7103144,1F3278,EACH,CATERPILLAR,,INSURANCE_SPARE,RS-GUPCO,04F04E (1)
164632,"COLUMN, TOP ITEM 8 DWG NO. 641-A9664 ,","العمود، العنصر العلوي 8، رقم الرسم 641-A9664،",PU,7907160,C49770F001 9616,EACH,PUMP MISC,,PLANNED_WO,RS-GUPCO,
164637,"IMPELLER, FOR S/N .305484-1 AND 2 ITEM NO. 673","مروحة، للرقم التسلسلي 305484-1 و2، رقم الصنف 673",PU,7907134,B47670F0001123,EACH,PUMP MISC,,INSURANCE_SPARE,RS-GUPCO,02S13F
161474,"LINER, FOR BLOCK ASSY.","بطانة، لمجموعة الكتلة.",MM,7103140,5863377,EACH,CATERPILLAR,,PLANNED_WO,RS-GUPCO,04J09
161470,VALVE,صمام,MM,7103142,1CA1152367,EACH,CATERPILLAR,,INSURANCE_SPARE,RS-GUPCO,04/K07D
164853,LINE SHAFT COUPLING         ITEM NO. 649,"وصلة عمود الدوران، رقم الصنف 649",PU,7907157,A00970F15 05914,EACH,PUMP MISC,,INSURANCE_SPARE,RS-GUPCO,02U19B (1)
160996,"BOLT, REGULATOR ASSY,","مسمار، مجموعة منظم الجهد،",MM,7103128,6L7156,EACH,CATERPILLAR,,INSURANCE_SPARE,RS-GUPCO,04H09B (1)
161389,"BOLT, 5/16 IN. NC THRD X 3/4 IN.","مسمار، 5/16 بوصة، سن لولبي غير قياسي × 3/4 بوصة.",MM,7103144,0S1617,EACH,CATERPILLAR,,INSURANCE_SPARE,RS-GUPCO,04P19D (1)
161324,"PISTON, GROUP P/N:- 9N5403                         & RING KIT    P/N:- 2W1709","مكبس، مجموعة رقم القطعة: 9N5403، طقم حلقات المكبس رقم القطعة: 2W1709",MM,7103132,9N5403,EACH,CATERPILLAR,,SURPLUS,RS-GUPCO,04J22
161777,"IMPELLER,   P/NO. 805 B 0158100D12200","مروحة، رقم القطعة 805 ب 0158100د12200",PU,7321115,805B0158100D12200,EACH,PUMP CENTRIFUG,,INSURANCE_SPARE,RS-GUPCO,02S10D(1)
161780,"RING, SQ PACKING                                   (5 EA =1 ST)","حلقة مربعة، عبوة (5 قطع = 1 ST)",PU,7321128,1520,SET,PUMP CENTRIFUG,,MIN_MAX,RS-GUPCO,
161787,"PLUNGER, P/N: 353B0609605R53100","مكبس، رقم القطعة: 353B0609605R53100",PU,7321128,353B0609605R53100,EACH,PUMP CENTRIFUG,,MIN_MAX,RS-GUPCO,
164789,"BEARING, SLHSG UPPER ITEM NO. 791E","محمل، SLHSG علوي، رقم الصنف 791E",PU,7907165,A11538F000 1618,EACH,PUMP MISC,,PLANNED_WO,RS-GUPCO,
164790,"BEARING, SLHSG LOWER ITEM NO. 791D","محمل، SLHSG سفلي، رقم الصنف 791D",PU,7907165,A78620F000 1618,EACH,PUMP MISC,,PLANNED_WO,RS-GUPCO,
165284,"IMPELLER, REF.NO. 8","دافع، رقم المرجع 8",PU,7918102,96669330,EACH,PUMP MISC,,INSURANCE_SPARE,RS-GUPCO,02T14
165416,"STUFFING BOX BUSHING SUCTION BOX. P/N. 88A,        BUSHING 370D88AX2A-20","صندوق حشو، جلبة صندوق شفط. رقم القطعة 88A، جلبة 370D88AX2A-20",PU,7909108,,EACH,PUMP MISC,,INSURANCE_SPARE,RS-GUPCO,02V61A (1)
165418,ROTATING ELEMNT COMPLETE WITH UPGRADED MATERIAL    SIMILAR TO API C-6 (12% CHROME STEEL PARTS WITH    HARDENED WEAR SURF,عنصر دوار كامل مصنوع من مواد مطورة مشابهة لمعيار API C-6 (أجزاء فولاذية مطلية بالكروم بنسبة 12% مع سطح مقاوم للتآكل).,PU,7909108,0177-112SR,EACH,PUMP MISC,,INSURANCE_SPARE,RS-GUPCO,01E23H (1)
160867,"COVER, SIDE CYLINDER BLOCK",غطاء كتلة الأسطوانة الجانبية,MM,7103116,1F4418,EACH,CATERPILLAR,,INSURANCE_SPARE,RS-GUPCO,04U15C (1)
161183,"CONNECTOR, FOR MANIFOLD GROUP.",موصل لمجموعة المشعب.,MM,7103128,1CA3N8652,EACH,CATERPILLAR,,INSURANCE_SPARE,RS-GUPCO,04J04
165435,"SCREW,","أفسد،",PU,7909108,119A2A144-318,EACH,PUMP MISC,,OBSOLETE,RS-GUPCO,02T24G
165437,"IMPELLER, REF. NO. 1129 S.S. DIA. 6-1/4"" P/N. 60640257 , Old part no.1129A10XDVB1011-A744CFR , 1129A10X06VB101","مروحة، رقم المرجع 1129، فولاذ مقاوم للصدأ، قطر 6-1/4 بوصة، رقم القطعة 60640257، رقم القطعة القديم 1129A10XDVB1011-A744CFR، 1129A10X06VB101",PU,7909134,60640257,EACH,PUMP MISC,,INSURANCE_SPARE,RS-GUPCO,
161723,"GASKET, CASING                                     P/NO. 815B0118106R16400                            NEW P/N.815B011810","حشية، غلاف، رقم القطعة 815B0118106R16400، جديد، رقم القطعة 815B011810",PU,7321102,815B0118113R20501,EACH,PUMP CENTRIFUG,,INSURANCE_SPARE,RS-GUPCO,02Q13D
161725,"RING, CASING                                       P/N. 808A0171900A11100","حلقة، غلاف، رقم القطعة 808A0171900A11100",PU,7321102,808A0171900A11100,EACH,PUMP CENTRIFUG,,INSURANCE_SPARE,RS-GUPCO,02Q13D
161727,"RING, IMPELLER ITEM NO. 806                        NEW P/NO. 806A0174602E11500","حلقة، دافعة، رقم الصنف 806، رقم القطعة الجديد 806A0174602E11500",PU,7321102,806A0174602E11500,EACH,PUMP CENTRIFUG,,INSURANCE_SPARE,RS-GUPCO,02Q13E
161728,"HOLD TILL 1/12/2026, IMPELLER, DYN. BALANCED P/N. 805C0225901E11200","يُحفظ حتى 1/12/2026، مروحة، متوازنة ديناميكيًا، رقم القطعة 805C0225901E11200",PU,7321102,805C0225901E11200,EACH,PUMP CENTRIFUG,,INSURANCE_SPARE,RS-GUPCO,01/D23C
161730,"NUT, IMPELLER                                      P/N. 821A0192600D12200","صامولة، مروحة، رقم القطعة 821A0192600D12200",PU,7321102,821A0192600D12200,EACH,PUMP CENTRIFUG,,INSURANCE_SPARE,RS-GUPCO,02Q13F
161741,"SHAFT,","رمح،",PU,7321112,3496,EACH,PUMP CENTRIFUG,,INSURANCE_SPARE,RS-GUPCO,
161742,"GASKET, CASING                                         P/N. 815A0201802U31100                         NEW P/N. 815A02018","حشية، غلاف، رقم القطعة 815A0201802U31100، جديد، رقم القطعة 815A02018",PU,7321112,815A0201802T51000,EACH,PUMP CENTRIFUG,,INSURANCE_SPARE,RS-GUPCO,02Q11C
161750,COUPLING FLANGED ASSY.,مجموعة وصلة ذات حواف.,PU,7321116,SFMB780548A01,EACH,PUMP CENTRIFUG,,INSURANCE_SPARE,RS-GUPCO,02 Q 11 E
161751,"COUPLING,SHAFT 1-11/16                             @RF.MR.RS. 280/99",وصلة عمود 1-11/16 @RF.MR.RS. 280/99,PU,7321116,LV25751303080F,EACH,PUMP CENTRIFUG,,PLANNED_WO,RS-GUPCO,02Q11F
161752,"NOZZLE,DISCHARGE","فوهة، مخرج",PU,7321116,SF76H2716CIR,EACH,PUMP CENTRIFUG,,INSURANCE_SPARE,RS-GUPCO,01 D 24 C
161753,"NOZZLE,SUCTION","فوهة، شفط",PU,7321116,9812X028CIR,EACH,PUMP CENTRIFUG,,PLANNED_WO,RS-GUPCO,
164921,"O-RING, SLEEVE STUFFING BOX ITEM NO.208-U","حلقة دائرية، صندوق حشو الأكمام، رقم الصنف 208-U",PU,7902108,412.208U,EACH,PUMP MISC,,SURPLUS,RS-GUPCO,
165252,"BEARING, LINESHAFT 1-11/16 IN.X 3 IN. RUBBER       REF.NO.283","محمل عمود نقل الحركة 1-11/16 بوصة × 3 بوصات، مطاط، رقم المرجع 283",PU,7920106,203580-400,EACH,PUMP MISC,,INSURANCE_SPARE,RS-GUPCO,03B24F (1)
165617,"BELL, SUCTION ITEM # 40","جرس، قطعة شفط رقم 40",PU,7912102,LV8155163045  0660  F,EACH,PUMP MISC,,INSURANCE_SPARE,RS-GUPCO,01E19B (1)
161547,"CABLE, HARNESS SHIELDED WIRING, FOR 6 CYLINDERS, P/N 393-13-2","كابل، مجموعة أسلاك محمية، لست أسطوانات، رقم القطعة 393-13-2",MM,3601100,393-013-2,EACH,CATERPILLAR,,MIN_MAX,RS-GUPCO,04/J10G
161548,"CABLES, SHIELDED PRIMARY.","كابلات، محمية أساسية.",MM,3601100,593-027-12,EACH,CATERPILLAR,,SURPLUS,RS-GUPCO,04R03C (1)
165672,"HOLD TILL 1/12/2026, PIPE, BOTTOM PC. COLUMN   ITEM NO. 30 for FWP PUMP MOD 18RKMC3 S/N. 87979-80","يُحفظ حتى 1/12/2026، أنبوب، عمود سفلي، رقم الصنف 30 لمضخة FWP موديل 18RKMC3، الرقم التسلسلي 87979-80",PU,7912102,LVX74009C,EACH,PUMP MISC,,INSURANCE_SPARE,RS-GUPCO,
164542,"IMPELLER 316SS,OPEN IMPELLER(13 INCHES RATED DIA.  MAX=13 MIN=10 INCHES)ITEM 101, MR NO:RS10302002","مروحة دافعة من الفولاذ المقاوم للصدأ 316، مروحة دافعة مفتوحة (قطرها المقدر 13 بوصة، الحد الأقصى 13 بوصة، الحد الأدنى 10 بوصات) رقم الصنف 101، رقم الطلب: RS10302002",PU,7907124,101-8  1203,EACH,PUMP MISC,,PLANNED_WO,RS-GUPCO,
161315,"BEARING, FOR CONNECTING ROD & PISTON","محمل، لذراع التوصيل والمكبس",MM,7103120,8N7769,EACH,CATERPILLAR,,MIN_MAX,RS-GUPCO,04K02DF
161316,CONNECTING ROD BEARING,محمل ذراع التوصيل,MM,7103126,8N7770,EACH,CATERPILLAR,,INSURANCE_SPARE,RS-GUPCO,04N17C (1)
161326,"REGULATOR,","منظم،",MM,7103144,248-5513,EACH,CATERPILLAR,,MIN_MAX,RS-GUPCO,04J22F
161271,"TURBCHARGER GROUP, Part no. : 7C-6702, used for Diesel Engine Cat 3406","مجموعة شاحن توربيني، رقم القطعة: 7C-6702، تُستخدم لمحرك ديزل كات 3406",MM,7103139,7C-6702,EACH,CATERPILLAR,,MIN_MAX,RS-GUPCO,01D04D
161193,"AIR CLEANER,  P/N. 4N0879","جهاز تنقية الهواء، رقم القطعة 4N0879",MM,7103139,4N0879,EACH,CATERPILLAR,,PLANNED_WO,RS-GUPCO,01D14E (1)
161320,"CARTRIDGE, ASSY. TURBO","خرطوشة، مجموعة التوربو",MM,7103126,1CA1P5466,EACH,CATERPILLAR,,INSURANCE_SPARE,RS-GUPCO,04J22
164791,"SHAFT, HEAD (1.0 X 103.25 LG) ITEM NO. 608","عمود، رأس (1.0 × 103.25 طول) رقم الصنف 608",PU,7907165,B00017FLDE 2403,EACH,PUMP MISC,,PLANNED_WO,RS-GUPCO,
164793,"IMPELER, TAPERLOCK ITEM NO. 677","المكره، تابيرلوك رقم الصنف. 677",PU,7907165,B42850F000 2229,EACH,PUMP MISC,,INSURANCE_SPARE,RS-GUPCO,02U31G (1)
164795,"RETAINER, BEARING ITEM NO. 652  MATERIAL CODE 1003","حامل، رقم الصنف 652، رمز المادة 1003",PU,7907165,B94250F000 1003,EACH,PUMP MISC,,INSURANCE_SPARE,RS-GUPCO,02U29C (1)
164805,"COLUMN, INTER. ITEM NO. 642","العمود، البند الداخلي رقم 642",PU,7907165,C24130F060 8510,EACH,PUMP MISC,,INSURANCE_SPARE,RS-GUPCO,07C01C (1)
164961,"SHOE, BABBIT FACED ITEM NO. 502 DWG. NO. WP- 198","حذاء ذو وجه أرنب، رقم الصنف 502، رقم الرسم WP-198",PU,7902110,387-502,SET,PUMP MISC,,SURPLUS,RS-GUPCO,02T06
165555,"CAP,SCREN 5/8 -11 UNC-3A X 1-3/4' LONG","غطاء، شاشة 5/8 -11 UNC-3A × 1-3/4 بوصة طول",PU,7902224,35A2D326G,EACH,PUMP MISC,,INSURANCE_SPARE,RS-GUPCO,02T32
161783,STUFFING BOX 3.1/2 INCH DIA                        P/N:337B0632000B22300,"صندوق حشو بقطر 3.5 بوصة، رقم القطعة: 337B0632000B22300",PU,7321128,337B0632000B45000,EACH,PUMP CENTRIFUG,,INSURANCE_SPARE,RS-GUPCO,
161784,STUFFING BOX GLAND 2.7/8 IN DIA                    P/N:338B0611502822300,"غدة صندوق الحشو بقطر 2.7/8 بوصة، رقم القطعة: 338B0611502822300",PU,7321128,338B0611502B45000,EACH,PUMP CENTRIFUG,,INSURANCE_SPARE,RS-GUPCO,02/Q09B
161785,STUFFING BOX GLAND FOLLOWER 2.3/8 DIA              P/N: 339A0623903A11100,"مُتابع غدة صندوق الحشو بقطر 2.3/8 بوصة، رقم القطعة: 339A0623903A11100",PU,7321128,339A0623903A11100,EACH,PUMP CENTRIFUG,,INSURANCE_SPARE,RS-GUPCO,
161786,"BUSHING, STUFFING BOX THROAD 2. 1/2 INCH DIA A.F   P/N: 341A0604403A11100.","جلبة، حشو صندوق الفتحة 2. 1/2 بوصة قطر AF P/N: 341A0604403A11100.",PU,7321128,341A0604403A11100,EACH,PUMP CENTRIFUG,,INSURANCE_SPARE,RS-GUPCO,
161789,"STUFFING BOX, FLANGE 1-1/2"" THK. 8"" WD.            P/NO. 366C0609300B23100","صندوق حشو، حافة بسمك 1-1/2 بوصة، وعرض 8 بوصات. رقم القطعة: 366C0609300B23100",PU,7321128,,EACH,PUMP CENTRIFUG,,SURPLUS,RS-GUPCO,
161790,"GASKET, VALVE COVER (SUC.&DISCH)",حشية غطاء الصمام (للشفط والتفريغ),PU,7321128,619B0608402T51000,EACH,PUMP CENTRIFUG,,MIN_MAX,RS-GUPCO,
161791,"GASKET, STUFFING BOX                               P/N: 622B0647505R16400                             (3 EA = 1 ST)","حشية، صندوق الحشو رقم القطعة: 622B0647505R16400 (3 قطع = 1 ST)",PU,7321128,622B0647505R20501,EACH,PUMP CENTRIFUG,,INSURANCE_SPARE,RS-GUPCO,
165567,"BEARING, SPIDER 2-3/16 IN. BRZ.","محمل، عنكبوت 2-3/16 بوصة. BRZ.",PU,7902224,AX750211-FJ000,EACH,PUMP MISC,,MIN_MAX,RS-GUPCO,02T34B
165570,"COLLET, LOCK IMPELLER REF.NO. 272","كوليت، قفل المروحة، رقم المرجع 272",PU,7902224,AX750022-CB000,EACH,PUMP MISC,,MIN_MAX,RS-GUPCO,02T34C
165571,"SLEEVE, SHAFT REF.NO. S-1","جلبة، عمود رقم المرجع S-1",PU,7902214,AX751124-CB000,EACH,PUMP MISC,,PLANNED_WO,RS-GUPCO,
161321,"TURBOCHARGER, ASSY. BASIC","شاحن توربيني، مجموعة أساسية",MM,7103126,1CA1P6084,EACH,CATERPILLAR,,INSURANCE_SPARE,RS-GUPCO,01D06B
161323,"KIT, GASKET FOR WATER PUMP","طقم، حشية لمضخة المياه",MM,7103128,1CA6V6384,EACH,CATERPILLAR,,INSURANCE_SPARE,RS-GUPCO,03A06E (1)
164823,"Shaft head (1""X 35.62"" LG)",رأس العمود (1 بوصة × 35.62 بوصة طولاً),PU,7907172,B00017FDFL2216,EACH,PUMP MISC,,PLANNED_WO,RS-GUPCO,
164831,"RETAINING, BEARING P/No.:  B00434F000-1117, Used for GOULDS pump 4x7 ALC, Model VIT-FF, 13-STG, S/No. T310449","حامل، رقم القطعة: B00434F000-1117، يُستخدم لمضخة GOULDS 4x7 ALC، طراز VIT-FF، 13 مرحلة، الرقم التسلسلي: T310449",PU,7907172,B00434F0001117,EACH,PUMP MISC,,PLANNED_WO,RS-GUPCO,
164828,"Shaft Pump, P/NO. B42970F1 13 2216","مضخة عمود، رقم القطعة B42970F1 13 2216",PU,7907172,B42970F0132216,EACH,PUMP MISC,,INSURANCE_SPARE,RS-GUPCO,
164829,"COLUMN, BOTTOM P/N. C00150F2608510","العمود السفلي، رقم القطعة: C00150F2608510",PU,7907172,C00150F2608510,EACH,PUMP MISC,,PLANNED_WO,RS-GUPCO,
164830,"SUCTION, BELL","شفط، جرس",PU,7907172,B00425F003 1123,EACH,PUMP MISC,,INSURANCE_SPARE,RS-GUPCO,02U23D (1)
165459,"IMPELLER, P/No.8X23J3BX1b-813     diameter 17""","مروحة، رقم القطعة 8X23J3BX1b-813، قطرها 17 بوصة",PU,7909110,8X23J3BX1B-813,EACH,PUMP MISC,,INSURANCE_SPARE,RS-GUPCO,01E29D (1)
161563,"TRUNNION, CLOSED",محور مغلق,PU,7313106,237-0022-006,EACH,PUMP CENTRIFUG,,PLANNED_WO,RS-GUPCO,
161173,"ELBOW, COOLER","الكوع، المبرد",MM,7103120,3N6377,EACH,CATERPILLAR,,INSURANCE_SPARE,RS-GUPCO,04L16B (1)
165485,"O-RING, GASKET. Flowserve Part Num: H7034660-GS000 (CCN: 95018396)","حلقة دائرية، حشية. رقم جزء فلوسيرف: H7034660-GS000 (CCN: 95018396)",PU,7902234,H7034660-GS000,EACH,PUMP MISC,,SURPLUS,RS-GUPCO,03B16B
165572,"FLANGE, SEAL, REF NO S-11.","شفة، مانع تسرب، رقم المرجع S-11.",PU,7902214,167698EU,EACH,PUMP MISC,,PLANNED_WO,RS-GUPCO,
165562,"SPACER, COUPLING , Flowserve Part Num: AX116105-UP000 (CCN: 81922743)","فاصل، وصلة، رقم قطعة Flowserve: AX116105-UP000 (CCN: 81922743)",PU,7902224,AX116105-UP000,EACH,PUMP MISC,,INSURANCE_SPARE,RS-GUPCO,
165573,"CASE, SERIES 4 IN. COLUMN REF.NO. 78","علبة، سلسلة 4 بوصة، عمود، رقم المرجع 78",PU,7902214,AX265108-JX000,EACH,PUMP MISC,,PLANNED_WO,RS-GUPCO,
165574,"CASE, BOTTOM 4 IN. PIPE REF.NO. 79","علبة، أنبوب سفلي 4 بوصة، رقم المرجع 79",PU,7902214,AX168916-JX000,EACH,PUMP MISC,,PLANNED_WO,RS-GUPCO,
165575,"FLANGE, TOP CASE 4""","شفة، غطاء علوي 4 بوصات",PU,7902214,AX750286-FV000,EACH,PUMP MISC,,PLANNED_WO,RS-GUPCO,
165577,"COUPLING, HALF MOTOR 1-1/8 IN. BORE",وصلة نصف محرك بقطر داخلي 1-1/8 بوصة,PU,7902214,AX116008-UP000,EACH,PUMP MISC,,INSURANCE_SPARE,RS-GUPCO,02T34F
165578,"PLATE, ADJUSTING","لوحة، ضبط",PU,7902214,AX166539-UP000,EACH,PUMP MISC,,INSURANCE_SPARE,RS-GUPCO,02V45C
165579,"SPACER, COUPLING","فاصل، وصلة",PU,7902214,AX116044-UP000,EACH,PUMP MISC,,INSURANCE_SPARE,RS-GUPCO,02T34G
165584,"CASE, BOTTOM , Flowserve Part Num: AX267960-JX000 (CCN: 81908476)","غطاء سفلي، رقم قطعة Flowserve: AX267960-JX000 (CCN: 81908476)",PU,7902234,AX267960-JX000,EACH,PUMP MISC,,PLANNED_WO,RS-GUPCO,
165585,"CASE, SERIES , Flowserve Part Num: AX268882-JX000 (CCN: 88407489)","CASE, SERIES , Flowserve Part Num: AX268882-JX000 (CCN: 88407489)",PU,7902234,AX268882-JX000,EACH,PUMP MISC,,PLANNED_WO,RS-GUPCO,
165586,"WEAR, RING CASE BOTTON-AISI 410/420 ST. STEEL , Flowserve Part Num: AX753849-BX000 (CCN: 81940628)","زر علبة الخاتم - فولاذ مقاوم للصدأ AISI 410/420، رقم قطعة Flowserve: AX753849-BX000 (CCN: 81940628)",PU,7902234,AX753849-BX000,EACH,PUMP MISC,,PLANNED_WO,RS-GUPCO,
161306,"NOZZLE, FUEL INJECTION",فوهة حقن الوقود,MM,7103116,1CA8N1831,EACH,CATERPILLAR,,INSURANCE_SPARE,RS-GUPCO,04J20
161308,"VALVE,","صمام،",MM,7103116,8N3723,EACH,CATERPILLAR,,INSURANCE_SPARE,RS-GUPCO,04J18G
161310,"BEARING, P/N: 3285574 , FOR ROD & PISTON GROUP","محمل، رقم القطعة: 3285574، لمجموعة قضيب التوصيل والمكبس",MM,7103142,,EACH,CATERPILLAR,,MIN_MAX,RS-GUPCO,04J20A
161302,"HEAD, ASSY. CYLINDER","رأس الأسطوانة، مجموعة الأسطوانة",MM,7103132,8N1187,EACH,CATERPILLAR,,INSURANCE_SPARE,RS-GUPCO,01D22A (1)
161312,"NOZZEL, ASSY","فوهة، مجموعة",MM,7103135,1CA8N7005,EACH,CATERPILLAR,,PLANNED_WO,RS-GUPCO,
161286,"INSERT, VALVE SEAT INLET.","إدخال، مدخل مقعد الصمام.",MM,7103134,1CA1070268,EACH,CATERPILLAR,,INSURANCE_SPARE,RS-GUPCO,04/J07D
161314,"BEARING , MAIN FOR CRANKSHAFT",محمل رئيسي لعمود المرفق,MM,7103120,1CA8N7764,EACH,CATERPILLAR,,INSURANCE_SPARE,RS-GUPCO,04K02A(1)
164543,HEAD COLUMN ASSEMBLY AS ONE BEARING(316 SS)ITEM N O192,مجموعة عمود الرأس كوحدة محمل واحدة (فولاذ مقاوم للصدأ 316) رقم الصنف O192,PU,7907124,B00253B05 6545,EACH,PUMP MISC,,INSURANCE_SPARE,RS-GUPCO,02S19H
164622,"COLUMN, TOP (COATED)                               ITEM NO 641","عمود، الجزء العلوي (مطلي) رقم الصنف 641",PU,7907158,C24170F060 8510,EACH,PUMP MISC,,INSURANCE_SPARE,RS-GUPCO,07/YARD
164624,"COLUMN, BOTTOM (COATED)                            ITEM NO 644","عمود، سفلي (مطلي) رقم الصنف 644",PU,7907158,C24050F604 8510,EACH,PUMP MISC,,INSURANCE_SPARE,RS-GUPCO,07YARD
164626,RETAINER BEARING ITEM NO.652,"حامل التثبيت، رقم الصنف 652",PU,7907158,A68580F000 1123,EACH,PUMP MISC,,INSURANCE_SPARE,RS-GUPCO,02S13F
164628,"BEARING, SUCTION BELL ITEM NO. 690","محمل، جرس شفط، رقم الصنف 690",PU,7907158,A13330F000 1618,EACH,PUMP MISC,,INSURANCE_SPARE,RS-GUPCO,02S13F
165305,"HOUSING, BEARING REF. NO. 159                       ( AH_816 ) & ( AX1_816 )","غلاف، محمل رقم المرجع 159 (AH_816) و (AX1_816)",PU,7909106,211B159AX1-K-816,EACH,PUMP MISC,,MIN_MAX,RS-GUPCO,02T16D
165306,"COVER, BEARING END (PLAIN END) REF.NO.160A         NEW P/N.21B16AX2A-81660166121                      CORRECT P/N. 211B1","غطاء، طرف المحمل (طرف عادي) رقم المرجع 160A، رقم القطعة الجديد 21B16AX2A-81660166121، رقم القطعة الصحيح 211B1",PU,7909106,211B160AX2A-816,EACH,PUMP MISC,,MIN_MAX,RS-GUPCO,02T16D
165307,"RING, RETAINING O.B ST,STEEL MATERIAL.","حلقة تثبيت، مصنوعة من الفولاذ.",PU,7909106,162A13S215-STEEL,EACH,PUMP MISC,,MIN_MAX,RS-GUPCO,02T16E
165308,"GLAND, REF.NO. 16","غدة، رقم المرجع 16",PU,7909106,431G16BX1-204,EACH,PUMP MISC,,PLANNED_WO,RS-GUPCO,
165267,"COUPLING, SHAFT K-500 MONEL REF.NO. 170","وصلة عمود K-500 مونيل، رقم المرجع 170",PU,7920108,287600-900,EACH,PUMP MISC,,INSURANCE_SPARE,RS-GUPCO,02V30E (1)
165500,"BOWL, ASSY. COMPLETE","وعاء، مجموعة كاملة",PU,7902232,741H00480/BOWL,EACH,PUMP MISC,,INSURANCE_SPARE,RS-GUPCO,07YARD
165501,"SHAFT, 1-5/16 IN. DIA. X 193-1/2 IN. LG. REF. NO.  REF.NO.167 (OLD P/NO. 171138-CC)","عمود، قطر 1-5/16 بوصة × طول 193-1/2 بوصة. رقم المرجع: 167 (رقم القطعة القديم: 171138-CC)",PU,7902232,8004633,EACH,PUMP MISC,,PLANNED_WO,RS-GUPCO,
165503,"IMPELLER, 1 ST. STAGE REF. NO. 176-1","دافع، المرحلة الأولى، رقم المرجع 176-1",PU,7902232,AX267959-LY000,EACH,PUMP MISC,,INSURANCE_SPARE,RS-GUPCO,02T28H
165504,"O-RING, GASKET REF. NO. 774-1","حلقة دائرية، حشية رقم المرجع 774-1",PU,7902232,20A11CM469,EACH,PUMP MISC,,SURPLUS,RS-GUPCO,03B39E (1)
165506,"COUPLING, MOTOR HALF 2-3/8 IN. BORE REF. NO. 529   (OLD P/N. 171031-RX)                               NEW P/N. 171031-IC","وصلة نصف محرك بقطر 2-3/8 بوصة، رقم المرجع 529 (رقم القطعة القديم 171031-RX)، رقم القطعة الجديد 171031-IC",PU,7902232,AX171031-KX000,EACH,PUMP MISC,,INSURANCE_SPARE,RS-GUPCO,02T30A
165507,COUPLING PUMP HALF 1.16/16 IN. BORE REF.NO. 530    NEW P/N. 268594IC,"وصلة مضخة نصفية بقطر 1.16/16 بوصة، رقم المرجع 530، رقم القطعة الجديد 268594IC",PU,7902232,AX268594-KX000,EACH,PUMP MISC,,INSURANCE_SPARE,RS-GUPCO,02T30A
165508,"PLATE, ADJUSTMENT REF. NO. 532","لوحة، رقم مرجع الضبط 532",PU,7902232,AX268593-UP000,EACH,PUMP MISC,,INSURANCE_SPARE,RS-GUPCO,02T30B
165509,"RING,SPLIT FOR 2-3/8 IN.SHAFT REF.NO.256","حلقة مشقوقة لعمود بقطر 2-3/8 بوصة، رقم المرجع 256",PU,7902232,AX754112-CK000,EACH,PUMP MISC,,INSURANCE_SPARE,RS-GUPCO,02T30B
165510,"BLOCK, RUBBER INSERT FOR COUPLING KOP PERS NO. 4   (10 PER/SET)","كتلة، حشوة مطاطية لوصلة KOP رقم 4 (10 قطع لكل مجموعة)",PU,7902232,5229411,SET,PUMP MISC,,INSURANCE_SPARE,RS-GUPCO,03B16B
165511,"BEARING, SERIES CASE REF. NO. 243","محمل، سلسلة، رقم مرجع العلبة 243",PU,7902234,AX169969-PQ000,EACH,PUMP MISC,,INSURANCE_SPARE,RS-GUPCO,02T30C
161366,"SEAL, FOR JOINT ASSY.","مانع تسرب، لمجموعة الوصلات.",MM,7103120,5P4941,EACH,CATERPILLAR,,PLANNED_WO,RS-GUPCO,
165440,Labyrinth (Radial and Thrust Bearing Housings) ref. no. 294A & 294B,متاهة (محامل شعاعية ومحورية) رقم المرجع 294A و294B,PU,7909108,275D294AX1-673,EACH,PUMP MISC,,INSURANCE_SPARE,RS-GUPCO,02T26
165441,"HEAD, SUPPORT",رئيس قسم الدعم,PU,7909110,300B172A-2,EACH,PUMP MISC,,PLANNED_WO,RS-GUPCO,
165442,"FLINGER,","فلينجر،",PU,7909110,300B157CX3B-154,EACH,PUMP MISC,,PLANNED_WO,RS-GUPCO,
165443,"LINING, BEARING                                    NEW P/N. 350B191X4-142/17                          ""A NON ASBESTOS AL","بطانة، محمل جديد رقم القطعة 350B191X4-142/17 ""خالية من الأسبستوس""",PU,7909110,350B191X4-142/17,EACH,PUMP MISC,,MIN_MAX,RS-GUPCO,02T26
165444,"Collar, thrust used for KINGSBURY thrust bearing KTB, Model NN-6, DWG 465664, C.C.W (HI).","طوق الدفع المستخدم لمحمل الدفع KINGSBURY KTB، طراز NN-6، DWG 465664، عكس اتجاه عقارب الساعة (HI).",PU,7909110,400B28EX2-17,EACH,PUMP MISC,,INSURANCE_SPARE,RS-GUPCO,02T26C
160953,MANIFOLD,مشعب,MM,7103126,5L3027,EACH,CATERPILLAR,,INSURANCE_SPARE,RS-GUPCO,01D16A (1)
165448,"SHIM, 0.010 IN. THICK FOR THRUST COLLAR            NEW P/NO. 214D257AXG2-249                          REF.1862","حشوة، بسماكة 0.010 بوصة، لطوق الدفع، رقم القطعة الجديد 214D257AXG2-249، المرجع 1862",PU,7909110,214D257AXG2-249,EACH,PUMP MISC,,INSURANCE_SPARE,RS-GUPCO,02T26D
161561,"SLEEVE, CONICAL BEARING","جلبة، محمل مخروطي",PU,7313106,237-0020-052,EACH,PUMP CENTRIFUG,,PLANNED_WO,RS-GUPCO,
160958,"TUBE, OIL PUMP OUTLET","أنبوب، مخرج مضخة الزيت",MM,7103116,5L5984,EACH,CATERPILLAR,,INSURANCE_SPARE,RS-GUPCO,04H14G (1)
165452,"BUSHING, STUFFING BOX REF.NO. 88                   NEW P/N. 60187465 325D88DX1-9","جلبة، صندوق حشو، رقم المرجع 88، رقم القطعة الجديد 60187465 325D88DX1-9",PU,7909106,325D88DX1-9,EACH,PUMP MISC,,INSURANCE_SPARE,RS-GUPCO,02T26F
165454,"RING, CASING","حلقة، غلاف",PU,7909110,1176D6AX1-204,EACH,PUMP MISC,,MIN_MAX,RS-GUPCO,02T28A
165456,"Vertical in line ANSI process pump complete with electric motor, handle fresh water, flowrate 40 GPM and differential pr","مضخة معالجة عمودية خطية ANSI مزودة بمحرك كهربائي، تتعامل مع المياه العذبة، معدل تدفق 40 جالونًا في الدقيقة وضغط تفاضلي",PU,7909134,1K2x1.5V-8RV M3V,EACH,PUMP MISC,,MIN_MAX,RS-GUPCO,
165457,"COUPLING, COMPLETE LOVEJOY L075                    *- DRIVE HALF BORE.450""+.001""-000""                 *- DRIVEN HALF BOR",وصلة كاملة من نوع لوفجوي L075 *- نصف قطر القيادة 0.450 بوصة + 0.001 بوصة - 0.000 بوصة *- نصف قطر القيادة,PU,7909110,PP-L075,EACH,PUMP MISC,,PLANNED_WO,RS-GUPCO,
161405,"PISTON,","مكبس،",MM,7103126,3S1824,EACH,CATERPILLAR,,MIN_MAX,RS-GUPCO,04K14A(1)
161406,"PISTON,                                            (P.F.ENGINE GAS MOD G-398 C.R 10:1 S/NO.73B451      ARR.NO.3N3370 )","مكبس، (محرك بنزين موديل G-398 نسبة انضغاط 10:1 رقم التسلسل 73B451 رقم التجميع 3N3370)",MM,7103116,1CA3S1826,EACH,CATERPILLAR,,INSURANCE_SPARE,RS-GUPCO,04Q02B (1)
165268,"LINESHAFT outer diameter 1 and total length 10 feet, both ends are straight ends of 1- 12 thread size, LH thread, length","عمود نقل الحركة بقطر خارجي 1 بوصة وطول إجمالي 10 أقدام، كلا الطرفين مستقيمان بمقاس لولبي 1-12، لولب يساري، طول",PU,7920108,1570-54,EACH,PUMP MISC,,MIN_MAX,RS-GUPCO,
165290,"BOWL, OLS TOP STAGE ITEM NO. 20","وعاء، المرحلة العليا من OLS، رقم الصنف 20",PU,7918104,2621953,EACH,PUMP MISC,,INSURANCE_SPARE,RS-GUPCO,02V36D (1)
165074,"KEY,IMPELLER AND CENTER SLEEVE ITEM NO.258","مفتاح، مروحة، وغطاء مركزي، رقم الصنف 258",PU,7902106,1326597,EACH,PUMP MISC,,PLANNED_WO,RS-GUPCO,
165075,"PIECE, STAGE (BETWEEN 1.2),AISI 347 W/WALLEX 55    ITEM # 208, MTL. 9704   DWG.NO. D1B821-20","قطعة، منصة (بين 1.2)، AISI 347 مع WALLEX 55، رقم الصنف 208، رقم المادة 9704، رقم الرسم D1B821-20",PU,7902107,2219838,EACH,PUMP MISC,,MIN_MAX,RS-GUPCO,02T12
165076,"LOCK NUT,SHAFT                                     ITEM NO.821","صامولة قفل، عمود، رقم الصنف 821",PU,7902107,921-281,EACH,PUMP MISC,,SURPLUS,RS-GUPCO,
165077,"BEARING, JOURNAL ASSY. DRIVE END ITEM NO.303A","محمل، مجموعة انزلاق، طرف محرك، رقم الصنف 303A",PU,7902106,1411195,EACH,PUMP MISC,,INSURANCE_SPARE,RS-GUPCO,
164958,"O-RING,","حلقة دائرية،",PU,7902106,1056204,EACH,PUMP MISC,,INSURANCE_SPARE,RS-GUPCO,03/B14B (1)
165079,"JOURNAL, BEARING.","دفتر يوميات، حامل.",PU,7902107,1411063,EACH,PUMP MISC,,INSURANCE_SPARE,RS-GUPCO,
165080,"SLEEVE, SHAFT (BET 1 & 2),AISI 347 W/WALLEX 50 ITEM # 231, MTL 9703  DWG.NO. B1A821-13","جلبة، عمود (بين 1 و2)، AISI 347 مع WALLEX 50، رقم الصنف 231، MTL 9703، رقم الرسم B1A821-13",PU,7902107,2219848,EACH,PUMP MISC,,INSURANCE_SPARE,RS-GUPCO,02 T 12
165081,"RING, OIL JOURNAL BRG. ITEM NO. 332","حلقة، دفتر يوميات الزيت، رقم الصنف 332",PU,7902106,1580A47501,EACH,PUMP MISC,,PLANNED_WO,RS-GUPCO,
165083,"Non-Asbestos Gasket, KLINGERSIL C-4430 (2000 mm X 1500 mm X 0.5 mm) or alternative","حشية خالية من الأسبستوس، KLINGERSIL C-4430 (2000 مم × 1500 مم × 0.5 مم) أو بديل لها",PU,7902107,1644130,EACH,PUMP MISC,,MIN_MAX,RS-GUPCO,
165084,"RING, CASE (STG.1-SUCT.SIDE),AISI 347 W/WALLEX  5 5ITEM # 204 , MTL. 9704,DWG.NO. A1B821-06","حلقة، علبة (المرحلة 1 - جانب الشفط)، AISI 347 مع WALLEX 5 5، رقم الصنف 204، رقم المادة 9704، رقم الرسم A1B821-06",PU,7902107,2219836,EACH,PUMP MISC,,MIN_MAX,RS-GUPCO,02T12
160885,"BOLT, 1/4 IN X 1-1/8 IN NC THRD.","مسمار، 1/4 بوصة × 1-1/8 بوصة NC THRD.",MM,7103144,10CA9F6580,EACH,CATERPILLAR,,INSURANCE_SPARE,RS-GUPCO,04/H24E
165085,"RING, CASE STAGE 1-DISCH.SIDE,ITEM NO. 202  P/N 1122614","حلقة، علبة المرحلة 1 - جانب التفريغ، رقم الصنف 202، رقم القطعة 1122614",PU,7902107,2219835,EACH,PUMP MISC,,PLANNED_WO,RS-GUPCO,
165086,"PIECE, STAGE SERIES IMP. HUB,AISI 347 W/WALLEX 55 ITEM # 209 , MTL. 9704   DWG.NO. B1B821-10","قطعة، سلسلة المسرح، محور مستورد، AISI 347 مع WALLEX 55، رقم الصنف 209، رقم المادة 9704، رقم الرسم B1B821-10",PU,7902107,2219839,EACH,PUMP MISC,,MIN_MAX,RS-GUPCO,
165088,"PIECE, STAGE CENTER,AISI 347 W/WALLEX 55 ITEM # 211, MTL. 9704   DWG. NO. B1B821-21","قطعة، مركز المسرح، AISI 347 مع WALLEX 55، رقم الصنف 211، رقم المادة 9704، رقم الرسم B1B821-21",PU,7902107,2219841,EACH,PUMP MISC,,MIN_MAX,RS-GUPCO,02T12
165557,"BOX, STUFFING ASSY PER DWG 267013                  COMPLETE WITH BUSHING","صندوق، مجموعة حشو وفقًا للرسم رقم 267013، كاملة مع جلبة.",PU,7902224,88470361,EACH,PUMP MISC,,MIN_MAX,RS-GUPCO,02T32F
165558,"BEARING, FOR STUFFING BOX BRZ. , Flowserve Part Num: AX998188-FJ000 (CCN: 81939438)","محمل، لصندوق الحشو BRZ.، رقم قطعة Flowserve: AX998188-FJ000 (CCN: 81939438)",PU,7902224,AX998188-FJ000,EACH,PUMP MISC,,INSURANCE_SPARE,RS-GUPCO,02T32G
165559,"O-RING, FOR STUFFING BOX , Flowserve Part Num: 568244GS ( CCN: 95086666)","حلقة دائرية، لصندوق الحشو، رقم قطعة Flowserve: 568244GS (CCN: 95086666)",PU,7902224,568244GS,EACH,PUMP MISC,,MIN_MAX,RS-GUPCO,03B16D
165560,"COUPLING, GEAR HALF 2-3/8"" P/N. 116107IC C/W PUMP  HALF COUPLING 1-15/16"" P/N. 167133-MF","وصلة تروس نصفية 2-3/8 بوصة، رقم القطعة 116107IC، مزودة بوصلة مضخة نصفية 1-15/16 بوصة، رقم القطعة 167133-MF",PU,7902224,AX116107-UP000,EACH,PUMP MISC,,PLANNED_WO,RS-GUPCO,
165561,"PLATE, ADJUSTING Flowserve Part Num: AX166541-UP000",لوحة ضبط Flowserve رقم القطعة: AX166541-UP000,PU,7902224,AX166541-UP000,EACH,PUMP MISC,,INSURANCE_SPARE,RS-GUPCO,02V47B (1)
161793,FLUID CYLINDER ITEM 300 P/N. 300E0601800B21100.,"أسطوانة سائلة، رقم الصنف 300، رقم القطعة 300E0601800B21100.",PU,7321128,126998,EACH,PUMP CENTRIFUG,,INSURANCE_SPARE,RS-GUPCO,01D32A (1)
161806,"PUMP, SUMP DRUM-27 ""TUBE (CARBOY SIZE)"" PLASTIC    PIPING ""CAT.NO.74011 COMPLETE WITH MOTOR TYPE-MA2  LUTZ 115 V. 60 HZ","مضخة، حوض تجميع - 27 ""أنبوب (بحجم قارورة)"" أنابيب بلاستيكية ""رقم الصنف 74011"" كاملة مع محرك من النوع MA2 LUTZ 115 فولت، 60 هرتز",PU,0,MSLPPH,EACH,PUMP ROTARY/SL,,PLANNED_WO,RS-GUPCO,
161739,"PLUNGER, P/NO. 353B0837906 R53100","مكبس، رقم القطعة 353B0837906 R53100",PU,7319100,353B0837906R53100,EACH,PUMP CENTRIFUG,,INSURANCE_SPARE,RS-GUPCO,
161781,"SEAL, OIL","مانع تسرب، زيت",PU,7321128,94111000150,EACH,PUMP CENTRIFUG,,INSURANCE_SPARE,RS-GUPCO,02S47E (1)
161400,"BEARING, MAIN CRANKSHAFT",محمل عمود المرفق الرئيسي,MM,7103132,1CA2323233,EACH,CATERPILLAR,,PLANNED_WO,RS-GUPCO,
161036,"O-RING, SEAL 0.755"" ID X 0.97"" DIA. BLACK P","حلقة مانعة للتسرب، قطر داخلي 0.755 بوصة × قطر 0.97 بوصة، لون أسود",MM,7103144,50CA2M9780,EACH,CATERPILLAR,,INSURANCE_SPARE,RS-GUPCO,03A08D (1)
161408,"GASKET, EXHAUST BYPASS","حشية، صمام تحويل العادم",MM,7103128,7C9710,EACH,CATERPILLAR,,PLANNED_WO,RS-GUPCO,04Q10F (1)
164792,"SHAFT, PUMP  ITEM NO 660","عمود المضخة، رقم الصنف 660",PU,7907165,B42830F1062403,EACH,PUMP MISC,,INSURANCE_SPARE,RS-GUPCO,01N03C (1)
161412,"CHAMBER, ASSY. PRECOMB.                            FOR CYLINDER HEAD & VALVE MECHANISM                @ ACTIVE LOC. 45","غرفة، مجموعة التجميع المسبق لرأس الأسطوانة وآلية الصمامات @ الموقع النشط 45",MM,7103132,5S6795,EACH,CATERPILLAR,,SURPLUS,RS-GUPCO,04Q20D (1)
161418,"CHAMBER, PRECOMBUSTION",غرفة الاحتراق المسبق,MM,7103116,7S5787,EACH,CATERPILLAR,,PLANNED_WO,RS-GUPCO,
161419,"SPRING,  VALVE FOR CYLINDER HEAD & VALVE MECHANIS M",زنبرك وصمام لرأس الأسطوانة وآلية الصمام M,MM,7103132,10CA7S7144,EACH,CATERPILLAR,,PLANNED_WO,RS-GUPCO,04Q23D (1)
161490,"RING GROUP , including OF :","مجموعة الحلقات، بما في ذلك:",MM,7103139,1CA1W8922,EACH,CATERPILLAR,,PLANNED_WO,RS-GUPCO,04k03d
161491,"PISTON, GROUP REPLACED BY BODY P/NO 1W9372 AND RING G P/NO 1W8922 MULTIPLE PART REPLACE, P/N. 1W9373 BODY A, P/N. 1W9372","تم استبدال مجموعة المكبس بجسم رقم 1W9372 وحلقة G رقم 1W8922. استبدال أجزاء متعددة، رقم القطعة 1W9373، جسم A، رقم القطعة 1W9372.",MM,7103139,1W9373,EACH,CATERPILLAR,,PLANNED_WO,RS-GUPCO,
165563,"BOWL ASSY. COMPLETE, SN 681-H-0720/21, 16 HOLE FLANGE,","مجموعة وعاء كاملة، الرقم التسلسلي 681-H-0720/21، شفة ذات 16 فتحة،",PU,7902224,V004455-001,EACH,PUMP MISC,,INSURANCE_SPARE,RS-GUPCO,07YARD
165565,"HEADSHAFT, 2-3/16"" X 9 FT. 10-3/4"" LONG TURN BACK 1-15/16"" DIA. X 18"" LONG Flowserve Part Num: 8006408","عمود رأس، 2-3/16 بوصة × 9 أقدام. طول 10-3/4 بوصة، انحناء للخلف قطر 1-15/16 بوصة × طول 18 بوصة، رقم قطعة Flowserve: 8006408",PU,7902224,8006408,EACH,PUMP MISC,,MIN_MAX,RS-GUPCO,01N06D
165566,"HOLD TILL 1/12/2026, COLUMN.DUTER 10 IN. X 8 FT. 4-3/4"" IN.LONG","يُحفظ حتى 1/12/2026، عمود بطول 10 بوصات × 8 أقدام، 4-3/4 بوصة",PU,7902224,AX753184-GQ000,EACH,PUMP MISC,,MIN_MAX,RS-GUPCO,
165593,"WEAR, RING IMPELLER SERIES AISI 410/420 ST. STEEL",سلسلة دوارات حلقية قابلة للتآكل من الفولاذ المقاوم للصدأ AISI 410/420,PU,7902234,173470BH,EACH,PUMP MISC,,PLANNED_WO,RS-GUPCO,
165594,PUMP SHAFT-NITRONIC 50,عمود المضخة - نيترونيك 50,PU,7902234,8024886,EACH,PUMP MISC,,INSURANCE_SPARE,RS-GUPCO,01M05E
165595,"BEARING, CASE SERIES-SPIRAL GROOVED, NITRONIC 60 @RF.RS.101/00 Flowserve Part Num: 8026471 (CCN: 81917865)","محمل، سلسلة العلبة - حلزوني محزز، نيترونيك 60 @RF.RS.101/00 رقم قطعة فلو سيرف: 8026471 (CCN: 81917865)",PU,7902234,8026471,EACH,PUMP MISC,,PLANNED_WO,RS-GUPCO,
161564,"WORM, SINGLE EXTENSION","دودة، وصلة واحدة",PU,7313106,252-0023-100,EACH,PUMP CENTRIFUG,,INSURANCE_SPARE,RS-GUPCO,02S30F (1)
165553,"SHAFT, PUMP, 13/16"" DIA X 2 FT 10-1/4"" LONG        REF.NO. 167","عمود مضخة، قطر 13/16 بوصة × طول 2 قدم 10-1/4 بوصة، رقم المرجع 167",PU,7902214,8004634,EACH,PUMP MISC,,MIN_MAX,RS-GUPCO,02T32D
165602,"COUPLING, PUMP SHAFT 3/4 IN.",وصلة عمود المضخة 3/4 بوصة,PU,7902214,AX117307-SG000,EACH,PUMP MISC,,SURPLUS,RS-GUPCO,02T36F
165603,"IMPELLER, 7 VANE ""M"" CUT TO 3-5/8"" STD U.F. BRZ","مروحة، 7 ريش ""M"" مقطوعة إلى 3-5/8 بوصة قياسية UF BRZ",PU,7902214,AX750429-FA000,EACH,PUMP MISC,,MIN_MAX,RS-GUPCO,02T36F
165604,"BEARING, SERIES CASE BRZ.","محمل، سلسلة علبة BRZ.",PU,7902214,AX117810-FJ000,EACH,PUMP MISC,,PLANNED_WO,RS-GUPCO,02T36F
165605,"BEARING, BOTTOM CASE BRZ.","محمل، غطاء المحرك السفلي BRZ.",PU,7902214,AX117803-FJ000,EACH,PUMP MISC,,PLANNED_WO,RS-GUPCO,
165606,"Motor stand used for BJ PUMP, VTRK SIZE 5.5 G, 4 STG S/N 691-H-0045/46.","حامل المحرك المستخدم لمضخة BJ، VTRK SIZE 5.5 G، 4 STG S/N 691-H-0045/46.",PU,7902214,AX167192-GQ000,EACH,PUMP MISC,,PLANNED_WO,RS-GUPCO,
165608,"IMPELLER,REF.NO.176","مروحة، رقم المرجع 176",PU,7902200,AX218291-FV000,EACH,PUMP MISC,,OBSOLETE,RS-GUPCO,02T36
165486,"VERTICAL PUMP 100 VLT, 6 STG COMPLETE WITHOUT DISCHARGE HEAD AND ELECT. MOTOR (INCLUDING BOWL ASSY., SHAFTS, SPIDERS, CO","مضخة عمودية 100 فولت، 6 مراحل كاملة بدون رأس تصريف ومحرك كهربائي (بما في ذلك مجموعة الوعاء، والأعمدة، والوصلات، وCO",PU,7902310,,EACH,PUMP MISC,,STRATEGIC_WO,RS-GUPCO,
165587,"CASE SERIES WEAR RING  O.D. 7.755"" I.D. 7.250"" W. 1.000"" , Flowserve Part Num: AX173506-BX000 (CCN: 81939799)","حلقة تآكل من سلسلة CASE، القطر الخارجي 7.755 بوصة، القطر الداخلي 7.250 بوصة، العرض 1.000 بوصة، رقم قطعة Flowserve: AX173506-BX000 (CCN: 81939799)",PU,7902234,AX173506-BX000,EACH,PUMP MISC,,PLANNED_WO,RS-GUPCO,
160842,"BOLT, 1/4 IN X 1-1/4 IN NC THRD.","مسمار، 1/4 بوصة × 1-1/4 بوصة NC THRD.",MM,7103144,100CA7B2742,EACH,CATERPILLAR,,INSURANCE_SPARE,RS-GUPCO,04/H20D
160843,"BOLT, 1/2 IN X 1-3/8 IN NC THRD.","مسمار، 1/2 بوصة × 1-3/8 بوصة NC THRD.",MM,7103144,25CA7B3235,EACH,CATERPILLAR,,INSURANCE_SPARE,RS-GUPCO,04H08
160873,"CAP SCREW,","برغي رأسي،",MM,7103126,4F0411,EACH,CATERPILLAR,,INSURANCE_SPARE,RS-GUPCO,04F08G (1)
161427,"BODY, FUEL VALVE",جسم صمام الوقود,MM,7103132,1CA8S2389,EACH,CATERPILLAR,,INSURANCE_SPARE,RS-GUPCO,04Q17B (1)
161428,"KIT, REBUILD FOR WATER PUMP",طقم إصلاح مضخة المياه,MM,7103120,1W7080,EACH,CATERPILLAR,,INSURANCE_SPARE,RS-GUPCO,04Q17C (1)
161429,"KIT, REBUILD FOR WATER PUMP",طقم إصلاح مضخة المياه,MM,7103126,1CA1W7080,EACH,CATERPILLAR,,INSURANCE_SPARE,RS-GUPCO,04/K21D
161586,"VALVE, ASSY. AIR PLEED  ITEM 101-A","صمام، مجموعة، تفريغ الهواء، البند 101-أ",PU,7313104,1010018000,EACH,PUMP CENTRIFUG,,PLANNED_WO,RS-GUPCO,
161587,VALVE ASSY. RELIEF,مجموعة صمام تخفيف الضغط,PU,7313104,1010017100,EACH,PUMP CENTRIFUG,,PLANNED_WO,RS-GUPCO,
161588,"VALVE , ASSY. RELIEF","صمام، مجموعة تخفيف الضغط",PU,7313104,101-0013-005,EACH,PUMP CENTRIFUG,,PLANNED_WO,RS-GUPCO,
161592,"VALVE, ASSY. CHECK","صمام، مجموعة فحص",PU,7313104,2210060002F,EACH,PUMP CENTRIFUG,,INSURANCE_SPARE,RS-GUPCO,02/Q19G
161593,"ADAPTER, PLUNGER","محول، مكبس",PU,7313104,2720026406,EACH,PUMP CENTRIFUG,,PLANNED_WO,RS-GUPCO,
161594,"DIAPHRAGM,","غشاء،",PU,7313104,2980010475N,EACH,PUMP CENTRIFUG,,SURPLUS,RS-GUPCO,02/Q17A
164511,RING WEARING,ارتداء الخواتم,PU,7907132,68273-1106,EACH,PUMP MISC,,SURPLUS,RS-GUPCO,
164547,"HOUSING, BEARING, ITEM NO 249.( D.N.R ""DONT REORDER"" )","غلاف، محمل، رقم الصنف 249. (DNR ""لا تعيد الطلب"")",PU,7907124,8910-0008,EACH,PUMP MISC,,PLANNED_WO,RS-GUPCO,
164548,"Hold Till 1/12/2026 , RING, RETAINING BALL BEARING, ITEM NO 361-A.","يُحفظ حتى 1/12/2026، حلقة، محمل كروي تثبيت، رقم الصنف 361-أ.",PU,7907124,81545 393 0000,EACH,PUMP MISC,,PLANNED_WO,RS-GUPCO,
161377,"CLAMP, FOR TURBOCHARGER","مشبك، لشاحن توربيني",MM,7103128,2S1304,EACH,CATERPILLAR,,INSURANCE_SPARE,RS-GUPCO,04P09A (1)
164473,"hold till 1/1/2027,  BOX, STUFFING ITEM NO. 616","يُحفظ حتى 1/1/2027، صندوق، حشو، رقم الصنف 616",PU,7907159,C19260F000 1117,EACH,PUMP MISC,,MIN_MAX,RS-GUPCO,
164475,"GLAND, SPLIT STUFFING BOX ITEM NO. 618","غدة، صندوق حشو مقسم، رقم الصنف 618",PU,7907160,B34670F000 1117,EACH,PUMP MISC,,MIN_MAX,RS-GUPCO,02S21D
164850,"HEAD SHAFT,  P/N. B00019FRCE 2216","عمود رأس، رقم القطعة B00019FRCE 2216",PU,7907157,B00019FRCE 2216,EACH,PUMP MISC,,PLANNED_WO,RS-GUPCO,
164852,LINE SHAFT 05 FT.                                  P/N. B 00004FNAA 2216,عمود نقل الحركة 05 قدم. رقم القطعة B 00004FNAA 2216,PU,7907157,B00004FNAA2216,EACH,PUMP MISC,,MIN_MAX,RS-GUPCO,01M06E
164425,"GUN, MODEL PARTEK STAINLESS STEEL FAIL SAFE GUN    WITH PISTOL GRIP SHOULDER STOCK AND TRIGGER GUARD  STANDERED","مسدس، طراز بارتيك، مسدس ستانلس ستيل مزود بنظام أمان ضد الأعطال، مع مقبض مسدس، وكتف، وواقي زناد قياسي",PU,7916102,3109300-304,EACH,PUMP MISC,,PLANNED_WO,RS-GUPCO,
164430,"HOSE, 50 FT length of cross section ½ I.D, max. operating pressure is 10,000 PSI, WIRE REINFORCED HOSE WITH QUICK CONNE","خرطوم بطول 50 قدمًا وقطر داخلي ½ بوصة، أقصى ضغط تشغيل 10000 رطل لكل بوصة مربعة، خرطوم مقوى بسلك مع وصلة سريعة",PU,7916102,61-22053050,EACH,PUMP MISC,,PLANNED_WO,RS-GUPCO,
164444,"IMPELLER, ITEM NO.101","المروحة، رقم الصنف 101",PU,7907114,R76777,EACH,PUMP MISC,,INSURANCE_SPARE,RS-GUPCO,02U52G (1)
165089,"BUSHING, THROTTLE,AISI 347 W/WALLEX 55 ITEM # 215 , MTL. 9704  DWG.NO. B1B821-12","جلبة خانق، AISI 347 مع WALLEX 55، رقم الصنف 215، رقم المادة 9704، رقم الرسم B1B821-12",PU,7902107,2219842,EACH,PUMP MISC,,MIN_MAX,RS-GUPCO,02T12
165090,"RING, IMP. (STG.1 SUCT SIDE),AISI 347 W/WALLEX 50 ITEM # 222 , MTL. 9703   DWG.NO. A1B821-08","حلقة، فولاذ مقوى (جانب شفط المرحلة 1)، AISI 347 مع WALLEX 50، رقم الصنف 222، رقم المادة 9703، رقم الرسم A1B821-08",PU,7902107,2219844,EACH,PUMP MISC,,MIN_MAX,RS-GUPCO,02T12
161399,"O-RING, SEAL FOR WATER LINES",حلقة دائرية مانعة للتسرب لخطوط المياه,MM,7103128,10CA2S2251,EACH,CATERPILLAR,,PLANNED_WO,RS-GUPCO,
161401,"PUMP, FUEL INJECTION",مضخة حقن الوقود,MM,7103116,1CA2S7264,EACH,CATERPILLAR,,MIN_MAX,RS-GUPCO,04J21
161404,"GASKET KIT, WATER PUMP",طقم حشيات مضخة الماء,MM,7103116,1CA3S1723,EACH,CATERPILLAR,,MIN_MAX,RS-GUPCO,
161430,"CHAMBER,","غرفة،",MM,7103116,8S3617,EACH,CATERPILLAR,,INSURANCE_SPARE,RS-GUPCO,04Q17F (1)
161415,"CARTRIDGE, GROUP TURBO.","خرطوشة، مجموعة التوربو.",MM,7103120,1CA8S6009,EACH,CATERPILLAR,,INSURANCE_SPARE,RS-GUPCO,04J17
161416,"GASKET, FOR MANIFOLD",حشية للمشعب,MM,7103132,8S6410,EACH,CATERPILLAR,,OBSOLETE,RS-GUPCO,04K24C(1)
161431,"TURBOCHARGER, ASSY.","شاحن توربيني، مجموعة.",MM,7103132,1CA8S8039,EACH,CATERPILLAR,,SURPLUS,RS-GUPCO,04K19H(1)
161437,"BOLT, 1/2 IN.NC THRD X 2.500 IN.","مسمار، 1/2 بوصة، سن لولبي غير متصل × 2.500 بوصة.",MM,7103144,25CA9S1366,EACH,CATERPILLAR,,PLANNED_WO,RS-GUPCO,
161439,"BOLT, 12 PT.HD. 1/4 IN. NC THRD. X 5/8 IN.","مسمار، رأس مدبب 12 نقطة، خيط NC 1/4 بوصة × 5/8 بوصة",MM,7103144,9S5033,EACH,CATERPILLAR,,INSURANCE_SPARE,RS-GUPCO,04P05C (1)
161440,"CHAMBER, ASSY. PRECOMB                             FOR CYLINDER HEAD & VALVE MECHANISM","غرفة، مجموعة، مُجهزة مسبقًا لرأس الأسطوانة وآلية الصمامات",MM,7103132,9S8679,EACH,CATERPILLAR,,SURPLUS,RS-GUPCO,04Q03A (1)
161441,"RING, PISTON",حلقة المكبس,MM,7103116,1W5105,SET,CATERPILLAR,,MIN_MAX,RS-GUPCO,04J13
161446,"GAUGE, DIFFERENTIAL PRESSURE",مقياس الضغط التفاضلي,MM,7103144,8T0839,EACH,CATERPILLAR,,PLANNED_WO,RS-GUPCO,04J13C
161447,"GAUGE, COMPOUND PRESSURE",مقياس الضغط المركب,MM,7103144,8T0840,EACH,CATERPILLAR,,PLANNED_WO,RS-GUPCO,04J13
161448,"GAUGE, PRESSURE FROM 0 TO 50 KPA",مقياس ضغط من 0 إلى 50 كيلو باسكال,MM,7103144,8T0848,EACH,CATERPILLAR,,PLANNED_WO,RS-GUPCO,04J13D
164385,"PLUNGER, ITEM NO. 5","مكبس، رقم الصنف 5",PU,7920204,61262 P007,EACH,PUMP MISC,,SURPLUS,RS-GUPCO,
161420,"REGULATOR, ASSY. FOR TURBOCHARGER","منظم، مجموعة لشاحن توربيني",MM,7103128,1CA7S7810,EACH,CATERPILLAR,,MIN_MAX,RS-GUPCO,04J17
161421,"VALVE, INLET FOR CYLINDER HEAD & VALVE MECHANISM","صمام، مدخل رأس الأسطوانة وآلية الصمام",MM,7103132,2W2621,EACH,CATERPILLAR,,INSURANCE_SPARE,RS-GUPCO,04/K23E
161423,"VALVE, FUEL",صمام الوقود,MM,7103132,1CA8N8796,EACH,CATERPILLAR,,PLANNED_WO,RS-GUPCO,04J17
161424,"GASKET, FOR CYLINDER HEAD COVER",حشية غطاء رأس الأسطوانة,MM,7103132,8S1605,EACH,CATERPILLAR,,INSURANCE_SPARE,RS-GUPCO,03A06F
164807,"HOUSING, SL. ITEM NO 794B","الإسكان، رقم الصنف 794ب",PU,7907165,C60200F000 1003,EACH,PUMP MISC,,INSURANCE_SPARE,RS-GUPCO,02U27H (1)
164814,"SHAFT,  PUMP (1 IN.0 X 20.87 IN.LG) ITEM NO. 660   LINE NO. 2270",عمود المضخة (1 بوصة × 20.87 بوصة طولًا) رقم الصنف 660 رقم الخط 2270,PU,7907171,B42830F102 2403,EACH,PUMP MISC,,PLANNED_WO,RS-GUPCO,
164817,HOUSTIN SL. ITEM NO. 794B LINE NO. 1003,هيوستن إس إل. رقم الصنف 794ب رقم السطر 1003,PU,7907171,D16080F000 1003,EACH,PUMP MISC,,INSURANCE_SPARE,RS-GUPCO,02U25C (1)
164797,"BEARING, OLS. NEW P/N. B9963-7-9-6111","محمل، OLS. رقم القطعة الجديد: B9963-7-9-6111",PU,7907159,B99630F0096111,EACH,PUMP MISC,,INSURANCE_SPARE,RS-GUPCO,02U27A (1)
164798,"COLUMN, INT. (120 IN.) NEW P/N. C248-120-8510",عمود داخلي (120 بوصة) رقم القطعة الجديد: C248-120-8510,PU,7907159,C24180F120 8510,EACH,PUMP MISC,,INSURANCE_SPARE,RS-GUPCO,07YARD (1)
165091,"RING, IMP. STG.1 DIS. SIDE,AISI 347 W/WALLEX 50 ITEM # 223 , MTL. 9703  DWG. NO. A1B821-07","حلقة، فولاذ مصنّع، المرحلة 1، جانب منفصل، AISI 347 مع WALLEX 50، رقم الصنف 223، رقم المادة 9703، رقم الرسم A1B821-07",PU,7902107,2219845,EACH,PUMP MISC,,PLANNED_WO,RS-GUPCO,
165092,"RING, IMP. SERIES HUB,AISI 347 W/WALLEX 50         ITEM # 226 , MTL. 9703  DWG.NO. A15281-05","حلقة، محور سلسلة إمب، AISI 347 مع WALLEX 50، رقم الصنف 226، رقم المادة 9703، رقم الرسم A15281-05",PU,7902107,2219847,EACH,PUMP MISC,,MIN_MAX,RS-GUPCO,02T12
165093,"SLEEVE, SHAFT CENTER,AISI 347 W/WALLEX 50 ITEM # 232, MTL. 9703  DWG.NO. B1B821-14","جلبة، مركز العمود، AISI 347 مع WALLEX 50، رقم الصنف 232، رقم المادة 9703، رقم الرسم B1B821-14",PU,7902107,2219849,EACH,PUMP MISC,,INSURANCE_SPARE,RS-GUPCO,02V10D (1)
165094,"DEFLECTOR DISC,","قرص عاكس،",PU,7902107,1644440,EACH,PUMP MISC,,MIN_MAX,RS-GUPCO,
164883,COLUMN. BOTTOM ASSY NEW P/NO. C2408-7-30-8510 (these materials should be made in USA and don't substitute),عمود. مجموعة القاعدة الجديدة رقم القطعة C2408-7-30-8510 (يجب أن تكون هذه المواد مصنوعة في الولايات المتحدة الأمريكية ولا يمكن استبدالها),PU,7907176,D01752FNBK8510,EACH,PUMP MISC,,INSURANCE_SPARE,RS-GUPCO,07YARD (1)
165098,"HOLD TILL 1/12/2026, ELEMENT, ROTATING COMP.FOR PUMP 6 STAGE DESTAGED S/N IB 974/76 WITH THRUST BRG.,JOURNAL BRG. AND GA","يُحفظ حتى 1/12/2026، عنصر، ضاغط دوار لمضخة سداسية المراحل مُفككة، الرقم التسلسلي IB 974/76 مع محمل دفع، محمل انزلاقي، و GA",PU,7902107,,EACH,PUMP MISC,,INSURANCE_SPARE,RS-GUPCO,
161571,"PACKING, 7/8""  , PART NO.  4083001094","حشوة، 7/8 بوصة، رقم القطعة 4083001094",PU,7313105,408-3001-074,EACH,PUMP CENTRIFUG,,INSURANCE_SPARE,RS-GUPCO,
161572,"PACKING, SIZE 1-1/8 X1.5/8 X 3 PACKING C07/TEFLON","عبوة، مقاس 1-1/8 × 1.5/8 × 3، عبوة C07/تفلون",PU,7313106,4083001094,EACH,PUMP CENTRIFUG,,INSURANCE_SPARE,RS-GUPCO,
161573,"OIL SEAL CROSSHEAD , USED FOR MILTONROY TYPE C METHANOL PUMP (3.438 INCH X 4.501 INCH X 0.438 INCH) (87.325 MM X 114.33","رأس متقاطع مانع تسرب الزيت، يُستخدم لمضخة ميثانول من نوع ميلتونروي C (87.325 مم × 114.33 مم) (3.438 بوصة × 4.501 بوصة × 0.438 بوصة)",PU,7313106,4380237000N,EACH,PUMP CENTRIFUG,,MIN_MAX,RS-GUPCO,02Q21G
161574,"OIL SEAL WORM SHAFT , USED FOR MILTONROY TYPE C METHANOL PUMP (1.1875 INCH X 2.25 INCH X 0.375 INCH) (30.16 MM X 57.15 M","مانع تسرب زيت لعمود دودة، يُستخدم لمضخة ميثانول من نوع ميلتونروي C (1.1875 بوصة × 2.25 بوصة × 0.375 بوصة) (30.16 مم × 57.15 م)",PU,7313106,4080075010N,EACH,PUMP CENTRIFUG,,INSURANCE_SPARE,RS-GUPCO,02Q19
161575,"BEARING, WORM SHAFT","محمل، عمود دودي",PU,7313106,409-0081-000,EACH,PUMP CENTRIFUG,,PLANNED_WO,RS-GUPCO,
164799,"COLUMN, BOTTOM NEW P/N. C2406-4-8510","عمود سفلي جديد، رقم القطعة: C2406-4-8510",PU,7907159,C24060F404 8510,EACH,PUMP MISC,,INSURANCE_SPARE,RS-GUPCO,07YARD (1)
164800,"COLUMN, TOP (60 IN.) NEW P/N. C2418-60-8510","عمود علوي (60 بوصة) جديد، رقم القطعة: C2418-60-8510",PU,7907159,C24180F060 8510,EACH,PUMP MISC,,INSURANCE_SPARE,RS-GUPCO,07YARD (1)
164839,"HEAD, SHAFT (1.68 IN. X 145 IN. LG.)               NEW P/N. B00020FRP-2216","رأس، عمود (1.68 بوصة × 145 بوصة طولًا) رقم القطعة الجديد B00020FRP-2216",PU,7907159,B00020FRFA2216,EACH,PUMP MISC,,INSURANCE_SPARE,RS-GUPCO,01N01C
164801,"BEARING, BOWL","محمل، وعاء",PU,7907159,H00449F000 1618,EACH,PUMP MISC,,INSURANCE_SPARE,RS-GUPCO,02U27B (1)
164803,"CPSCR., NEW P/N. 49585-166-2229","CPSCR.، رقم القطعة الجديد: 49585-166-2229",PU,7907159,A49585F1662229,EACH,PUMP MISC,,INSURANCE_SPARE,RS-GUPCO,02S01D
164865,HEAD SHAFT 608                                     P/N. B00017FFHN-2216,عمود رأس 608 رقم القطعة B00017FFHN-2216,PU,7907134,B00017FFHN 2216,EACH,PUMP MISC,,PLANNED_WO,RS-GUPCO,
164866,SHAFT PUMP ITEM NO. 660,"مضخة عمود الدوران، رقم الصنف 660",PU,7907134,B53750F0002216,EACH,PUMP MISC,,INSURANCE_SPARE,RS-GUPCO,02T02
164867,"COLLUMN INT. 4"" X 60"" LG. FLANGED","عمود داخلي 4 بوصات × 60 بوصة، ذو حافة كبيرة",PU,7907134,C24140F030 8510,EACH,PUMP MISC,,PLANNED_WO,RS-GUPCO,
164870,"COLUMN TOP 4"" FLANGED",عمود علوي ذو حافة 4 بوصات,PU,7907134,C40300F012 8510,EACH,PUMP MISC,,INSURANCE_SPARE,RS-GUPCO,02U09B (1)
164878,"SHAFT, PUMP ITEM NO 660","عمود المضخة، رقم الصنف 660",PU,7907130,C33370F001 2216,EACH,PUMP MISC,,INSURANCE_SPARE,RS-GUPCO,
165512,"COUPLING, HALF MOTOR REF. NO. 529","وصلة، نصف محرك، رقم المرجع 529",PU,7902234,88445245,EACH,PUMP MISC,,INSURANCE_SPARE,RS-GUPCO,02/V55F
161595,"PLATE, CONTOUR (OIL SIDE)","لوحة، محيط (جانب الزيت)",PU,7313104,29800023016N,EACH,PUMP CENTRIFUG,,PLANNED_WO,RS-GUPCO,
161596,"OIL SEAL WORM SHAFT , DOUBLE , USED FOR MILTONROY TYPE B CHEMICAL PUMP (0.75 INCH X 1.5 INCH X 0.375 INCH) (19.05 MM X 3","مانع تسرب زيت لعمود دودة، مزدوج، يُستخدم لمضخة ميلتونروي الكيميائية من النوع B (0.75 بوصة × 1.5 بوصة × 0.375 بوصة) (19.05 مم × 3)",PU,7313104,4080031050N,EACH,PUMP CENTRIFUG,,INSURANCE_SPARE,RS-GUPCO,
161597,"OIL SEAL CROSSHEAD , USED FOR MILTONROY TYPE B CHEMICAL PUMP (2.125 INCH X 2.875 INCH X 0.252 INCH) (53.98 MM X 73.03 MM","رأس متقاطع مانع تسرب الزيت، يُستخدم لمضخة ميلتونروي الكيميائية من النوع B (2.125 بوصة × 2.875 بوصة × 0.252 بوصة) (53.98 مم × 73.03 مم)",PU,7313104,4080031020N,EACH,PUMP CENTRIFUG,,MIN_MAX,RS-GUPCO,
161598,"COMPLETE COUPLING BETWEEN PUMP AND PUMP, USED FOR CHEMICAL PUMPS (0.625 INCH X 0.625 INCH X 0.1875 INCH KEYWAY) (SEE ATT","وصلة كاملة بين مضختين، تُستخدم لمضخات المواد الكيميائية (مجرى مفتاح 0.625 بوصة × 0.625 بوصة × 0.1875 بوصة) (انظر الملحق)",PU,7313104,4100064020,EACH,PUMP CENTRIFUG,,MIN_MAX,RS-GUPCO,
161599,"RING,LANTERN","خاتم، فانوس",PU,7313106,2060001516,EACH,PUMP CENTRIFUG,,INSURANCE_SPARE,RS-GUPCO,02/Q17
165487,"SHAFT, PUMP REF. NO. 167 , Flowserve Part Num: AX166028(L=85.00)-CC000 (CCN/ COPICS: 8004620)","عمود، مضخة رقم المرجع 167، رقم قطعة Flowserve: AX166028(L=85.00)-CC000 (CCN/ COPICS: 8004620)",PU,7902206,AX166028(L=85.00)-CC000,EACH,PUMP MISC,,PLANNED_WO,RS-GUPCO,
165489,"BEARING, SERIES CASE REF. NO. 243","محمل، سلسلة، رقم مرجع العلبة 243",PU,7902206,AX620826-PQ000,EACH,PUMP MISC,,INSURANCE_SPARE,RS-GUPCO,02J28D
165491,"BUSHING, THROTTLE REF. NO. 230","جلبة، خانق رقم المرجع 230",PU,7902206,AX753691-JX000,EACH,PUMP MISC,,INSURANCE_SPARE,RS-GUPCO,02/V59C
161365,"COUPLING, ASSY. FOR LINES GROUP","وصلة، مجموعة خطوط",MM,7103128,5P4922,EACH,CATERPILLAR,,PLANNED_WO,RS-GUPCO,
161463,"GASKET KIT, MULTIPLE CYL. HEAD , P/N : 2326642","طقم حشيات، رأس أسطوانات متعددة، رقم القطعة: 2326642",MM,7103139,1CA2326642,EACH,CATERPILLAR,,PLANNED_WO,RS-GUPCO,
161467,FUEL ING.LINE NO 6,خط وقود رقم 6,MM,7103139,1917946,EACH,CATERPILLAR,,PLANNED_WO,RS-GUPCO,
161468,"LINES, GP,FUEL:-                                   LOCK       P/N. 4N1292     LINE AS.    P/N. 4P966 1ADAPTER A  P/N. 4N","خطوط الوقود: قفل رقم القطعة 4N1292، خط الوقود رقم القطعة 4P966، محول رقم القطعة 4N",MM,7103165,1W0557,EACH,CATERPILLAR,,PLANNED_WO,RS-GUPCO,
161453,CYLINDER HEAD GROUP,مجموعة رأس الأسطوانة,MM,7103139,1CA1W1439,EACH,CATERPILLAR,,PLANNED_WO,RS-GUPCO,
161443,"MOTOR, GROUP ELECTRIC.","محرك، مجموعة كهربائية.",MM,7103142,3383454,EACH,CATERPILLAR,,MIN_MAX,RS-GUPCO,01D06B
161622,"PACKING, 5/8"" X 1-1/8"" X 2    ITEM # 408E","عبوة، ٥/٨ بوصة × ١-١/٨ بوصة × ٢، رقم الصنف ٤٠٨E",PU,7313108,,SET,PUMP CENTRIFUG,,PLANNED_WO,RS-GUPCO,
161743,"RING,CASING COVER(OLD P/NO.815A25042)","حلقة، غطاء العلبة (رقم القطعة القديم 815A25042)",PU,7321112,815A0250402T50200,EACH,PUMP CENTRIFUG,,INSURANCE_SPARE,RS-GUPCO,02Q11
164509,IMPELLER BRONZ ITEM#101,مروحة برونزية رقم 101,PU,7907132,100-842 -1179,EACH,PUMP MISC,,INSURANCE_SPARE,RS-GUPCO,02S19G
165495,CASE SERIES,سلسلة القضايا,PU,7902304,AX752563-JX000,EACH,PUMP MISC,,INSURANCE_SPARE,RS-GUPCO,02V59F (1)
165496,"SHAFT, PUMP REF.NO.167. Flowserve Part Num: AX166028(L=97.00)-CC000  (CCN: 88386047)","عمود، مضخة رقم المرجع 167. رقم قطعة فلو سيرف: AX166028 (الطول = 97.00)-CC000 (رقم تعريف الصنف: 88386047)",PU,7902222,AX166028 (L=97.00)-CC000,EACH,PUMP MISC,,INSURANCE_SPARE,RS-GUPCO,01N06C
165499,"COLLET, LOCK FOR IMPELLER REF. NO. 272","طوق تثبيت، قفل للمروحة، رقم المرجع 272",PU,7902214,AX750016-CB000,EACH,PUMP MISC,,SURPLUS,RS-GUPCO,02V59G (1)
164476,"RING, WEAR IMPELLER ITEM # 681","حلقة، دافع قابل للتآكل، رقم الصنف 681",PU,7907160,B55260F0001128,EACH,PUMP MISC,,MIN_MAX,RS-GUPCO,
164477,"RING, WEAR BOWL , ITEM NO 680 ,","خاتم، وعاء للارتداء، رقم الصنف 680،",PU,7907160,B55250F0041203,EACH,PUMP MISC,,MIN_MAX,RS-GUPCO,02S21E
164480,"CAP, SCREW 1/2-13NC X 1-1/2 IN. LONG","غطاء، برغي 1/2-13NC × 1-1/2 بوصة طول",PU,7907160,A49511F204 2229,EACH,PUMP MISC,,PLANNED_WO,RS-GUPCO,
164482,"SHAFT, DRIVE ITEM NO. 606","عمود، محرك، رقم الصنف 606",PU,7907160,C02169FFGJ2227,EACH,PUMP MISC,,MIN_MAX,RS-GUPCO,
164515,"RETAINER, BEARING ITEM NO. 652","حامل، رقم الصنف 652",PU,7907160,C00120B37 1102,EACH,PUMP MISC,,INSURANCE_SPARE,RS-GUPCO,02U63D (1)
164516,"BEARING, LINESHAFT ITEM NO. 653","محمل عمود الإدارة، رقم الصنف 653",PU,7907160,C10860F323 6332,EACH,PUMP MISC,,INSURANCE_SPARE,RS-GUPCO,03B12D
164517,"COUPLING, SHAFT ITEM NO. 655","وصلة عمود، رقم الصنف 655",PU,7907160,A00970F169 5914,EACH,PUMP MISC,,MIN_MAX,RS-GUPCO,02S17C
165066,"RING, CASE SERIES-SUCT.SIDE,AISI 347 W/WALLEX 55   ITEM # 206 , MTL. 9704    DWG.NO. A1B821-04","حلقة، سلسلة حافظات - جانب شفط، AISI 347 مع WALLEX 55، رقم الصنف 206، رقم المادة 9704، رقم الرسم A1B821-04",PU,7902107,2219837,EACH,PUMP MISC,,MIN_MAX,RS-GUPCO,02T10
165067,"IMPELLER, STAGE 3 ITEM NO. 247                     PN:1512013","مروحة، المرحلة 3، رقم الصنف 247، رقم القطعة: 1512013",PU,7902106,230.247-1512013,EACH,PUMP MISC,,PLANNED_WO,RS-GUPCO,
160834,"LOCK WASHER, 11.6 MM OR 7/16 IN.","غسالة قفل، 11.6 مم أو 7/16 بوصة.",MM,7103144,3B4507,EACH,CATERPILLAR,,INSURANCE_SPARE,RS-GUPCO,04E17B (1)
161047,"WASHER, 1-7/32"" ID X 1-1/16"" DIA. HARD STEEL","غسالة، قطر داخلي 1-7/32 بوصة × قطر 1-1/16 بوصة، مصنوعة من الفولاذ الصلب",MM,7103144,8M4791,EACH,CATERPILLAR,,INSURANCE_SPARE,RS-GUPCO,04K04H (1)
165568,"KEY, PUMP HALF COUPLING 1/2 IN. SQ.X 3-1/8 IN. , Flowserve Part Num: 1003717 (CCN: 81918640)","مفتاح، وصلة نصف مضخة 1/2 بوصة مربعة × 3-1/8 بوصة، رقم قطعة Flowserve: 1003717 (CCN: 81918640)",PU,7902224,1003717,EACH,PUMP MISC,,PLANNED_WO,RS-GUPCO,
164454,"WASHER, IMPELLER, ITEM NO 199.                     OLD P/N (686-6791-2226-0112).","غسالة، دافعة، رقم الصنف 199. رقم القطعة القديم (686-6791-2226-0112).",PU,7907112,68679-1-2226,EACH,PUMP MISC,,SURPLUS,RS-GUPCO,02N56A (1)
164443,"KEY, IMPELLER, ITEM NO 178.","مفتاح، دافع، رقم الصنف 178.",PU,7907108,49568-52-2226,EACH,PUMP MISC,,INSURANCE_SPARE,RS-GUPCO,02S23
164738,"SPACER, BRG.","فاصل، جسر",PU,7907102,B10029-2210,EACH,PUMP MISC,,SURPLUS,RS-GUPCO,02U27B (1)
164743,"BEARING, INBD.","محمل، داخلي.",PU,7907102,8050-40850,EACH,PUMP MISC,,INSURANCE_SPARE,RS-GUPCO,02U37C (1)
161403,"ROTOCOIL,FOR CYLINDER HEAD & VALVE MECHANISM","ملف دوار، لرأس الأسطوانة وآلية الصمامات",MM,7103132,3S0461,EACH,CATERPILLAR,,INSURANCE_SPARE,RS-GUPCO,04/K12D
164565,"HEADSHAFT, 79 IN. ITEM NO. 608                     P/NO. B00021FHKA-2216","عمود رأس، 79 بوصة. رقم الصنف 608، رقم القطعة B00021FHKA-2216",PU,7907154,B00021FHKA 2216,EACH,PUMP MISC,,INSURANCE_SPARE,RS-GUPCO,01M06A
164567,"HOLD TILL 1/12/2026, HEADSHAFT, 162.5 IN. ITEM NO. 608","يُحفظ حتى 1/12/2026، عمود رأس، 162.5 بوصة، رقم الصنف 608",PU,7907156,B00019FUCJ 2216,EACH,PUMP MISC,,INSURANCE_SPARE,RS-GUPCO,
164521,"COLUMN, TOP ASSY. ITEM NO. 641","عمود، مجموعة علوية. رقم الصنف 641",PU,7907154,D38930F0069616,EACH,PUMP MISC,,INSURANCE_SPARE,RS-GUPCO,07YARD
164504,"SHAFT, ITEM NO. 122","عمود، رقم الصنف 122",PU,7907148,R102-872-2238,EACH,PUMP MISC,,INSURANCE_SPARE,RS-GUPCO,
164524,"COLUMN, BOTTOM ASSY. 68 IN. ITEM NO. 644","عمود، مجموعة سفلية. 68 بوصة. رقم الصنف 644",PU,7907154,D38540F0539616,EACH,PUMP MISC,,INSURANCE_SPARE,RS-GUPCO,07YARD
164566,"SHAFT, DRIVE 56-1/2 IN. ITEM NO. 606","عمود إدارة 56-1/2 بوصة، رقم الصنف 606",PU,7907154,C02182FEJJ2227,EACH,PUMP MISC,,INSURANCE_SPARE,RS-GUPCO,
164526,"COUPLING, LINESHAFT ITEM NO. 649","وصلة عمود الدوران، رقم الصنف 649",PU,7907154,A00970F1945914,EACH,PUMP MISC,,INSURANCE_SPARE,RS-GUPCO,02/S17
164527,"RETAINER, BEARING ITEM NO. 652","حامل، رقم الصنف 652",PU,7907154,A68580F0001203,EACH,PUMP MISC,,INSURANCE_SPARE,RS-GUPCO,02U62E (1)
165044,"RING, THRUST THROTTLE SLEEVE ITEM NO. 310-B","حلقة، غلاف خانق الدفع، رقم الصنف 310-ب",PU,7902108,501.310B,EACH,PUMP MISC,,PLANNED_WO,RS-GUPCO,
165374,"PIN, ROLL","دبوس، لفة",PU,7909124,25A13C162-STEEL,EACH,PUMP MISC,,INSURANCE_SPARE,RS-GUPCO,02V54A (1)
165376,"COUPLING, MOTOR HALF                               P/N. 0564A400VIPB001-9","وصلة، نصف المحرك، رقم القطعة 0564A400VIPB001-9",PU,7909124,0564A400VIPB001-9,EACH,PUMP MISC,,PLANNED_WO,RS-GUPCO,
164695,"SHAFT,     P/N. RD06607A01-2238   ITEM NO. 122","عمود، رقم القطعة RD06607A01-2238، رقم الصنف 122",PU,7907178,D06607A01 2238,EACH,PUMP MISC,,INSURANCE_SPARE,RS-GUPCO,02U45G (1)
164698,"SHAFT, SLEEVE","العمود، الكم",PU,7907178,C02661A01-2229,EACH,PUMP MISC,,INSURANCE_SPARE,RS-GUPCO,02U45E (1)
164699,RING WEAR CASING P/N.C00297A22A-1001 ITEM NO. 164,"علبة حماية من التآكل، رقم القطعة C00297A22A-1001، رقم الصنف 164",PU,7907178,C00297A22A 1001,EACH,PUMP MISC,,INSURANCE_SPARE,RS-GUPCO,02U45E (1)
164700,BEARING BALL RADIAL           ITEM NO. 168,"محمل كروي شعاعي، رقم الصنف 168",PU,7907178,8050-21261,EACH,PUMP MISC,,INSURANCE_SPARE,RS-GUPCO,02U45F (1)
164705,See item#164704  RING WEAR IMPELLER       ITEM NO. 203,"انظر البند رقم 164704، دافعة مقاومة للتآكل، البند رقم 203",PU,7907178,C00297A58A1001,EACH,PUMP MISC,,INSURANCE_SPARE,RS-GUPCO,02U43A (1)
161745,"PACKING, PLUNGER 3/4 IN.ID X 12 IN. ID BOXES","علب تعبئة بمكبس، مقاس داخلي 3/4 بوصة × مقاس داخلي 12 بوصة",PU,7321122,1309,SET,PUMP CENTRIFUG,,MIN_MAX,RS-GUPCO,02Q11D
164416,"BEARING, SELF-ALIGNING ROLLER ITEM NO. 51","محمل، بكرة ذاتية المحاذاة، رقم الصنف 51",PU,7920216,61479 P005,EACH,PUMP MISC,,INSURANCE_SPARE,RS-GUPCO,02U48B
164955,"KEY,SHAFT EXTENSION ITEM NO 255_X","مفتاح، وصلة عمود، رقم الصنف 255_X",PU,7902110,940.255X,EACH,PUMP MISC,,INSURANCE_SPARE,RS-GUPCO,
164956,LOCK NUT SHAFT EXTENSION ITEM NO.284,"وصلة تمديد عمود صامولة القفل، رقم الصنف 284",PU,7902110,921.284,EACH,PUMP MISC,,MIN_MAX,RS-GUPCO,
161630,"Dosing Pump Primeroyal K, Packed Plunger Type. PK 120 (144) L 14 N 250 /9.Z Pump with max allowed service pressure 310 B","مضخة جرعات Primeroyal K، من نوع المكبس المعبأ. PK 120 (144) L 14 N 250 /9.Z مضخة بأقصى ضغط تشغيل مسموح به 310 B",PU,0,,EACH,PUMP CENTRIFUG,,STRATEGIC_WO,RS-GUPCO,
164582,"IMPELLER, 9-3/8 IN. ITEM NO. 673                   DIMENSION 9.5D,1/8 X 1 7/8 U.F.","مروحة، 9-3/8 بوصة، رقم الصنف 673، الأبعاد: 9.5D، 1/8 × 1 7/8 UF",PU,7907154,A18860F0001123,EACH,PUMP MISC,,INSURANCE_SPARE,RS-GUPCO,02U63A (1)
164583,"HOLD TILL 1/12/2026 ,LOCK, TAPER IMPELLER ITEM NO. 677","يُحفظ حتى 1/12/2026، قفل، مروحة مخروطية، رقم الصنف 677",PU,7907154,H47900F0002229,EACH,PUMP MISC,,INSURANCE_SPARE,RS-GUPCO,
164584,"BELL, SUCTION ITEM NO. 689","بيل، منتج شفط رقم 689",PU,7907154,A20670F0001123,EACH,PUMP MISC,,INSURANCE_SPARE,RS-GUPCO,
165163,"packing style 220, square cross section 5/16 inch (order unit is pound), Utex JOHN CRANE& FLOWSERVE or equivalent","نمط التعبئة 220، مقطع عرضي مربع 5/16 بوصة (وحدة الطلب هي الرطل)، Utex JOHN CRANE& FLOWSERVE أو ما يعادلها",PU,7919402,~,POUND,PUMP MISC,,INSURANCE_SPARE,RS-GUPCO,
165164,"PACKING, MAIN BEARING KIT NO. 3",مجموعة حشوات المحامل الرئيسية رقم 3,PU,7919402,,EACH,PUMP MISC,,PLANNED_WO,RS-GUPCO,
165165,"SEAL KIT, CONNECTING ROD KIT NO. 6","طقم إصلاح مانع التسرب، طقم ذراع التوصيل رقم 6",PU,7919402,,EACH,PUMP MISC,,PLANNED_WO,RS-GUPCO,
165167,"PACKING, ASSY.                                     KIT NO. 28",مجموعة التعبئة والتغليف رقم 28,PU,7919402,,KIT,PUMP MISC,,PLANNED_WO,RS-GUPCO,
164802,"NUT, ADJUSTING","صامولة، ضبط",PU,7907159,H00461F0002130,EACH,PUMP MISC,,INSURANCE_SPARE,RS-GUPCO,02S01B
161196,VALVE COVER GP-V-MECH. NOT SOLD AS ONE UNIT        P/N. 4N2272,غطاء الصمام GP-V-MECH. لا يُباع كوحدة واحدة. رقم القطعة: 4N2272,MM,7103139,4N2272,EACH,CATERPILLAR,,PLANNED_WO,RS-GUPCO,
161642,"PUMP MODEL/MILROYAL D SIMPLEX/ONE HEAD, CODE: MD46[55]R3.2N3500X/ FLOW CAPACITY: 0.59 I/H PER HEAD MAX. DISCH. PRESS.: 3","مضخة طراز/ميلرويال دي سيمبلكس/رأس واحد، الرمز: MD46[55]R3.2N3500X/ سعة التدفق: 0.59 لتر/ساعة لكل رأس، أقصى ضغط تصريف: 3",PU,7313122,MD46(55)S(R)3.2N350,EACH,PUMP CENTRIFUG,,INSURANCE_SPARE,RS-GUPCO,01D24A
161717,"Centrifugal pump, close-coupled, electric motor with extended shaft directly to the pump, the pump casing& impeller mate","مضخة طرد مركزي، ذات اقتران مباشر، ومحرك كهربائي ذو عمود ممتد متصل مباشرة بالمضخة، وغلاف المضخة والمروحة متطابقان.",PU,0,CM3-3 A-S-A-E-AQQE E-A-A-N,EACH,PUMP CENTRIFUG,,MIN_MAX,RS-GUPCO,
161370,PLUG INSULATOR VIBRATION,اهتزاز عازل القابس,MM,7103117,5P7191,EACH,CATERPILLAR,,INSURANCE_SPARE,RS-GUPCO,03/CAB (1)
164417,"Utex packing style 220, square cross section 3/8 inch (order unit is pound = 10.82 ft)","نمط التعبئة Utex 220، مقطع عرضي مربع 3/8 بوصة (وحدة الطلب هي رطل = 10.82 قدم)",PU,7920216,0220-25-0375-01,POUND,PUMP MISC,,MIN_MAX,RS-GUPCO,
164965,"RING, CASE (STG.1)","خاتم، علبة (STG.1)",PU,7902102,1835858,EACH,PUMP MISC,,MIN_MAX,RS-GUPCO,02T03
164966,STAGE PIECE (CENTER),قطعة مسرحية (في المنتصف),PU,7902102,1113941,EACH,PUMP MISC,,MIN_MAX,RS-GUPCO,02T03
164967,"RING, OIL  (JOURNAL BRG.)","حلقة، زيت (مجلد المجلة)",PU,7902102,1114395,EACH,PUMP MISC,,INSURANCE_SPARE,RS-GUPCO,02U03D(1)
164968,"DEFLECTOR, DISC","عاكس، قرص",PU,7902102,1115510,EACH,PUMP MISC,,MIN_MAX,RS-GUPCO,02T03
164969,"RING, IMP (SERIES)                                 P/N. 6660-A337201119842","حلقة، إمب (سلسلة) رقم القطعة 6660-A337201119842",PU,7902102,1119842,EACH,PUMP MISC,,MIN_MAX,RS-GUPCO,02T03
164442,"RING, WEAR COVER","خاتم، غطاء مقاوم للتآكل",PU,7907108,68454-02-1104,EACH,PUMP MISC,,SURPLUS,RS-GUPCO,02U60D (1)
165000,"JOURNAL, BEARING ASSY, used for SULZER pump size 4X8X10.5 D, 2 stages, S/No. 1B-613& 1B-614.","JOURNAL, Bearing Assy, used for SULZER pump size 4X8X10.5 D, 2 stages, S/No. 1B-613& 1B-614.",PU,7902104,310-303,EACH,PUMP MISC,,INSURANCE_SPARE,RS-GUPCO,
165002,"LOCK NUT, STUFFING BOX ITEM NO. 121-S","صامولة قفل، صندوق حشو، رقم الصنف 121-S",PU,7902108,921.121S,EACH,PUMP MISC,,INSURANCE_SPARE,RS-GUPCO,
165003,COVER STUFFING BOX ITEM NO 154-S,غطاء صندوق الحشو رقم الصنف 154-S,PU,7902108,160.154S,EACH,PUMP MISC,,INSURANCE_SPARE,RS-GUPCO,
164917,"BUSHING, STUFFING BOX ITEM NO. 185-S","جلبة، صندوق حشو، رقم الصنف 185-S",PU,7902108,540.185S,EACH,PUMP MISC,,SURPLUS,RS-GUPCO,
164918,"BEARING JOURNAL, P/N. 3034-K-10011-03 , used for SULZER Pump size 6X8X11 D, 5 stages, type MSD, S/No. 14270625 thru 1427","محمل كروي، رقم القطعة 3034-K-10011-03، يُستخدم لمضخة سولزر مقاس 6×8×11 بوصة، 5 مراحل، من نوع MSD، الأرقام التسلسلية من 14270625 إلى 1427",PU,7902108,1530313,EACH,PUMP MISC,,INSURANCE_SPARE,RS-GUPCO,02/T04
164919,"O-RING,BUSHING ITEM NO.208-S","حلقة دائرية، جلبة، رقم الصنف 208-S",PU,7902108,412.208S-1056190,EACH,PUMP MISC,,SURPLUS,RS-GUPCO,
165340,"SHAFT, REF.NO. 10","العمود، رقم المرجع 10",PU,7909108,8-2PH10X9-15,EACH,PUMP MISC,,INSURANCE_SPARE,RS-GUPCO,01N06H (1)
165341,"COLLAR, THRUST REF.NO. 28","طوق، دفع رقم المرجع 28",PU,7909108,300B28KX1-17,EACH,PUMP MISC,,INSURANCE_SPARE,RS-GUPCO,02T18F
165342,"SLEEVE, INTERMEDIATE REF. NO. 57","غلاف، متوسط، رقم المرجع 57",PU,7909108,,EACH,PUMP MISC,,INSURANCE_SPARE,RS-GUPCO,02V48C (1)
165343,"BEARING, LINING RADIAL REF. NOO. 191A              P/N.275B19X3A-STL/BABBITT 60469822","محمل، بطانة شعاعية، رقم المرجع 191A، رقم القطعة 275B19X3A-STL/BABBITT 60469822",PU,7909108,275B191X3A-142/17,EACH,PUMP MISC,,INSURANCE_SPARE,RS-GUPCO,02T18E
165344,FRONT HOUSING BEARING ITEM NO. 199,"محمل الغلاف الأمامي، رقم الصنف 199",PU,7909108,225B21BDX8/23AAX9-204,EACH,PUMP MISC,,INSURANCE_SPARE,RS-GUPCO,01E29E (1)
165345,"BEARING, THRUST BODY AND CAP COMPLETE REF.NO.200","محمل، جسم دفع، وغطاء كامل، رقم المرجع 200",PU,7909108,275B21AKX6/23DX7A-204,EACH,PUMP MISC,,INSURANCE_SPARE,RS-GUPCO,01E29E (1)
165346,"DISC PACK, S.S. F/THOMAS COUPLING MDL# 401-DBZ-C. ""REXNORD""","مجموعة أقراص، وصلة SS F/THOMAS، رقم الموديل 401-DBZ-C. ""REXNORD""",PU,7909108,420363,EACH,PUMP MISC,,INSURANCE_SPARE,RS-GUPCO,02V48B (1)
165295,"CAP, BREATHER","غطاء، جهاز تنفس",PU,7909108,62009477,EACH,PUMP MISC,,INSURANCE_SPARE,RS-GUPCO,02V48E (1)
165296,"KEY, IMPELLER REF.NO. 11","مفتاح، دافع، رقم المرجع 11",PU,7909106,11A9C160-266,EACH,PUMP MISC,,INSURANCE_SPARE,RS-GUPCO,
164981,"JOURNAL, BEARING ASSY, used for SULZER pump size 3X6X9E, 2 stages, Type MSD, . S/N. IB-615.","مجموعة محامل، تستخدم لمضخة سولزر مقاس 3X6X9E، مرحلتين، نوع MSD، الرقم التسلسلي IB-615.",PU,7902102,1450336,EACH,PUMP MISC,,INSURANCE_SPARE,RS-GUPCO,
164983,"COUPLING, IMO LOCK NUT FOR IMO LUBE OIL C3EBCS-87&87D,C3EBC-95KGSD DWG.A-52545","وصلة، صامولة قفل IMO لزيت تشحيم IMO C3EBCS-87&87D، C3EBC-95KGSD DWG.A-52545",PU,7902104,1105760,EACH,PUMP MISC,,INSURANCE_SPARE,RS-GUPCO,
164984,"KIT, COMMON PARTS ,","مجموعة، قطع غيار مشتركة،",PU,7902104,304,EACH,PUMP MISC,,MIN_MAX,RS-GUPCO,
164986,"LOCK NUT, (KINGSBURY BRG.)","صامولة القفل، (كينغسبري بيرغ.)",PU,7902104,923-331,EACH,PUMP MISC,,MIN_MAX,RS-GUPCO,
164989,"RING, CASE WEAR","خاتم، آثار استخدام على العلبة",PU,7902104,1453343,EACH,PUMP MISC,,MIN_MAX,RS-GUPCO,
164991,"BUSHING, THROTTLE","جلبة، خانق",PU,7902104,542.207-1453378,EACH,PUMP MISC,,MIN_MAX,RS-GUPCO,
164992,"RING, IMPELLER.","حلقة، مروحة.",PU,7902104,1453394,EACH,PUMP MISC,,MIN_MAX,RS-GUPCO,
164993,"RING, IMPELLER (HUB)","حلقة، دافعة (محور)",PU,7902104,1453408,EACH,PUMP MISC,,MIN_MAX,RS-GUPCO,
164602,"IMPELLER, ITEM NO. 673                             BOTH IMPELLERS TO BE FULL IMPELLER DIAMETER","المروحة، رقم الصنف 673، يجب أن تكون كلتا المروحتين بقطر كامل.",PU,7907128,B42910F000 1022,EACH,PUMP MISC,,INSURANCE_SPARE,RS-GUPCO,02U59C (1)
164605,"RING, WEAR BOWL ITEM NO. 680","خاتم، وعاء قابل للارتداء، رقم الصنف 680",PU,7907130,B43590F001 1128,EACH,PUMP MISC,,PLANNED_WO,RS-GUPCO,
164606,"KEY, IMPELLER ITEM NO. 730E","مفتاح، دافع، رقم الصنف 730E",PU,7907130,A84430FCAN 2229,EACH,PUMP MISC,,PLANNED_WO,RS-GUPCO,
164505,"COVER,STUFFING BOX ITEM NO.184","غطاء، صندوق حشو، رقم الصنف 184",PU,7907114,R104_562 1203,EACH,PUMP MISC,,INSURANCE_SPARE,RS-GUPCO,02U58G(1)
165691,"IMO PUMP, DELAVAL A21NI-100 C.C.W-   ROTATION When FACTING SHAFT EXTENSION","مضخة IMO، DELAVAL A21NI-100 دوران عكس اتجاه عقارب الساعة عند تركيب امتداد عمود التوجيه",PU,7909110,LH01001B04,EACH,PUMP MISC,,INSURANCE_SPARE,RS-GUPCO,02T40F
165395,"SHAFT, PUMP","عمود، مضخة",PU,7909128,82299397-G128,EACH,PUMP MISC,,INSURANCE_SPARE,RS-GUPCO,01N03H
165283,"BEARING,BELL REF.NO.15","محمل، جرس رقم المرجع 15",PU,7918102,96672171,EACH,PUMP MISC,,INSURANCE_SPARE,RS-GUPCO,02T14E
165432,O-RING,حلقة دائرية,PU,7909108,20A11CM152,EACH,PUMP MISC,,OBSOLETE,RS-GUPCO,03B39D (1)
164570,"BEARING, LINESHAFT ITEM NO. 653","محمل عمود الإدارة، رقم الصنف 653",PU,7907156,A98320F0026132,EACH,PUMP MISC,,PLANNED_WO,RS-GUPCO,
164571,"BEARING, LINESHAFT ITEM NO. 653","محمل عمود الإدارة، رقم الصنف 653",PU,7907154,C10860F333 6332,EACH,PUMP MISC,,INSURANCE_SPARE,RS-GUPCO,
165297,"SEAL, CAGE  , TEFLON REF. NO. 14","ختم، قفص، تفلون، رقم المرجع 14",PU,7909106,431G14BX1-TFE,EACH,PUMP MISC,,INSURANCE_SPARE,RS-GUPCO,
165298,"FLINGER, REF.NO. 157                               NEW P/N. 300307G16-BULAR 60300308","فلينجر، رقم المرجع 157، رقم القطعة الجديد 300307G16-BULAR 60300308",PU,7909106,300307GITEM16-BUNAN,EACH,PUMP MISC,,SURPLUS,RS-GUPCO,03B14E
165299,"COUPLING, COMPLETE FALK WITH SPRING FOR FALK       BEARING HORIZONTAL TYPE T20 SIZE 80T               COUPLING DRIVE END","وصلة كاملة مع زنبرك لمحمل الوصلة، نوع أفقي T20، مقاس 80T، طرف محرك الوصلة",PU,7909106,69959518,EACH,PUMP MISC,,MIN_MAX,RS-GUPCO,02T16B
165300,"SPRING, FOR FALK BEARING HORIZONTAL TYPE T20 SIZE  80T","زنبرك، لمحمل فالك أفقي من النوع T20 مقاس 80T",PU,7909106,PP-0758251,EACH,PUMP MISC,,INSURANCE_SPARE,RS-GUPCO,
165301,"OIL SEAL GARLOCK, KLOZURE P/N. 2796A212DIAA001     OLD P/N 201A11N3221L","مانع تسرب الزيت من جارلوك، كلوزور، رقم القطعة 2796A212DIAA001، رقم القطعة القديم 201A11N3221L",PU,7909106,2796A212DIAA001-NITRILE,EACH,PUMP MISC,,MIN_MAX,RS-GUPCO,02T16B
161462,"GASKET,FRONT STRUCTURE , P/N : 2341874","حشية، الهيكل الأمامي، رقم القطعة: 2341874",MM,7103139,1CA2341874,EACH,CATERPILLAR,,PLANNED_WO,RS-GUPCO,
161602,"PLUNGER ( 1-1/8 diameter X 13-13/16 length ) (Material is CERAMIC) For MILROYAL PUMP TYPE C , Part No.: 2120020393 (Ol","مكبس (قطر 1-1/8 بوصة × طول 13-13/16 بوصة) (مصنوع من السيراميك) لمضخة ميلرويال من النوع C، رقم القطعة: 2120020393 (Ol",PU,7313106,2120020393,EACH,PUMP CENTRIFUG,,MIN_MAX,RS-GUPCO,02Q17D
165347,"KEY, THRUST COLLAR P/N. 11A9-C-3/8X3/8X7/8","مفتاح، طوق دفع، رقم القطعة 11A9-C-3/8X3/8X7/8",PU,7909110,11A9C0038X0088-266,EACH,PUMP MISC,,MIN_MAX,RS-GUPCO,02T20
165349,"RING, SEALING THRUST BEARING , Flowserve Part Num: PP-162164-003 (CCN: 69981968)","حلقة مانعة للتسرب لمحمل الدفع، رقم قطعة Flowserve: PP-162164-003 (CCN: 69981968)",PU,7909110,PP-162164-003,EACH,PUMP MISC,,INSURANCE_SPARE,RS-GUPCO,02V48B (1)
165351,"6 thrust shoe set P/No. 465664-SCW/SCCW, 4PL, 2DR/INSTR (4 EA SHOE P/NO. 366039-001-D1, 1 EA SHOE P/NO. 266112-003 and","مجموعة أحذية دفع سداسية، رقم القطعة 465664-SCW/SCCW، 4PL، 2DR/INSTR (4 أحذية، رقم القطعة 366039-001-D1، حذاء واحد، رقم القطعة 266112-003 و",PU,7909110,465664-SCW/SCCW,SET,PUMP MISC,,INSURANCE_SPARE,RS-GUPCO,02T20
165445,"NUT, COUPLING","صامولة، وصلة",PU,7909110,200D164CX1,EACH,PUMP MISC,,MIN_MAX,RS-GUPCO,02T26D
164558,"RING, WEAR IMPELLER ITEM NO.681","حلقة، دافع قابل للتآكل، رقم الصنف 681",PU,7907146,B3331-1117,EACH,PUMP MISC,,INSURANCE_SPARE,RS-GUPCO,02U67D (1)
161600,"RING,NECK","خاتم، رقبة",PU,7313106,007002598N,EACH,PUMP CENTRIFUG,,INSURANCE_SPARE,RS-GUPCO,02Q17C
161601,CROSSHEAD ASSY.,مجموعة رأس متقاطع,PU,7313106,3050057140F,EACH,PUMP CENTRIFUG,,PLANNED_WO,RS-GUPCO,
161603,"ROD,CONNECTION ASSY.",مجموعة توصيل القضيب,PU,7313106,2140019000N,EACH,PUMP CENTRIFUG,,INSURANCE_SPARE,RS-GUPCO,02S02F (1)
161604,"SHIM,","شيم،",PU,7313106,0190073006F,EACH,PUMP CENTRIFUG,,INSURANCE_SPARE,RS-GUPCO,02/Q17E
161605,"VALVE, END  ASSEMBLY","صمام، مجموعة طرفية",PU,7313106,2210263002,EACH,PUMP CENTRIFUG,,INSURANCE_SPARE,RS-GUPCO,02Q17E
161606,"END,LIQUID ASSEMBLY","نهاية، تجميع السائل",PU,7313106,221_0338_416,EACH,PUMP CENTRIFUG,,PLANNED_WO,RS-GUPCO,
161565,"SHOE, SLIDING","حذاء، انزلاقي",PU,7313106,261-0002-006,EACH,PUMP CENTRIFUG,,INSURANCE_SPARE,RS-GUPCO,02R03E (1)
161567,"ADAPTER,(L10-END)",محول (L10-END),PU,7313106,2720038001,EACH,PUMP CENTRIFUG,,PLANNED_WO,RS-GUPCO,
161615,"BALL, CHECK CARTRIDGE ASSY 1/2"" FOR CHECK VALVE    ITEM # 22B                                         @RF.MR.RS.280/99","كرة، مجموعة خرطوشة فحص 1/2 بوصة لصمام فحص، رقم الصنف 22B @RF.MR.RS.280/99",PU,7313107,2210264002N,EACH,PUMP CENTRIFUG,,MIN_MAX,RS-GUPCO,02Q15C
161616,"SEAT, ITEM # 224-A","مقعد، رقم الصنف 224-أ",PU,7313107,2120015293,EACH,PUMP CENTRIFUG,,SURPLUS,RS-GUPCO,
161621,"HOLD TILL 1/10/2027 , PLUNGER, 5/8"" DIA, MATERIAL 316 S.S, ITEM NO. # 212 USED FOR MILTON ROY, MILROYAL PUMP MB1-M95-P10","يُحفظ حتى 1/10/2027، مكبس، قطر 5/8 بوصة، مصنوع من الفولاذ المقاوم للصدأ 316، رقم الصنف 212، يُستخدم مع مضخة ميلتون رويال MB1-M95-P10",PU,7313108,221-0062-020,EACH,PUMP CENTRIFUG,,INSURANCE_SPARE,RS-GUPCO,
161856,"HOUSING, VALVE","غلاف، صمام",PU,7509102,1300073,EACH,PUMP D.WELL/VAC,,INSURANCE_SPARE,RS-GUPCO,01D34E (1)
164827,"BEARING, INTND.","محمل، داخلي.",PU,7907172,B12928F074AA11,EACH,PUMP MISC,,INSURANCE_SPARE,RS-GUPCO,02T02
164836,"BEARING, LINESHAFT",محمل عمود الإدارة,PU,7907172,B12928F075AA11,EACH,PUMP MISC,,INSURANCE_SPARE,RS-GUPCO,02T02C
164609,"CAP SCREW, BOWL ITEM NO (OLD 764) NEW 760E","برغي غطاء، وعاء، رقم الصنف (القديم 764) الجديد 760E",PU,7907128,A49511F1022229,EACH,PUMP MISC,,SURPLUS,RS-GUPCO,02W53
164611,"SEAL, HOUSING BEARING ITEM NO. 791","مانع تسرب، غلاف محمل، رقم الصنف 791",PU,7907130,B71000F002 5402,EACH,PUMP MISC,,PLANNED_WO,RS-GUPCO,
164612,"SEAL, HOUSING ITEM NO. 794","ختم، غلاف، رقم الصنف 794",PU,7907128,B32160F000 1003,EACH,PUMP MISC,,INSURANCE_SPARE,RS-GUPCO,
164613,"BEARING, LINE SHAFT","محمل، عمود خطي",PU,7907164,B99550F0056111,EACH,PUMP MISC,,PLANNED_WO,RS-GUPCO,
164614,"HOLD TILL 1/12/2026, SHAFT, LINES 1.00"" X 120"" LG P/NO. 10399F-LAA-2-2216 NEW P/N.B00002FNAA 2216","يُحفظ حتى 1/12/2026، عمود، خطوط 1.00 بوصة × 120 بوصة كبيرة، رقم القطعة 10399F-LAA-2-2216، جديد، رقم القطعة B00002FNAA 2216",PU,7907164,B00002FNAA 2216,EACH,PUMP MISC,,INSURANCE_SPARE,RS-GUPCO,
164615,"hold till 01/01/2027 , SHAFT, HEAD 1.0"" X 87.75"" LG P/NO. B00017FJHN-2216","يُحفظ حتى 01/01/2027، عمود، رأس 1.0 بوصة × 87.75 بوصة طول، رقم القطعة: B00017FJHN-2216",PU,7907164,B00017FJHN2216,EACH,PUMP MISC,,INSURANCE_SPARE,RS-GUPCO,
164616,"PUMP, COMPLETE ASSY. WITHOUT DISCHARGE HEAD        GOULDS MODEL VIT-FF SIZE 10 X 16 BHC, 2 STAGE      S/NO. 305420","مضخة، مجموعة كاملة بدون رأس تصريف، موديل غولدز VIT-FF، مقاس 10 × 16 BHC، مرحلتان، الرقم التسلسلي 305420",PU,7907158,VIT- 10 X 16 BHC,EACH,PUMP MISC,,INSURANCE_SPARE,RS-GUPCO,
161623,"PLUNGER, 5/16"" DIA. 316 S.S.   ITEM # 22 212","مكبس، قطر 5/16 بوصة، فولاذ مقاوم للصدأ 316، رقم الصنف 22 212",PU,7313109,2120015117,EACH,PUMP CENTRIFUG,,INSURANCE_SPARE,RS-GUPCO,02Q15D
161624,"PACKING, (NEO-DUCK) 5/16"" X 1-1/8"" X 2             ITEM# 408E","عبوة (نيو-داك) 5/16 بوصة × 1-1/8 بوصة × 2، رقم الصنف: 408E",PU,7313109,4080085011,SET,PUMP CENTRIFUG,,INSURANCE_SPARE,RS-GUPCO,
165386,"SLEEVE, SHAFT","الكم، العمود",PU,7909128,82052804,EACH,PUMP MISC,,INSURANCE_SPARE,RS-GUPCO,02T22
165280,"SHAFT, IMPELLER 316 S.S. REF.NO. 2","عمود، مروحة من الفولاذ المقاوم للصدأ 316، رقم المرجع 2",PU,7918102,96672294,EACH,PUMP MISC,,INSURANCE_SPARE,RS-GUPCO,01N04B
164858,HEAD SHFT ITEM 608                                 P/N. B00020FRFA-2403,"عمود التوجيه الرئيسي، رقم القطعة 608، رقم الصنف B00020FRFA-2403",PU,7907161,B00020FRFA 2403,EACH,PUMP MISC,,INSURANCE_SPARE,RS-GUPCO,01/N01C
164737,"SEAT,HOUNT SEAL","مقعد، ختم التثبيت",PU,7907102,B10502-1203,EACH,PUMP MISC,,SURPLUS,RS-GUPCO,
164920,"O-RING, BUSHING ITEM NO.208-T","حلقة دائرية، جلبة رقم 208-T",PU,7902108,412.208T,EACH,PUMP MISC,,SURPLUS,RS-GUPCO,
164922,"O-RING, BEARING COVER ITEM NO. 164-A","حلقة مانعة للتسرب، غطاء محمل، رقم الصنف 164-أ",PU,7902108,412.208Z,EACH,PUMP MISC,,SURPLUS,RS-GUPCO,03B14A
164923,"SLEEVE, SHAFT STUFFING BOX ITEM NO. 250","غلاف، صندوق حشو العمود، رقم الصنف 250",PU,7902108,520.25,EACH,PUMP MISC,,SURPLUS,RS-GUPCO,
164924,"RING,RETAINING STUFFING BOX ITEM NO.309-S","حلقة تثبيت صندوق الحشو، رقم الصنف 309-S",PU,7902108,932.309S-1061895,EACH,PUMP MISC,,SURPLUS,RS-GUPCO,
161213,"VALVE, FOR MOTOR GROUP.","صمام، لمجموعة المحرك.",MM,7103128,1CA5N2178,EACH,CATERPILLAR,,INSURANCE_SPARE,RS-GUPCO,04J08A
164808,"COLUMN, TOP ITEM NO. 641","العمود، البند العلوي رقم 641",PU,7907165,D37560F018  8510,EACH,PUMP MISC,,INSURANCE_SPARE,RS-GUPCO,07C03B (1)
161275,"HEAD, CYLINDER ASSY.","رأس الأسطوانة، مجموعة الأسطوانة.",MM,7103140,7N0858,EACH,CATERPILLAR,,INSURANCE_SPARE,RS-GUPCO,01D20B (1)
165087,"O-RING, BEARING COVER END PLATES ITEM NO.208-2","حلقة مانعة للتسرب، أغطية طرفية للمحامل، رقم الصنف 208-2",PU,7902106,1056212,EACH,PUMP MISC,,SURPLUS,RS-GUPCO,03B22F (1)
161494,"VALVE, INLET FOR HEAD GROUP",صمام مدخل لمجموعة الرأس,MM,7103142,1CA1152368,EACH,CATERPILLAR,,INSURANCE_SPARE,RS-GUPCO,04/K01B
165070,"RING, THRUST IMPELLER AND SLEEVE ITEM NO. 252","حلقة، دافعة دفع، وغطاء، رقم الصنف 252",PU,7902106,1125478,EACH,PUMP MISC,,PLANNED_WO,RS-GUPCO,
161471,"TUBE,  P/N. 1W4481","أنبوب، رقم القطعة 1W4481",MM,7103141,1W4481,EACH,CATERPILLAR,,INSURANCE_SPARE,RS-GUPCO,04R21E (1)
165663,"BEARING, INTERMEDIATE ITEM #35","محمل، عنصر وسيط رقم 35",PU,7912102,LV0695070215 1160 F,EACH,PUMP MISC,,INSURANCE_SPARE,RS-GUPCO,
161552,MANIFOLD ASSY:-                                    MANIFOLD    P/N. 1017352                           MANIFOLD    P/N. 1,"مجموعة مشعب العادم: - رقم قطعة مشعب العادم 1017352، رقم قطعة مشعب العادم 1",MM,7103167,4N0754,EACH,CATERPILLAR,,INSURANCE_SPARE,RS-GUPCO,
164925,"LOCK NUT,THRUST BEARING ITEM# 121-Z SAE#1035","صامولة قفل، محمل دفع، رقم الصنف 121-Z، رقم SAE 1035",PU,7902108,923.121Z,EACH,PUMP MISC,,SURPLUS,RS-GUPCO,
164926,"RING,OIL ITEM#126 SAE NO.62",حلقة زيت رقم 126 SAE رقم 62,PU,7902108,644.126,EACH,PUMP MISC,,SURPLUS,RS-GUPCO,
164927,"DEFLECTOR, INBOARD ITEM NO. 140-A SAE.NO.40","عاكس داخلي، رقم الصنف 140-أ، SAE.NO.40",PU,7902108,1908830,EACH,PUMP MISC,,MIN_MAX,RS-GUPCO,02T06
164928,"DEFLECTOR, OUTBOARD ITEM NO. 140B SAE.NO.40","عاكس، خارجي، رقم الصنف 140B، SAE.NO.40",PU,7902108,1065637,EACH,PUMP MISC,,MIN_MAX,RS-GUPCO,02T06
164932,"PIN, DOWEL 3/16"" X 7/16"" BEARING COVER AISI 303    NO.262Z","دبوس، وتد 3/16 بوصة × 7/16 بوصة غطاء محمل AISI 303 رقم 262Z",PU,7902108,562.262Z,EACH,PUMP MISC,,INSURANCE_SPARE,RS-GUPCO,
164933,"COLLAR, JHJ-5 KINGSBURY THRUST BEARING C.I. ITEM NO. 501","طوق، محمل دفع كينغزبري JHJ-5 CI رقم الصنف 501",PU,7902108,161562-001,EACH,PUMP MISC,,INSURANCE_SPARE,RS-GUPCO,02T06
164934,"SHOE P/N 366038-001, KB14-02245 AND SUPPORT P/N 264042  used for JHJ-5 KINGSBURY BEARING DWG No. F-JHJ-050-AY-001.","رقم قطعة الحذاء 366038-001، KB14-02245 ورقم قطعة الدعم 264042 المستخدمة في محمل JHJ-5 KINGSBURY رقم الرسم F-JHJ-050-AY-001.",PU,7902108,366038-001-S,SET,PUMP MISC,,MIN_MAX,RS-GUPCO,02T02
164935,"IMPELLER, STAGE ITEM NO. 113-A   BORE I/D 3.370""","دافعة، المرحلة رقم 113-أ، القطر الداخلي 3.370 بوصة",PU,7902108,230.113A - 1511947,EACH,PUMP MISC,,SURPLUS,RS-GUPCO,
165004,"IMPELLER, ITEM NO. 113-B   BPRE I/D 3.400""","مروحة، رقم الصنف 113-ب BPRE القطر الداخلي 3.400 بوصة",PU,7902108,1568981,EACH,PUMP MISC,,INSURANCE_SPARE,RS-GUPCO,
165005,"IMPELLER, ITEM NO. 113-D   BORE I/D 3.375""","مروحة، رقم الصنف 113-D، القطر الداخلي 3.375 بوصة",PU,7902108,1569031,EACH,PUMP MISC,,INSURANCE_SPARE,RS-GUPCO,
165387,"SCREW, SET FOR SLEEVE","برغي، مُثبّت في الغلاف",PU,7909130,109A2T2310-379,EACH,PUMP MISC,,PLANNED_WO,RS-GUPCO,
165388,"BEARING, LINE SHAFT","محمل، عمود خطي",PU,7909128,82091612,EACH,PUMP MISC,,INSURANCE_SPARE,RS-GUPCO,02T24
165391,"BEARING, SUCTION CASE","محمل، علبة شفط",PU,7909128,82263359,EACH,PUMP MISC,,NON_STOCK,RS-GUPCO,
165352,"BOWEL,FIRST STAGE","الأمعاء، المرحلة الأولى",PU,7909128,82299181,EACH,PUMP MISC,,INSURANCE_SPARE,RS-GUPCO,02/T20E
165353,"BOWELS,INTERMEDIATRE STAGE","أوعية، المرحلة المتوسطة",PU,7909128,82299199,EACH,PUMP MISC,,INSURANCE_SPARE,RS-GUPCO,02/T20F
160895,"O-RING, SEAL 2.225"" 10 X 0.210"" DIA. BLACK G B B","حلقة مانعة للتسرب، قطر 2.225 بوصة × 0.210 بوصة، لون أسود، G B B",MM,7103144,3H2652,EACH,CATERPILLAR,,INSURANCE_SPARE,RS-GUPCO,03A02D (1)
165433,"CASING, COMPLETE WITH GASKET REF.NO. 183 (P/N. 10SD1AX1C/2AX1A-204) OLD P/N. 10SD1AX1X/2AX1A-204","غلاف كامل مع حشية، رقم المرجع 183 (رقم القطعة 10SD1AX1C/2AX1A-204)، رقم القطعة القديم 10SD1AX1X/2AX1A-204",PU,7909106,10SD1AX1C/2AX1A-204,EACH,PUMP MISC,,INSURANCE_SPARE,RS-GUPCO,
161562,"TRUNNION, OPEN","محور، مفتوح",PU,7313106,237-0021-006,EACH,PUMP CENTRIFUG,,PLANNED_WO,RS-GUPCO,
161144,"TUBE, OIL RETURN","أنبوب، عودة الزيت",MM,7103116,3N7792,EACH,CATERPILLAR,,INSURANCE_SPARE,RS-GUPCO,04L22B (1)
161145,"CONNECTOR,","موصل،",MM,7103116,3N7793,EACH,CATERPILLAR,,INSURANCE_SPARE,RS-GUPCO,04L20C (1)
164554,"COUPLING, LINESHAFT ITEM NO. 649","وصلة عمود الدوران، رقم الصنف 649",PU,7907146,A8533-2229,EACH,PUMP MISC,,SURPLUS,RS-GUPCO,02U57C (1)
164555,"BEARING, LINESHAFT ITEM NO. 653","محمل عمود الإدارة، رقم الصنف 653",PU,7907146,C10860F0336332,EACH,PUMP MISC,,PLANNED_WO,RS-GUPCO,
161631,"COUPLING (P/N 4100064020), AND PLUNGER (P/N 2120181016) 7/16""  Ref.# F0201631 to be used for PUMP Without ELECTRIC MOTOR","وصلة (رقم القطعة 4100064020)، ومكبس (رقم القطعة 2120181016) 7/16 بوصة، رقم المرجع F0201631، للاستخدام مع مضخة بدون محرك كهربائي",PU,7313112,4100064020 + 2120181016,EACH,PUMP CENTRIFUG,,INSURANCE_SPARE,RS-GUPCO,02Q15F
161632,"packing style 220, square cross section 1/4 inch (order unit is pound), Utex JOHN CRANE& FLOWSERVE or equivalent","نمط التعبئة 220، مقطع عرضي مربع 1/4 بوصة (وحدة الطلب هي الرطل)، Utex JOHN CRANE& FLOWSERVE أو ما يعادلها",PU,7313112,0220-25-0250-01,POUND,PUMP CENTRIFUG,,INSURANCE_SPARE,RS-GUPCO,
161634,DIAPHRAGM,غشاء,PU,7313114,0980252099N,EACH,PUMP CENTRIFUG,,SURPLUS,RS-GUPCO,03A16C (1)
161638,COMPLETE COUPLING BETWEEN PUMP AND MOTOR (1.100 INCH x 0.325 INCH KEYWAY) X (0.625 INCH x 0.1875 INCH KEYWAY) (SEE ATTAC,وصلة كاملة بين المضخة والمحرك (1.100 بوصة × 0.325 بوصة مجرى المفتاح) × (0.625 بوصة × 0.1875 بوصة مجرى المفتاح) (انظر الملحق),PU,7313118,3050915330F,EACH,PUMP CENTRIFUG,,MIN_MAX,RS-GUPCO,02Q15G
161640,POMPE MD46 (55) S (F) 8N120,بومبي إم دي 46 (55) إس (إف) 8 إن 120,PU,7313120,C0722678/01,EACH,PUMP CENTRIFUG,,PLANNED_WO,RS-GUPCO,
161639,SUCTION & DISCHARGE VALVES,صمامات السحب والتفريغ,PU,7313118,3050583092F,EACH,PUMP CENTRIFUG,,INSURANCE_SPARE,RS-GUPCO,02Q13A
164436,"HOLD TILL 1/12/2026, SLEEVE,SHAFT ITEM NO 126","يُحفظ حتى 1/12/2026، غلاف، عمود، رقم الصنف 126",PU,7907122,73705X 2229,EACH,PUMP MISC,,INSURANCE_SPARE,RS-GUPCO,02S23
164931,"PIN,3/8X7/8"" JOURNAL BEARING AISI 303","دبوس، 3/8 × 7/8 بوصة، محمل انزلاقي AISI 303",PU,7902108,562,EACH,PUMP MISC,,SURPLUS,RS-GUPCO,
164549,"RING,RETAINING STEADY BEARING ITEM NO 369 FOR      STAINLESS STEEL PUMP","حلقة تثبيت محمل ثابت، رقم الصنف 369، لمضخة من الفولاذ المقاوم للصدأ",PU,7907124,A00250B2126245,EACH,PUMP MISC,,MIN_MAX,RS-GUPCO,
165304,"GASKET, PARTING FLANGE                             REF.NO. 170                                        ""A NON ASBESTOS AL","حشية، شفة فصل، رقم المرجع 170 ""خالية من الأسبستوس""",PU,7909106,2584A0010SDA001-NM-96,EACH,PUMP MISC,,MIN_MAX,RS-GUPCO,
165385,"BEARING,                                           P/N. 2945A400VIPB001-CBN/379","محمل، رقم القطعة 2945A400VIPB001-CBN/379",PU,7909124,2945A400VIPB001-CBN/379,EACH,PUMP MISC,,PLANNED_WO,RS-GUPCO,
165015,"COLLAR, RETAINING                                  ITEM NO. 187C","طوق، قطعة تثبيت رقم 187C",PU,7902112,1226509,EACH,PUMP MISC,,INSURANCE_SPARE,RS-GUPCO,02T10A
165016,"SHIM, ITEM NO. 208A P/NO. 4XXXA47912-1106309","شيم، رقم الصنف 208A، رقم القطعة 4XXXA47912-1106309",PU,7902112,592.341,EACH,PUMP MISC,,INSURANCE_SPARE,RS-GUPCO,
165017,"SHIM, ITEM NO. 208B                                P/NO. 4XXXA47570-1106287","شيم، رقم الصنف 208ب، رقم القطعة 4XXXA47570-1106287",PU,7902112,1106287,EACH,PUMP MISC,,MIN_MAX,RS-GUPCO,02T10
165018,"KEY, SHAFT EXTENSION                               ITEM NO. 213A","مفتاح، وصلة عمود، رقم الصنف 213A",PU,7902112,1107382,EACH,PUMP MISC,,INSURANCE_SPARE,RS-GUPCO,02T10A
161566,"CRANKSHAFT,","عمود المرفق،",PU,7313106,268-0012-006,EACH,PUMP CENTRIFUG,,INSURANCE_SPARE,RS-GUPCO,02S30G (1)
164523,"COLUMN, BOTTOM ASSY. ITEM NO. 644","عمود، مجموعة القاعدة. رقم الصنف 644",PU,7907156,C24050F460 8510,EACH,PUMP MISC,,INSURANCE_SPARE,RS-GUPCO,07/YARD
164824,"BEARING, SUCTION","محمل، شفط",PU,7907172,B12788F005 1618,EACH,PUMP MISC,,INSURANCE_SPARE,RS-GUPCO,02T02A
161055,"NUT, SELF LOCKING 1/4 IN. NF THRD. X 5/16 IN","صامولة ذاتية القفل، مقاس 1/4 بوصة، سن لولبي NF × 5/16 بوصة",MM,7103144,5CA7M9918,EACH,CATERPILLAR,,INSURANCE_SPARE,RS-GUPCO,04H15
160815,"NUT,","بندق،",MM,7103128,1A8285,EACH,CATERPILLAR,,INSURANCE_SPARE,RS-GUPCO,04E19B (1)
177677,"HOLD TILL 1/1/2027 , O-RING, REF.NO. 456 @ SEE MEC 79 68 24 020","يُحفظ حتى 1/1/2027، حلقة مانعة للتسرب، رقم المرجع 456 @ انظر MEC 79 68 24 020",PU,7909106,20A11CM230-NM-75,EACH,PUMP MISC,,MIN_MAX,RS-GUPCO,
165019,"KEY, ITEM NO.213 C","مفتاح، رقم الصنف 213 ج",PU,7902112,1216139,EACH,PUMP MISC,,MIN_MAX,RS-GUPCO,02T10
165156,"KEY, LOCK NUT TO COUPLING FOR IMO LUBE OIL PUMP    C3E8CS-87&870,C3EBCS-95&9500WG.A-52545","مفتاح، صامولة قفل لوصلة مضخة زيت التشحيم IMO C3E8CS-87&870، C3EBCS-95&9500WG.A-52545",PU,7902104,940-343,EACH,PUMP MISC,,SURPLUS,RS-GUPCO,02V16C (1)
173514,"KIT, REPAIR, SEND COMPLETE CONSISTING OF: ROTATING ASSY. FLOATING SEAT GASKET P/N. 1866-4-9548, (The stationary face is","طقم إصلاح، إرسال كامل يتكون من: مجموعة دوارة، حشية مقعد عائم، رقم القطعة 1866-4-9548، (الوجه الثابت هو",PU,3003108,~,EACH,BELT/TRANSMIT,,MIN_MAX,RS-GUPCO,02G54A
173516,"PRIMARY RING (FACE), Tungsten carbide material","الحلقة الأساسية (الوجه)، مصنوعة من مادة كربيد التنجستن",PU,3003118,81020664,EACH,BELT/TRANSMIT,,PLANNED_WO,RS-GUPCO,
160922,"BOLT, 3/8 IN. X 2-1/2 IN NC THRD.","مسمار، 3/8 بوصة × 2-1/2 بوصة NC THRD.",MM,7103144,50CA0L1143,EACH,CATERPILLAR,,PLANNED_WO,RS-GUPCO,04G15C (1)
164940,"RING,IMPELLER HUB ITEM NO.174-C","حلقة، محور المروحة، رقم الصنف 174-C",PU,7902110,1521713,EACH,PUMP MISC,,INSURANCE_SPARE,RS-GUPCO,
164941,"COVER,STUFFING BOX ITEM NO 154-S","غطاء، صندوق حشو، رقم الصنف 154-S",PU,7902110,2068907,EACH,PUMP MISC,,INSURANCE_SPARE,RS-GUPCO,
164942,"RING, CASE STAGE 1 EYE ITEM NO. 176-A","حلقة، علبة المرحلة 1، رقم الصنف 176-أ",PU,7902110,502.176A,EACH,PUMP MISC,,MIN_MAX,RS-GUPCO,
164943,"RING, CASE SERIES EYE ITEM NO. 176-B","خاتم، علبة، سلسلة عين، رقم الصنف 176-ب",PU,7902110,502.176B-1854518,EACH,PUMP MISC,,MIN_MAX,RS-GUPCO,
164944,"RING, THRUST SERIES ITEM NO.186-A","حلقة، سلسلة الدفع، رقم الصنف 186-أ",PU,7902110,501.31,EACH,PUMP MISC,,MIN_MAX,RS-GUPCO,
165095,"COVER, END","الغلاف، النهاية",PU,7902107,1644467,EACH,PUMP MISC,,MIN_MAX,RS-GUPCO,
161545,"MAGNETO, IGNITION, FOR 6 CYLINDERS,  P/N 6 A39H-G","مغناطيس إشعال لمحركات 6 أسطوانات، رقم القطعة 6 A39H-G",MM,3601100,6A39H-G,EACH,ENGINE USA,,MIN_MAX,RS-GUPCO,04J01F
161204,PIPE OF THERMOSTAT GR                              P/N. 4N3857,أنبوب منظم الحرارة GR P/N. 4N3857,MM,7103139,4N3857,EACH,CATERPILLAR,,INSURANCE_SPARE,RS-GUPCO,04L15C (1)
161192,MANIFOLD ASSEM. GP NOT SOLD AS ONE UNIT            P/N. 4N0691,مجموعة مشعب العادم. لا تُباع كوحدة واحدة. رقم القطعة: 4N0691,MM,7103139,4N0691,PACKAGE,CATERPILLAR,,PLANNED_WO,RS-GUPCO,
160848,"LINES,","خطوط،",MM,7103145,1852831,EACH,CATERPILLAR,,INSURANCE_SPARE,RS-GUPCO,04E07B (1)
165282,"MANIFOLD, SUCTION REF.NO. 14","مشعب، شفط رقم المرجع 14",PU,7918102,2622968,EACH,PUMP MISC,,SURPLUS,RS-GUPCO,02/T14D
165289,"IMPELLER, ITEM NO. 8","المروحة، رقم الصنف 8",PU,7918104,96671553,EACH,PUMP MISC,,PLANNED_WO,RS-GUPCO,
164945,"SCREW, MACHINE S.S.316 MATERIAL 1/4-28 IN.X1-1/4  ""LONG                                               ITEM NO 228","برغي، مصنوع من الفولاذ المقاوم للصدأ SS316، مقاس 1/4-28 بوصة × 1-1/4 بوصة طول، رقم الصنف 228",PU,7902110,900-228,EACH,PUMP MISC,,PLANNED_WO,RS-GUPCO,
164947,"O-RING, CENTER STAGE PIECE ITEM NO. 208-A","حلقة دائرية، قطعة مركزية، رقم الصنف 208-أ",PU,7902110,412.208A-1056352,EACH,PUMP MISC,,SURPLUS,RS-GUPCO,03/B14A (1)
161746,"SHAFT , Catalog No. 820B0205500D21400","عمود، رقم الكتالوج 820B0205500D21400",PU,7321104,820B0205500D21400,EACH,PUMP CENTRIFUG,,INSURANCE_SPARE,RS-GUPCO,02/ Q 01 D
165615,"SHAFT, IMPELLER ITEM # 32 for PUMP MOD 18RKMC3 S/N. 87979-80","عمود، مروحة، رقم الصنف 32 لمضخة موديل 18RKMC3، الرقم التسلسلي 87979-80",PU,7912102,LV9318X122104,EACH,PUMP MISC,,INSURANCE_SPARE,RS-GUPCO,
165096,"KEY, SETS CONSISTING OF THE FOLLOWING:                  KEY, STAGE 1 IMP. P/N 1107542           1 EA       KEY, THROTTLE","مجموعة مفاتيح تتكون مما يلي: مفتاح المرحلة 1، رقم القطعة المستوردة 1107542، عدد 1، مفتاح الخانق",PU,7902107,~,EACH,PUMP MISC,,MIN_MAX,RS-GUPCO,02T12
164620,"GLAND, SPLIT STUFFING BOX, ITEM NO. 618.","غدة، صندوق حشو مقسم، رقم الصنف 618.",PU,7907158,B34690F000 1117,EACH,PUMP MISC,,INSURANCE_SPARE,RS-GUPCO,02S13D
164625,"LINE SHAFT,                                        P/N. B00005FNAA-2216","عمود نقل الحركة، رقم القطعة: B00005FNAA-2216",PU,7907158,B00005FNAA2216,EACH,PUMP MISC,,MIN_MAX,RS-GUPCO,
165099,"SHAFT, PUMP","عمود، مضخة",PU,7902107,1644343,EACH,PUMP MISC,,MIN_MAX,RS-GUPCO,
165100,"O-RING, KIT CONSISTS OF:                           BINGHAM ITEM NO'S 102A,102B,102C,102D,102E,102F &  102G","مجموعة حلقات منع التسرب (O-RING) تتكون من: أرقام منتجات بينغهام 102A، 102B، 102C، 102D، 102E، 102F و102G",PU,7902112,5121846,EACH,PUMP MISC,,SURPLUS,RS-GUPCO,
165101,"BEARING, THRUST                                    ITEM NO.106                                        @ ""SKF NO. 7310""","محمل دفع، رقم الصنف 106 @ ""SKF رقم 7310""",PU,7902112,2000563,SET,BR/SL/S.PLG/FLT,,INSURANCE_SPARE,RS-GUPCO,
165102,"NUT, LOCK BEARING  ITEM NO. 110                    P/NO. 4910N11822-1000519","صامولة، محمل قفل، رقم الصنف 110، رقم القطعة 4910N11822-1000519",PU,7902112,1000519,EACH,PUMP MISC,,SURPLUS,RS-GUPCO,
165103,"SHAFT,  EXTENSION LOCK NUT                         ITEM NO.112","صامولة قفل عمود التمديد، رقم الصنف 112",PU,7902112,1234145,EACH,PUMP MISC,,MIN_MAX,RS-GUPCO,02T12
165104,"IMPLER,         ITEM NO. 113                       P/NO. 4031D21409-2033828                           NEW P/N. 4031 A216","المضمنة، رقم الصنف. 113 ف/لا. 4031D21409-2033828 جديد P/N. 4031 أ216",PU,7902112,2033828,EACH,PUMP MISC,,MIN_MAX,RS-GUPCO,1.00E+28
165105,"SHAFT, ITEM NO. 123                                P/NO. 52120 21613-01-1236466                       NEW P/N. 5212-D216","عمود، رقم الصنف 123، رقم القطعة 52120، 21613-01-1236466، جديد، رقم القطعة 5212-D216",PU,7902112,1236466,EACH,PUMP MISC,,MIN_MAX,RS-GUPCO,1.00E+32
165106,"RING, OIL                                          ITEM NO. 1268","حلقة، زيت، رقم الصنف 1268",PU,7902112,1125222,EACH,PUMP MISC,,PLANNED_WO,RS-GUPCO,
165107,"RING, OIL                                          ITEM NO. 126A","حلقة، زيت، رقم الصنف 126A",PU,7902112,1114611,EACH,PUMP MISC,,INSURANCE_SPARE,RS-GUPCO,02T12
165108,"WASHER, LOCK                                       ITEM NO.132","غسالة، قفل، رقم الصنف 132",PU,7902112,1001191,EACH,PUMP MISC,,MIN_MAX,RS-GUPCO,02T12
165110,"DEFLECTOR, DISC INNER DIA. 3.003 INCH.             ITEM NO.140B (1580, B30190-26, 1398105)            NEW P/N. 1580 SAE","عاكس، قرص بقطر داخلي 3.003 بوصة. رقم الصنف 140B (1580، B30190-26، 1398105) جديد، رقم القطعة 1580 SAE",PU,7902112,1398105,EACH,PUMP MISC,,MIN_MAX,RS-GUPCO,02T12
165111,"BEARING, JOURNAL                                   ITEM NO. 148B & 148A","محمل، رقم الصنف في دفتر اليومية 148ب و148أ",PU,7902112,1410261,EACH,PUMP MISC,,INSURANCE_SPARE,RS-GUPCO,02T12H
165114,"RING, IMP.                                         ITEM NO. 174","خاتم، رقم الصنف المستورد 174",PU,7902112,2066548,EACH,PUMP MISC,,MIN_MAX,RS-GUPCO,02T12
165115,"CASING, RING                                       ITEM NO.176","علبة، حلقة، رقم الصنف 176",PU,7902112,2066521,EACH,PUMP MISC,,MIN_MAX,RS-GUPCO,02T12
161024,"GEAR, FOR FLYWHEEL","ترس، لعجلة الموازنة",MM,7103132,7N9146,EACH,CATERPILLAR,,INSURANCE_SPARE,RS-GUPCO,04J14D (1)
161578,"RING, NECK ASSY NO. 207-0001-416","حلقة، مجموعة العنق رقم 207-0001-416",PU,7313105,207-0001-416,EACH,PUMP CENTRIFUG,,INSURANCE_SPARE,RS-GUPCO,02R01D (1)
165405,"RING, WEAR IMP. 6 JKY C954","خاتم، قابل للارتداء، رقم 6 JKY C954",PU,7909131,82165408,EACH,PUMP MISC,,PLANNED_WO,RS-GUPCO,
165406,"RING, WEAR BOWL 6JK C954","خاتم، وعاء قابل للارتداء 6JK C954",PU,7909131,82128059,EACH,PUMP MISC,,MIN_MAX,RS-GUPCO,02T24
164909,"RING, THRUST THROTTLE SLEEVE ITEM NO. 186-B        DWG.#A41788","حلقة، غلاف خانق الدفع، رقم الصنف 186-ب، الرسم رقم A41788",PU,7902110,1509314,EACH,PUMP MISC,,MIN_MAX,RS-GUPCO,
164910,"RETAINER, RING ITEM NO. 187                        NEW P/N. 7600PH 15-7 MO N11894","حلقة تثبيت، رقم الصنف 187، جديد، رقم القطعة 7600PH 15-7 MO N11894",PU,7902110,7600PH 15-7,EACH,PUMP MISC,,PLANNED_WO,RS-GUPCO,
164911,"HOLD TILL 1/12/2026, BUSHING, THROTTLE GLAND ITEM NO 185S P/N. 9070-AISI-316-B28423 NEW P/N. 1783112","يُحفظ حتى 1/12/2026، جلبة، غدة الخانق، رقم الصنف 185S، رقم القطعة 9070-AISI-316-B28423، رقم القطعة الجديد 1783112",PU,7902110,542.185S,EACH,PUMP MISC,,MIN_MAX,RS-GUPCO,
164912,"BUSHING, THROTTLE ITEM NO 185C","جلبة، خانق، رقم الصنف 185C",PU,7902110,542.185C,EACH,PUMP MISC,,MIN_MAX,RS-GUPCO,
164915,"PIECE, STAGE SERIES ITEM NO. 147-A                 P/N. 9122 CF8M  C/P B27682                         NEW P/N.1783115","قطعة، سلسلة المسرح، رقم الصنف 147-أ، رقم القطعة 9122 CF8M C/P B27682، جديد، رقم القطعة 1783115",PU,7902110,541.147A,EACH,PUMP MISC,,MIN_MAX,RS-GUPCO,
164916,"PIN, TAPER NO. 8 X 2-1/4 IN. LONG","دبوس، مخروطي رقم 8 × 2-1/4 بوصة طولاً",PU,7902110,566.094,EACH,PUMP MISC,,PLANNED_WO,RS-GUPCO,
164936,PIECE STAAGE CENTER ITEM 720. 147B                 P/N. 1854526  NEW P/N. B 27685-A                   EYE.O.D 5.130 IN,"قطعة مركزية للمسرح، رقم الصنف 720. 147B، رقم القطعة 1854526، رقم القطعة الجديد B 27685-A، قطر العين 5.130 بوصة",PU,7902110,1783117,EACH,PUMP MISC,,INSURANCE_SPARE,RS-GUPCO,
164937,"COVER, BEARING ITEM NO. 164-A","غطاء، يحمل رقم الصنف 164-أ",PU,7902110,1568906,EACH,PUMP MISC,,PLANNED_WO,RS-GUPCO,
165158,"BEARING,MAIN ITEM NO.15","محمل، العنصر الرئيسي رقم 15",PU,7919402,,EACH,PUMP MISC,,PLANNED_WO,RS-GUPCO,
165159,"PLUNGER, CERAMIC ITEM NO. 17","مكبس، قطعة خزفية رقم 17",PU,7919402,,EACH,PUMP MISC,,PLANNED_WO,RS-GUPCO,
164679,"SHAFT, PUMP                                        ITEM NO. 122A","عمود المضخة، رقم الصنف 122A",PU,7907126,104-733 2238,EACH,PUMP MISC,,INSURANCE_SPARE,RS-GUPCO,
164681,"BEARING, DEEP GROOVE BALL, INBOARD (RADIAL END) , ITEM NO. 168A ( SKF 6309 ), GOULDS Part No. 8050-30960","محمل كروي ذو أخدود عميق، داخلي (طرف شعاعي)، رقم الصنف 168A (SKF 6309)، رقم قطعة غولدز 8050-30960",PU,7907126,,EACH,PUMP MISC,,INSURANCE_SPARE,RS-GUPCO,
164682,"COVER, STUFFING BOX                                ITEM NO. 184","غطاء، صندوق حشو، رقم الصنف 184",PU,7907126,R100-585 1203,EACH,PUMP MISC,,PLANNED_WO,RS-GUPCO,
164683,"SEAL, OIL INBOARD END                              ITEM NO. 333A","مانع تسرب الزيت، الطرف الداخلي، رقم القطعة 333A",PU,7907126,8690-17645,EACH,PUMP MISC,,PLANNED_WO,RS-GUPCO,
164686,"O-RING, IMPELLER                                   ITEM NO. 412A","حلقة مانعة للتسرب، دافعة، رقم الصنف 412A",PU,7907126,C02495A28 6359,EACH,PUMP MISC,,PLANNED_WO,RS-GUPCO,
161235,"TUBE ASSY, P/N 4N9428.","مجموعة الأنابيب، رقم القطعة 4N9428.",MM,7103141,4N9428,EACH,CATERPILLAR,,INSURANCE_SPARE,RS-GUPCO,04/J17B
161221,"TUBE ASSY,  P/N. 4N4999","مجموعة الأنابيب، رقم القطعة 4N4999",MM,7103141,4N4999,EACH,CATERPILLAR,,MIN_MAX,RS-GUPCO,04J08D
161472,"ELBOW,  P/N. 1W4482","كوع، رقم القطعة 1W4482",MM,7103141,1W4482,EACH,CATERPILLAR,,INSURANCE_SPARE,RS-GUPCO,04R21F (1)
164669,"COLUMN,BOTTOM ASSY. ITEM NO. 644                   P/N.C2403_7_249645","عمود، مجموعة القاعدة. رقم الصنف 644، رقم القطعة C2403_7_249645",PU,7907142,C24030F7248510,EACH,PUMP MISC,,INSURANCE_SPARE,RS-GUPCO,07 YARD
161375,"BOLT, 1/2 IN NC THRD X 1-1/2 IN","مسمار، 1/2 بوصة ملولب غير قياسي × 1-1/2 بوصة",MM,7103144,50CA0S1585,EACH,CATERPILLAR,,PLANNED_WO,RS-GUPCO,04K08B(1)
161386,"BOLT, 3/8 IN. NC THRD X 3-3/4 IN.","مسمار، 3/8 بوصة، سن لولبي غير قياسي × 3-3/4 بوصة.",MM,7103144,25CA0S1608,EACH,CATERPILLAR,,PLANNED_WO,RS-GUPCO,04K08F(1)
161387,"BOLT, 1/4 IN. NC THRD X 3/8 IN.","مسمار، 1/4 بوصة، سن لولبي غير قياسي × 3/8 بوصة.",MM,7103144,10CA0S1613,EACH,CATERPILLAR,,INSURANCE_SPARE,RS-GUPCO,04/K08F
164963,"KEY, SHAFT SLEEVE                                  NEW P/N. 9070 AISI 316 G97318-01  1982192","مفتاح، جلبة عمود جديدة، رقم القطعة 9070، AISI 316، G97318-01، 1982192",PU,7902110,1978683,EACH,PUMP MISC,,INSURANCE_SPARE,RS-GUPCO,
164938,RING IMPELLER STAGE 1 EYE ITEM NO.174-A,حلقة دافعة المرحلة 1 عين رقم الصنف 174-أ,PU,7902110,503.174A,EACH,PUMP MISC,,MIN_MAX,RS-GUPCO,
164939,"RING, IMPELLER SERIES EYE ITEM NO. 174-B","حلقة، سلسلة المروحة، رقم الصنف 174-ب",PU,7902110,1509365,EACH,PUMP MISC,,INSURANCE_SPARE,RS-GUPCO,
164640,"BOWL, INTERMEDIATE FOR S/N.305484-1 AND 2          ITEM NO. 670","وعاء متوسط الحجم للرقم التسلسلي 305484-1 و2، رقم الصنف 670",PU,7907134,C39620F003 1123,EACH,PUMP MISC,,INSURANCE_SPARE,RS-GUPCO,02U55F (1)
164513,"HOLD TILL 1/12/2026,  INT. BOWL 316 S.S. ITEM NO 670","يُحفظ حتى 1/12/2026، وعاء داخلي 316 SS رقم الصنف 670",PU,7907160,,EACH,PUMP MISC,,MIN_MAX,RS-GUPCO,
164474,"SHAFT, PUMP ITEM NO. 660 ,","عمود المضخة، رقم الصنف 660،",PU,7907160,B55160F004 2159,EACH,PUMP MISC,,MIN_MAX,RS-GUPCO,
164479,IMPELLER KEY           ITEM NO. 730E               P/N.A8443-6-EA-2217,"مفتاح المروحة، رقم الصنف 730E، رقم القطعة A8443-6-EA-2217",PU,7907160,A84430FFEA 2217,EACH,PUMP MISC,,INSURANCE_SPARE,RS-GUPCO,
161461,"GASKET,CENTRAL & LOWER STRUCTURE , P/N : 4255672","حشية، الهيكل المركزي والسفلي، رقم القطعة: 4255672",MM,7103139,1CA4255672,EACH,CATERPILLAR,,PLANNED_WO,RS-GUPCO,
165291,"RING, WEAR IMPELLER ITEM NO. 196","حلقة، دافع قابل للتآكل، رقم الصنف 196",PU,7918104,96863054,EACH,PUMP MISC,,INSURANCE_SPARE,RS-GUPCO,02/T14G
165320,"SLEEVE,SHAFT WITH PINS REF.NO.1895                 P/N.1895A875X11B002-379","جلبة، عمود مع دبابيس، رقم المرجع 1895، رقم القطعة 1895A875X11B002-379",PU,7909104,1895A875X11B02,EACH,PUMP MISC,,OBSOLETE,RS-GUPCO,
165322,"KEY, IMPELLER FIRST STAGE REF. NO 11A","مفتاح، دافع المرحلة الأولى، رقم المرجع 11أ",PU,7909108,11A9C0062X0331,EACH,PUMP MISC,,OBSOLETE,RS-GUPCO,02V46A (1)
165323,"KEY ,IMPELLER SECOND STG. REF.NO. 11B","مفتاح، دافع المرحلة الثانية، رقم المرجع 11ب",PU,7909108,11A9C141,EACH,PUMP MISC,,OBSOLETE,RS-GUPCO,02V46A (1)
165324,"PIN, REF.NO.29","رقم التعريف الشخصي، رقم المرجع 29",PU,7909108,26A13E243-669,EACH,PUMP MISC,,INSURANCE_SPARE,RS-GUPCO,02T18A
165325,"KEY, THRUST COLLAR REF. NO.54","مفتاح، طوق دفع رقم المرجع 54",PU,7909108,11A9C77,EACH,PUMP MISC,,OBSOLETE,RS-GUPCO,02V46A (1)
165326,"RING, CHANNEL REF. NO. 60",رقم مرجع القناة 60,PU,7909108,8PH60AX2A-204,EACH,PUMP MISC,,INSURANCE_SPARE,RS-GUPCO,02V46G (1)
164670,"BEARING,LINE SHAFT ITEM NO. 653","محمل عمود الدوران، رقم الصنف 653",PU,7907142,B71000F0025402,EACH,PUMP MISC,,INSURANCE_SPARE,RS-GUPCO,
164869,O_RING ITEM NO.208S (102-D),حلقة دائرية رقم 208S (102-D),PU,7902110,412.208S,EACH,PUMP MISC,,MIN_MAX,RS-GUPCO,
164951,"KEY,STAGES 2,4 AND 5 IMPELLERS ITEM NO.255_A","مفتاح، مراوح المراحل 2 و4 و5، رقم الصنف 255_أ",PU,7902110,1053841,EACH,PUMP MISC,,INSURANCE_SPARE,RS-GUPCO,
164954,"KEY,THROTTLE SLEEVE ITEM NO.255_D","مفتاح، غطاء الخانق، رقم الصنف 255_D",PU,7902110,1053817,EACH,PUMP MISC,,INSURANCE_SPARE,RS-GUPCO,
164949,"PLASTIGAGE, 0.003-0.006 IN.","مقياس البلاستيك، 0.003-0.006 بوصة.",PU,7902110,HPR-1,EACH,PUMP MISC,,SURPLUS,RS-GUPCO,
164953,"KEY, STAGE 6 IMPELLER ITEM NO. 255-C","مفتاح، دافع المرحلة 6، رقم الصنف 255-C",PU,7902110,1854569,EACH,PUMP MISC,,INSURANCE_SPARE,RS-GUPCO,
164960,"RING, RETAINING                                    @ REF. MR. 41/96","حلقة تثبيت، رقم المرجع: MR. 41/96",PU,7902110,932.309S-1061860,EACH,PUMP MISC,,INSURANCE_SPARE,RS-GUPCO,02T06E (1)
164650,"RING, WEAR BOWL FOR S/N.T305486 ITEM NO. 680","حلقة، وعاء قابل للارتداء للرقم التسلسلي T305486، رقم الصنف 680",PU,7907138,B44070F004 1203,EACH,PUMP MISC,,PLANNED_WO,RS-GUPCO,
164652,"BEARING, SUCTION BELL ITEM NO. 690","محمل، جرس شفط، رقم الصنف 690",PU,7907138,A97570F002 6132,EACH,PUMP MISC,,PLANNED_WO,RS-GUPCO,
164653,"O-RING, ITEM NO. 743-D","حلقة دائرية، رقم الصنف 743-D",PU,7907136,C60000F256 5302,EACH,PUMP MISC,,MIN_MAX,RS-GUPCO,03B12E
164668,"HUB,PUMP ITEM NO. 614 P/N. 2210_3K_A_6291_1","محور المضخة، رقم الصنف 614، رقم القطعة 2210_3K_A_6291_1",PU,7907142,C03032F1006016,EACH,PUMP MISC,,SURPLUS,RS-GUPCO,
164572,"SHAFT, PUMP ITEM NO. 660 P/N. C02341FGCL2216","عمود المضخة، رقم الصنف 660، رقم القطعة C02341FGCL2216",PU,7907154,C02341FGCL2216,EACH,PUMP MISC,,INSURANCE_SPARE,RS-GUPCO,02S17H
164574,"SHAFT, PUMP W.L.8 IN. S.U. ITEM NO. 660","عمود مضخة WL8 بوصة، رقم الصنف 660",PU,7907156,C02343FCKN2216,EACH,PUMP MISC,,INSURANCE_SPARE,RS-GUPCO,
164575,"BOWL, TOP ITEM NO. 669","وعاء، رقم الصنف العلوي 669",PU,7907154,C03412F0001123,EACH,PUMP MISC,,INSURANCE_SPARE,RS-GUPCO,01E30A (1)
164577,"BOWL, INTERMEDIATE ITEM NO. 670","وعاء، متوسط، رقم الصنف 670",PU,7907154,C48710F0001123,EACH,PUMP MISC,,PLANNED_WO,RS-GUPCO,
164578,"BUSHING, INTERMEDIATE BOWL ITEM NO. 672 (BRONZE CAST ALLOY 932-SAE 660) FOR PUMP S/N T305149","جلبة، وعاء وسيط، رقم الصنف 672 (مصنوع من سبيكة برونزية مصبوبة 932-SAE 660) لمضخة رقم تسلسلي T305149",PU,7907154,B01004F0001618,EACH,PUMP MISC,,INSURANCE_SPARE,RS-GUPCO,
165333,"SHIM, 0.010"" THICK THRUST COLLAR REF. NO. 257B","حشوة، سمك 0.010 بوصة، طوق دفع، رقم المرجع 257B",PU,7909108,281D257HX2-249,EACH,PUMP MISC,,INSURANCE_SPARE,RS-GUPCO,
165334,"THIM, THRUST BEARING TO END COVER REF NO. 257C",محمل الدفع إلى الغطاء النهائي رقم المرجع 257C,PU,7909108,281D257HX3-249,EACH,PUMP MISC,,INSURANCE_SPARE,RS-GUPCO,02V46E (1)
165335,"RING, BACK IMPELLER SECOND STAGE REF.NO. 5         ST.ST.316","حلقة، دافع خلفي، المرحلة الثانية، رقم المرجع 5، ST.ST.316",PU,7909108,425D5DX2-204,EACH,PUMP MISC,,INSURANCE_SPARE,RS-GUPCO,02V46E (1)
165336,"RING, SEAL THRUST BEARING REF. NO. 308","حلقة مانعة للتسرب لمحمل الدفع، رقم المرجع 308",PU,7909108,225D308CX1-673,EACH,PUMP MISC,,INSURANCE_SPARE,RS-GUPCO,02V48A (1)
165337,"BEARING, THRUST KINGSBURY MODEL NN-5 SIZE 3X3","محمل دفع، طراز كينغزبري NN-5، مقاس 3×3",PU,7909108,KTBA-NN5-27-5-8D(3X3),EACH,PUMP MISC,,INSURANCE_SPARE,RS-GUPCO,
165338,"RING, WEARING CASING REF. NO. 6 ST.ST.316          CASING RING                                        P/NO. 5HMT6HX1-816","حلقة، غلاف الارتداء رقم المرجع 6 ST.ST.316، رقم قطعة حلقة الغلاف 5HMT6HX1-816",PU,7909108,,EACH,PUMP MISC,,INSURANCE_SPARE,RS-GUPCO,02V48B (1)
165339,"SLEEVE, SHAFT REF.NO. 8                            P/N. H-3375-882-B702","جلبة، عمود، رقم المرجع 8، رقم القطعة H-3375-882-B702",PU,7909108,H-3375-882-B70,EACH,PUMP MISC,,INSURANCE_SPARE,RS-GUPCO,
161779,PUMP COMPLETE INCLUDING POWER END WITHOUT ELECTRIC MOTOR TYPE TD-60 (TRIPLEX PUMP) WITH 600,مضخة كاملة تشمل وحدة الطاقة بدون محرك كهربائي من النوع TD-60 (مضخة ثلاثية) بسعة 600,PU,7321128,TD60 1.75 x 3,EACH,PUMP CENTRIFUG,,INSURANCE_SPARE,RS-GUPCO,
160948,CUP BEARING,محمل الكأس,MM,7103140,5L1545,EACH,CATERPILLAR,,PLANNED_WO,RS-GUPCO,
161018,"CONE,BEARING FOR CLUTCH ASSY.","مخروط، محمل لمجموعة القابض.",MM,7103140,1CA7L6551,EACH,CATERPILLAR,,INSURANCE_SPARE,RS-GUPCO,04H19B
164970,"BUSHING,THROITLE","البطانة، الحلق",PU,7902102,1165011,EACH,PUMP MISC,,MIN_MAX,RS-GUPCO,02T03
164971,"SLEEVE, (THROTTLE)",كم (خانق),PU,7902102,1165593,EACH,PUMP MISC,,MIN_MAX,RS-GUPCO,02T03
164973,"SHAFT,","رمح،",PU,7902102,1835815,EACH,PUMP MISC,,MIN_MAX,RS-GUPCO,01N01D
164976,"RING, THRUST","رنين، دفع",PU,7902102,1115855,EACH,PUMP MISC,,INSURANCE_SPARE,RS-GUPCO,02U03G (1)
164977,"IMPELLER, (STG.1)","المروحة، (المرحلة 1)",PU,7902102,1835823,EACH,PUMP MISC,,INSURANCE_SPARE,RS-GUPCO,02U01A (1)
164978,"RING, IMPELLER (STG.1)","حلقة، دافعة (المرحلة 1)",PU,7902102,1835831,EACH,PUMP MISC,,MIN_MAX,RS-GUPCO,02T03
164980,"CYLINDER,BY-PASS",أسطوانة جانبية,PU,7902102,2209064,EACH,PUMP MISC,,MIN_MAX,RS-GUPCO,02T03
161488,"INDICATOR LAMP, FOR IGNITION SYSTEM MFG. ""REAGAN E QUIPMENT CO.""","مصباح مؤشر لنظام الإشعال، من إنتاج شركة ""ريجان إي للمعدات"".",MM,7103126,RSI-0329,EACH,CATERPILLAR,,INSURANCE_SPARE,RS-GUPCO,04R13C (1)
161523,"SPYDER LEAD, FOR IGNITION SYSTEM MFG. ""REAGAN EQUI PMENT CO.""","سلك سبايدر، لتصنيع نظام الإشعال. شركة ريغان للمعدات.",MM,7103126,RSI-0179,EACH,CATERPILLAR,,SURPLUS,RS-GUPCO,04     (1)
161524,"SPYDER LEADER, FOR IGNITION SYSTEM MFG. ""REAGAN EQ UIPMENT CO.""","سبايدر ليدر، لتصنيع أنظمة الإشعال ""شركة ريغان للمعدات"".",MM,7103126,RSI-0183,EACH,CATERPILLAR,,SURPLUS,RS-GUPCO,04     (1)
161525,"SPYDER LEADER, FOR IGNITION SYSTEM MFG. ""REAGAN EQ UIPMENT CO.""","سبايدر ليدر، لتصنيع أنظمة الإشعال ""شركة ريغان للمعدات"".",MM,7103126,RSI T6L28,EACH,CATERPILLAR,,SURPLUS,RS-GUPCO,04     (1)
161568,"PLUNGER,ADAPTER","مكبس، محول",PU,7313106,2720026506,EACH,PUMP CENTRIFUG,,MIN_MAX,RS-GUPCO,02Q21F
161569,"NUT, CRANK","صامولة، ذراع التدوير",PU,7313106,4050128031,EACH,PUMP CENTRIFUG,,INSURANCE_SPARE,RS-GUPCO,02S32A (1)
161570,"BALL, CHECK ASSY NO. 407-0014-212","كرة، مجموعة فحص رقم 407-0014-212",PU,7313105,407-0014-212N,EACH,PUMP CENTRIFUG,,INSURANCE_SPARE,RS-GUPCO,02/Q21F
165413,SHAFT PUMP STD KEY 1.00 1.00 LH 37.88 LG 6 GRV     316 SS,مفتاح قياسي لمضخة عمود الدوران 1.00 1.00 يسار 37.88 LG 6 GRV 316 SS,PU,7909131,82463464,EACH,PUMP MISC,,PLANNED_WO,RS-GUPCO,
165582,"HEADSHAFT, 1-15/16 IN. X 7 FT. 10-7/8 IN.          OLD P/N. 751183-CC                                 REF. NO. 167","عمود رأس، 1-15/16 بوصة × 7 أقدام و10-7/8 بوصة. رقم القطعة القديم: 751183-CC، رقم المرجع: 167",PU,7902218,8012219,EACH,PUMP MISC,,INSURANCE_SPARE,RS-GUPCO,01/N02D
165042,"PIN,DOWEL ITEM NO. 262-B 5/16X3/4","دبوس، وتد، رقم الصنف 262-ب، 5/16 × 3/4",PU,7902108,562-262B,EACH,PUMP MISC,,SURPLUS,RS-GUPCO,
160931,"BOLT, OIL PUMP","مسمار، مضخة زيت",MM,7103126,4L7924,EACH,CATERPILLAR,,INSURANCE_SPARE,RS-GUPCO,04H02E (1)
164654,COUPLING HUB.,مركز التوصيل.,PU,7907178,A03241A03,EACH,PUMP MISC,,INSURANCE_SPARE,RS-GUPCO,02U51B (1)
164656,"SPACER 5"" USED FOR METASTREAM COUPLING TSCS0011, Manufacturer JohnCrane. P/N.   89357087.","فاصل 5 بوصات يُستخدم لوصلة ميتاستريم TSCS0011، من إنتاج شركة جون كرين. رقم القطعة: 89357087.",PU,7907178,89357087,EACH,BR/SL/S.PLG/FLT,,PLANNED_WO,RS-GUPCO,
164678,"BEARING, DOUBLE ROW ANGULAR CONTACT BALL,OUTBOARD (THRUST END) , ITEM NO. 112A ( SKF 3309 A/C3 )","محمل كروي مزدوج الصفوف ذو تلامس زاوي، خارجي (طرف الدفع)، رقم الصنف 112A (SKF 3309 A/C3)",PU,7907126,8049-30904,EACH,PUMP MISC,,INSURANCE_SPARE,RS-GUPCO,
173510,"MECH.SEAL, COMPLETE WITH GLAND PLATE TYPE 8B1  CODE XF51 1D1 DWG.NO CF-SP 35671-27","مانع تسرب ميكانيكي، كامل مع صفيحة حشو من النوع 8B1، الرمز XF51 1D1، رقم الرسم CF-SP 35671-27",PU,7321115,CF-SP 35671-27,EACH,BELT/TRANSMIT,,PLANNED_WO,RS-GUPCO,02G54A
164964,"STUFFING BOX, ASSY. DWG. A-47818 W/OUT COVER 254- 5INCLUDING: NUT LOCK # 121-S , BUSHING # 185-S ,    O-RING SET ( BUSHI","صندوق حشو، تجميع. رسم A-47818 بدون غطاء 254-5 يشمل: قفل صامولة رقم 121-S، جلبة رقم 185-S، مجموعة حلقات دائرية (جلبة)",PU,7902110,~,SET,PUMP MISC,,MIN_MAX,RS-GUPCO,
161027,"CANON PLUG, EU-3P                                  REF.""REAGAN EQUIPMENT CO""","قابس كانون، EU-3P، مرجع ""شركة ريغان للمعدات""",MM,0,1CA8L8424,EACH,CATERPILLAR,,INSURANCE_SPARE,RS-GUPCO,
165382,"SHAFT,                                             P/N. 2807A150VIPD008-827","عمود، رقم القطعة 2807A150VIPD008-827",PU,7909124,2807A150VIPD008-827,EACH,PUMP MISC,,INSURANCE_SPARE,RS-GUPCO,01N04F
165378,"BEARING, HOLDER INTER                              P/N. 1109A400VIPA001-816","محمل، حامل داخلي، رقم القطعة 1109A400VIPA001-816",PU,7909124,1109A400VIPA001-816,EACH,PUMP MISC,,INSURANCE_SPARE,RS-GUPCO,02V54B (1)
164972,IMPELLER(STG.3),المروحة (المرحلة 3),PU,7902102,2300577,EACH,PUMP MISC,,INSURANCE_SPARE,RS-GUPCO,02/U03E
160942,"O-RING, SEAL 3.225"" DIA, RED W W G.","حلقة دائرية، مانع تسرب بقطر 3.225 بوصة، أحمر W W G.",MM,7103144,4L8337,EACH,CATERPILLAR,,INSURANCE_SPARE,RS-GUPCO,03A04E (1)
160998,"STUD, HI-TEMP, 3/8"" NC THRD BOTH ENDS X 1.8"",      TAPERLOCK.","مسمار، عالي الحرارة، 3/8 بوصة NC THRD كلا الطرفين × 1.8 بوصة، TAPERLOCK.",MM,7103144,10CA6L8562,EACH,CATERPILLAR,,PLANNED_WO,RS-GUPCO,04H11A (1)
165116,"RING, OIL MOUNTING SLEEVE","حلقة، غلاف تثبيت الزيت",PU,7902112,1125249,EACH,PUMP MISC,,INSURANCE_SPARE,RS-GUPCO,02T12H
165117,"BUSHING, THROAT  ITEM NO. 185B                     P/NO. 30XXA46515-1226460","جلبة، حلقة، رقم الصنف 185B، رقم القطعة 30XXA46515-1226460",PU,7902112,1226460,EACH,PUMP MISC,,MIN_MAX,RS-GUPCO,02T12
165014,"RING, THRUST   ITEM NO. 186                        P/NO. 9070A55767-1226495                           NEW P/N. 9070-AISI","حلقة دفع، رقم الصنف 186، رقم القطعة 9070A55767-1226495، جديد، رقم القطعة 9070-AISI",PU,7902112,1226495,EACH,PUMP MISC,,INSURANCE_SPARE,RS-GUPCO,
164680,"HOUSING , BAERING ITEM NO. 134A      P/N 104-729 1000 S/S","غلاف، رقم صنف بايرينغ 134A، رقم القطعة 104-729، 1000 فولاذ مقاوم للصدأ",PU,7907126,D04872A 1000,EACH,PUMP MISC,,PLANNED_WO,RS-GUPCO,
164689,"hold till 01/01/2027, SHAFT,SLEAVE ITEM NO 126 MAT 2229","يُحفظ حتى 01/01/2027، عمود، كم، رقم الصنف 126، رقم المادة 2229",PU,7907140,C00445A 2229,EACH,PUMP MISC,,INSURANCE_SPARE,RS-GUPCO,
164692,"PUMP GOULDS TYPE 3910 GROUP 8SA SIZE 1.5 X 3 9 GP/SA WITHOUT MOTOR (100 GPM, 191 FT @ 3600 RPM) ISO 1","مضخة غولدز من النوع 3910، المجموعة 8SA، المقاس 1.5 × 3، سعة 9 جالون/مل بدون محرك (100 جالون/دقيقة، 191 قدم عند 3600 دورة/دقيقة)، ISO 1",PU,7907178,,EACH,PUMP MISC,,INSURANCE_SPARE,RS-GUPCO,
164693,"IMPELLER,      P/N. 0D00465A13-1000 ITEM NO. 101","مروحة، رقم القطعة 0D00465A13-1000، رقم الصنف 101",PU,7907178,0D00465A13-1000,EACH,PUMP MISC,,INSURANCE_SPARE,RS-GUPCO,02U45C (1)
164694,"BEARING THRUST,           ITEM NO. 112             (ISSUE 2 EA = 1 ST)","محمل الدفع، رقم الصنف 112 (الإصدار 2 EA = 1 ST)",PU,7907178,R8057 3 1223,EACH,PUMP MISC,,INSURANCE_SPARE,RS-GUPCO,02U45D (1)
164723,"BEARING, BALL ANGULAR CONTACT DOUBLE ROW SKF 3309 A-2Z/C3 MT33. P/N 3309 A-2Z/C3",محمل كروي مزدوج الصفوف ذو تلامس زاوي SKF 3309 A-2Z/C3 MT33. رقم القطعة 3309 A-2Z/C3,PU,7907117,3309 A-2Z/C3,EACH,BR/SL/S.PLG/FLT,,MIN_MAX,RS-GUPCO,2G83F
164725,"SLEEVE, SHAFT 316SS(FLUSH VENT &DRAIN GLAND)       FLOWSARVER TYPE OB (STD BORE)                      REF.NO.126","جلبة، عمود من الفولاذ المقاوم للصدأ 316 (فتحة تهوية وغدة تصريف) من نوع Flowsarver OB (قطر قياسي) رقم المرجع 126",PU,7907119,B00721A-2229,EACH,PUMP MISC,,INSURANCE_SPARE,RS-GUPCO,
164726,"SHAFT,","رمح،",PU,7907121,R 104-733 2229C,EACH,PUMP MISC,,PLANNED_WO,RS-GUPCO,
164727,"BEARING, BALL RIADIAL I.B.",محمل كروي شعاعي IB,PU,7907121,8050-20760,EACH,PUMP MISC,,INSURANCE_SPARE,RS-GUPCO,02S07
164730,CASING GASKET ITEM NO. 351,"حشية الغلاف، رقم الصنف 351",PU,7907117,70782 29 5127,EACH,PUMP MISC,,INSURANCE_SPARE,RS-GUPCO,
164731,IMPELLER ITEM NO. 101,المروحة رقم 101,PU,7907117,0B10009 1203,EACH,PUMP MISC,,INSURANCE_SPARE,RS-GUPCO,02S07E
164734,"BEARING, DOUBLE ROW ANGULAR CONTACT BALL, OUTBOARD (THRUST END) , ITEM NO. 112 ( SKF 3306 A-Z/C3 ) , GOULDS Part No. 805","محمل كروي مزدوج الصفوف ذو تلامس زاوي، خارجي (طرف الدفع)، رقم الصنف 112 (SKF 3306 AZ/C3)، رقم قطعة غولدز 805",PU,7907115,,EACH,PUMP MISC,,INSURANCE_SPARE,RS-GUPCO,
165327,"LOCK NUT , REF. NO. 128","صامولة قفل، رقم المرجع 128",PU,7909108,175D128BX1-17,EACH,PUMP MISC,,INSURANCE_SPARE,RS-GUPCO,02V46B (1)
165328,IMPELLER FIRST STAGE REF. NO. 3A ST.ST.316,دافع المرحلة الأولى رقم المرجع 3A ST.ST.316,PU,7909108,,EACH,PUMP MISC,,INSURANCE_SPARE,RS-GUPCO,02V46H (1)
165329,"IMPELLER, SECOND STAGE REF.NO. 3B ST.ST.316","دافع، المرحلة الثانية، رقم المرجع 3B ST.ST.316",PU,7909108,8PH3BX2A-813,EACH,PUMP MISC,,INSURANCE_SPARE,RS-GUPCO,02V46F (1)
165330,"NUT, COUPLING REF.NO. 164","صامولة، وصلة رقم المرجع 164",PU,7909108,3AHT164AX1A-9,EACH,PUMP MISC,,OBSOLETE,RS-GUPCO,02V46C (1)
165331,"RING, IMPELLER REF.NO. 4 ST.ST.316","حلقة، دافعة، رقم المرجع 4، ST.ST.316",PU,7909108,4HMT4GX-204,EACH,PUMP MISC,,INSURANCE_SPARE,RS-GUPCO,02V46D (1)
165332,"SHIM, 0.005"" THICK THRUST COLLAR REF NO 257A","حشوة، سمك 0.005 بوصة، طوق دفع، رقم المرجع 257A",PU,7909108,281D257HX1-249,EACH,PUMP MISC,,INSURANCE_SPARE,RS-GUPCO,
164744,"SLEEVE, SHAFT FOR GOULDS PUMP MOD. 3996 ST S/N. E764C881-1-2, Drawing no.: 126","جلبة عمود لمضخة غولدز موديل 3996 ST، الرقم التسلسلي E764C881-1-2، رقم الرسم: 126",PU,3010109,B00689A 2229,EACH,PUMP MISC,,INSURANCE_SPARE,RS-GUPCO,02S07G
164745,"RING, WEAR BOWL P/N. A96510F004 1203 ( OLD P.NO.A96510D004 1203 )","حلقة، وعاء قابل للتآكل، رقم القطعة A96510F004 1203 (رقم القطعة القديم A96510D004 1203)",PU,7907166,A96510F0041203,EACH,PUMP MISC,,MIN_MAX,RS-GUPCO,02S07G
164746,"RING, WEAR IMP.                                    P/N. A96500F000 1203","خاتم، قابل للارتداء، رقم القطعة: A96500F000 1203",PU,7907166,A96500F0001203,EACH,PUMP MISC,,MIN_MAX,RS-GUPCO,02S07G
164747,Bearing Suc. bell for Goulds pump 6x9CLC S/N 308675 P/N H85500F000 1618,"جرس شفط محمل لمضخة غولدز 6x9CLC، الرقم التسلسلي 308675، رقم القطعة H85500F000 1618",PU,7907166,H85500F000 1618,EACH,PUMP MISC,,INSURANCE_SPARE,RS-GUPCO,02S05A
165218,"COMPLETE PUMP WITHOUT ELECT. MOTOR (REF. GRUNDFOS  PUMPS CORPORATION) TYPE: CRN 16 - 100 U-P-G. AUUE ,MODEL: B 33136070E","مضخة كاملة بدون محرك كهربائي (مرجع: شركة جروندفوس للمضخات) النوع: CRN 16 - 100 UPG. AUUE، الموديل: B 33136070E",PU,7907100,~,EACH,PUMP MISC,,INSURANCE_SPARE,RS-GUPCO,01/E28A
165219,"COUPLING COMPLETE FOR COMPLETE PUMP TYPE:          CRN 16-100 U-P-G. AUUE, MODEL: B 33136070E P1 952 9","وصلة كاملة لمضخة كاملة من النوع: CRN 16-100 UPG. AUUE، الموديل: B 33136070E P1 952 9",PU,7907100,D42/D16,EACH,PUMP MISC,,INSURANCE_SPARE,RS-GUPCO,02/T14
165220,"COMPLETE PUMP WITHOUT ELECT. MOTOR (REF. GRUNDFOS  PUMPS CORP.) TYPE: CRN 16-30 U-P-G-BUBE,           MODEL: B 33136063E","مضخة كاملة بدون محرك كهربائي (مرجع: شركة جروندفوس للمضخات) النوع: CRN 16-30 UPG-BUBE، الموديل: B 33136063E",PU,7907100,,EACH,PUMP MISC,,INSURANCE_SPARE,RS-GUPCO,01E29C (1)
165221,"COUPLING COMPLETE FOR COMPLETE PUMP TYPE:          CRN 16-30 U-P-G-BUBE, MODEL: B 33136063E P1 9618","وصلة كاملة لمضخة كاملة من النوع: CRN 16-30 UPG-BUBE، الموديل: B 33136063E P1 9618",PU,7907100,,EACH,PUMP MISC,,INSURANCE_SPARE,RS-GUPCO,02V22C (1)
161581,BEARING CROSSHEAD ASSY NO 137-0017-062,مجموعة رأس متقاطع محمل رقم 137-0017-062,PU,7313105,237-A,EACH,PUMP CENTRIFUG,,PLANNED_WO,RS-GUPCO,
164988,"RING, OIL (JOURNAL BRG) ,","حلقة، زيت (مجلد دفتر اليومية)،",PU,7902104,1411640,EACH,PUMP MISC,,MIN_MAX,RS-GUPCO,
164503,"IMPELLER, ITEM NO. 101","المروحة، رقم الصنف 101",PU,7907148,D00157A02 1203,EACH,PUMP MISC,,INSURANCE_SPARE,RS-GUPCO,01E28D (1)
183155,STL. GASKET,حشية فولاذية,MM,8025100,A-1889,EACH,COMPRESSOR USA,,MIN_MAX,RS-GUPCO,02W35B(1)
176273,"COUPLING, RIGID",وصلة صلبة,PU,7321114,818B0158600D12601,EACH,PUMP CENTRIFUG,,PLANNED_WO,RS-GUPCO,
176276,"BOX,STUFFING MECH-SEAL ASSY.4X1-11/16 IN","صندوق، حشو، مجموعة مانع تسرب ميكانيكي، 4 × 1-11/16 بوصة",PU,7321116,1011F080,EACH,PUMP CENTRIFUG,,PLANNED_WO,RS-GUPCO,
176277,"BOX,STUFFING BEARING GPHY 1-11/16X2X5IN","صندوق، حشو محمل GPHY 1-11/16 × 2 × 5 بوصة",PU,7321116,BGP2000099,EACH,PUMP CENTRIFUG,,INSURANCE_SPARE,RS-GUPCO,02 Q 07 A
164463,"Shell BRG MOT SPRT RDSN M GP, P/No. C019358 1000.","Shell BRG MOT SPRT RDSN M GP, P/No. C019358 1000.",PU,7907124,C01935B1002,EACH,PUMP MISC,,MIN_MAX,RS-GUPCO,02S23G
164433,"COUPLING, WOODS SUPER FLEX. NO. J7 BORE SIZE       1-1/8 IN.  CONSISTS OF THE FOLLOWING:-             - FLANGES   P/N. 8","وصلة، وودز سوبر فليكس. رقم J7، قطر التجويف 1-1/8 بوصة. تتكون من التالي: - حواف رقم 8",PU,7907122,2-867-102,SET,BR/SL/S.PLG/FLT,,MIN_MAX,RS-GUPCO,
164794,"SUCTION, BELL ITEM NO 689","شفط، رقم الصنف 689 من بيل",PU,7907165,B42870F002 1123,EACH,PUMP MISC,,INSURANCE_SPARE,RS-GUPCO,02U19E (1)
165449,"GASKET, OUTER SPIRAL WOUND                         NEW P/NO 2450D36DX1-S-316-1",حشية حلزونية خارجية جديدة رقم القطعة 2450D36DX1-S-316-1,PU,7909110,2450D363DX1-S-316-9,EACH,PUMP MISC,,MIN_MAX,RS-GUPCO,02T26
165458,"NUT, SHAFT","صامولة، عمود",PU,7909110,362S126AX1B-20,EACH,PUMP MISC,,PLANNED_WO,RS-GUPCO,
165460,"SHAFT, (NEW P/N. 8X23JSG10XG3-15)                  P/NO. 8X23JSG10XG3-15","عمود، (رقم القطعة الجديد 8X23JSG10XG3-15) رقم القطعة 8X23JSG10XG3-15",PU,7909110,8X23JSG10XG3-15,EACH,PUMP MISC,,PLANNED_WO,RS-GUPCO,
164587,"BUSHING , P/N : B69670F0026132, SUCTION BELL ITEM NO. 690","جلبة، رقم القطعة: B69670F0026132، جرس شفط، رقم الصنف: 690",PU,7907156,B69670F0026132,EACH,PUMP MISC,,PLANNED_WO,RS-GUPCO,
164588,"BUSHING, SUCTION BELL ITEM NO. 690","جلبة، جرس شفط، رقم الصنف 690",PU,7907154,H00360F0001618,EACH,PUMP MISC,,INSURANCE_SPARE,RS-GUPCO,
164589,"hold till 01/01/2027 ,STRAINER,BASKET ITEM NO.698","يُحفظ حتى 01/01/2027، مصفاة، سلة، رقم المنتج 698",PU,7907156,A35830F007AA11,EACH,PUMP MISC,,INSURANCE_SPARE,RS-GUPCO,
173525,"SLEEVE, SHAFT FIG NO.S-1.","الكم، العمود الشكل رقم S-1.",PU,3002106,751124DB,EACH,BELT/TRANSMIT,,PLANNED_WO,RS-GUPCO,
176278,"BOX,STUFFING O-RING 3-5/8X4X3/16            O A R","صندوق، حلقة حشو دائرية 3-5/8 × 4 × 3/16 O A R",PU,7321116,1048F342,EACH,PUMP CENTRIFUG,,PLANNED_WO,RS-GUPCO,
176280,BEARING INTERMEDIATE 1-11/16X2X3           O A R,محمل متوسط 1-11/16 × 2 × 3 O A R,PU,7321116,LV06951438130F,EACH,PUMP CENTRIFUG,,PLANNED_WO,RS-GUPCO,02Q07B
176281,O-RING,حلقة دائرية,PU,7321116,1048F-450,EACH,PUMP CENTRIFUG,,PLANNED_WO,RS-GUPCO,
176282,"IMPELLER,9-5/8 TOP 2-STG  ""","مروحة، 9-5/8 بوصة، علوية، 2-STG",PU,7321116,LV44554211140T,EACH,PUMP CENTRIFUG,,PLANNED_WO,RS-GUPCO,
177617,"GASKET, CASE ITEM NO. 207-A ""A NON ASBESTOS ALTERNATIVE IS REQUIRED""","حشية، رقم الصنف 207-أ ""يلزم استخدام بديل خالٍ من الأسبستوس""",PU,7902110,1455001,EACH,PUMP MISC,,MIN_MAX,RS-GUPCO,
177623,"GASKET, CASE ANCHOR TARGET ITEM NO. 207A  ""A NON ASBESTOS ALTERNATIVE IS REQUIRED""                 O A R","حشية، مثبت علبة، رقم الصنف 207A ""يلزم استخدام بديل خالٍ من الأسبستوس"" O A R",PU,7902108,2267639,EACH,PUMP MISC,,MIN_MAX,RS-GUPCO,
177624,"GASKET, CASE ITEM NO. 117  ""A NON ASBESTOS ALTERNATIVE IS REQUIRED""              O A R","حشية، رقم الصنف 117 ""يلزم استخدام بديل خالٍ من الأسبستوس"" O A R",PU,7902106,2267638,EACH,PUMP MISC,,PLANNED_WO,RS-GUPCO,
164593,BUSHING ITEM NO.791,جلبة رقم 791,PU,7907156,B71710F002 6132,EACH,PUMP MISC,,INSURANCE_SPARE,RS-GUPCO,02S15E
164596,"COLUM,PIPE ITEM NO 641 CONSISTS OF:-               TOP COLUMN    17""                                  INTERMEDATE   23""","يتكون عمود الأنابيب رقم 641 من: - العمود العلوي 17 بوصة، والعمود المتوسط 23 بوصة",PU,7907128,C24130F0188510,EACH,PUMP MISC,,INSURANCE_SPARE,RS-GUPCO,01E30C (1)
164597,"COUPLING,LINE SHAFT ITEM#649","وصلة عمود نقل الحركة، رقم الصنف 649",PU,7907130,,EACH,PUMP MISC,,INSURANCE_SPARE,RS-GUPCO,02S15E
164601,"BEARING, BOWL ITEM NO. 672","محمل، وعاء، رقم الصنف 672",PU,7907130,B70940F002 5402,EACH,PUMP MISC,,PLANNED_WO,RS-GUPCO,
164748,"RING, THRUST","رنين، دفع",PU,7907166,A011004F00 2229,EACH,PUMP MISC,,INSURANCE_SPARE,RS-GUPCO,02U37F (1)
164750,IMPELER 5 VANE P/N. B56610F000 1203,المكره 5 ريشة P/N. بي56610ف000 1203,PU,7907166,B56610F000 1265,EACH,PUMP MISC,,MIN_MAX,RS-GUPCO,02S05B
164751,"BEARING, INTERMEDIATE BOWL","محمل، وعاء متوسط",PU,7907166,B99590F0086111,EACH,PUMP MISC,,MIN_MAX,RS-GUPCO,02S05B
164753,"Hold till 1/12/2026 BOWL, INTERMEDIATE P/N. C52700F004 1203","يُحفظ حتى 1/12/2026، وعاء، متوسط، رقم القطعة: C52700F004 1203",PU,7907166,C52700F004 1203,EACH,PUMP MISC,,MIN_MAX,RS-GUPCO,
164754,"HOLD TILL 1/12/2026. BELL, SUCTION P/N. C22670F004 1203","يُحفظ حتى 1/12/2026. بيل، شفط، رقم القطعة: C22670F004 1203",PU,7907166,C22670F004 1296,EACH,PUMP MISC,,MIN_MAX,RS-GUPCO,
164755,"SHAFT, PUMP","عمود، مضخة",PU,7907166,C52710F0005924,EACH,PUMP MISC,,INSURANCE_SPARE,RS-GUPCO,
164756,"COLUMN, BOTTOM                                     P/N. C3212-2-2-60-8510                             NEW P/N. C32120F26","عمود، سفلي، رقم القطعة: C3212-2-2-60-8510، رقم القطعة الجديد: C32120F26",PU,7907166,C32120F2608510,EACH,PUMP MISC,,MIN_MAX,RS-GUPCO,07YARD (1)
164757,"COLUMN, INTERMEDIATE SIZE 6"" X 59.25 LENGTH P/NO. C02274FEME6531","عمود، مقاس متوسط 6 بوصات × طول 59.25 بوصة، رقم القطعة: C02274FEME6531",PU,7907166,C02274FEME6531,EACH,PUMP MISC,,MIN_MAX,RS-GUPCO,07 YARD
164759,"BEARING, RETAINER P/NO. C1086-14-2-6334 NEW P/N. C10860F142 1109","محمل، حامل، رقم القطعة C1086-14-2-6334، جديد، رقم القطعة C10860F142 1109",PU,7907166,C00120B13 1396,EACH,PUMP MISC,,MIN_MAX,RS-GUPCO,
164760,"BEARING, LINE SHAFT                                P/NO. C1086-14-3-6332","محمل عمود خطي، رقم القطعة: C1086-14-3-6332",PU,7907166,C10860F1436332,EACH,PUMP MISC,,INSURANCE_SPARE,RS-GUPCO,03B12E
164761,"hold till 01/01/2027, NIPPLE, COLUMN 6"" X 26.5 LENGTH P/NO. C4020-CCJ-5-6531","يُحفظ حتى 01/01/2027، حلمة، عمود 6 بوصات × 26.5 بوصة طول، رقم القطعة: C4020-CCJ-5-6531",PU,7907166,C02234FCCJ 6531,EACH,PUMP MISC,,MIN_MAX,RS-GUPCO,07 YARD
173517,"RETAINER, CODE NO. 0508/090/001 PT.NO. A9-2000-032-05-050","مثبت، رقم الكود 0508/090/001، رقم القطعة A9-2000-032-05-050",PU,3003118,89041743,EACH,BELT/TRANSMIT,,PLANNED_WO,RS-GUPCO,
173518,"CARTRIDIGE J.C. TANDEM TYPE 8B1 SIZE 2-1/8"" DWG, NO. H.SP-2087  MAT.CODE XD1O81 (The stationary face is silicon carbide","خرطوشة JC TANDEM من النوع 8B1، مقاس 2-1/8 بوصة، رقم الرسم H.SP-2087، رمز المادة XD1O81 (السطح الثابت مصنوع من كربيد السيليكون)",PU,3003124,,EACH,BELT/TRANSMIT,,PLANNED_WO,RS-GUPCO,
173520,"SLEEVE, WITH O-RING  P/N: F-2751-294-0550.","غلاف، مع حلقة دائرية رقم القطعة: F-2751-294-0550.",PU,3010126,~,EACH,BELT/TRANSMIT,,INSURANCE_SPARE,RS-GUPCO,02G54C
161388,"BOLT, 1/4 IN. NC THRD X 1 IN.","مسمار، 1/4 بوصة، سن لولبي غير قياسي × 1 بوصة.",MM,7103144,100CA0S1616,EACH,CATERPILLAR,,INSURANCE_SPARE,RS-GUPCO,04/K08F
160835,"LOCK WASHER, 13.2 MM OR 1/2""","حلقة قفل، 13.2 مم أو 1/2 بوصة",MM,7103144,100CA3B4508,EACH,CATERPILLAR,,PLANNED_WO,RS-GUPCO,
160836,"LOCK WASHER, 14.5 MM OR 5/8 IN.","غسالة قفل، 14.5 مم أو 5/8 بوصة.",MM,7103144,3B4510,EACH,CATERPILLAR,,INSURANCE_SPARE,RS-GUPCO,04E17B (1)
161294,"PLATE, THRUST FOR CRANKSHAFT , P/N: 2531752","صفيحة دفع لعمود المرفق، رقم القطعة: 2531752",MM,7103162,2CA2531752,EACH,CATERPILLAR,,PLANNED_WO,RS-GUPCO,04J18
182692,"COMPLETE BOWL ASSEMBLY FOR 1300 VLT, 12 STAGE, S/NO. 796-S-0404","مجموعة وعاء كاملة لجهاز 1300 VLT، 12 مرحلة، الرقم التسلسلي 796-S-0404",PU,7902234,796S0404/BOWL,EACH,PUMP MISC,,INSURANCE_SPARE,RS-GUPCO,07YARD
164762,"hold till 01/01/2027 , SHAFT, DRIVE P/NO. C4034-CKR-2-2216","يُحفظ حتى 01/01/2027، عمود، محرك، رقم القطعة C4034-CKR-2-2216",PU,7907166,C02178FCKR 2216,EACH,PUMP MISC,,MIN_MAX,RS-GUPCO,02S05F
164764,"BEARING, SUCTION BELL (these materials should be made in USA and don't substitute)","محمل، جرس شفط (يجب أن تكون هذه المواد مصنوعة في الولايات المتحدة الأمريكية ولا يجوز استبدالها)",PU,7907176,H00279F0001618,EACH,PUMP MISC,,MIN_MAX,RS-GUPCO,02S03A
164765,"COUPLING, LSFT   , (ALSO USED IN PARENT CODE 7907172)","COUPLING, LSFT , (ALSE USED IN PARENT CODE 7907172)",PU,7907166,A00970F1005914,EACH,PUMP MISC,,MIN_MAX,RS-GUPCO,02S03A
165302,"GARLOCK, KLOZURE OIL SEAL.                         P/N.2796A238D1AB001                                OLD P/N 210A11N660","مانع تسرب زيت جارلوك، كلوزور. رقم القطعة 2796A238D1AB001، رقم القطعة القديم 210A11N660",PU,7909106,2796A238DIAB001-NITRILE,EACH,PUMP MISC,,MIN_MAX,RS-GUPCO,03B14E
165303,"PACKING, STUFFING BOX REF.NO. 64 NEW P/NO. 2704A32X425A001-GRAF/SY  ( Set = 6 Each )",صندوق التعبئة والتغليف رقم المرجع 64 جديد رقم القطعة 2704A32X425A001-GRAF/SY (مجموعة = 6 قطع لكل منها),PU,7909106,2704A32X425A001-GRAF/SYN,SET,PUMP MISC,,INSURANCE_SPARE,RS-GUPCO,02T16B
173703,"VALVE,RELIEF, 1"", ""BAIRO"" P/N. 7150-1-50-  P/N. E7059469  MNFG. LUFKIN         GERMANY","صمام تخفيف الضغط، 1 بوصة، ""بايرو""، رقم القطعة 7150-1-50-، رقم القطعة E7059469، صنع في لوفكين، ألمانيا",PU,3112100,E7059469,EACH,BR/SL/S.PLG/FLT,,INSURANCE_SPARE,RS-GUPCO,
164435,"IMPELLER, ITEM NO 101.","المروحة، رقم الصنف 101.",PU,7907122,100-166 1013,EACH,PUMP MISC,,INSURANCE_SPARE,RS-GUPCO,02W59
164722,DEFLECTOR.,منحرف.,PU,7907119,8690-13535,EACH,PUMP MISC,,PLANNED_WO,RS-GUPCO,
165384,"WASHER, ADJUSTING                                  P/N. 2888A125V0CA001-STEEL","غسالة، قابلة للتعديل، رقم القطعة 2888A125V0CA001-فولاذ",PU,7909124,2888A125VOCA001-STEEL,EACH,PUMP MISC,,INSURANCE_SPARE,RS-GUPCO,02V54D
164887,"SEPARATOR, CYCLONE (these materials should be made in USA and don't substitute)","فاصل، إعصار (يجب أن تكون هذه المواد مصنوعة في الولايات المتحدة الأمريكية ولا يمكن استبدالها)",PU,7907176,B12246F00 10000,EACH,PUMP MISC,,INSURANCE_SPARE,RS-GUPCO,02T04B
173688,"COUPLING, INNER-RACE ITEM 10. P/N. 46068-5655 MNFG. PHILI GEAR USA","وصلة، حلقة داخلية، رقم القطعة 10، رقم القطعة 46068-5655، من إنتاج شركة فيلي جير الأمريكية.",PU,3116102,46068-5655,EACH,BR/SL/S.PLG/FLT,,INSURANCE_SPARE,RS-GUPCO,02/F31A (1)
164437,"SEAL, OIL COUPLING END ITEM NO. 332A","مانع تسرب، طرف وصلة الزيت، رقم القطعة 332A",PU,7907122,8690-64324,EACH,PUMP MISC,,PLANNED_WO,RS-GUPCO,
161043,"WASHER, 22/32"" OD X 13/32"" ID X 0.109 THICK STEEL","غسالة، قطر خارجي 22/32 بوصة × قطر داخلي 13/32 بوصة × سمك 0.109 بوصة من الفولاذ",MM,7103144,5M2894,EACH,CATERPILLAR,,PLANNED_WO,RS-GUPCO,04J11E (1)
161038,"WASHER, CYLINDER HEAD.","غسالة، رأس الأسطوانة.",MM,0,4M6953,EACH,CATERPILLAR,,INSURANCE_SPARE,RS-GUPCO,04J13A (1)
160957,"WASHER, SEALING FOR 0.375 IN DIA. BOLT.","غسالة، مانعة للتسرب لمسمار قطره 0.375 بوصة.",MM,7103144,5L5840,EACH,CATERPILLAR,,INSURANCE_SPARE,RS-GUPCO,04H14F (1)
161089,"LOCK NUT, 3/8 IN. NC THRD. X 13/32 IN.","صامولة قفل، 3/8 بوصة، سن لولبي غير متصل، × 13/32 بوصة.",MM,7103144,2N2766,EACH,CATERPILLAR,,PLANNED_WO,RS-GUPCO,04K21F (1)
160831,"LOCK WASHER, 6.6 MM OR 1/4 .","غسالة قفل، 6.6 مم أو 1/4.",MM,7103144,3B4504,EACH,CATERPILLAR,,INSURANCE_SPARE,RS-GUPCO,04E17A (1)
160857,"NUT, 1/2"" NC THRD","صامولة، 1/2 بوصة NC THRD",MM,7103144,1D4719,EACH,CATERPILLAR,,PLANNED_WO,RS-GUPCO,
160822,"NUT, 5/8 IN NC THRD FULL GRAPHITED.","صامولة، 5/8 بوصة NC ملولبة بالكامل ومغطاة بالجرافيت.",MM,7103144,1B5358,EACH,CATERPILLAR,,PLANNED_WO,RS-GUPCO,04H18E (1)
175978,"FITTING, GROUP VERTICAL EXHAUST 5 IN.","تركيب، مجموعة عادم رأسي 5 بوصة.",MM,7103134,3N3016,EACH,CATERPILLAR,,MIN_MAX,RS-GUPCO,04 K 02H
165010,"SLEEVE, THROTTLE ITEM NO. 171-B","غلاف الخانق، رقم الصنف 171-ب",PU,7902108,522.171B,EACH,PUMP MISC,,SURPLUS,RS-GUPCO,
174427,"VALVE, 1/4 IN. MANIFOLD  SEE MEC 497009052","صمام، مشعب 1/4 بوصة، انظر MEC 497009052",MM,4918204,46057,EACH,WELDING EQUIP,,SURPLUS,RS-GUPCO,02L20B (1)
174431,"RING, PISTON OIL WIPER","حلقة، مكبس، ماسحة الزيت",MM,4918202,1-25-347,EACH,WELDING EQUIP,,INSURANCE_SPARE,RS-GUPCO,02K23D (1)
161391,"BOLT, 3/8 IN. NC THRD X 3 IN.","مسمار، 3/8 بوصة، سن لولبي غير قياسي × 3 بوصة.",MM,7103144,25CA0S1619,EACH,CATERPILLAR,,INSURANCE_SPARE,RS-GUPCO,04K10A(1)
161435,"BOLT, 3/8 IN. NC THRD. X 2-3/4 IN.","مسمار، 3/8 بوصة، سن لولبي غير قياسي × 2-3/4 بوصة",MM,7103144,25CA0T0573,EACH,CATERPILLAR,,INSURANCE_SPARE,RS-GUPCO,04Q01E (1)
164671,"SHAFT, PUMP ITEM NO. 660 P/N. LG_B 3373_4_2216     P/N. LG_B 3373_4_2216                              NEW P/N.B33730F004","عمود المضخة، رقم الصنف 660، رقم القطعة LG_B 3373_4_2216، رقم القطعة LG_B 3373_4_2216، جديد، رقم القطعة B33730F004",PU,7907142,B33730F0042216,EACH,PUMP MISC,,INSURANCE_SPARE,RS-GUPCO,01N03E (1)
164672,"BEARING, INTERMEDIATE BOWL ITEM NO. 672","محمل، وعاء وسيط، رقم الصنف 672",PU,7907142,B36010F0001618,EACH,PUMP MISC,,INSURANCE_SPARE,RS-GUPCO,
164673,"RING,WEAR SUCTION BOWL ITEM NO. 680","حلقة، وعاء شفط قابل للارتداء، رقم الصنف 680",PU,7907142,B3282_4_1123,EACH,PUMP MISC,,SURPLUS,RS-GUPCO,02U39B (1)
164674,"RING,WEAR SUCTION IMMPLER ITEM NO. 681","حلقة، أداة شفط قابلة للتآكل، رقم الصنف 681",PU,7907142,B3280_1123,EACH,PUMP MISC,,SURPLUS,RS-GUPCO,
164675,"GASKET, SEAL HOUSING TO HEAD ITEM NO. 779-H","حشية مانعة للتسرب، غطاء رأس المحرك، رقم الصنف 779-H",PU,7907142,B2749-4-5130,EACH,PUMP MISC,,SURPLUS,RS-GUPCO,
183052,"Bit tool premium carbide tipped, style AR-6  Right hand, grade C-5, 3/8X3/8X2.5 LG, EDP no. 70115, STD package = 10","أداة حفر ذات رأس من الكربيد الممتاز، طراز AR-6، يمين، درجة C-5، 3/8 × 3/8 × 2.5 بوصة، رقم EDP 70115، العبوة القياسية = 10",MM,0,70115,PACKAGE,AUTO SHOP EQUIP,,MIN_MAX,RS-GUPCO,
175967,MAGNETO DRIVE GR,محرك مغناطيسي كبير,MM,7103126,2N2480,EACH,CATERPILLAR,,INSURANCE_SPARE,RS-GUPCO,04K21H
176283,"KEY,IMPELLER 3/8IN.SQ.3-3/16IN.","مفتاح، مروحة 3/8 بوصة مربعة 3-3/16 بوصة",PU,7321116,1042X065,EACH,PUMP CENTRIFUG,,PLANNED_WO,RS-GUPCO,
164706,"GASKET SLEEVE,            ITEM NO. 211","غلاف مانع للتسرب، رقم الصنف 211",PU,7907178,70782-44-5108,EACH,PUMP MISC,,SURPLUS,RS-GUPCO,02U43B (1)
175892,GEAR,معدات,MM,7103126,4L3407,EACH,CATERPILLAR,,INSURANCE_SPARE,RS-GUPCO,04G11H (1)
176098,"TUBE, COPPER 0.625 IN OD ""SOLD BY FOOT""","أنبوب نحاسي بقطر خارجي 0.625 بوصة ""يباع بالقدم""",MM,7103144,1829CA5P1202,CM,CATERPILLAR,,PLANNED_WO,RS-GUPCO,
164998,"SHAFT,","رمح،",PU,7902104,1453483,EACH,PUMP MISC,,MIN_MAX,RS-GUPCO,
173530,"KIT, REPAIR CONSISTS OF:DRIVE PIN S-3,U-CUP S-4,SE AT GASKET S-13,STA.FACE S-14,SLEEVE GASKET S-19, SET SCREW S-57,DRIVE","طقم الإصلاح يتكون من: دبوس القيادة S-3، كوب على شكل حرف U S-4، حشية SE AT S-13، وجه STA S-14، حشية الغلاف S-19، برغي التثبيت S-57، محرك",PU,3002104,B0122229-k11,KIT,BELT/TRANSMIT,,INSURANCE_SPARE,RS-GUPCO,02/G54C
173532,"COLLAR, DRIVE FOR SHAFT SLEEVE STYLE NO.2","طوق، محرك لغطاء عمود الدوران، النمط رقم 2",PU,3002112,661605DB,EACH,BELT/TRANSMIT,,INSURANCE_SPARE,RS-GUPCO,02F04F (1)
173533,"SCREW, SET 3/8 IN. 16 NC X 3/8 IN.","برغي، مثبت 3/8 بوصة. 16 NC × 3/8 بوصة.",PU,3002112,4R0437DY,EACH,BELT/TRANSMIT,,INSURANCE_SPARE,RS-GUPCO,02F04E (1)
173558,"BELT, DRIVE  MNFG.""GM""      USA","تصنيع أحزمة القيادة. ""جنرال موتورز"" الولايات المتحدة الأمريكية",PU,5507116,10069990,EACH,BELT/TRANSMIT,,INSURANCE_SPARE,RS-GUPCO,03C24H (1)
182921,"SEAL, ","ختم،",MM,0,6L7814,EACH,CATERPILLAR,,PLANNED_WO,RS-GUPCO,1
175554,"REGULATOR, PRESSURE",منظم الضغط,MM,6923106,214517,EACH,ENGINE USA,,MIN_MAX,RS-GUPCO,02Q26
175540,"SPACER, CRANK SHAFT PULLEY","فاصل، بكرة عمود المرفق",MM,6923106,153160E,EACH,ENGINE USA,,INSURANCE_SPARE,RS-GUPCO,
175535,"RING, THRUST-SET OF TWO MATCHED HALVES",حلقة دفع - طقم من نصفين متطابقين,MM,6923108,153031D,EACH,ENGINE USA,,INSURANCE_SPARE,RS-GUPCO,02R40A (1)
176135,"KIT, GASKET FUEL SYSTEM","طقم، حشية نظام الوقود",MM,7103140,1CA6V1788,EACH,CATERPILLAR,,INSURANCE_SPARE,RS-GUPCO,03A06H
183151,BOLT,مسمار,MM,7103126,S1573,EACH,CATERPILLAR,,PLANNED_WO,RS-GUPCO,
176072,"BOLT, 5/8 IN. NC THRD X 1-1/2 IN.","مسمار، 5/8 بوصة، سن لولبي غير قياسي × 1-1/2 بوصة.",MM,7103144,0S1566,EACH,CATERPILLAR,,INSURANCE_SPARE,RS-GUPCO,04P19B
174408,"ROD, 5/16"" BRONZE ""O X WELD""","قضيب، 5/16 بوصة، برونزي ""O X WELD""",MM,0,,KG,WELDING EQUIP,,INSURANCE_SPARE,RS-GUPCO,03C01C (1)
175549,"GASKET, LOWER BY PASS TUBE",حشية أنبوب التجاوز السفلي,MM,6923108,167392A,EACH,ENGINE USA,,PLANNED_WO,RS-GUPCO,
173779,"SECONDARY AIR FILTER  (INGERSOLL RAND GENUINE PARTS , MADE IN USA AND PROVIDE ORGINE CERTIFICATE , DO NOT SUBSTITUTE)","فلتر هواء ثانوي (قطع غيار أصلية من إنجرسول راند، صنع في الولايات المتحدة الأمريكية، مع شهادة المنشأ، لا تستبدله)",MM,8009166,39207972,EACH,BR/SL/S.PLG/FLT,,MIN_MAX,RS-GUPCO,
124945,"MECHANICAL SEAL, MODEL UK-3375 MAT. CODE NO 5N4A.  COMPLETE WITH FLANGE ASSY. S-11, GASKET S-18,      DRIVE COLLAR S-58,","مانع تسرب ميكانيكي، موديل UK-3375، رمز المادة 5N4A. كامل مع مجموعة الشفة S-11، والحشية S-18، وطوق القيادة S-58.",PU,3002116,,EACH,BELT/TRANSMIT,,INSURANCE_SPARE,RS-GUPCO,02F02C (1)
124951,"KIT, REPAIR CONSISTS OF:DRIVE KEY S-3,U-CUP S-4,   SEAT GASKET S-13,STA.FACE S-14,SLEEVE GASKET S-19 ,BUSHING S-24,FLG.G","طقم الإصلاح يتكون من: مفتاح التشغيل S-3، غطاء المقعد S-4، حشية المقعد S-13، غطاء المقعد S-14، حشية الغلاف S-19، جلبة S-24، حافة G",PU,3002116,,KIT,BELT/TRANSMIT,,INSURANCE_SPARE,RS-GUPCO,02F02D (1)
183047,"V-BELT,  C-88","حزام على شكل حرف V، C-88",MM,0,C-88,EACH,BELT/TRANSMIT,,MIN_MAX,RS-GUPCO,
176209,"GEAR, SET SINGLE EXTERNAL WORM SHAFT","مجموعة تروس، عمود دودي خارجي مفرد",PU,7313104,252-0136-100,EACH,PUMP CENTRIFUG,,INSURANCE_SPARE,RS-GUPCO,02Q09
173778,"PRIMARY AIR FILTER  (INGERSOLL RAND GENUINE PARTS , MADE IN USA AND PROVIDE ORGINE CERTIFICATE , DO NOT SUBSTITUTE)","فلتر الهواء الأساسي (قطع غيار أصلية من إنجرسول راند، صنع في الولايات المتحدة الأمريكية، مع توفير شهادة المنشأ، لا تستبدله)",MM,8009166,39207964,EACH,BR/SL/S.PLG/FLT,,MIN_MAX,RS-GUPCO,
177583,"SCREW, IMP ITEM NO. 198  MATL 2239,","برغي، رقم الصنف 198، المادة 2239،",PU,7907152,A00086A03 2239,EACH,PUMP MISC,,INSURANCE_SPARE,RS-GUPCO,02T43
177584,"RING, IMPELLER WEARING ITEM NO. 203  MATL 1001,","حلقة، دافعة، قطعة ملابس رقم 203، مادة 1001،",PU,7907152,C00297A82 1001,EACH,PUMP MISC,,INSURANCE_SPARE,RS-GUPCO,02T43
177575,"BEARING, BALL THREAD MAT.1727 THRUST ,","محمل كروي ملولب MAT.1727 دفع،",PU,7907152,R8057 3 1701,EACH,PUMP MISC,,INSURANCE_SPARE,RS-GUPCO,02T43
177578,"BUSHING,   ITEM NO.125, MATL 1001,","جلبة، رقم الصنف 125، المادة 1001،",PU,7907152,B00129A04 1001,EACH,PUMP MISC,,INSURANCE_SPARE,RS-GUPCO,02T43
177580,"RING, WEAR  CASING ITEM NO. 164    MATL 1001,","حلقة، غلاف مقاوم للتآكل، رقم الصنف 164، مادة 1001،",PU,7907152,C00352A14 1001,EACH,PUMP MISC,,INSURANCE_SPARE,RS-GUPCO,02T43
175506,"Repair Kit for Main Water Pump ,Waukesha 6 Cylinder Engine models 3521&2895, P.No.#G-960-294","طقم إصلاح لمضخة المياه الرئيسية، لمحركات واكيشا ذات 6 أسطوانات، طرازات 3521 و2895، رقم القطعة: G-960-294",MM,6923114,G-960-294,EACH,ENGINE USA,,MIN_MAX,RS-GUPCO,
177572,"GASKET CASING,          ITEM NO. 651                O A R","غطاء مانع للتسرب، رقم الصنف 651 O A R",PU,7907178,A01045A02,EACH,PUMP MISC,,SURPLUS,RS-GUPCO,02V31F (1)
165097,"O-RING, SET CONSISTING OF THE FOLLOWING                    O-RING, P/N 1056182 1 EA                           O-RING, P/","مجموعة حلقات مانعة للتسرب، تتكون من حلقة مانعة للتسرب واحدة، رقم القطعة 1056182",PU,7902107,,EACH,PUMP MISC,,PLANNED_WO,RS-GUPCO,
176000,"THERMOSTSTE,","ترموستات،",MM,7103139,5N8568,EACH,CATERPILLAR,,INSURANCE_SPARE,RS-GUPCO,04/S02C
132531,"BEARING, FOR BLOCK GROUP.","محمل، لمجموعة الكتل.",MM,7103138,1CA4N6658,EACH,CATERPILLAR,,PLANNED_WO,RS-GUPCO,04H04
165451,"SHIM, 0.005"" THICK THRUST BEARING TO SUPPORT HEAD","حشوة، سمكها 0.005 بوصة، محمل دفع لدعم الرأس",PU,7909110,312D257BX4-249,EACH,PUMP MISC,,INSURANCE_SPARE,RS-GUPCO,02T26G
161234,PIPE AIR INLET   P/N. 4N7767,"أنبوب مدخل الهواء، رقم القطعة 4N7767",MM,7103139,4N7767,EACH,CATERPILLAR,,INSURANCE_SPARE,RS-GUPCO,04L01A
165450,"SHIM, 0.010"" THRUST BEARING TO SUPPORT HEAD","حشوة، 0.010 بوصة، محمل دفع لدعم الرأس",PU,7909110,312D257BX3-249,EACH,PUMP MISC,,INSURANCE_SPARE,RS-GUPCO,02T26G
132443,"GEAR, FOR PUMP GROUP","تروس، لمجموعة المضخة",MM,7103138,,EACH,CATERPILLAR,,INSURANCE_SPARE,RS-GUPCO,04L24C
175986,"PUMP ASSY, OIL P/NO: 1614111","مجموعة مضخة الزيت، رقم القطعة: 1614111",MM,7103138,1614111,EACH,CATERPILLAR,,INSURANCE_SPARE,RS-GUPCO,04 K 02 h
132759,"SHAFT,","رمح،",MM,7103139,,EACH,CATERPILLAR,,INSURANCE_SPARE,RS-GUPCO,01D22A
132526,"SPRING, HEAD GROUP","الربيع، المجموعة الرئيسية",MM,7103142,5CA4N5906,EACH,CATERPILLAR,,INSURANCE_SPARE,RS-GUPCO,
175913,PLATE ASSY DRIVING CLUTCH ASSY,"مجموعة لوحة القيادة، مجموعة قابض القيادة",MM,7103132,1CA6L4750,EACH,CATERPILLAR,,INSURANCE_SPARE,RS-GUPCO,04K02C
184104,"FILTER, FUEL.","فلتر، وقود.",MM,0,22177711,EACH,AUTO SHOP EQUIP,,PLANNED_WO,RS-GUPCO,
184106,"COOLANT, CONDITIONAL. , type: 9/230 engine: cummins engine: model qsi-9 engine: s/no-46317646","سائل تبريد، مشروط.، النوع: 9/230، المحرك: كمنز، المحرك: طراز QSI-9، المحرك: الرقم التسلسلي 46317646",MM,0,22177745,EACH,AUTO SHOP EQUIP,,INSURANCE_SPARE,RS-GUPCO,02L04D
183186,ROUND SLING / POLYESTER / COLOUR YELLOW / F.O.S 7:1 / MANUFACTURED TO BSEN 1492:2 / CE MARK / S.W.L 3 TONNE / E.W.L 3 MT,حمالة دائرية / بوليستر / اللون أصفر / نسبة الشد 7:1 / مصنعة وفقًا للمواصفة BSEN 1492:2 / علامة CE / حمولة آمنة 3 أطنان / حمولة قصوى 3 أطنان,MM,0,~,EACH,CORDG & CHAIN,,MIN_MAX,RS-GUPCO,
185794,"LEAD, PRIMARY","قائد، أساسي",MM,0,208503B,EACH,ENGINE USA,,MIN_MAX,RS-GUPCO,02Q30A
183453,"STUD, ASSY, NEW STYLE, NO 21 THRU 48.","مسمار، مجموعة، نمط جديد، من رقم 21 إلى 48.",MM,4912102,,KIT,WELDING EQUIP,,INSURANCE_SPARE,RS-GUPCO,02/L32B
119421,"CROSS HEAD 75 2.3  ,   P.No. # D-5583","رأس متقاطع 75 2.3، رقم القطعة # D-5583",MM,8001108,D-5583,EACH,COMPRESSOR USA,,INSURANCE_SPARE,RS-GUPCO,01E23B
164502,"RING, RETAINING BEARING HOUSING ITEM NO. 361A","حلقة تثبيت غلاف المحمل، رقم الصنف 361A",PU,7907120,58101 393,EACH,PUMP MISC,,MIN_MAX,RS-GUPCO,02S19E
164497,"RING,WEAR CASING ITEM NO.103","خاتم، علبة مقاومة للتآكل، رقم الصنف 103",PU,7907120,68314 2 1618,EACH,PUMP MISC,,MIN_MAX,RS-GUPCO,
274455,"Bronze tube 1"" IDX 2"" ODX 1 ft LG, Copper alloy No. C937, conform to ASTM B-505 and fed. Spec. QQ-C-390, E10 with a trac","أنبوب برونزي بقطر داخلي 1 بوصة وقطر خارجي 2 بوصة وطول 1 قدم، مصنوع من سبيكة نحاسية رقم C937، مطابق للمواصفات ASTM B-505 و QQ-C-390، E10 مع مسار",PU,0,~,EACH,PUMP MISC,,INSURANCE_SPARE,RS-GUPCO,
274466,Bearing Housing (item no.134),غلاف المحمل (رقم الصنف 134),PU,7907120,78215 1001,EACH,PUMP MISC,,PLANNED_WO,RS-GUPCO,
185792,"COIL, IGNITION SHIELDED",ملف إشعال محمي,MM,0,69694D,EACH,ENGINE USA,,MIN_MAX,RS-GUPCO,
183471,"RECTIFIER, INTEGRATED, 30A.","مقوم تيار متكامل، 30 أمبير.",MM,4913104,,KIT,WELDING EQUIP,,SURPLUS,RS-GUPCO,02/L32C
183472,"ARMATURE, PINION, 6000 RPM, FOR CAT NO 4076.","محرك، ترس، 6000 دورة في الدقيقة، لرقم الكتالوج 4076.",MM,4700001,,EACH,AUTO SHOP EQUIP,,OBSOLETE,RS-GUPCO,02L04B
183473,"ARMATURE, WITH FAN, FOR MODEL 4076-01, 220 VOLT.","محرك دوار، مع مروحة، للموديل 4076-01، 220 فولت.",MM,0,,EACH,AUTO SHOP EQUIP,,OBSOLETE,RS-GUPCO,02L04B
274154,"Bearing series case, Item no. 243, P/No. 169969-PQ, remachine from chart 169963, used for B.J Pump model VLT, Size 1300,","علبة سلسلة المحامل، رقم الصنف 243، رقم القطعة 169969-PQ، معاد تصنيعها من المخطط 169963، تستخدم لمضخة BJ طراز VLT، الحجم 1300،",PU,7902232,AX169969-PQ000,EACH,PUMP MISC,,INSURANCE_SPARE,RS-GUPCO,02T11A
185795,"DISC, TIMING, CEC IGNITION","قرص، توقيت، إشعال CEC",MM,0,305805R,EACH,ENGINE USA,,INSURANCE_SPARE,RS-GUPCO,02R52B(1)
185796,"PICKUP, MAGNETIC",لاقط مغناطيسي,MM,0,168273F,EACH,ENGINE USA,,MIN_MAX,RS-GUPCO,02Q30B
185797,"HARNESS, PRIMARY-ASSEMBLY","مجموعة الأسلاك، التجميع الأساسي",MM,0,69692U,EACH,ENGINE USA,,INSURANCE_SPARE,RS-GUPCO,02/R24
185799,"CABLE, HALL-EFFECT PICKUP-ASSEMBLY","كابل، مجموعة لاقطات تأثير هول",MM,0,295495E,EACH,ENGINE USA,,MIN_MAX,RS-GUPCO,02Q30C
185801,"CONNECTION, FLEX. EXHAUST","وصلة، مرنة. عادم",MM,0,199516H,EACH,ENGINE USA,,INSURANCE_SPARE,RS-GUPCO,02Q30E
185802,"PUMP, PULLY, WATER","مضخة، بكرة، ماء",MM,0,A159581E,EACH,ENGINE USA,,INSURANCE_SPARE,RS-GUPCO,
185803,"TUBING, FLEX, .12 X 9 LG","أنبوب مرن، 0.12 × 9 كبير",MM,0,78116,EACH,ENGINE USA,,PLANNED_WO,RS-GUPCO,
185804,"PUMP, AUX, WATER","مضخة، مساعدة، ماء",MM,0,208540F,EACH,ENGINE USA,,MIN_MAX,RS-GUPCO,02Q30H
185807,"V-BELT,  .38 PARTS FOR WAUKESHA ENGINE MODEL F2895G","سير على شكل حرف V، قطع غيار عيار 0.38 لمحرك واكيشا طراز F2895G",MM,0,A208940,EACH,BELT/TRANSMIT,,MIN_MAX,RS-GUPCO,
185809,"PULLY, IDLER ASSEMBLY.",مجموعة البكرة والشد.,MM,0,N154971B,EACH,ENGINE USA,,PLANNED_WO,RS-GUPCO,
185810,"PULLY, FRONT CRANKSHAFT",بكرة عمود المرفق الأمامي,MM,0,200295J,EACH,ENGINE USA,,INSURANCE_SPARE,RS-GUPCO,02R58C(1)
185812,SHEAVE & BUSH 5 V & QD 10.3 OD,بكرة وجلبة 5 فولت وقطر خارجي 10.3 مم,MM,0,P312925,EACH,ENGINE USA,,INSURANCE_SPARE,RS-GUPCO,02Q59E
185813,SHEAVE & BUSH 5V & QD 9.75 OD,بكرة وجلبة 5 فولت و QD 9.75 OD,MM,0,P312740,EACH,ENGINE USA,,INSURANCE_SPARE,RS-GUPCO,02Q59E
185111,"ROD,CONTROL ASSY.",مجموعة قضيب التحكم,MM,6923126,A208439E,EACH,ENGINE USA,,INSURANCE_SPARE,RS-GUPCO,02Q59F
187512,"COUPLING, DRESSER","وصلة، خزانة ملابس",MM,0,161579B,EACH,ENGINE USA,,INSURANCE_SPARE,RS-GUPCO,02Q34
185800,"GOVERNOR, EG3P, CSA ,","الحاكم، EG3P، CSA،",MM,0,163853W,EACH,ENGINE USA,,MIN_MAX,RS-GUPCO,02Q30E
187507,"COUPLING, FLEXMASTER, 2.38 TUBE.","وصلة، فليكس ماستر، أنبوب 2.38.",MM,0,208706E,EACH,ENGINE USA,,MIN_MAX,RS-GUPCO,
187508,"CPLG, FLEXMAS, 1.5 TUBE","سي بي إل جي، فليكسماس، أنبوب 1.5",MM,0,208706C,EACH,ENGINE USA,,MIN_MAX,RS-GUPCO,
187509,"CONN.,FLEX, SS. 2"" X 18","موصل مرن من الفولاذ المقاوم للصدأ، 2 بوصة × 18",MM,0,P304820,EACH,ENGINE USA,,INSURANCE_SPARE,RS-GUPCO,02R45B
187510,"CONN., FLEX. 1.5 IN. X 14","موصل مرن، 1.5 بوصة × 14",MM,0,P304822,EACH,ENGINE USA,,INSURANCE_SPARE,RS-GUPCO,02R45B
187500,"BELT, 5V X 81 IN. LONG","حزام، 5 فولت × 81 بوصة طولاً",MM,0,P313667,EACH,BELT/TRANSMIT,,MIN_MAX,RS-GUPCO,03R41B
285608,"Oil Cooler Assembly 8""",مجموعة مبرد الزيت 8 بوصة,MM,0,211857,EACH,ENGINE USA,,INSURANCE_SPARE,RS-GUPCO,01/C09H
282613,"NUT  HEX LIGHT  SELF  LOCKING 0.63 - 11UNC, P/NO. 95923355, FOR  IR Ingersoll Rand model EP-100","صامولة سداسية ذاتية القفل خفيفة الوزن 0.63 - 11UNC، رقم القطعة 95923355، لطراز IR Ingersoll Rand EP-100",MM,0,95923355,EACH,COMPRESSOR USA,,PLANNED_WO,RS-GUPCO,
165455,"GASKET, INNER SPIRAL WOUND NEW P/N 2325D363DX1-S316-9","حشية حلزونية داخلية جديدة، رقم القطعة 2325D363DX1-S316-9",PU,7909110,2325D363DX1-S316-9,EACH,PUMP MISC,,MIN_MAX,RS-GUPCO,02T28
273228,"gauge compound, P/N. : 164659B","مركب قياس، رقم القطعة: 164659B",MM,0,164659B,EACH,ENGINE USA,,MIN_MAX,RS-GUPCO,02/R53E
187503,"GAUGE, WATER LEVEL EL 150EX MURPHY",مقياس مستوى الماء EL 150EX مورفي,MM,0,P314251,EACH,ENGINE USA,,INSURANCE_SPARE,RS-GUPCO,02R65A(1)
187501,"THERMOCOUPLE, TYPE K, 168+6/-0","مزدوج حراري، النوع K، 168+6/-0",MM,0,211288T,EACH,ENGINE USA,,MIN_MAX,RS-GUPCO,
198144,"ELEMENT, AIR PRIMARY P/N.142-1340 FOR CAT. ENG","عنصر، هواء أساسي، رقم القطعة 142-1340 لمحرك كاتربيلر",MM,0,1CA1421340,EACH,CATERPILLAR,,MIN_MAX,RS-GUPCO,05D06
284135,"""Vertical Radiator  2-circuit side-by-side design  as the following specification",تصميم مشعاع عمودي ذو دائرتين متجاورتين وفقًا للمواصفات التالية,MM,0,R-65-ST-EB-TC,EACH,ENGINE USA,,PLANNED_WO,RS-GUPCO,
283601,"Crankshaft, A536 GR 80-55-06 D.I, used for clyedunion pump TX-10 serial no. RH1154A-1,2","عمود مرفقي، A536 GR 80-55-06 DI، يُستخدم لمضخة وصلة كلييد TX-10، الرقم التسلسلي RH1154A-1,2",PU,7321122,103D0619400C25700,EACH,PUMP CENTRIFUG,,INSURANCE_SPARE,RS-GUPCO,02Q01G
283602,"STD. Repair kit for JOHN CRANE FFET single mech. seal, Seal size Ø43.00 mm, Material code X O95- X O95 1 DPLX/316, DWG.","طقم إصلاح قياسي لختم ميكانيكي أحادي من جون كرين فيت، مقاس الختم Ø43.00 مم، رمز المادة X O95- X O95 1 DPLX/316، DWG.",PU,7907174,89436389,EACH,BELT/TRANSMIT,,INSURANCE_SPARE,RS-GUPCO,02/F04A
283677,"HOLD TILL 1/6/2027  , Housing Bearing ref. no. 159, Matl. 102-000 Carbon steel, used for Ingersoll Rand Pump10X14 SD S/N","يُحفظ حتى 1/6/2027، رقم مرجع غلاف المحمل 159، المادة 102-000 فولاذ كربوني، يُستخدم لمضخة إنجرسول راند 10X14 SD S/N",PU,7909106,211B159AX1-102,EACH,PUMP MISC,,MIN_MAX,RS-GUPCO,
165453,"RING, WEAR IMPELLER","حلقة، تآكل المروحة",PU,7909110,1125D4BX5-204,EACH,PUMP MISC,,MIN_MAX,RS-GUPCO,02T28A
282156,"Column Intermediate assy., item 642 used for goulds pump model 4x9 AHC, 12 STG., Ref. S/N. 314064 (these materials shoul","مجموعة عمود وسيطة، رقم الصنف 642، تُستخدم لمضخة غولدز طراز 4x9 AHC، 12 مجموعة، الرقم المرجعي 314064 (يجب أن تكون هذه المواد",PU,7907177,C24140F060 9722,EACH,PUMP MISC,,PLANNED_WO,RS-GUPCO,
165431,"KEY, IMPELLER 1/2 IN. X 1/2 IN.X 8-1/2 IN.","مفتاح، مروحة 1/2 بوصة × 1/2 بوصة × 8-1/2 بوصة",PU,7909110,11A9C223-266,EACH,PUMP MISC,,MIN_MAX,RS-GUPCO,02T24F
286295,"Complete repair kit used for U-joint Model SC series 2390 X 24.06"" W/SF180-10  including bearings , bolts and washers (m","طقم إصلاح كامل يُستخدم لمفصل U-joint من سلسلة SC 2390 × 24.06 بوصة W/SF180-10، ويشمل المحامل والمسامير والصفائح المعدنية (م).",PU,0,,EACH,PUMP MISC,,PLANNED_WO,RS-GUPCO,
282714,"Gear Set  EP-50, P/NO. 54403829, FOR  IR  Ingersoll Rand","مجموعة تروس EP-50، رقم القطعة 54403829، لماكينات إنجرسول راند IR",MM,0,54403829,EACH,COMPRESSOR USA,,INSURANCE_SPARE,RS-GUPCO,
235488,"HOSE, CONNECTION HUMP 5-1/2"" ID X6""  P/N  209933A","خرطوم، وصلة مخروطية، القطر الداخلي 5.5 بوصة × الطول 6 بوصات، رقم القطعة 209933A",MM,0,209933A,EACH,ENGINE USA,,MIN_MAX,RS-GUPCO,03H25B
289692,"Gasket, Casing Item 815-1, P/N.: 815B0118102R20501","حشية، غلاف، رقم الصنف 815-1، رقم القطعة: 815B0118102R20501",PU,7321118,815B0118102R20501,EACH,PUMP CENTRIFUG,,INSURANCE_SPARE,RS-GUPCO,02S24A
289697,"Ring,Wear-Impeller, Item 806-1,2, P/N.: 806A0196700A11100","حلقة، دافعة مقاومة للتآكل، رقم الصنف 806-1،2، رقم القطعة: 806A0196700A11100",PU,7321118,806A0196700A11100,EACH,PUMP CENTRIFUG,,INSURANCE_SPARE,RS-GUPCO,02/S24C
289804,"COUPLING, WOODS SUPER FLEX. SIZE 8, TYPE SC,  BORE SIZE 1-7/8 IN.   TB WOOD'S INCORPORATED      USA","وصلة، وودز سوبر فليكس. مقاس 8، نوع SC، قطر التجويف 1-7/8 بوصة. شركة وودز المحدودة، الولايات المتحدة الأمريكية",PU,0,~,EACH,BR/SL/S.PLG/FLT,,INSURANCE_SPARE,RS-GUPCO,02F63C
289694,"Spacer, Seal chamber, P/N.: 851A1006701B45000","فاصل، حجرة مانعة للتسرب، رقم القطعة: 851A1006701B45000",PU,7321118,851A1006701B45000,EACH,PUMP CENTRIFUG,,INSURANCE_SPARE,RS-GUPCO,02/S24B
289695,"Gasket, Seal Chamber Item 815-2, P/N. : 815B0118146R20501","حشية، مانع تسرب حجرة، رقم الصنف 815-2، رقم القطعة: 815B0118146R20501",PU,7321118,815B0118146R20501,EACH,PUMP CENTRIFUG,,SURPLUS,RS-GUPCO,02/S24B
289521,Right Angel Gear Drive S/No. 58820 Thru 58823 Model H350 (Johnson Gear Div. / Arrow Gear Co.) Used For Jetty Fire Pumps,"محرك تروس بزاوية قائمة، الأرقام التسلسلية من 58820 إلى 58823، طراز H350 (قسم جونسون للتروس / شركة آرو للتروس)، يُستخدم لمضخات إطفاء الحرائق في الأرصفة البحرية.",PU,0,58820,EACH,BR/SL/S.PLG/FLT,,INSURANCE_SPARE,RS-GUPCO,
289958,"V-belt , good year hy.t wedge matchmaker , P/N:5vx1400, refrence to radiator item no.:115947","حزام على شكل حرف V، من نوع Goodyear hy.t wedge matchmaker، رقم القطعة: 5vx1400، رقم قطعة الرادياتير: 115947",MM,0,5vx1400,EACH,BELT/TRANSMIT,,MIN_MAX,RS-GUPCO,03 /R 45B
289700,"Shaft, Item 820, P/N: 820C1194900E21501","عمود، رقم الصنف 820، رقم القطعة: 820C1194900E21501",PU,7321118,820C1194900E21501,EACH,PUMP CENTRIFUG,,INSURANCE_SPARE,RS-GUPCO,02R02B
289931,"Casing, radially split single stage, double suction and double volute for Sulzer BINGHAM Pump type CDA, size 10X8X18A, S","غلاف، أحادي المرحلة ذو تقسيم شعاعي، شفط مزدوج وحلزون مزدوج لمضخة سولزر بينغهام من النوع CDA، مقاس 10×8×18A، S",PU,7902112,2033747,EACH,PUMP MISC,,MIN_MAX,RS-GUPCO,07YARD
290785,Diesel fuel filter element (peco) S-13 for  Peco 110V-2C18-4 S13 diesel fuel filter at R#6 P/F   Diesel fuel filte,عنصر فلتر وقود الديزل (بيكو) S-13 لفلتر وقود الديزل بيكو 110V-2C18-4 S13 عند R#6 P/F فلتر وقود الديزل,MM,0,"11491 , S-13",EACH,BR/SL/S.PLG/FLT,,PLANNED_WO,RS-GUPCO,
290786,"Diesel fuel filter element (peco) C-18 for Peco 110V-2C18-4 S13 diesel fuel filter at R#6 P/F P/N 11764 , C-18 (","عنصر فلتر وقود الديزل (بيكو) C-18 لفلتر وقود الديزل بيكو 110V-2C18-4 S13 عند R#6 P/F P/N 11764، C-18 (",MM,0,"11764 , C-18",EACH,BR/SL/S.PLG/FLT,,PLANNED_WO,RS-GUPCO,
295415,"Bowl assembly for UNION PUMP SIZE 12 IN TYPE TLC 8 STG S/N 780548-AX001, the material of bowls and impellers should be z","مجموعة وعاء مضخة UNION مقاس 12 بوصة من النوع TLC 8 STG رقم تسلسلي 780548-AX001، يجب أن تكون مادة الأوعية والمراوح من نوع z",PU,7321116,780548-AX001,EACH,PUMP CENTRIFUG,,PLANNED_WO,RS-GUPCO,
295416,"Column line shaft, mat. 416 S.S, P/N : B/P76H2716","عمود نقل الحركة، مصنوع من الفولاذ المقاوم للصدأ 416، رقم القطعة: B/P76H2716",PU,7321116,LV72954843880F,EACH,PUMP CENTRIFUG,,PLANNED_WO,RS-GUPCO,01M04B
295444,"Throttle bushing HSG F/JCKSCR, Mat. C958, P/No. 82299736","جلبة الخانق HSG F/JCKSCR، المادة C958، رقم القطعة 82299736",PU,7909130,82299736,EACH,PUMP MISC,,PLANNED_WO,RS-GUPCO,
295445,"O- ring 5""x5.250""x0.125"" Buna N, P/No. 82056649","حلقة دائرية 5 بوصات × 5.25 بوصة × 0.125 بوصة من نوع بونا إن، رقم القطعة 82056649",PU,7909130,82056649,EACH,PUMP MISC,,PLANNED_WO,RS-GUPCO,
295446,"Retainer BRG FLG 82.63 OR, Mat. C958, P/No. 82299751","حامل BRG FLG 82.63 OR، المادة C958، رقم القطعة 82299751",PU,7909130,82299751,EACH,PUMP MISC,,PLANNED_WO,RS-GUPCO,
295447,"Discharge Case FLG, FLG 8 REGLH B-E, Mat. C958, P/No. 82299793","علبة تفريغ FLG، FLG 8 REGLH BE، المادة C958، رقم القطعة 82299793",PU,7909130,82299793,EACH,PUMP MISC,,PLANNED_WO,RS-GUPCO,
295448,"O- ring 9.23 IDX 9.51 ODX 0.139 THK, 2Z71 BUNA N, P/No. 82092271","حلقة دائرية 9.23 IDX 9.51 ODX 0.139 THK، 2Z71 BUNA N، رقم القطعة 82092271",PU,7909130,82092271,EACH,PUMP MISC,,PLANNED_WO,RS-GUPCO,
295449,"Bowl 12 JK UNLIND FLG, F/B-E OR JCKSCR, Mat. C958, P/No. 82299819","الوعاء رقم 12 JK UNLIND FLG، F/BE أو JCKSCR، المادة C958، رقم القطعة 82299819",PU,7909130,82299819,EACH,PUMP MISC,,PLANNED_WO,RS-GUPCO,
295450,"Key STR 0.38 SQ X 1.44 LG, 316SS, P/No. 82075805","مفتاح STR 0.38 SQ X 1.44 LG، 316SS، رقم القطعة 82075805",PU,7909130,82075805,EACH,PUMP MISC,,PLANNED_WO,RS-GUPCO,
295451,"Ring thrust split Imp. STDF/1.69/SHF, 316SS, P/No. 82075813","حلقة دفع منقسمة، فولاذ مقاوم للصدأ 316، STDF/1.69/SHF، رقم القطعة 82075813",PU,7909130,82075813,EACH,PUMP MISC,,PLANNED_WO,RS-GUPCO,
295452,"Bell suction 12 JK FLG 14.00 B-E F/WR OR JCKSCR, Mat. C958, P/No. 82299850","بيل ساكتشن 12 JK FLG 14.00 BE F/WR OR JCKSCR، المادة C958، رقم القطعة 82299850",PU,7909130,82299850,EACH,PUMP MISC,,PLANNED_WO,RS-GUPCO,
292246,"Thermostat ,170 F , P/N:496817 , Used For Temperature Control Valve For Engine Model: F3521G , S/N:5283702784","منظم حرارة، 170 فهرنهايت، رقم القطعة: 496817، يُستخدم كصمام تحكم في درجة الحرارة لمحرك طراز: F3521G، الرقم التسلسلي: 5283702784",MM,0,496817,EACH,ENGINE USA,,MIN_MAX,RS-GUPCO,
292231,"Lubricator   , Air Starter , P/N:194840J , Used For Engine Model: F3521g , S/N:5283702784","مُشحِّم، مُشغِّل هواء، رقم القطعة: 194840J، يُستخدم لمحرك طراز: F3521g، الرقم التسلسلي: 5283702784",MM,0,194840J,EACH,ENGINE USA,,INSURANCE_SPARE,RS-GUPCO,02Q44
292244,"Valve ,Temperature Control , P/N:208428E , Used For Engine Model: F3521G , S/N:5283702784","صمام تحكم في درجة الحرارة، رقم القطعة: 208428E، يُستخدم لمحرك طراز: F3521G، الرقم التسلسلي: 5283702784",MM,0,208428E,EACH,ENGINE USA,,MIN_MAX,RS-GUPCO,02Q46D
292234,"Manifold , Water , Front -Assembly , P/N:D205477 , Used For Engine Model: F3521G , S/N:5283702784","مشعب الماء، أمامي - مجموعة، رقم القطعة: D205477، يُستخدم لمحرك طراز: F3521G، الرقم التسلسلي: 5283702784",MM,0,E205477,EACH,ENGINE USA,,PLANNED_WO,RS-GUPCO,02Q44
296041,"Cable Harness  assem. P/N: 393029-60 , Used  For Ez -rail system from magneto to Junction box 14 pin to 19 pin","مجموعة أسلاك التوصيل، رقم القطعة: 393029-60، تُستخدم لنظام Ez-rail من المغناطيس إلى صندوق التوصيل (من 14 إلى 19 سنًا).",MM,0,393029-60,EACH,WIRES & CABLES,,MIN_MAX,RS-GUPCO,
296042,"Shut down lead Cable assem. 180"" length P/N: 593052-180 ,  Used  For Ez -rail system from Junction box to","مجموعة كابلات إيقاف التشغيل. طول 180 بوصة، رقم القطعة: 593052-180، تُستخدم لنظام Ez-rail من صندوق التوصيل إلى",MM,0,593052-180,EACH,WIRES & CABLES,,INSURANCE_SPARE,RS-GUPCO,
296133,"IMPELLER L 5 5/16"", ITEM NO.673, PN. B86981003 USED FOR GOULDS PUMP 4X9XALC, SN.T305487","مروحة بطول 5 5/16 بوصة، رقم الصنف 673، رقم القطعة B86981003، تُستخدم لمضخة غولدز 4X9XALC، الرقم التسلسلي T305487",PU,7907136,B86981003,EACH,PUMP MISC,,PLANNED_WO,RS-GUPCO,
296326,"COVER SUCT 2.5X3-13 316SS , (SN 421674), ITEM NO. 182  , P/N : 101-24-1203","غطاء شفط 2.5 × 3-13 من الفولاذ المقاوم للصدأ 316، (الرقم التسلسلي 421674)، رقم الصنف 182، رقم القطعة: 101-24-1203",PU,7907124,101-24-1203,EACH,PUMP MISC,,PLANNED_WO,RS-GUPCO,
297520,"Cap screw ,socket head, 1/2""- 13x4"" for crankshaft front pulley used for Waukesha gas engine","مسمار سداسي، برأس سداسي، مقاس 1/2 بوصة - 13 × 4 بوصة، لبكرة عمود المرفق الأمامية المستخدمة في محرك بنزين واكيشا",MM,0,28627,EACH,ENGINE USA,,INSURANCE_SPARE,RS-GUPCO,02Q48A
297902,"Morse Cutting Tools 3/8"" × 3/8"" × 1 1/8"" × 3"" 4 Flute Single End Carbide Finishing Center Cutting End Mill-Uncoated Seri","أدوات قطع مورس 3/8 بوصة × 3/8 بوصة × 1 1/8 بوصة × 3 بوصة، 4 شفرات، طرف واحد، مركز قطع نهائي من الكربيد - غير مطلي",MM,0,MT3258154,EACH,TOOLS,,MIN_MAX,RS-GUPCO,
296095,"Nick for Expansion Tank ,Part Numper: 8L3934, used for  Caterpillar Diesel Engine 3408, Serial No. 6U-3478,","نيك لخزان التمدد، رقم القطعة: 8L3934، يستخدم لمحرك ديزل كاتربيلر 3408، الرقم التسلسلي 6U-3478،",MM,0,8L3934,EACH,CATERPILLAR,,INSURANCE_SPARE,RS-GUPCO,04 K09 D
296134,"THRUST RING, ITEM NO.725, PN.B51182217 USED FOR GOULDS PUMP 4X9XALC, SN.T305487","حلقة دفع، رقم الصنف 725، رقم القطعة B51182217، تُستخدم لمضخة غولدز 4X9XALC، الرقم التسلسلي T305487",PU,7907136,B51180F0002217,EACH,PUMP MISC,,PLANNED_WO,RS-GUPCO,02T03B
297898,"Morse Cutting Tools 3/16"" × 3/16"" × 3/4"" × 2 1/2"" 4 Flute Single End Carbide Finishing Center Cutting End Mill-ALTiN Se","أدوات قطع مورس 3/16 بوصة × 3/16 بوصة × 3/4 بوصة × 2 1/2 بوصة، 4 شفرات، طرف واحد، مركز قطع نهائي من الكربيد - ALTiN Se",MM,0,MT3290841,EACH,TOOLS,,MIN_MAX,RS-GUPCO,
297901,"Morse Cutting Tools 5/16"" × 5/16"" × 1 1/8"" × 3"" 4 Flute Single End Carbide Finishing Center Cutting End Mill-Uncoated Se","أدوات قطع مورس 5/16 بوصة × 5/16 بوصة × 1 1/8 بوصة × 3 بوصة، 4 شفرات، طرف واحد، مركز قطع نهائي من الكربيد - غير مطلي",MM,0,MT3258150,EACH,TOOLS,,MIN_MAX,RS-GUPCO,
297906,"Morse Cutting Tools 1/2"" × 1/2"" × 2"" × 4"" 4 Flute Single End Carbide Finishing Center Cutting End Mill-Uncoated Series/","أدوات قطع مورس 1/2 بوصة × 1/2 بوصة × 2 بوصة × 4 بوصة، 4 شفرات، طرف واحد، مركز تشطيب من الكربيد، نهاية قطع - سلسلة غير مطلية/",MM,0,MT3258162,EACH,TOOLS,,MIN_MAX,RS-GUPCO,
296132,"BOWL INTERMD M, ITEM NO.670, PN. B703741011 USED FOR GOULDS PUMP 4X9XALC, SN. T305487","وعاء وسيط متوسط، رقم الصنف 670، رقم القطعة B703741011، يُستخدم مع مضخة غولدز 4X9XALC، الرقم التسلسلي T305487",PU,7907136,B703741011,EACH,PUMP MISC,,PLANNED_WO,RS-GUPCO,
296319,"Constant level lubrication TRICO OPTO-MATIC oiler-glass, Model No. 30215, Stainless steel material, 8 OZ","نظام تزييت بمستوى ثابت TRICO OPTO-MATIC، زجاجي، رقم الموديل 30215، مصنوع من الفولاذ المقاوم للصدأ، سعة 8 أونصة",PU,7909106,60111408,EACH,PUMP MISC,,SURPLUS,RS-GUPCO,02T03B
304387,Clamp Compressor used for Diesel Engine CAT 3406 S/N: 1DZ-12976 Arr. 150-2982,"ضاغط مشبك يستخدم لمحرك ديزل CAT 3406، الرقم التسلسلي: 1DZ-12976، رقم التجهيز: 150-2982",MM,0,101-7769,EACH,CATERPILLAR,,UNDER_CLASSIFICATION,RS-GUPCO,
304389,Connecting Rod Used for Diesel Engine CAT 3406 S/N: 2GG-00728 Arr.150-2981,"ذراع توصيل يُستخدم لمحرك ديزل CAT 3406، الرقم التسلسلي: 2GG-00728، رقم الوصلة: 150-2981",MM,0,7E-5996,EACH,CATERPILLAR,,UNDER_CLASSIFICATION,RS-GUPCO,
304392,Clamp Turbine Used for Diesel Engine CAT 3406 S/N: 2GG-00728 Arr.150-2981,"توربين ذو مشبك يستخدم لمحرك ديزل CAT 3406، الرقم التسلسلي: 2GG-00728، رقم الترتيب: 150-2981",MM,0,5S-4517,EACH,CATERPILLAR,,UNDER_CLASSIFICATION,RS-GUPCO,
304395,Retainer Pin used for Diesel Engine CAT 3406 S/N: 1DZ-12976 Arr. 150-2982,"دبوس تثبيت يُستخدم لمحرك ديزل CAT 3406، الرقم التسلسلي: 1DZ-12976، رقم التجميع: 150-2982",MM,0,7E-1177,EACH,CATERPILLAR,,UNDER_CLASSIFICATION,RS-GUPCO,
304397,Central & Lower Gaskets Kit used for Diesel Engine CAT 3406 S/N: 2GG-00728 Arr.150-2981 & S/N: 1DZ-12976 Arr. 150-2982,"طقم حشيات مركزية وسفلية يُستخدم لمحرك الديزل CAT 3406، الرقم التسلسلي: 2GG-00728، رقم التجميع: 150-2981، والرقم التسلسلي: 1DZ-12976، رقم التجميع: 150-2982",MM,0,135-0231,EACH,CATERPILLAR,,UNDER_CLASSIFICATION,RS-GUPCO,
304399,Water Pump Rebuild Kit used for Diesel Engine CAT 3406 S/N: 2GG-00728 Arr.150-2981 & S/N: 1DZ-12976 Arr. 150-2982,"طقم إصلاح مضخة الماء المستخدم لمحرك الديزل CAT 3406، الرقم التسلسلي: 2GG-00728، رقم القطعة: 150-2981، والرقم التسلسلي: 1DZ-12976، رقم القطعة: 150-2982",MM,0,377-7037,EACH,CATERPILLAR,,UNDER_CLASSIFICATION,RS-GUPCO,
304394,PIN Piston used for Diesel Engine CAT 3406 S/N: 1DZ-12976 Arr. 150-2982,"مكبس دبوسي يُستخدم لمحرك ديزل CAT 3406، الرقم التسلسلي: 1DZ-12976، رقم التجهيز: 150-2982",MM,0,168-7246,EACH,CATERPILLAR,,UNDER_CLASSIFICATION,RS-GUPCO,
304400,Oil Cooler & Lines Gaskets Kit used for Diesel Engine CAT 3406 S/N: 2GG-00728 Arr.150-2981 & S/N: 1DZ-12976 Arr. 150-298,"طقم حشيات مبرد الزيت وخطوطه، يُستخدم لمحرك الديزل CAT 3406، الرقم التسلسلي: 2GG-00728، رقم القطعة: 150-2981، والرقم التسلسلي: 1DZ-12976، رقم القطعة: 150-298",MM,0,140-9323,EACH,CATERPILLAR,,UNDER_CLASSIFICATION,RS-GUPCO,
304384,Crank Shaft Ass used for Diesel Engine CAT 3406 S/N: 2GG-00728 Arr.150-2981 & S/N: 1DZ-12976 Arr. 150-2982,"مجموعة عمود المرفق المستخدمة لمحرك ديزل CAT 3406، الرقم التسلسلي: 2GG-00728، رقم التجميع: 150-2981، والرقم التسلسلي: 1DZ-12976، رقم التجميع: 150-2982",MM,0,1CA4302593,EACH,CATERPILLAR,,UNDER_CLASSIFICATION,RS-GUPCO,
304390,Cartridge GP Turbocharger Used for Diesel Engine CAT 3406 S/N: 2GG-00728 Arr.150-2981,"شاحن توربيني من نوع Cartridge GP يُستخدم لمحرك ديزل CAT 3406، الرقم التسلسلي: 2GG-00728، رقم الطرد: 150-2981",MM,0,1W-3729,EACH,CATERPILLAR,,UNDER_CLASSIFICATION,RS-GUPCO,
304388,Body As-Piston used for Diesel Engine CAT 3406 S/N: 2GG-00728 Arr.150-2981,جسم مكبس يستخدم لمحرك ديزل CAT 3406 S/N: 2GG-00728 Arr.150-2981,MM,0,160-1131,EACH,CATERPILLAR,,UNDER_CLASSIFICATION,RS-GUPCO,
319720,"O-Ring, P/N: 0663 3125 00, used for Air Compressor, Model: Atlas Copco G75+","حلقة مانعة للتسرب، رقم القطعة: 0663 3125 00، تُستخدم لضاغط هواء، طراز: أطلس كوبكو G75+",MM,0,,EACH,COMPRESSOR USA,,MIN_MAX,RS-GUPCO,03B31F
319730,"Hose from Air Receiver to Cooler, P/N: 1625 5953 00 ,used for Air Compressor, Model: Atlas Copco G75+","خرطوم من خزان الهواء إلى المبرد، رقم القطعة: 1625 5953 00، يُستخدم لضاغط الهواء، طراز: أطلس كوبكو G75+",MM,0,,EACH,COMPRESSOR USA,,MIN_MAX,RS-GUPCO,02U43B
319702,"Pipe Air Discharge, P/N: 1625 5950 00, used for Air Compressor, Model: Atlas Copco G75+","مخرج هواء أنبوبي، رقم القطعة: 1625 5950 00، يُستخدم لضاغط هواء، طراز: أطلس كوبكو G75+",MM,0,,EACH,COMPRESSOR USA,,MIN_MAX,RS-GUPCO,02U45D
319704,"Seal, P/N: 1625 4044 00, used for Air Compressor, Model: Atlas Copco G75+","مانع تسرب، رقم القطعة: 1625 4044 00، يُستخدم لضاغط هواء، طراز: أطلس كوبكو G75+",MM,0,,EACH,COMPRESSOR USA,,MIN_MAX,RS-GUPCO,03B31F
319706,"Temperature Transmitter, P/N: 1091 0001 19, used for Air Compressor, Model: Atlas Copco G75+","جهاز إرسال درجة الحرارة، رقم القطعة: 1091 0001 19، يُستخدم مع ضاغط هواء، طراز: أطلس كوبكو G75+",MM,0,,EACH,COMPRESSOR USA,,MIN_MAX,RS-GUPCO,02U45E
319864,"Pin, Plug in shaft 62/130 1.4057, DWG No. 309, Import code No. 84139100 for plug-in shaft diam. 100mm, used for Seepex c","دبوس، عمود توصيل 62/130 1.4057، رقم الرسم 309، رمز الاستيراد 84139100 لعمود توصيل بقطر 100 مم، يُستخدم في Seepex c",PU,7918107,SBOL606213000RK0XX,EACH,PUMP MISC,,MIN_MAX,RS-GUPCO,02 T03C
324000,"Nipple for  SCVG hose, P/N  0571 0035 93 , used for Air Compressor, Model: Atlas Copco GA45+","حلمة لخرطوم صمام التحكم في ضغط الهواء، رقم القطعة 0571 0035 93، تُستخدم لضاغط هواء، طراز: أطلس كوبكو GA45+",MM,0,0571 0035 93,EACH,COMPRESSOR USA,,MIN_MAX,RS-GUPCO,02U39E
324001,"O-Ring for SCVG hose, P/N  0663 3119 00 , used for Air Compressor, Model: Atlas Copco GA45+","حلقة مانعة للتسرب لخرطوم صمام التحكم في ضغط الهواء، رقم القطعة 0663 3119 00، تُستخدم لضاغط الهواء، طراز: أطلس كوبكو GA45+",MM,0,663311900,EACH,COMPRESSOR USA,,MIN_MAX,RS-GUPCO,03B31D
324002,"Check valve  P/N: 1622 9062 00, used for Air Compressor, Model: Atlas Copco GA45+","صمام عدم الرجوع رقم القطعة: 1622 9062 00، يُستخدم لضاغط هواء، طراز: أطلس كوبكو GA45+",MM,0,1622 9062 00,EACH,COMPRESSOR USA,,MIN_MAX,RS-GUPCO,02U39
324007,"ELEMENT SPACER, P/N:1622 6600 00, used for Air Compressor, Model: Atlas Copco GA45+","فاصل عنصر، رقم القطعة: 1622 6600 00، يُستخدم لضاغط هواء، طراز: أطلس كوبكو GA45+",MM,0,1622660000,EACH,COMPRESSOR USA,,MIN_MAX,RS-GUPCO,02U39E
324008,"ELEMENT WASHER, P/N:1625 5050 01, used for Air Compressor, Model: Atlas Copco GA45+","غسالة عنصر التسخين، رقم القطعة: 1625 5050 01، تُستخدم لضاغط الهواء، طراز: أطلس كوبكو GA45+",MM,0,1625 5050 01,EACH,COMPRESSOR USA,,MIN_MAX,RS-GUPCO,02U39F
324014,"SPM Nipple, P/N 1619 6032 00 , used for Air Compressor, Model: Atlas Copco GA45+","حلمة SPM، رقم القطعة 1619 6032 00، تُستخدم لضاغط هواء، طراز: أطلس كوبكو GA45+",MM,0,1619 6032 00,EACH,COMPRESSOR USA,,MIN_MAX,RS-GUPCO,02U39F
324017,"Spacer Motor, P/N:  1622 9023 00, used for Air Compressor, Model: Atlas Copco GA45+","محرك فاصل، رقم القطعة: 1622 9023 00، يُستخدم لضاغط هواء، طراز: أطلس كوبكو GA45+",MM,0,1622 9023 00,EACH,COMPRESSOR USA,,MIN_MAX,RS-GUPCO,02U39F
325958,"Temperature Transmitter, P/N : 1089070812 , used for Air Compressor, Model: Atlas Copco GA45+","جهاز إرسال درجة الحرارة، رقم القطعة: 1089070812، يُستخدم مع ضاغط هواء، طراز: أطلس كوبكو GA45+",MM,0,1089070812,EACH,COMPRESSOR USA,,MIN_MAX,RS-GUPCO,
326230,"Element Fuel/Water separator P/N : 5134493,Used for R#6  New Diesel Gen. 3512 S/N LY700385  Manufacturer. CATERPILLAR","فاصل وقود/ماء من نوع Element، رقم القطعة: 5134493، يُستخدم مع مولد الديزل الجديد R#6 رقم 3512، الرقم التسلسلي: LY700385، الشركة المصنعة: كاتربيلر",MM,0,5134493,EACH,CATERPILLAR,,MIN_MAX,RS-GUPCO,05d13h
326231,Restriction Indicator air filter P/N 6I-2933 Used for R#6 New Diesel Gen. 3512 S/N LY700385  Manufacturer. CATERPILLAR,"مؤشر انسداد فلتر الهواء، رقم القطعة 6I-2933، يُستخدم مع محرك الديزل الجديد R#6 من الجيل 3512، الرقم التسلسلي LY700385، من إنتاج شركة كاتربيلر.",MM,0,6I-2933,EACH,CATERPILLAR,,MIN_MAX,RS-GUPCO,04l06e
316994,"Union Tube, P/N: 199108B used for Waukesha Gas Engine F-3521 GSI","وصلة أنبوبية، رقم القطعة: 199108B، تُستخدم لمحرك غاز واكيشا F-3521 GSI",MM,0,199108B,EACH,ENGINE USA,,MIN_MAX,RS-GUPCO,02Q31
320078,"Gauge , 100 Psi , bottom mount , 3/8'' T , P/N :A-18450-A, for Ariel gas compressor model: JGE/4","مقياس ضغط، 100 رطل لكل بوصة مربعة، تركيب سفلي، وصلة 3/8 بوصة، رقم القطعة: A-18450-A، لضاغط غاز أرييل طراز: JGE/4",MM,0,A-18450-A,EACH,COMPRESSOR USA,,MIN_MAX,RS-GUPCO,
320079,"Gauge , 100 Psi , back mount , 3/8'' T , P/N : A-18451-A","مقياس ضغط، 100 رطل/بوصة مربعة، مثبت من الخلف، وصلة 3/8 بوصة، رقم القطعة: A-18451-A",MM,0,A-18451-A,EACH,COMPRESSOR USA,,MIN_MAX,RS-GUPCO,
320082,"Gauge , 7500 PSI, back mount ,3/8"" T, P/N : A-17258-A , for Ariel gas compressor model: JGE/4","مقياس ضغط، 7500 رطل لكل بوصة مربعة، تركيب خلفي، وصلة 3/8 بوصة، رقم القطعة: A-17258-A، لضاغط غاز أرييل طراز: JGE/4",MM,0,A-17258-A,EACH,COMPRESSOR USA,,MIN_MAX,RS-GUPCO,
320083,"Resettable Pin Indicator or Ariel gas compressor model: JGE/4 , P/N: A-18243","مؤشر دبوس قابل لإعادة الضبط أو ضاغط غاز أرييل طراز: JGE/4، رقم القطعة: A-18243",MM,0,A-18243,EACH,COMPRESSOR USA,,MIN_MAX,RS-GUPCO,
320086,"Thread gauge , P/N : A-15236","مقياس الخيط، رقم القطعة: A-15236",MM,0,A-15236,EACH,COMPRESSOR USA,,MIN_MAX,RS-GUPCO,
322199,"LS thurst cap. PN 400300083, used for philadelphia Gear Unit Model No: 125 MHS S/N :127010","غطاء دفع LS، رقم القطعة 400300083، يُستخدم لوحدة تروس فيلادلفيا، رقم الموديل: 125 MHS، الرقم التسلسلي: 127010",PU,0,~,EACH,BR/SL/S.PLG/FLT,,MIN_MAX,RS-GUPCO,
325509,"OIL MOBIL PEGASUS 805 OR OIL DHAX 7200 LA SAE 40, CHEVRON EGYPT LUBRICANTS","زيت موبيل بيغاسوس 805 أو زيت داكس 7200 LA SAE 40، زيوت تشحيم شيفرون مصر",MM,0,,DRUM,LUBR & GREASE,,MIN_MAX,RS-GUPCO,
325961,"Temperature Switch, P/N : 1089063729 , used for Air Compressor, Model: Atlas Copco GA45+","مفتاح حراري، رقم القطعة: 1089063729، يُستخدم لضاغط هواء، طراز: أطلس كوبكو GA45+",MM,0,1089063729,EACH,COMPRESSOR USA,,MIN_MAX,RS-GUPCO,
325965,"Oil Cooler, P/N : 1625564531 , used for Air Compressor, Model: Atlas Copco GA45+","مبرد زيت، رقم القطعة: 1625564531، يُستخدم لضاغط هواء، طراز: أطلس كوبكو GA45+",MM,0,1625564531,EACH,COMPRESSOR USA,,MIN_MAX,RS-GUPCO,
323150,"Control Unit Module (ESM ), P/N: 740825, ECU Serial Number: 10958 used for Waukesha F-3524 G, S/N: 3182312","وحدة التحكم الإلكترونية (ESM)، رقم القطعة: 740825، الرقم التسلسلي لوحدة التحكم الإلكترونية: 10958، مستخدمة في Waukesha F-3524 G، الرقم التسلسلي: 3182312",MM,0,740825,EACH,ENGINE USA,,MIN_MAX,RS-GUPCO,02Q46B
323151,"Transducer Oil Pressure, P/N: A740118, used for Waukesha F-3524 G, S/N: 3182312","محول ضغط الزيت، رقم القطعة: A740118، يستخدم مع جهاز Waukesha F-3524 G، الرقم التسلسلي: 3182312",MM,0,A740118,EACH,ENGINE USA,,MIN_MAX,RS-GUPCO,02Q52
323152,"Transducer Intake Manifold Pressure , P/N: A740119, used for Waukesha F-3524 G, S/N: 3182312","محول ضغط مشعب السحب، رقم القطعة: A740119، يستخدم لـ Waukesha F-3524 G، الرقم التسلسلي: 3182312",MM,0,A740119,EACH,ENGINE USA,,MIN_MAX,RS-GUPCO,03H25D
316349,"Thrust Plat, P/N: 168230, used for Waukesha Gas Engine F-2895 G","لوحة الدفع، رقم القطعة: 168230، تُستخدم لمحرك الغاز Waukesha F-2895 G",MM,0,168230,EACH,ENGINE USA,,INSURANCE_SPARE,RS-GUPCO,02Q50D
309893,"Lube Oil Pump , P/N : CA200380A , used for Waukesha Gas Engine F2895 & F3521 , MANUFACTURE : Waukesha consist of the fol","مضخة زيت التشحيم، رقم القطعة: CA200380A، تُستخدم لمحركات الغاز من نوع Waukesha F2895 وF3521، من إنتاج شركة Waukesha، وتتكون من المكونات التالية:",MM,0,CA200380A,EACH,ENGINE USA,,INSURANCE_SPARE,RS-GUPCO,
316857,"Spark Plug, P/N: 60999Z, used for Waukesha F-3524 G","شمعة إشعال، رقم القطعة: 60999Z، تُستخدم مع طراز Waukesha F-3524 G",MM,0,60999Z,EACH,ENGINE USA,,MIN_MAX,RS-GUPCO,02Q50
323992,"Piston for  Combi valve, P/N 1613 2359 00, used for Air Compressor, Model: Atlas Copco GA45+","مكبس لصمام كومبي، رقم القطعة 1613 2359 00، يُستخدم لضاغط هواء، طراز: أطلس كوبكو GA45+",MM,0,1613 2359 00,EACH,COMPRESSOR USA,,MIN_MAX,RS-GUPCO,02U41H
316860,"Boot Silicone, P/N: 740011A, used for Waukesha F-3524 G","غطاء سيليكون، رقم القطعة: 740011A، يُستخدم مع جهاز Waukesha F-3524 G",MM,0,740011A,EACH,ENGINE USA,,MIN_MAX,RS-GUPCO,03H25C
316388,"HS BEARING BAB RDL 3.625X3.625X5.000. PN BM085457, used for Gear Unit Model No: N1402C , MANUFACTURER LUFKIN GEAR","محمل HS BAB RDL 3.625X3.625X5.000، رقم القطعة BM085457، يُستخدم لوحدة التروس رقم الموديل: N1402C، من إنتاج شركة لوفكين جير.",PU,3112102,BM085457,EACH,BR/SL/S.PLG/FLT,,MIN_MAX,RS-GUPCO,02G57C
313464,Low tension wire cable P/N: 593069-30 for Ez rail ignition system,"كابل سلكي منخفض الجهد، رقم القطعة: 593069-30، لنظام إشعال Ez rail",MM,0,593069-30,EACH,ENGINE USA,,MIN_MAX,RS-GUPCO,
313467,Ez rail L/B P/N:593506-021 A,سكة Ez rail L/B P/N:593506-021 A,MM,0,593506-021 A,EACH,ENGINE USA,,INSURANCE_SPARE,RS-GUPCO,
313469,Ez junction box P/N:593500-201,صندوق توصيل Ez رقم القطعة: 593500-201,MM,0,593500-201,EACH,ENGINE USA,,INSURANCE_SPARE,RS-GUPCO,
308449,Turbocharger Oil-Tube Assembly P/N: 261-0973 for C32 Diesel Gen.  S.No. JSJ02015 (Genuine Part Don't Substitute).,"مجموعة أنابيب زيت الشاحن التوربيني رقم القطعة: 261-0973 لمحرك الديزل C32 رقم التسلسل العام JSJ02015 (قطعة أصلية، لا تستخدم بديلًا).",MM,0,1CA2610973,EACH,CATERPILLAR,,INSURANCE_SPARE,RS-GUPCO,04K05
308450,Turbocharger Oil-Connector P/N:6V-8642 for C32 Diesel Gen.  S.No. JSJ02015 (Genuine Part Don't Substitute.,"وصلة زيت الشاحن التوربيني رقم القطعة: 6V-8642 لمحرك الديزل C32 رقم التسلسل العام JSJ02015 (قطعة أصلية، لا تستخدم بديلاً).",MM,0,5CA6V8642,EACH,CATERPILLAR,,MIN_MAX,RS-GUPCO,04K05
308456,Pulley 4 groove P/N:301-4172 for C32 Diesel Gen.  S.No. JSJ02015 (Genuine Part Don't Substitute).,"بكرة ذات 4 أخاديد P/N:301-4172 لمحرك الديزل C32 Gen. S.No. JSJ02015 (قطعة أصلية، لا تستخدم بديلًا).",MM,0,1CA3014172,EACH,CATERPILLAR,,INSURANCE_SPARE,RS-GUPCO,04K05
308461,Seal Liner P/N:155-0809 for C32 Diesel Gen.  S.No. JSJ02015 (Genuine Part Don't Substitute).,"بطانة مانعة للتسرب رقم القطعة: 155-0809 لمحرك الديزل C32 رقم التسلسل العام JSJ02015 (قطعة أصلية، لا تستخدم بديلاً).",MM,0,5CA1550809,EACH,CATERPILLAR,,MIN_MAX,RS-GUPCO,03A08
308486,"CLAMP-HOSE for air tube , for  Caterpillar diesel engine C32 , Genset serial   JSJ02015 (Genuine Part Don't Substitute)","مشبك خرطوم لأنبوب الهواء، لمحرك ديزل كاتربيلر C32، مولد كهربائي برقم تسلسلي JSJ02015 (قطعة أصلية، لا تستخدم بديلاً)",MM,0,1CA8T4988,EACH,CATERPILLAR,,MIN_MAX,RS-GUPCO,04K03
308488,"Hose Radiator (Inlet), for  Caterpillar diesel engine C32 , Genset serial   JSJ02015 (Genuine Part Don't Substitute)","خرطوم رادياتير (مدخل)، لمحرك ديزل كاتربيلر C32، مولد كهربائي برقم تسلسلي JSJ02015 (قطعة أصلية، لا تستخدم بديلاً)",MM,0,1CA3368953,EACH,CATERPILLAR,,MIN_MAX,RS-GUPCO,03P03C
313465,Right bank cable    P/N: 793101-36 for Ez-rail ignition system,كابل الضفة اليمنى رقم القطعة: 793101-36 لنظام الإشعال Ez-rail,MM,0,793101-36,EACH,ENGINE USA,,INSURANCE_SPARE,RS-GUPCO,
306841,"TUBE, GEARCASE SCAVENGE Part No.23821853 For Air Comp.IR Model R75I S.No. VK2637U14264 Genuine Part do not substitute","أنبوب تنظيف علبة التروس، رقم القطعة 23821853، لضاغط الهواء طراز R75I، الرقم التسلسلي VK2637U14264. قطعة أصلية، لا تستخدم بديلًا.",MM,0,23821853,EACH,COMPRESSOR USA,,MIN_MAX,RS-GUPCO,
314995,O-RING for main water pump for Waukesha engine model L7042GSI P.No. # 155248N (Don't Substitute ) Reference catalog Form,"حلقة مانعة للتسرب لمضخة الماء الرئيسية لمحرك واكيشا طراز L7042GSI، رقم القطعة 155248N (لا تستخدم بديلًا). راجع نموذج الكتالوج المرجعي.",MM,6923108,176883D,EACH,ENGINE USA,,MIN_MAX,RS-GUPCO,03/H25A
308484,"ELBOW-RUBBER for air cleaner , for  Caterpillar diesel engine C32 , Genset serial   JSJ02015 (Genuine Part Don't Substit","كوع مطاطي لفلتر الهواء، لمحرك ديزل كاتربيلر C32، مولد كهربائي برقم تسلسلي JSJ02015 (قطعة أصلية، لا تستخدم بديلًا).",MM,0,1CA1355294,EACH,CATERPILLAR,,INSURANCE_SPARE,RS-GUPCO,03A08D
308490,"Clamp-T Bolt, for  Caterpillar diesel engine C32 , Genset serial   JSJ02015 (Genuine Part Don't Substitute)","مسمار تثبيت على شكل حرف T، لمحرك ديزل كاتربيلر C32، مولد كهربائي برقم تسلسلي JSJ02015 (قطعة أصلية، لا تستخدم بديلاً)",MM,0,5CA2303671,EACH,CATERPILLAR,,MIN_MAX,RS-GUPCO,04K03
309412,"See item#319054 For Alternative) Shell Omala S4 WE 220 , Advanced Synthetic Gear oil for worm gear reduction systems (in","(انظر المنتج رقم 319054 للاطلاع على بديل) زيت تروس شل أومالا S4 WE 220، زيت تروس اصطناعي متطور لأنظمة تخفيض التروس الدودية (في",PU,0,~,PAIL,LUBR & GREASE,,PLANNED_WO,RS-GUPCO,
313468,Ez rail R/B P/N:593506-021 B,سكة حديد Ez Rail R/B P/N:593506-021 B,MM,0,593506-021 B,EACH,ENGINE USA,,INSURANCE_SPARE,RS-GUPCO,
311292,"Bearing, Roller tapered cone ID: 1.3125"" W: 0.9478"", tapered cup OD: 3.125"" W: 0.6875"" SKF P/N K43132/43312.","محمل، مخروطي أسطواني، القطر الداخلي: 1.3125 بوصة، العرض: 0.9478 بوصة، كوب مخروطي، القطر الخارجي: 3.125 بوصة، العرض: 0.6875 بوصة، رقم القطعة SKF: K43132/43312.",PU,7313105,~,EACH,BR/SL/S.PLG/FLT,,MIN_MAX,RS-GUPCO,02G59D
119623,"PISTON, W/B STD. 14.1/8 K","مكبس، قاعدة عجلات قياسية 14.1/8 كيلو",MM,8025100,C-2662,EACH,COMPRESSOR USA,,INSURANCE_SPARE,RS-GUPCO,01E17E
119594,"SIGHT GLASS , P/N A-5374","زجاج الرؤية، رقم القطعة A-5374",MM,8025100,A-5374,EACH,COMPRESSOR USA,,INSURANCE_SPARE,RS-GUPCO,02U16
119624,LUBE OIL PUMP JGH,مضخة زيت التشحيم JGH,MM,8025100,,EACH,COMPRESSOR USA,,INSURANCE_SPARE,RS-GUPCO,
119559,"L.O.PRESS GAUGE, ASHCROLFT , P/N : A-0261","مقياس لوبريس، أشكرُفت، رقم القطعة: A-0261",MM,8025100,A-0261,EACH,COMPRESSOR USA,,MIN_MAX,RS-GUPCO,
117102,"GASKET, GOVERNOR","حشية، منظم السرعة",MM,6923108,,EACH,ENGINE USA,,INSURANCE_SPARE,RS-GUPCO,
316859,"Extension Spark Plug, P/N: A211797G, used for Waukesha F-3524 G","شمعة إشعال إضافية، رقم القطعة: A211797G، تُستخدم مع جهاز Waukesha F-3524 G",MM,0,A211797R,EACH,ENGINE USA,,INSURANCE_SPARE,RS-GUPCO,02Q50
308857,"SENSOR, TEMPERATURE THERMISTOR Installed on filter air panel Part No.23522253","مستشعر، مقاوم حراري، مثبت على لوحة فلتر الهواء، رقم القطعة 23522253",MM,8009155,23522253,EACH,COMPRESSOR USA,,MIN_MAX,RS-GUPCO,02U39A
316347,"Single Cyl. Sleeve Kit 8.25:1 CR, P/N: G-932-172, used for Waukesha Gas Engine F-2895 G","طقم أكمام أسطوانة مفردة بنسبة انضغاط 8.25:1، رقم القطعة: G-932-172، يُستخدم لمحرك غاز واكيشا F-2895 G",MM,0,G-932-172,EACH,ENGINE USA,,INSURANCE_SPARE,RS-GUPCO,01C11H
316391,"SEAL HS-N10C SPLIT AIR PURGE. PN CM163536, used for Gear Unit Model No: N1402C, MANUFACTURER LUFKIN GEAR","صمام تنقية هواء منفصل SEAL HS-N10C. رقم القطعة CM163536، يُستخدم مع وحدة التروس رقم الموديل: N1402C، من إنتاج شركة لوفكين جير.",PU,3112102,CM163536,EACH,BR/SL/S.PLG/FLT,,MIN_MAX,RS-GUPCO,
316423,"HOLD TILL 1/12/2026, Complete Gear Box BHP750, gear ratio 2.81 : 1 included main lube oil pump, pressure and temperature","يُحفظ حتى 1/12/2026، علبة تروس كاملة BHP750، نسبة التروس 2.81:1، تشمل مضخة زيت التشحيم الرئيسية، ومقياس الضغط ودرجة الحرارة",PU,3120102,,EACH,BR/SL/S.PLG/FLT,,INSURANCE_SPARE,RS-GUPCO,
306842,"TUBE, GEARCASE SCAVENGE Part No.23821861 For Air Comp.IR Model R75I S.No. VK2637U14264 Genuine Part do not substitute","أنبوب تنظيف علبة التروس، رقم القطعة 23821861، لضاغط الهواء طراز R75I، الرقم التسلسلي VK2637U14264. قطعة أصلية، لا تستخدم بديلًا.",MM,0,23821861,EACH,COMPRESSOR USA,,MIN_MAX,RS-GUPCO,
306848,"TUBE, SCAVENGE .25 OD Part No.23549629 For Air Comp.IR Model R75I- A125 S.No. VK2637U14264 Genuine Part do not substitut","أنبوب تجميع، قطر خارجي 0.25 بوصة، رقم القطعة 23549629، لضاغط الهواء طراز R75I-A125، الرقم التسلسلي VK2637U14264. قطعة أصلية، لا تستخدم بديلاً.",MM,0,23549629,EACH,COMPRESSOR USA,,INSURANCE_SPARE,RS-GUPCO,02U51E
316157,"STD REPAIR KIT FOR J.C. Mechanical seal, TYPE-8B1, Size 3.375"" for 2.875"" SHAFT, DWG. NO. CF-SP-59007, (The stationary f","طقم إصلاح قياسي لمانع التسرب الميكانيكي JC، النوع 8B1، مقاس 3.375 بوصة لعمود 2.875 بوصة، رقم الرسم CF-SP-59007، (الجزء الثابت من",PU,7909108,~,EACH,BELT/TRANSMIT,,MIN_MAX,RS-GUPCO,
317625,"Ring, process side PN. A04068","حلقة، جانب العملية، رقم القطعة A04068",PU,7916010,A04068,EACH,PUMP MISC,,MIN_MAX,RS-GUPCO,02T03E
316861,"Centrifuge Cleaning Kit, P/N: G-962-1600, used for Waukesha F-3524 G","طقم تنظيف جهاز الطرد المركزي، رقم القطعة: G-962-1600، يُستخدم مع جهاز Waukesha F-3524 G",MM,0,G-962-1600,EACH,ENGINE USA,,MIN_MAX,RS-GUPCO,03H25C
316862,"Fuel Carburetor, P/N: 59036, used for Waukesha F-3524 G","مكربن وقود، رقم القطعة: 59036، يُستخدم مع Waukesha F-3524 G",MM,0,59036,EACH,ENGINE USA,,INSURANCE_SPARE,RS-GUPCO,02Q50
318047,"OIL SEPARATOR AND SCAVENGE LINE KIT, Part No. 2901 9200 40, used for Air Compressor, Model: Atlas Copco G75+","طقم فاصل الزيت وخط السحب، رقم القطعة 2901 9200 40، يُستخدم لضاغط الهواء، طراز: أطلس كوبكو G75+",MM,0,2901 9200 40,EACH,COMPRESSOR USA,,MIN_MAX,RS-GUPCO,05 / e 06 a
308865,"COOLER, OIL Part No.23859564","مبرد زيت، رقم القطعة 23859564",MM,8009155,23859564,EACH,COMPRESSOR USA,,INSURANCE_SPARE,RS-GUPCO,01/E19B
308866,"GASKET, SELF GRIPPING Part No. 23394190","حشية ذاتية التثبيت، رقم القطعة 23394190",MM,8009155,23394190,EACH,COMPRESSOR USA,,MIN_MAX,RS-GUPCO,
318767,Holding band 60/130 V418 180x3/4 1.4401 PN HBDT8060130003V418 - Material Certificates acc.to DIN EN 10204 3.1 Spare part,حزام تثبيت 60/130 V418 180x3/4 1.4401 PN HBDT8060130003V418 - شهادات المواد وفقًا للمعيار DIN EN 10204 3.1 قطعة غيار,PU,7918107,HBDT8060130003V418,EACH,PUMP MISC,,MIN_MAX,RS-GUPCO,02 T03C
318768,Holding band 60/130 V415 127x3/4 1.4401 PNHBDT8060130003V415 - Material Certificates acc.to DIN EN 10204 3.1 Spare part,حزام تثبيت 60/130 V415 127x3/4 1.4401 PNHBDT8060130003V415 - شهادات المواد وفقًا للمعيار DIN EN 10204 3.1 قطعة غيار,PU,7918107,PNHBDT8060130003V415,EACH,PUMP MISC,,MIN_MAX,RS-GUPCO,02 T03C
318965,"MOONEY REGULATOR Repair Kit, P/N: 489670 , used for Waukesha F-3521 GSI","طقم إصلاح منظم MOONEY، رقم القطعة: 489670، يُستخدم مع Waukesha F-3521 GSI",MM,0,489670,EACH,ENGINE USA,,MIN_MAX,RS-GUPCO,
318765,"Joint grease SEEPEX 10325 cart. 310ccm, PN BGFS010325KC0, Spare part for commission no. 350140","شحم مفاصل SEEPEX 10325، عبوة سعة 310 سم مكعب، رقم القطعة BGFS010325KC0، قطعة غيار لرقم التشغيل 350140",PU,7918107,BGFS010325KC0,EACH,PUMP MISC,,MIN_MAX,RS-GUPCO,03 B18F
318045,"Oil Filter Element, Part No. 2901 9200 10, used for Air Compressor, Model: Atlas Copco G75+","عنصر فلتر الزيت، رقم القطعة 2901 9200 10، يُستخدم لضاغط الهواء، طراز: أطلس كوبكو G75+",MM,0,2901 9200 10,EACH,COMPRESSOR USA,,MIN_MAX,RS-GUPCO,05/E06
319340,"Filter Kit UD 310+ Part No. 2901300410 used for Air Compressor, Model: Atlas Copco G75+ SN:APIS45248401","طقم فلتر UD 310+ رقم القطعة 2901300410، يُستخدم لضاغط الهواء، طراز: أطلس كوبكو G75+، الرقم التسلسلي: APIS45248401",MM,0,2901300410,EACH,COMPRESSOR USA,,INSURANCE_SPARE,RS-GUPCO,02 u 45 b
324010,"ELEMENT KEY PARALLEL,P/N: 1629 0308 25, used for Air Compressor, Model: Atlas Copco GA45+","مفتاح عنصر متوازي، رقم القطعة: 1629 0308 25، يُستخدم لضاغط هواء، طراز: أطلس كوبكو GA45+",MM,0,1629 0308 25,EACH,COMPRESSOR USA,,MIN_MAX,RS-GUPCO,02U39F
324016,"HEXAGON Bolt for Element, P/N 0147 1364 03 , used for Air Compressor, Model: Atlas Copco GA45+","مسمار سداسي للعنصر، رقم القطعة 0147 1364 03، يُستخدم لضاغط الهواء، طراز: أطلس كوبكو GA45+",MM,0,147136403,EACH,COMPRESSOR USA,,MIN_MAX,RS-GUPCO,02U41
319725,"O-Ring, P/N: 0663 2113 43, used for Air Compressor, Model: Atlas Copco G75+","حلقة مانعة للتسرب، رقم القطعة: 0663 2113 43، تُستخدم لضاغط هواء، طراز: أطلس كوبكو G75+",MM,0,,EACH,COMPRESSOR USA,,MIN_MAX,RS-GUPCO,03B29A
319707,"Temperature Sensor, P/N: 1089 9989 61, used for Air Compressor, Model: Atlas Copco G75+","مستشعر درجة الحرارة، رقم القطعة: 1089 9989 61، يُستخدم لضاغط الهواء، طراز: أطلس كوبكو G75+",MM,0,1089 9989 61,EACH,COMPRESSOR USA,,MIN_MAX,RS-GUPCO,
324011,"Air End Gear, Part no. 1622 3110 65, used for Air Compressor, Model: Atlas Copco GA45+, S/N: APIS45798401&S/N: APIS45755","ترس طرف الهواء، رقم القطعة 1622 3110 65، يُستخدم لضاغط هواء، طراز: أطلس كوبكو GA45+، الرقم التسلسلي: APIS45798401 والرقم التسلسلي: APIS45755",MM,0,1622 3110 66,EACH,COMPRESSOR USA,,MIN_MAX,RS-GUPCO,02U39F
324015,"HEXAGON Bolt for oil nozzle, P/N 0147 1322 03 , used for Air Compressor, Model: Atlas Copco GA45+","مسمار سداسي لفوهة الزيت، رقم القطعة 0147 1322 03، يُستخدم لضاغط الهواء، طراز: أطلس كوبكو GA45+",MM,0,147132203,EACH,COMPRESSOR USA,,MIN_MAX,RS-GUPCO,02U41
320085,"Proximity switch ,P/N : A-18255 , for Ariel gas compressor model: JGE/4","مفتاح تقارب، رقم القطعة: A-18255، لضاغط غاز أرييل طراز: JGE/4",MM,0,A-18255,EACH,COMPRESSOR USA,,MIN_MAX,RS-GUPCO,
315479,"HOLD TILL 1/12/ 2026 , Outboard Split Seal Used for Bingham horizontal Pump size 4x6x10, axially split , type BB3","يُحفظ حتى 1/12/2026، مانع تسرب خارجي منقسم يُستخدم لمضخة بينغهام الأفقية، مقاس 4×6×10، منقسم محوريًا، من النوع BB3",PU,7902110,,EACH,BR/SL/S.PLG/FLT,,MIN_MAX,RS-GUPCO,
319446,Spark Plug For Waukesha Gas Engine P/N 60999G,"شمعة إشعال لمحرك بنزين من نوع واكيشا، رقم القطعة 60999G",MM,0,60999G or RTM77N,EACH,ENGINE USA,,MIN_MAX,RS-GUPCO,02CAB5
318512,"LINES GP-TURBOCHARGER OIL P/N 212-1487,  for Caterpillar diesel Engine Model : 3406C, Engine Serial No.  6TB26272","زيت شاحن توربيني LINES GP رقم القطعة 212-1487، لمحرك ديزل كاتربيلر طراز: 3406C، الرقم التسلسلي للمحرك: 6TB26272",MM,0,~,SET,CATERPILLAR,,INSURANCE_SPARE,RS-GUPCO,04L02B
317659,"Water Regulator P/N: 4W4011  , used for Caterpillar G-398 & G-399","منظم مياه رقم القطعة: 4W4011، يُستخدم مع جرافات كاتربيلر G-398 و G-399",MM,0,4W4011,EACH,CATERPILLAR,,MIN_MAX,RS-GUPCO,04J12C
316036,F.F. Lubricator Pump P/N A-1764 for Ariel Gas Compressor Model JGE/4,مضخة تزييت FF رقم القطعة A-1764 لضاغط غاز أرييل طراز JGE/4,MM,0,A-18526-A,EACH,COMPRESSOR USA,,INSURANCE_SPARE,RS-GUPCO,
316351,"PISTON ASSY UNL, 5-1/8RU CL, P/N AB-0394 for Ariel Gas Compressor 5-1/2 inch bore cylinders, Frame S/N F-10743","مجموعة مكبس غير محدودة، 5-1/8RU CL، رقم القطعة AB-0394 لضاغط غاز أرييل، أسطوانات بقطر 5-1/2 بوصة، رقم تسلسل الإطار F-10743",MM,8001108,AC-3741,EACH,COMPRESSOR USA,,INSURANCE_SPARE,RS-GUPCO,02U41A
316357,"GASKET,RET,77-5/8 X20-3/8X1/32  , P/N: C-6200 (Manufacture Ariel) for ariel gas compressor model : JGE/4 Frame S/N F-107","حشية، إرجاع، 77-5/8 × 20-3/8 × 1/32، رقم القطعة: C-6200 (صنع شركة أرييل) لضاغط غاز أرييل طراز: JGE/4، رقم الإطار التسلسلي F-107",MM,8001108,C-6200,EACH,COMPRESSOR USA,,INSURANCE_SPARE,RS-GUPCO,03B31C
316350,"Variable Volume Clearance Pocket (R- VVCP) Serial no.: U166069 , P/N G-11085 for Ariel Gas Compressor 5-1/2 inch bore cy","جيب خلوص متغير الحجم (R-VVCP) الرقم التسلسلي: U166069، رقم القطعة G-11085 لضاغط غاز أرييل بقطر 5.5 بوصة",MM,8001108,G-11085,EACH,COMPRESSOR USA,,INSURANCE_SPARE,RS-GUPCO,01E17C
323140,"Bridge Valve-Assembly, P/N: A211792C , used for Waukesha F-3524 G, S/N: 3182312","مجموعة صمام الجسر، رقم القطعة: A211792C، تُستخدم مع Waukesha F-3524 G، الرقم التسلسلي: 3182312",MM,0,A211792E,EACH,ENGINE USA,,MIN_MAX,RS-GUPCO,02Q52
323718,"Bridge valve P/N 3487743 for C32 Diesel Gen. set  S.No. JSJ02015 , Engine serial: PRH02017  (Genuine Part Don't Substitu","صمام جسري رقم القطعة 3487743 لمجموعة مولدات الديزل C32، الرقم التسلسلي JSJ02015، الرقم التسلسلي للمحرك: PRH02017 (قطعة أصلية، لا تستخدم بديلًا).",MM,0,3487743,EACH,CATERPILLAR,,MIN_MAX,RS-GUPCO,04L02F
313466,Left bank cable    P/N:793101-72 for Ez-rail ignition system,كابل الضفة اليسرى رقم القطعة: 793101-72 لنظام الإشعال Ez-rail,MM,0,ALT-793101-72-OE,EACH,ENGINE USA,,INSURANCE_SPARE,RS-GUPCO,
319723,"Nipple, P/N: 1625 4287 03, used for Air Compressor, Model: Atlas Copco G75+","حلمة، رقم القطعة: 1625 4287 03، تُستخدم لضاغط هواء، طراز: أطلس كوبكو G75+",MM,0,,EACH,COMPRESSOR USA,,MIN_MAX,RS-GUPCO,02U43A
319732,"Hose Oil, P/N: 1625 2073 04, used for Air Compressor, Model: Atlas Copco G75+","زيت خرطوم، رقم القطعة: 1625 2073 04، يُستخدم لضاغط هواء، طراز: أطلس كوبكو G75+",MM,0,,EACH,COMPRESSOR USA,,MIN_MAX,RS-GUPCO,03B31G
319863,"Plug in shaft, 62/130 AISI 316L, 100 reduced, 75x120, DWG No. 307, Import code No. 84139100 with fitting grease used for","عمود توصيل، 62/130 AISI 316L، مخفض بنسبة 100%، 75x120، رقم الرسم 307، رمز الاستيراد 84139100، مع شحم تركيب يُستخدم لـ",PU,7918107,STWJ006213000AOVK0,EACH,PUMP MISC,,MIN_MAX,RS-GUPCO,02 T03C
319872,"Stator, 60/300-6L NBR, DWG No. 601, Spare part for Seepex commission no. 350141,Commodity Code/Import Code Number: 84139","الجزء الثابت، 60/300-6 لتر NBR، رقم الرسم 601، قطعة غيار لرقم عمولة Seepex 350141، رمز السلعة/رقم رمز الاستيراد: 84139",PU,7918107,350140STA,EACH,PUMP MISC,,MIN_MAX,RS-GUPCO,01M01
319869,"Pin, coupling rod 60/130 L5, DWG. NO. 402, Spare part for Seepex commission no. 350141,Commodity Code/Import Code Number","دبوس، قضيب توصيل 60/130 L5، رقم الرسم 402، قطعة غيار لرقم عمولة Seepex 350141، رمز السلعة/رقم رمز الاستيراد",PU,7918107,KBOL506013000XXXXX,EACH,PUMP MISC,,MIN_MAX,RS-GUPCO,02 T03C
319871,"Rotor, 60/300-6L AISI 316L Duktil 250¼m - Material Certificates acc.to DIN EN 10204 3.1, DWG NO. 600, Spare part for See","دوّار، 60/300-6L AISI 316L Duktil 250¼m - شهادات المواد وفقًا للمعيار DIN EN 10204 3.1، رقم الرسم 600، قطعة غيار لـ (انظر)",PU,7918107,ROTJ00603000AN09BX,EACH,PUMP MISC,,MIN_MAX,RS-GUPCO,01M01
320162,"Tap tapered for pipe, ground thread HSS, regular thread NPT, list No. 2119 size (3/8 "" - 18) part no. 36125, Morse Cutti","صنبور مخروطي للأنابيب، خيط أرضي من الفولاذ عالي السرعة، خيط عادي NPT، رقم القائمة 2119، المقاس (3/8 بوصة - 18)، رقم القطعة 36125، مورس كاتي",PU,0,~,EACH,TOOLS,,MIN_MAX,RS-GUPCO,
319337,"thermostatic kit 40 Degree P/N:2901161600 ,  used for Air Compressor, Model: Atlas Copco G75+ SN:APIS45248401","طقم منظم حرارة 40 درجة، رقم القطعة: 2901161600، يُستخدم لضاغط هواء، طراز: أطلس كوبكو G75+، الرقم التسلسلي: APIS45248401",MM,0,2901161600,EACH,COMPRESSOR USA,,MIN_MAX,RS-GUPCO,03B31E
323722,"Seal O-ring for water pump replacement  P/N 6V-5063 for C32 Diesel Gen. set  S.No. JSJ02015 , Engine serial: PRH02017  (","حلقة مانعة للتسرب لاستبدال مضخة الماء، رقم القطعة 6V-5063، لمجموعة مولدات الديزل C32، الرقم التسلسلي JSJ02015، الرقم التسلسلي للمحرك: PRH02017 (",MM,0,6V-5063,EACH,CATERPILLAR,,MIN_MAX,RS-GUPCO,03A08E
323725,"Seal O-ring for water pump replacement  P/N 231-4708 for C32 Diesel Gen. set  S.No. JSJ02015 , Engine serial: PRH02017 ","حلقة مانعة للتسرب لاستبدال مضخة الماء، رقم القطعة 231-4708، لمجموعة مولدات الديزل C32، الرقم التسلسلي JSJ02015، الرقم التسلسلي للمحرك: PRH02017",MM,0,231-4708,EACH,CATERPILLAR,,MIN_MAX,RS-GUPCO,03A08E
323996,"Plug Oil Stop Valve, P/N 1622 9087 00, used for Air Compressor, Model: Atlas Copco GA45+","صمام إيقاف الزيت، رقم القطعة 1622 9087 00، يُستخدم لضاغط الهواء، طراز: أطلس كوبكو GA45+",MM,0,1622 9087 00,EACH,COMPRESSOR USA,,MIN_MAX,RS-GUPCO,02U39E
324009,"ELEMENT WASHER SCREW,P/N: 0211 1409 00, used for Air Compressor, Model: Atlas Copco GA45+","برغي غسالة عنصر التسخين، رقم القطعة: 0211 1409 00، يُستخدم لضاغط الهواء، طراز: أطلس كوبكو GA45+",MM,0,211140900,EACH,COMPRESSOR USA,,MIN_MAX,RS-GUPCO,02U41
323142,"O-Ring, P/N: 211830, used for Waukesha F-3524 G, S/N: 3182312","حلقة دائرية، رقم القطعة: 211830، تُستخدم مع جهاز Waukesha F-3524 G، الرقم التسلسلي: 3182312",MM,0,211830,EACH,ENGINE USA,,MIN_MAX,RS-GUPCO,03H25D
323144,"Arm Rocker Assembly, P/N: C211790A, used for Waukesha F-3524 G, S/N: 3182312","مجموعة ذراع التأرجح، رقم القطعة: C211790A، تُستخدم مع Waukesha F-3524 G، الرقم التسلسلي: 3182312",MM,0,G11790A,EACH,ENGINE USA,,MIN_MAX,RS-GUPCO,02Q52
323145,"KIT Gasket Head Single, P/N: 977-68, used for Waukesha F-3524 G, S/N: 3182312","طقم حشية رأس مفردة، رقم القطعة: 977-68، يستخدم لـ Waukesha F-3524 G، الرقم التسلسلي: 3182312",MM,0,G-977-68,EACH,ENGINE USA,,MIN_MAX,RS-GUPCO,02Q52
319715,"O-Ring, P/N: 0663 2119 92, used for Air Compressor, Model: Atlas Copco G75+","حلقة مانعة للتسرب، رقم القطعة: 0663 2119 92، تُستخدم لضاغط هواء، طراز: أطلس كوبكو G75+",MM,0,0663 2119 92,EACH,COMPRESSOR USA,,MIN_MAX,RS-GUPCO,03B31E
319716,"Hose Assembly from SCVG to Air End, P/N: 0574 8000 45, used for Air Compressor, Model: Atlas Copco G75+","مجموعة خرطوم من صمام التحكم في ضغط الهواء إلى وحدة ضغط الهواء، رقم القطعة: 0574 8000 45، تُستخدم لضاغط هواء، طراز: أطلس كوبكو G75+",MM,0,,EACH,COMPRESSOR USA,,MIN_MAX,RS-GUPCO,03B31F
319717,"Hose Assembly from Oil filter to Air End, P/N: 1625 2073 06, used for Air Compressor, Model: Atlas Copco G75+","خرطوم توصيل من فلتر الزيت إلى وحدة ضغط الهواء، رقم القطعة: 1625 2073 06، يُستخدم لضاغط هواء، طراز: أطلس كوبكو G75+",MM,0,,EACH,COMPRESSOR USA,,MIN_MAX,RS-GUPCO,03B31F
319718,"Hose Assembly from Air End to Air Receiver, P/N: 1625 4045 00, used for Air Compressor, Model: Atlas Copco G75+","مجموعة خرطوم من وحدة ضغط الهواء إلى خزان الهواء، رقم القطعة: 1625 4045 00، تُستخدم لضاغط هواء، طراز: أطلس كوبكو G75+",MM,0,,EACH,COMPRESSOR USA,,MIN_MAX,RS-GUPCO,02U45F
319719,"Nipple, P/N: 0571 0036 07, used for Air Compressor, Model: Atlas Copco G75+","حلمة، رقم القطعة: 0571 0036 07، تُستخدم لضاغط هواء، طراز: أطلس كوبكو G75+",MM,0,,EACH,COMPRESSOR USA,,MIN_MAX,RS-GUPCO,02U43A
321618,"OIL HDAX 7200 LA SAE 40 , CHEVRON EGYPT LUBRICANTS",زيت HDAX 7200 LA SAE 40 - زيوت تشحيم شيفرون مصر,MM,0,~,DRUM,LUBR & GREASE,,MIN_MAX,RS-GUPCO,YARD
323721,"Seal Lip type for  (water temperature regulator ) P/N 3S-9643 for C32 Diesel Gen. set  S.No. JSJ02015 , Engine serial: P","مانع تسرب من نوع الشفة لمنظم درجة حرارة الماء، رقم القطعة 3S-9643، لمجموعة مولدات الديزل C32، الرقم التسلسلي JSJ02015، رقم المحرك التسلسلي: P",MM,0,3S-9643,EACH,CATERPILLAR,,MIN_MAX,RS-GUPCO,04L02F
323727,"Joint Expansion for exhaust manifold P/N:243-3566 for C32 Diesel Gen. set  S.No. JSJ02015 , Engine serial: PRH02017  (Ge","وصلة تمدد لمشعب العادم، رقم القطعة: 243-3566، لمجموعة مولدات الديزل C32، الرقم التسلسلي: JSJ02015، الرقم التسلسلي للمحرك: PRH02017 (Ge",MM,0,243-3566,EACH,CATERPILLAR,,MIN_MAX,RS-GUPCO,04L02G
323764,"Ring Piston P/N 2239159 for C32 Diesel Gen. set  S.No. JSJ02015 , Engine serial: PRH02017  (Genuine Part Don't Substitut","مكبس حلقي رقم القطعة 2239159 لمولد ديزل C32، رقم التسلسل JSJ02015، رقم تسلسل المحرك: PRH02017 (قطعة أصلية، لا تستخدم بديلاً).",MM,0,2239159,EACH,CATERPILLAR,,MIN_MAX,RS-GUPCO,04L06D
323765,"Ring Piston P/N 2382707 for C32 Diesel Gen. set  S.No. JSJ02015 , Engine serial: PRH02017  (Genuine Part Don't Substitut","مكبس حلقي رقم القطعة 2382707 لمجموعة مولدات الديزل C32، رقم التسلسل JSJ02015، رقم تسلسل المحرك: PRH02017 (قطعة أصلية، لا تستخدم بديلاً).",MM,0,2382707,EACH,CATERPILLAR,,MIN_MAX,RS-GUPCO,04L06D
325966,"Hose from oil filter to oil cooler, P/N : 1625207303 , used for Air Compressor, Model: Atlas Copco GA45+","خرطوم من فلتر الزيت إلى مبرد الزيت، رقم القطعة: 1625207303، يُستخدم لضاغط الهواء، طراز: أطلس كوبكو GA45+",MM,0,1625207303,EACH,COMPRESSOR USA,,MIN_MAX,RS-GUPCO,
325967,"Pipe Scavenge line Assembly, P/N : 1625822801 , used for Air Compressor, Model: Atlas Copco GA45+","مجموعة خط تجميع أنابيب السحب، رقم القطعة: 1625822801، تُستخدم لضاغط هواء، طراز: أطلس كوبكو GA45+",MM,0,1625822801,EACH,COMPRESSOR USA,,MIN_MAX,RS-GUPCO,
323719,"Ball for rocker arm shaft  P/N 4B-9782 for C32 Diesel Gen. set  S.No. JSJ02015 , Engine serial: PRH02017  (Genuine Part","كرة لعمود ذراع التأرجح، رقم القطعة 4B-9782، لمجموعة مولدات الديزل C32، الرقم التسلسلي JSJ02015، الرقم التسلسلي للمحرك: PRH02017 (قطعة أصلية)",MM,0,4B-9782,EACH,CATERPILLAR,,MIN_MAX,RS-GUPCO,04L02F
323737,"Spacer (9.8X15.85X37.6 MMTHK) for unit injector P/N 100-5072 for C32 Diesel Gen. set  S.No. JSJ02015 , Engine serial: PR","فاصل (9.8 × 15.85 × 37.6 مم) لحاقن الوحدة رقم 100-5072 لمجموعة مولدات الديزل C32، الرقم التسلسلي JSJ02015، الرقم التسلسلي للمحرك: PR",MM,0,100-5072,EACH,CATERPILLAR,,MIN_MAX,RS-GUPCO,04L04B
323743,"bolt  for Intake manifold P/N 2P-7557 for C32 Diesel Gen. set  S.No. JSJ02015 , Engine serial: PRH02017  (Genuine Part D","مسمار لمدخل الهواء، رقم القطعة 2P-7557، لمجموعة مولدات الديزل C32، الرقم التسلسلي JSJ02015، الرقم التسلسلي للمحرك: PRH02017 (قطعة أصلية من الفئة D)",MM,0,2P-7557,EACH,CATERPILLAR,,MIN_MAX,RS-GUPCO,04L04C
323748,"Bolt  12 PT for valve mechanism P/N:338-4562 for C32 Diesel Gen. set  S.No. JSJ02015 , Engine serial: PRH02017  (Genuine","مسمار 12 نقطة لآلية الصمام، رقم القطعة: 338-4562، لمجموعة مولدات الديزل C32، الرقم التسلسلي: JSJ02015، الرقم التسلسلي للمحرك: PRH02017 (أصلي)",MM,0,338-4562,EACH,CATERPILLAR,,MIN_MAX,RS-GUPCO,04L04E
323758,"Kit cylinder head install P/N 4553259 for C32 Diesel Gen. set  S.No. JSJ02015 , Engine serial: PRH02017  (Genuine Part D","طقم تركيب رأس الأسطوانة، رقم القطعة 4553259، لمولد الديزل C32، رقم التسلسل JSJ02015، رقم تسلسل المحرك: PRH02017 (قطعة أصلية من الفئة D)",MM,0,4553259,EACH,CATERPILLAR,,MIN_MAX,RS-GUPCO,03P03C
323759,"Kit aftecooler & lines install P/N 4761065 for C32 Diesel Gen. set  S.No. JSJ02015 , Engine serial: PRH02017  (Genuine P","طقم تركيب مبرد ما بعد الاحتراق وخطوطه، رقم القطعة 4761065، لمولد ديزل C32، الرقم التسلسلي JSJ02015، رقم المحرك التسلسلي: PRH02017 (أصلي)",MM,0,4761065,EACH,CATERPILLAR,,MIN_MAX,RS-GUPCO,04L06A
323762,"Bearing pin piston P/N 2296259 for C32 Diesel Gen. set  S.No. JSJ02015 , Engine serial: PRH02017  (Genuine Part Don't Su","دبوس محمل المكبس، رقم القطعة 2296259، لمجموعة مولدات الديزل C32، الرقم التسلسلي JSJ02015، الرقم التسلسلي للمحرك: PRH02017 (قطعة أصلية، لا تستخدمها).",MM,0,2296259,EACH,CATERPILLAR,,MIN_MAX,RS-GUPCO,04L06B
326499,"Pump, positive displacement, controlled volume, complete with an electric motor, pressure relief valve, pulsation dampen","مضخة إزاحة موجبة، ذات حجم مُتحكم به، مزودة بمحرك كهربائي وصمام لتخفيف الضغط ومخمد للنبضات",PU,0,PRH41-65G1FNZ,EACH,PUMP MISC,,INSURANCE_SPARE,RS-GUPCO,
323763,"Body Piston P/N 3196717 for C32 Diesel Gen. set  S.No. JSJ02015 , Engine serial: PRH02017  (Genuine Part Don't Substitut","مكبس جسم المحرك رقم القطعة 3196717 لمجموعة مولدات الديزل C32، رقم التسلسل JSJ02015، رقم تسلسل المحرك: PRH02017 (قطعة أصلية، لا تستخدم بديلاً).",MM,0,3196717,EACH,CATERPILLAR,,MIN_MAX,RS-GUPCO,04L06C
323990,"Air / oil filter kit, P/N 2901 9200 00, Used for Air compressor Atlas Copco Model GA45+","طقم فلتر هواء/زيت، رقم القطعة 2901 9200 00، يُستخدم لضاغط هواء أطلس كوبكو طراز GA45+",MM,0,2901 9200 00,EACH,COMPRESSOR USA,,MIN_MAX,RS-GUPCO,02U39H
323994,"Oil Stop Valve, P/N 1622 9089 20, used for Air Compressor, Model: Atlas Copco GA45+","صمام إيقاف الزيت، رقم القطعة 1622 9089 20، يُستخدم لضاغط الهواء، طراز: أطلس كوبكو GA45+",MM,0,1622 9089 20,EACH,COMPRESSOR USA,,MIN_MAX,RS-GUPCO,02U39E
323995,"Spring Oil Stop Valve, P/N 1622 5662 00, used for Air Compressor, Model: Atlas Copco GA45+","صمام إيقاف زيت زنبركي، رقم القطعة 1622 5662 00، يُستخدم لضاغط هواء، طراز: أطلس كوبكو GA45+",MM,0,1622 5662 00,EACH,COMPRESSOR USA,,MIN_MAX,RS-GUPCO,02U39E
326714,"GEAR OIL MEROPA 68 ,AGMA NO 2 ,LUBRICATION OIL FOR HORIZONTAL GEARBOXES , ( Drum )","زيت تروس ميروبا 68، أغما رقم 2، زيت تشحيم لعلب التروس الأفقية، (برميل)",PU,0,~,DRUM,LUBR & GREASE,,MIN_MAX,RS-GUPCO,Yard
308871,"VALVE, SOLENOID DRAIN .50 BSPP IN, .25 NPT OUT Part No.23588940","صمام تصريف الملف اللولبي، مدخل 0.50 بوصة BSPP، مخرج 0.25 بوصة NPT، رقم القطعة 23588940",MM,8009155,23588940,EACH,COMPRESSOR USA,,INSURANCE_SPARE,RS-GUPCO,02U49A
306833,Air End Part No.23540131 For Air Comp.IR Model R75I S.No. VK2637U14264 Genuine Part do not substitute,"رقم قطعة وحدة ضغط الهواء 23540131، لضاغط الهواء طراز R75I، الرقم التسلسلي VK2637U14264. قطعة أصلية، لا تستخدم بديلًا.",MM,0,23540131,EACH,COMPRESSOR USA,,MIN_MAX,RS-GUPCO,1.00E+17
307086,"Engine Intake Air Pressure Sensor , P/N 276-6793 , for C32 Diesel Gen.  S.No. JSJ02015 (Genuine Part Don't Substitute)","حساس ضغط هواء سحب المحرك، رقم القطعة 276-6793، لمحرك الديزل C32، الرقم التسلسلي العام JSJ02015 (قطعة أصلية، لا تستخدم بديلاً)",MM,0,1CA2766793,EACH,CATERPILLAR,,INSURANCE_SPARE,RS-GUPCO,04K07H
307087,"Engine Crankshaft Timing Sensor , P/N 201-6615 , for C32 Diesel Gen.  S.No. JSJ02015 (Genuine Part Don't Substitute)","حساس توقيت عمود المرفق للمحرك، رقم القطعة 201-6615، لمحرك الديزل C32، الرقم التسلسلي العام JSJ02015 (قطعة أصلية، لا تستخدم بديلاً)",MM,0,1CA2016615,EACH,CATERPILLAR,,INSURANCE_SPARE,RS-GUPCO,04K07H
307084,"Fuel Differential Pressure Sensor , P/N 258-0883 , for C32 Diesel Gen.  S.No. JSJ02015 (Genuine Part Don't Substitute)","مستشعر فرق ضغط الوقود، رقم القطعة 258-0883، لمحركات الديزل C32، رقم التسلسل العام JSJ02015 (قطعة أصلية، لا تستخدم بديلاً)",MM,0,1CA2580883,EACH,CATERPILLAR,,INSURANCE_SPARE,RS-GUPCO,04K07H
308471,"Seal valve cover base , P/N 222-6456 , for C32 Diesel Gen.  S.No. JSJ02015 (Genuine Part Don't Substitute)","غطاء صمام مانع للتسرب، رقم القطعة 222-6456، لمحرك الديزل C32، رقم التسلسل JSJ02015 (قطعة أصلية، لا تستخدم بديلاً).",MM,0,222-6456,EACH,CATERPILLAR,,INSURANCE_SPARE,RS-GUPCO,03A08C
308854,"HSTCV""<200PSIG"" Part No.23812340C","صمام HSTCV ""<200PSIG"" رقم القطعة 23812340C",MM,8009155,23812340,EACH,COMPRESSOR USA,,MIN_MAX,RS-GUPCO,02U39A
308483,"clamp for exhaust turbocharger side , for  Caterpillar diesel engine C32 , Genset serial   JSJ02015 (Genuine Part Don't","مشبك لجانب شاحن التوربو للعادم، لمحرك ديزل كاتربيلر C32، مولد كهربائي برقم تسلسلي JSJ02015 (قطعة أصلية، لا تستخدمها).",MM,0,1CA4W8118,EACH,CATERPILLAR,,INSURANCE_SPARE,RS-GUPCO,04K03
308485,"CLAMP-HOSE for air cleaner housing rubber , for  Caterpillar diesel engine C32 , Genset serial   JSJ02015 (Genuine Part","مشبك خرطوم مطاطي لعلبة فلتر الهواء، لمحرك ديزل كاتربيلر C32، مولد كهربائي برقم تسلسلي JSJ02015 (قطعة أصلية)",MM,0,1CA8T4990,EACH,CATERPILLAR,,MIN_MAX,RS-GUPCO,04K03
308487,"HOSE for air pipe , for  Caterpillar diesel engine C32 , Genset serial   JSJ02015 (Genuine Part Don't Substitute)","خرطوم لأنبوب الهواء، لمحرك ديزل كاتربيلر C32، مولد كهربائي برقم تسلسلي JSJ02015 (قطعة أصلية، لا تستخدم بديلاً)",MM,0,1CA2798914,EACH,CATERPILLAR,,INSURANCE_SPARE,RS-GUPCO,03A08D
308468,Body as Piston P/N:367-5160 for C32 Diesel Gen.  S.No. JSJ02015 (Genuine Part Don't Substitute).,"جسم المكبس P/N:367-5160 لمحرك الديزل C32 Gen. S.No. JSJ02015 (قطعة أصلية، لا تستخدم بديلاً).",MM,0,1CA3675160,EACH,CATERPILLAR,,INSURANCE_SPARE,RS-GUPCO,04K03
308469,Sender Temperature P/N:265-7430 for C32 Diesel Gen.  S.No. JSJ02015 (Genuine Part Don't Substitute).,"رقم القطعة لدرجة حرارة المرسل: 265-7430 لمولد الديزل C32 رقم التسلسل JSJ02015 (قطعة أصلية، لا تستخدم بديلاً).",MM,0,1CA2657430,EACH,CATERPILLAR,,INSURANCE_SPARE,RS-GUPCO,04K03
308479,"Check valve , for  Caterpillar diesel engine C32 , Genset serial   JSJ02015 (Genuine Part Don't Substitute)","صمام فحص، لمحرك ديزل كاتربيلر C32، مولد كهربائي برقم تسلسلي JSJ02015 (قطعة أصلية، لا تستخدم بديلاً)",MM,0,420-1792,EACH,CATERPILLAR,,INSURANCE_SPARE,RS-GUPCO,03A08D
308489,"Hose Radiator (Outlet), for  Caterpillar diesel engine C32 , Genset serial   JSJ02015 (Genuine Part Don't Substitute)","خرطوم مشعاع (مخرج)، لمحرك ديزل كاتربيلر C32، مولد كهربائي برقم تسلسلي JSJ02015 (قطعة أصلية، لا تستخدم بديلاً)",MM,0,1CA3368954,EACH,CATERPILLAR,,INSURANCE_SPARE,RS-GUPCO,03P03C
308495,"Air Hose, for  Caterpillar diesel engine C32 , Genset serial   JSJ02015 (Genuine Part Don't Substitute)","خرطوم هواء، لمحرك ديزل كاتربيلر C32، مولد كهربائي برقم تسلسلي JSJ02015 (قطعة أصلية، لا تستخدم بديلاً)",MM,0,1CA3375340,EACH,CATERPILLAR,,INSURANCE_SPARE,RS-GUPCO,03A08E
308859,"O-RING, STANDARD -237 3.375 ID X .125 WIDTH Part NO.95022349","حلقة دائرية، قياسية -237، قطر داخلي 3.375 × عرض 0.125، رقم القطعة 95022349",MM,8009155,95022349,EACH,COMPRESSOR USA,,MIN_MAX,RS-GUPCO,03B31D
308869,"COOLER, AIR  Part No.23859572","مبرد هواء، رقم القطعة 23859572",MM,8009155,23859572,EACH,COMPRESSOR USA,,INSURANCE_SPARE,RS-GUPCO,01/E19B
306843,"ORING, STANDARD -253 5.380 ID X .125 WIDTH Part No.95060745  For Air Comp.IR Model R75I S.No. VK2637U14264 Genuine Part","حلقة مانعة للتسرب، قياسية -253، قطر داخلي 5.380 × عرض 0.125، رقم القطعة 95060745، لضاغط هواء طراز R75I، الرقم التسلسلي VK2637U14264، قطعة أصلية",MM,0,95060745,EACH,COMPRESSOR USA,,MIN_MAX,RS-GUPCO,03B31D
306769,"Valve, Inlet HAKG 110 ON/OFF Fixed speed part No. 23421274",صمام مدخل HAKG 110 تشغيل/إيقاف سرعة ثابتة رقم القطعة 23421274,MM,0,23421274,EACH,COMPRESSOR USA,,INSURANCE_SPARE,RS-GUPCO,02U51
306772,"Valve, Orifice/Check (1.42 MM/0.56 Inches) part No. 23544612","صمام، فتحة/فحص (1.42 مم/0.56 بوصة) رقم القطعة 23544612",MM,0,23544612,EACH,COMPRESSOR USA,,PLANNED_WO,RS-GUPCO,
306775,"Tube, Air End Discharge (3INCH) part No. 23543457","أنبوب، مخرج هواء طرفي (3 بوصة) رقم القطعة 23543457",MM,0,23543457,EACH,COMPRESSOR USA,,INSURANCE_SPARE,RS-GUPCO,03P01E
306777,"Filter, Air NLG21-24 High Dust (MANN) part No. 23415805",فلتر هواء عالي الغبار NLG21-24 (MANN) رقم القطعة 23415805,MM,0,23415805,EACH,COMPRESSOR USA,,INSURANCE_SPARE,RS-GUPCO,03/X08H
308451,Air Inlet-Clamp-V-Band P/N:9N-1941 for C32 Diesel Gen.  S.No. JSJ02015 (Genuine Part Don't Substitute).,"مشبك مدخل الهواء على شكل حرف V رقم القطعة: 9N-1941 لمحرك الديزل C32 رقم التسلسل العام JSJ02015 (قطعة أصلية، لا تستخدم بديلاً).",MM,0,1CA9N1941,EACH,CATERPILLAR,,MIN_MAX,RS-GUPCO,04K05
308452,Air Inlet-Seal P/N:236-1637 for C32 Diesel Gen.  S.No. JSJ02015 (Genuine Part Don't Substitute).,"مانع تسرب مدخل الهواء رقم القطعة: 236-1637 لمحرك الديزل C32 رقم التسلسل العام JSJ02015 (قطعة أصلية، لا تستخدم بديلاً).",MM,0,1CA2361637,EACH,CATERPILLAR,,INSURANCE_SPARE,RS-GUPCO,04K05
308497,"Seal O-Ring, for  Caterpillar diesel engine C32 , Genset serial   JSJ02015 (Genuine Part Don't Substitute)","حلقة مانعة للتسرب، لمحرك ديزل كاتربيلر C32، مولد كهربائي برقم تسلسلي JSJ02015 (قطعة أصلية، لا تستخدم بديلاً)",MM,0,10CA8T1703,EACH,CATERPILLAR,,MIN_MAX,RS-GUPCO,03A08
306776,"Valve, Min. Press. Check DN51 Outlet & DN 64 Inlet part No. 23378011","صمام، فحص الحد الأدنى للضغط، مخرج DN51 ومدخل DN64، رقم القطعة 23378011",MM,0,23378011,EACH,COMPRESSOR USA,,INSURANCE_SPARE,RS-GUPCO,02/U49
308454,Pump GP-Water P/N:230-4172 for C32 Diesel Gen.  S.No. JSJ02015 (Genuine Part Don't Substitute).,"مضخة GP-Water P/N:230-4172 لمولد الديزل C32 رقم التسلسل JSJ02015 (قطعة أصلية، لا تستخدم بديلًا).",MM,0,230-4172,EACH,CATERPILLAR,,INSURANCE_SPARE,RS-GUPCO,04K05
308492,"Fuel Hose, for  Caterpillar diesel engine C32 , Genset serial   JSJ02015 (Genuine Part Don't Substitute)","خرطوم وقود، لمحرك ديزل كاتربيلر C32، مولد كهربائي برقم تسلسلي JSJ02015 (قطعة أصلية، لا تستخدم بديلاً)",MM,0,1CA4568420,EACH,CATERPILLAR,,INSURANCE_SPARE,RS-GUPCO,03P03
308493,"Fuel Hose, for  Caterpillar diesel engine C32 , Genset serial   JSJ02015 (Genuine Part Don't Substitute)","خرطوم وقود، لمحرك ديزل كاتربيلر C32، مولد كهربائي برقم تسلسلي JSJ02015 (قطعة أصلية، لا تستخدم بديلاً)",MM,0,1CA4568416,EACH,CATERPILLAR,,INSURANCE_SPARE,RS-GUPCO,03P03
308494,"Air Hose, for  Caterpillar diesel engine C32 , Genset serial   JSJ02015 (Genuine Part Don't Substitute)","خرطوم هواء، لمحرك ديزل كاتربيلر C32، مولد كهربائي برقم تسلسلي JSJ02015 (قطعة أصلية، لا تستخدم بديلاً)",MM,0,1CA2177088,EACH,CATERPILLAR,,INSURANCE_SPARE,RS-GUPCO,03A08D
308855,"ORIFICE Main Injection (55-75kW 14 BARG / 75-100HP 200 PSIG)  , P/NO. 23583743","فتحة حقن رئيسية (55-75 كيلوواط 14 بار / 75-100 حصان 200 رطل لكل بوصة مربعة)، رقم القطعة 23583743",MM,8009155,23583743,EACH,COMPRESSOR USA,,MIN_MAX,RS-GUPCO,02U47
308856,"O-RING, M22 X 1.5 19.300 ID X 2.200 WIDTH , P/NO. 96759352","حلقة دائرية، M22 × 1.5، القطر الداخلي 19.300 × العرض 2.200، رقم القطعة 96759352",MM,8009155,96759352,EACH,COMPRESSOR USA,,MIN_MAX,RS-GUPCO,03/B31E
119553,PISTON ROD,قضيب المكبس,MM,8025100,C-0887,EACH,COMPRESSOR USA,,INSURANCE_SPARE,RS-GUPCO,01E23C
119611,VALVE RETAINER,مثبت الصمام,MM,8025100,B-1606,EACH,COMPRESSOR USA,,INSURANCE_SPARE,RS-GUPCO,
119621,"PISTON, W/B STUD 6 1/4 K:K-HP","مكبس، مسمار تثبيت قاعدة العجلات 6 1/4 K:K-HP",MM,8025100,C-1012,EACH,COMPRESSOR USA,,INSURANCE_SPARE,RS-GUPCO,01E23C
308491,"Clamp-Hose, for  Caterpillar diesel engine C32 , Genset serial   JSJ02015 (Genuine Part Don't Substitute)","مشبك خرطوم، لمحرك ديزل كاتربيلر C32، مولد كهربائي برقم تسلسلي JSJ02015 (قطعة أصلية، لا تستخدم بديلاً)",MM,0,5CA9X2201,EACH,CATERPILLAR,,MIN_MAX,RS-GUPCO,04K03
306847,"TUBE, HSTCV TO OIL FILTER Part No. 23548779 For Air Comp.IR Model R75I S.No. VK2637U14264 Genuine Part do not substitute","أنبوب صمام التحكم في ضغط الهواء الساخن إلى فلتر الزيت، رقم القطعة 23548779، لضاغط الهواء طراز R75I، الرقم التسلسلي VK2637U14264. قطعة أصلية، لا تستخدم بديلًا.",MM,0,23548779,EACH,COMPRESSOR USA,,INSURANCE_SPARE,RS-GUPCO,02U51E
308863,"TRANSDUCER, PRESSURE 225 PSI, 5 VDC Part NO.23700370","محول طاقة، ضغط 225 رطل لكل بوصة مربعة، 5 فولت تيار مستمر، رقم القطعة 23700370",MM,8009155,49147127,EACH,COMPRESSOR USA,,INSURANCE_SPARE,RS-GUPCO,02/U49
308868,"VALVE, TEMPERATURE CONTROL 135F, M33x2 PORTS PER ISO 6149-1 Part No.23615090","صمام للتحكم في درجة الحرارة 135 فهرنهايت، منافذ M33x2 وفقًا للمعيار ISO 6149-1، رقم القطعة 23615090",MM,8009155,23615090,EACH,COMPRESSOR USA,,SURPLUS,RS-GUPCO,02/U49
306832,"Latch Door Part No.23180565 "" For Air Comp.IR Model R75I S.No. VK2637U14264 Genuine Part do not substitute","مزلاج باب، رقم القطعة 23180565، لضاغط هواء طراز R75I، الرقم التسلسلي VK2637U14264. قطعة أصلية، لا تستخدم بديلًا.",MM,0,23180565,EACH,COMPRESSOR USA,,MIN_MAX,RS-GUPCO,02U51B
306834,Elbow Discharge Part No.23542863 For Air Comp.IR Model R75I S.No. VK2637U14264 Genuine Part do not substitute,"وصلة تصريف على شكل كوع، رقم القطعة 23542863، لضاغط الهواء طراز R75I، الرقم التسلسلي VK2637U14264. قطعة أصلية، لا يُقبل الاستبدال.",MM,0,23542863,EACH,COMPRESSOR USA,,INSURANCE_SPARE,RS-GUPCO,02/U51
306851,"HOSE, EHT-32 (STRAIGHT X 90 DEG) 1202 MILLIMETERS LONG  Part No.23626443 Hose bet. Min. pressure valve and Air Cooler","خرطوم، EHT-32 (مستقيم × 90 درجة) بطول 1202 مليمتر، رقم القطعة 23626443، خرطوم بين صمام الحد الأدنى للضغط ومبرد الهواء.",MM,0,23626443,EACH,COMPRESSOR USA,,INSURANCE_SPARE,RS-GUPCO,03P01E
306835,O-Ring inlet valve Part No.95998076 For Air Comp.IR Model R75I S.No. VK2637U14264 Genuine Part do not substitute,"صمام مدخل بحلقة مانعة للتسرب، رقم القطعة 95998076، لضاغط الهواء طراز R75I، الرقم التسلسلي VK2637U14264. قطعة أصلية، لا تستخدم بديلًا.",MM,0,95998076,EACH,COMPRESSOR USA,,MIN_MAX,RS-GUPCO,03B31D
315480,"HOLD TILL 1/12/2026 , Inboar Split Seal Used for Bingham horizontal Pump size 4x6x10, axially split , type BB3","يُحفظ حتى 1/12/2026، مانع تسرب داخلي منقسم يُستخدم لمضخة بينغهام الأفقية مقاس 4×6×10، منقسم محوريًا، من النوع BB3",PU,7902110,,EACH,BR/SL/S.PLG/FLT,,MIN_MAX,RS-GUPCO,
316354,"Check valve KIT,DBL,RETRO A-18496 for ariel gas compressor model : JGE/4 Frame S/N F-10743","طقم صمام فحص مزدوج، طراز قديم A-18496 لضاغط غاز أرييل طراز: JGE/4، رقم تسلسلي F-10743",MM,8001108,A-18496,EACH,COMPRESSOR USA,,INSURANCE_SPARE,RS-GUPCO,02U41A
319333,"Air/Oil Filter kit C146 RIF (Cosists of 1 each Air Filter + 2 each Oil Filter) Part No. 2901920010, used for Air Compres","طقم فلتر هواء/زيت C146 RIF (يتكون من فلتر هواء واحد + فلترين للزيت) رقم القطعة 2901920010، يُستخدم لضاغط الهواء",MM,0,2901920010,EACH,COMPRESSOR USA,,MIN_MAX,RS-GUPCO,
323137,"Piston 9-3/8"" Dia. Compression Ratio 8:1 (3 Ring), P/N: 205604L, used for Waukesha F-3524 G, S/N: 3182312","مكبس بقطر 9-3/8 بوصة، نسبة انضغاط 8:1 (3 حلقات)، رقم القطعة: 205604L، يُستخدم مع ماكينة Waukesha F-3524 G، الرقم التسلسلي: 3182312",MM,0,205604S,EACH,ENGINE USA,,MIN_MAX,RS-GUPCO,02Q52
164469,"COUPLING, LOWER HALF ITEM NO. 614","وصلة، النصف السفلي، رقم الصنف 614",PU,7907160,C03036F1695933,EACH,PUMP MISC,,MIN_MAX,RS-GUPCO,02S21C
164478,"HOLD TILL 1/12/2026,  BELL, SUCTION STAINLESS STEEL 316 ITEM NO.689","يُحفظ حتى 1/12/2026، جرس، شفط، فولاذ مقاوم للصدأ 316، رقم الصنف 689",PU,7907160,,EACH,PUMP MISC,,MIN_MAX,RS-GUPCO,
137322,"GASKET, GAR 660 ITEM NO. 207-Z","حشية، GAR 660، رقم الصنف 207-Z",PU,7902108,400.207Z,EACH,PUMP MISC,,SURPLUS,RS-GUPCO,
293350,"KIT , REPAIR  FOR WATER PUMP , P/N : G-960-291 , P/F. WAUKESHA GAS ENGINE , MODEL : L7042GU (NATURAL ASPIRATED), SIZE  :","طقم إصلاح مضخة الماء، رقم القطعة: G-960-291، محرك بنزين واكيشا، الموديل: L7042GU (سحب طبيعي)، الحجم:",MM,0,G-960-291,EACH,ENGINE USA,,MIN_MAX,RS-GUPCO,
319339,"Element Air End Part No. 1632003980 used for Air Compressor, Model: Atlas Copco G75+ SN:APIS45248401","وحدة ضغط الهواء رقم 1632003980، تُستخدم لضاغط الهواء، طراز: أطلس كوبكو G75+، الرقم التسلسلي: APIS45248401",MM,0,1632003980,EACH,COMPRESSOR USA,,MIN_MAX,RS-GUPCO,
323149,"Lever Governor, P/N: 211220X, used for Waukesha F-3524 G, S/N: 3182312","منظم ذراع، رقم القطعة: 211220X، يستخدم مع Waukesha F-3524 G، الرقم التسلسلي: 3182312",MM,0,211220X,EACH,ENGINE USA,,MIN_MAX,RS-GUPCO,02Q52
319338,"PREV. Maint Kit RSULTRA FS Part No. 2901920070 used for Air Compressor, Model: Atlas Copco G75+ SN:APIS45248401","طقم الصيانة السابق RSULTRA FS رقم القطعة 2901920070، يُستخدم لضاغط الهواء، طراز: Atlas Copco G75+، الرقم التسلسلي: APIS45248401",MM,0,2901920070,EACH,COMPRESSOR USA,,MIN_MAX,RS-GUPCO,03Q02C
319714,"Oil Stop Valve/Check Valve Kit, P/N: 2901 2012 00, used for Air Compressor, Model: Atlas Copco G75+","طقم صمام إيقاف الزيت/صمام فحص، رقم القطعة: 2901 2012 00، يُستخدم لضاغط الهواء، طراز: أطلس كوبكو G75+",MM,0,2901 2012 00,EACH,COMPRESSOR USA,,MIN_MAX,RS-GUPCO,03B31E
319724,"Element Mounting Kit, P/N: 2901 2047 00, used for Air Compressor, Model: Atlas Copco G75+","طقم تركيب عنصر التسخين، رقم القطعة: 2901 2047 00، يُستخدم لضاغط الهواء، طراز: أطلس كوبكو G75+",MM,0,2901204700,EACH,COMPRESSOR USA,,MIN_MAX,RS-GUPCO,03B31E
319727,"Hose Air Filter, P/N: 1622 0965 80, used for Air Compressor, Model: Atlas Copco G75+","فلتر هواء خرطومي، رقم القطعة: 1622 0965 80، يُستخدم لضاغط هواء، طراز: أطلس كوبكو G75+",MM,0,,EACH,COMPRESSOR USA,,MIN_MAX,RS-GUPCO,03Q02C
319729,"Unloader Kit, P/N: 2901 1463 00, used for Air Compressor, Model: Atlas Copco G75+","طقم تفريغ، رقم القطعة: 2901 1463 00، يُستخدم لضاغط هواء، طراز: أطلس كوبكو G75+",MM,0,,EACH,COMPRESSOR USA,,MIN_MAX,RS-GUPCO,
319711,"Ball Valve, P/N: 0852 0010 20, used for Air Compressor, Model: Atlas Copco G75+","صمام كروي، رقم القطعة: 0852 0010 20، يُستخدم لضاغط هواء، طراز: أطلس كوبكو G75+",MM,0,0852 0010 20,EACH,COMPRESSOR USA,,INSURANCE_SPARE,RS-GUPCO,02U45A
319336,"Kit Wear Drain Part No. 2200902017  used for Air Compressor, Model: Atlas Copco G75+ SN:APIS45248401","طقم تصريف التآكل، رقم القطعة 2200902017، يُستخدم لضاغط الهواء، طراز: أطلس كوبكو G75+، الرقم التسلسلي: APIS45248401",MM,0,2200902017,EACH,COMPRESSOR USA,,MIN_MAX,RS-GUPCO,03B31E
319726,"Nipple, P/N: 0571 0036 13, used for Air Compressor, Model: Atlas Copco G75+","حلمة، رقم القطعة: 0571 0036 13، تُستخدم لضاغط هواء، طراز: أطلس كوبكو G75+",MM,0,,EACH,COMPRESSOR USA,,MIN_MAX,RS-GUPCO,02U43A
319703,"Cable, P/N: 1622 1799 09, used for Air Compressor, Model: Atlas Copco G75+","كابل، رقم القطعة: 1622 1799 09، يُستخدم لضاغط هواء، طراز: أطلس كوبكو G75+",MM,0,,EACH,COMPRESSOR USA,,MIN_MAX,RS-GUPCO,02U45E
319710,"Temperature Switch, P/N: 1089 0637 29, used for Air Compressor, Model: Atlas Copco G75+","مفتاح حراري، رقم القطعة: 1089 0637 29، يُستخدم لضاغط هواء، طراز: أطلس كوبكو G75+",MM,0,,EACH,COMPRESSOR USA,,MIN_MAX,RS-GUPCO,02U45F
317626,"Ring, intermediate PN. A05178","حلقة، متوسطة، رقم القطعة A05178",PU,7916010,A05178,EACH,PUMP MISC,,MIN_MAX,RS-GUPCO,02T03E
317627,"Coupling, All metal flexible discs (FLENDER BY SIEMENS), Type ARPEX ARP-6 MCECM Series, Size 190-6","وصلة، أقراص معدنية مرنة بالكامل (FLENDER من SIEMENS)، من النوع ARPEX ARP-6 MCECM، مقاس 190-6",PU,7916010,~,EACH,PUMP MISC,,SURPLUS,RS-GUPCO,
323154,"Thermistor Oil, Water, Intake Manifold, P/N: A740120, used for Waukesha F-3524 G, S/N: 3182312","ثيرمستور زيت، ماء، مشعب السحب، رقم القطعة: A740120، يستخدم لـ Waukesha F-3524 G، الرقم التسلسلي: 3182312",MM,0,A740120,EACH,ENGINE USA,,MIN_MAX,RS-GUPCO,02Q52
319866,"Collar, 102,9x130x12 AISI 316L, DWG No. 372, Spare part for Seepex commission no. 350141,Commodity Code/Import Code Numb","طوق، 102.9 × 130 × 12، فولاذ مقاوم للصدأ AISI 316L، رقم الرسم 372، قطعة غيار لرقم عمولة Seepex 350141، رمز السلعة/رقم رمز الاستيراد",PU,7918107,RSTJ00K29N0A200000,EACH,PUMP MISC,,MIN_MAX,RS-GUPCO,02 T03C
325951,"Clip  Hose Air Inlet, P/N : 0347611900 , used for Air Compressor, Model: Atlas Copco GA45+","خرطوم مدخل الهواء بمشبك، رقم القطعة: 0347611900، يُستخدم لضاغط الهواء، طراز: أطلس كوبكو GA45+",MM,0,347611900,EACH,COMPRESSOR USA,,MIN_MAX,RS-GUPCO,
325954,"Hose from Air Receiver to Cooler, P/N : 1625595300 , used for Air Compressor, Model: Atlas Copco GA45+","خرطوم من خزان الهواء إلى المبرد، رقم القطعة: 1625595300، يُستخدم لضاغط الهواء، طراز: أطلس كوبكو GA45+",MM,0,1625595300,EACH,COMPRESSOR USA,,MIN_MAX,RS-GUPCO,
323720,"Temperature Regulator (92 degC ) P/N 2485513 for C32 Diesel Gen. set  S.No. JSJ02015 , Engine serial: PRH02017  (Genuine","منظم حرارة (92 درجة مئوية) رقم القطعة 2485513 لمجموعة مولدات الديزل C32، الرقم التسلسلي JSJ02015، الرقم التسلسلي للمحرك: PRH02017 (أصلي)",MM,0,2485513,EACH,CATERPILLAR,,MIN_MAX,RS-GUPCO,04L02F
316361,"Connecting Rod Ass. Part no. A205507A, used for Waukesha Gas Engine F-2895 G","مجموعة ذراع التوصيل، رقم القطعة A205507A، تُستخدم لمحرك الغاز Waukesha F-2895 G",MM,0,C205707A,EACH,ENGINE USA,,INSURANCE_SPARE,RS-GUPCO,01C13E
316863,"Carburetor Single Mixture Gasket Kit, P/N: G-914-001, used for Waukesha F-3524 G","طقم حشيات خليط الوقود الأحادي للمكربن، رقم القطعة: G-914-001، يُستخدم مع مكربن Waukesha F-3524 G",MM,0,G-914-001,EACH,ENGINE USA,,MIN_MAX,RS-GUPCO,02Q50D
323136,"Piston Ring KIT, P/N: 907-241, used for Waukesha F-3524 G, S/N: 3182312","طقم حلقات مكبس، رقم القطعة: 907-241، يُستخدم مع ماكينة Waukesha F-3524 G، الرقم التسلسلي: 3182312",MM,0,G-907-241,EACH,ENGINE USA,,MIN_MAX,RS-GUPCO,02Q52
323139,"Head Cylinder Assembly, P/N: CA205002F, used for Waukesha F-3524 G, S/N: 3182312","مجموعة رأس الأسطوانة، رقم القطعة: CA205002F، تُستخدم في Waukesha F-3524 G، الرقم التسلسلي: 3182312",MM,0,EA205002H & 214302C & 211830,EACH,ENGINE USA,,MIN_MAX,RS-GUPCO,01C11B
323761,"Retainer- Pin P/N 2302569 for C32 Diesel Gen. set  S.No. JSJ02015 , Engine serial: PRH02017  (Genuine Part Don't Substit","دبوس تثبيت - رقم القطعة 2302569 لمجموعة مولدات الديزل C32، الرقم التسلسلي JSJ02015، الرقم التسلسلي للمحرك: PRH02017 (قطعة أصلية، لا تستخدم بديلًا).",MM,0,2302569,EACH,CATERPILLAR,,MIN_MAX,RS-GUPCO,04L06B
323997,"Hose from Air End to Air Receiver, P/N: 1625 5955 00, used for Air Compressor, Model: Atlas Copco GA45+","خرطوم من وحدة ضغط الهواء إلى خزان الهواء، رقم القطعة: 1625 5955 00، يُستخدم لضاغط هواء، طراز: أطلس كوبكو GA45+",MM,0,1625 5955 00,EACH,COMPRESSOR USA,,MIN_MAX,RS-GUPCO,02U39E
323998,"Screw Hose from Air End to Air Receiver  , P/N: 0211 1363 03, used for Air Compressor, Model: Atlas Copco GA45+","خرطوم لولبي من طرف الهواء إلى خزان الهواء، رقم القطعة: 0211 1363 03، يُستخدم لضاغط هواء، طراز: أطلس كوبكو GA45+",MM,0,211136303,EACH,COMPRESSOR USA,,MIN_MAX,RS-GUPCO,02U41
323999,"Plain Washer  Hose from Air End to Air Receiver  , P/N: 0301 2344 00, used for Air Compressor, Model: Atlas Copco GA45+","خرطوم غسيل عادي من وحدة ضغط الهواء إلى خزان الهواء، رقم القطعة: 0301 2344 00، يُستخدم مع ضاغط هواء، طراز: أطلس كوبكو GA45+",MM,0,301234400,EACH,COMPRESSOR USA,,MIN_MAX,RS-GUPCO,02U41
324003,"Spring Check valve  P/N: 1625 8407 00, used for Air Compressor, Model: Atlas Copco GA45+","صمام فحص زنبركي، رقم القطعة: 1625 8407 00، يُستخدم لضاغط هواء، طراز: أطلس كوبكو GA45+",MM,0,1625 8407 00,EACH,COMPRESSOR USA,,MIN_MAX,RS-GUPCO,02U41
324006,"Element, P/N:1632 0086 80, used for Air Compressor, Model: Atlas Copco GA45+","عنصر، رقم القطعة: 1632 0086 80، يُستخدم لضاغط هواء، طراز: أطلس كوبكو GA45+",MM,0,1632 0086 80,EACH,COMPRESSOR USA,,MIN_MAX,RS-GUPCO,01E17B
324012,"Oil Nozzle Element, P/N 1622 8704 00, used for Air Compressor, Model: Atlas Copco GA45+","عنصر فوهة الزيت، رقم القطعة 1622 8704 00، يُستخدم لضاغط الهواء، طراز: أطلس كوبكو GA45+",MM,0,1622 8704 00,EACH,COMPRESSOR USA,,MIN_MAX,RS-GUPCO,02U39F
320084,"Cycle indicator ,P/N : A-18682 , for divider valve for Ariel gas compressor model: JGE/4","مؤشر دورة، رقم القطعة: A-18682، لصمام التوزيع الخاص بضاغط غاز أرييل طراز: JGE/4",MM,0,A-18682,EACH,COMPRESSOR USA,,MIN_MAX,RS-GUPCO,
308453,Air Inlet-Elbow P/N:236-1161 for C32 Diesel Gen.  S.No. JSJ02015 (Genuine Part Don't Substitute).,"مدخل الهواء - الكوع P/N:236-1161 لمحرك الديزل C32 Gen. S.No. JSJ02015 (قطعة أصلية، لا تستخدم بديلاً).",MM,0,1CA2361161,EACH,CATERPILLAR,,INSURANCE_SPARE,RS-GUPCO,01D12A
308467,Ring Piston oil Control P/N:246-5659 for C32 Diesel Gen.  S.No. JSJ02015 (Genuine Part Don't Substitute).,"حلقة مكبس التحكم في الزيت P/N:246-5659 لمحرك الديزل C32 Gen. S.No. JSJ02015 (قطعة أصلية، لا تستخدم بديلاً).",MM,0,1CA2465659,EACH,CATERPILLAR,,MIN_MAX,RS-GUPCO,04K03
316864,"Breather Foam Filter, P/N: 489113, used for Waukesha F-3524 G","فلتر رغوي للتهوية، رقم القطعة: 489113، يُستخدم مع جهاز Waukesha F-3524 G",MM,0,489113,EACH,ENGINE USA,,MIN_MAX,RS-GUPCO,02Q50
323141,"Screw Adjusting, P/N: 211820B, used for Waukesha F-3524 G, S/N: 3182312","برغي ضبط، رقم القطعة: 211820B، يُستخدم مع ماكينة Waukesha F-3524 G، الرقم التسلسلي: 3182312",MM,0,211820B,EACH,ENGINE USA,,MIN_MAX,RS-GUPCO,02Q52
323146,"Ignition Power Module, P/N: 740822B,Serial Number: 10788 used for Waukesha F-3524 G, S/N: 3182312","وحدة طاقة الإشعال، رقم القطعة: 740822B، الرقم التسلسلي: 10788، تُستخدم مع Waukesha F-3524 G، الرقم التسلسلي: 3182312",MM,0,740822B,EACH,ENGINE USA,,MIN_MAX,RS-GUPCO,02Q52
323147,"Governor, P/N: 214046, used for Waukesha F-3524 G, S/N: 3182312","حاكم، رقم القطعة: 214046، يستخدم لـ Waukesha F-3524 G، الرقم التسلسلي: 3182312",MM,0,214046B,EACH,ENGINE USA,,MIN_MAX,RS-GUPCO,02Q52
323728,"Clamp for joint expansion for exhaust manifold P/N 8N0879  for C32 Diesel Gen. set  S.No. JSJ02015 , Engine serial: PRH0","مشبك لتوسيع وصلة مشعب العادم، رقم القطعة 8N0879، لمجموعة مولدات الديزل C32، الرقم التسلسلي JSJ02015، الرقم التسلسلي للمحرك: PRH0",MM,0,8N0879,EACH,CATERPILLAR,,MIN_MAX,RS-GUPCO,04L04A
323729,"Seal O-ring  For clamp of exhaust manifold P/N 2433565 for C32 Diesel Gen. set  S.No. JSJ02015 , Engine serial: PRH02017","حلقة مانعة للتسرب لمشبك مشعب العادم، رقم القطعة 2433565، لمجموعة مولدات الديزل C32، الرقم التسلسلي JSJ02015، الرقم التسلسلي للمحرك: PRH02017",MM,0,2433565,EACH,CATERPILLAR,,MIN_MAX,RS-GUPCO,04L04A
323749,"Injector harness P/N 4358538  for C32 Diesel Gen. set  S.No. JSJ02015 , Engine serial: PRH02017  (Genuine Part Don't Sub","ضفيرة حاقن الوقود، رقم القطعة 4358538، لمجموعة مولدات الديزل C32، الرقم التسلسلي JSJ02015، الرقم التسلسلي للمحرك: PRH02017 (قطعة أصلية، لا تستخدم بديلًا).",MM,0,4358538,EACH,CATERPILLAR,,MIN_MAX,RS-GUPCO,04L04E
327158,"Coupling Flexmaster, P/N: 208706D, used for Waukesha P-9390 GSI , (SET=2 EA)","وصلة فليكس ماستر، رقم القطعة: 208706D، تستخدم مع جهاز Waukesha P-9390 GSI، (مجموعة = 2 قطعة)",MM,0,208706D,SET,ENGINE USA,,INSURANCE_SPARE,RS-GUPCO,
325963,"Air receiver ball valve drain, P/N : 0852001151 , used for Air Compressor, Model: Atlas Copco GA45+","صمام تصريف كروي لخزان الهواء، رقم القطعة: 0852001151، يُستخدم لضاغط الهواء، طراز: أطلس كوبكو GA45+",MM,0,852001151,EACH,COMPRESSOR USA,,MIN_MAX,RS-GUPCO,
306854,"ORING, STANDARD -228 2.250 ID X .125 WIDTH Oring bet. Min. press. Valve and air cooler hose Part No.95987988 For Air C","حلقة مانعة للتسرب، قياسية -228، قطر داخلي 2.250 بوصة × عرض 0.125 بوصة. حلقة مانعة للتسرب بين صمام الحد الأدنى للضغط وخرطوم مبرد الهواء. رقم القطعة 95987988 لمبرد الهواء",MM,0,95987988,EACH,COMPRESSOR USA,,MIN_MAX,RS-GUPCO,03/B31D
325960,"Minimum Pressure Kit, P/N : 2901145300 , used for Air Compressor, Model: Atlas Copco GA45+","طقم الحد الأدنى للضغط، رقم القطعة: 2901145300، يُستخدم لضاغط الهواء، طراز: أطلس كوبكو GA45+",MM,0,2901145300,EACH,COMPRESSOR USA,,MIN_MAX,RS-GUPCO,
325962,"Air receiver plug, P/N : 1202899200 , used for Air Compressor, Model: Atlas Copco GA45+","قابس استقبال الهواء، رقم القطعة: 1202899200، يُستخدم لضاغط الهواء، طراز: أطلس كوبكو GA45+",MM,0,1202899200,EACH,COMPRESSOR USA,,MIN_MAX,RS-GUPCO,
325964,"After cooler, P/N : 1625594401 , used for Air Compressor, Model: Atlas Copco GA45+","مبرد لاحق، رقم القطعة: 1625594401، يُستخدم لضاغط هواء، طراز: أطلس كوبكو GA45+",MM,0,1625594401,EACH,COMPRESSOR USA,,MIN_MAX,RS-GUPCO,
329900,"Distribution Block Valve, Part no. A-5340 used for Ariel Gas Compressor, Model: JGK/4","صمام توزيع الكتلة، رقم القطعة A-5340، يُستخدم لضاغط غاز أرييل، طراز: JGK/4",MM,0,A-5340,EACH,COMPRESSOR USA,,INSURANCE_SPARE,RS-GUPCO,
323740,"Gasket air for Intake manifold P/N 226-5613 for C32 Diesel Gen. set  S.No. JSJ02015 , Engine serial: PRH02017  (Genuine","حشية هواء لمدخل الهواء، رقم القطعة 226-5613، لمجموعة مولدات الديزل C32، الرقم التسلسلي JSJ02015، الرقم التسلسلي للمحرك: PRH02017 (أصلية)",MM,0,226-5613,EACH,CATERPILLAR,,MIN_MAX,RS-GUPCO,04L04C
323991,"Combi valve, P/N 1625 8421 00, used for Air Compressor, Model: Atlas Copco GA45+","صمام مُركّب، رقم القطعة 1625 8421 00، يُستخدم لضاغط هواء، طراز: أطلس كوبكو GA45+",MM,0,1625 8421 00,EACH,COMPRESSOR USA,,MIN_MAX,RS-GUPCO,02U41H
323993,"Drain kit, P/N 2901 9906 85, used for Air Compressor, Model: Atlas Copco GA45+","طقم تصريف، رقم القطعة 2901 9906 85، يُستخدم لضاغط هواء، طراز: أطلس كوبكو GA45+",MM,0,2901 9906 85,EACH,COMPRESSOR USA,,MIN_MAX,RS-GUPCO,02U41H
324004,"O-Ring Check valve  P/N: 0663 2120 13, used for Air Compressor, Model: Atlas Copco GA45+","صمام فحص بحلقة دائرية، رقم القطعة: 0663 2120 13، يُستخدم لضاغط هواء، طراز: أطلس كوبكو GA45+",MM,0,0663 2120 13,EACH,COMPRESSOR USA,,MIN_MAX,RS-GUPCO,03B29A
324005,"Hose Oil filter, P/N: 1625 2073 05, used for Air Compressor, Model: Atlas Copco GA45+","خرطوم فلتر الزيت، رقم القطعة: 1625 2073 05، يُستخدم لضاغط هواء، طراز: أطلس كوبكو GA45+",MM,0,1625 2073 05,EACH,COMPRESSOR USA,,MIN_MAX,RS-GUPCO,03B29A
325948,"Oil Stop Valve/Check Valve Kit, P/N : 2901201800 , used for Air Compressor, Model: Atlas Copco GA45+","طقم صمام إيقاف الزيت/صمام فحص، رقم القطعة: 2901201800، يُستخدم لضاغط الهواء، طراز: أطلس كوبكو GA45+",MM,0,2901201800,EACH,COMPRESSOR USA,,MIN_MAX,RS-GUPCO,
324019,"Motor Gear, Part no. 1622 3110 65, used for Air Compressor, Model: Atlas Copco GA45+, S/N: APIS45798401&S/N: APIS4575590","ترس المحرك، رقم القطعة 1622 3110 65، يُستخدم لضاغط الهواء، طراز: أطلس كوبكو GA45+، الرقم التسلسلي: APIS45798401 والرقم التسلسلي: APIS4575590",MM,0,1622 3110 65,EACH,COMPRESSOR USA,,MIN_MAX,RS-GUPCO,02U39F
307088,"EMCP Speed Sensor , P/N 4P-5820 , for C32 Diesel Gen.  S.No. JSJ02015 (Genuine Part Don't Substitute)","مستشعر سرعة EMCP، رقم القطعة 4P-5820، لمحركات الديزل C32، الرقم التسلسلي العام JSJ02015 (قطعة أصلية، لا تستخدم بديلاً)",MM,0,1CA4P5820,EACH,CATERPILLAR,,INSURANCE_SPARE,RS-GUPCO,04K07H
308457,Pulley 1 groove P/N:304-6983 for C32 Diesel Gen.  S.No. JSJ02015 (Genuine Part Don't Substitute).,"بكرة ذات أخدود واحد P/N:304-6983 لمحرك الديزل C32 Gen. S.No. JSJ02015 (قطعة أصلية، لا تستخدم بديلًا).",MM,0,1CA3046983,EACH,CATERPILLAR,,INSURANCE_SPARE,RS-GUPCO,01D12A
308464,Bearing Connecting Rod (Standard) P/N:232-3226 for C32 Diesel Gen.  S.No. JSJ02015 (Genuine Part Don't Substitute).,"ذراع توصيل محمل (قياسي) رقم القطعة: 232-3226 لمولد الديزل C32 رقم التسلسل JSJ02015 (قطعة أصلية، لا تستخدم بديلاً).",MM,0,1CA2323226,EACH,CATERPILLAR,,MIN_MAX,RS-GUPCO,04K05
308466,Ring Piston Intermediate P/N:344-5153 for C32 Diesel Gen.  S.No. JSJ02015 (Genuine Part Don't Substitute).,"حلقة مكبس وسيطة رقم القطعة: 344-5153 لمحرك الديزل C32 رقم التسلسل العام JSJ02015 (قطعة أصلية، لا تستخدم بديلاً).",MM,0,1CA3445153,EACH,CATERPILLAR,,MIN_MAX,RS-GUPCO,04K03
319054,"Industrial Gear oil AGMA No. 5, ISO Grade 220","زيت تروس صناعي AGMA رقم 5، درجة ISO 220",PU,0,~,BARREL,LUBR & GREASE,,MIN_MAX,RS-GUPCO,YARD
323757,"Kit oil cooler & lines P/N 4553258 for C32 Diesel Gen. set  S.No. JSJ02015 , Engine serial: PRH02017  (Genuine Part Don'","طقم مبرد زيت وأنابيب، رقم القطعة 4553258، لمولد ديزل C32، الرقم التسلسلي JSJ02015، رقم المحرك التسلسلي: PRH02017 (قطعة أصلية).",MM,0,4553258,EACH,CATERPILLAR,,MIN_MAX,RS-GUPCO,03A08E
323692,"Cylinder head GP P/N 3968375 for C32 Diesel Gen. set  S.No. JSJ02015 , Engine serial: PRH02017  (Genuine Part Don't Subs","رأس أسطوانة GP P/N 3968375 لمجموعة مولدات الديزل C32، الرقم التسلسلي JSJ02015، الرقم التسلسلي للمحرك: PRH02017 (قطعة أصلية، لا تستخدم بدائل).",MM,0,3968375,EACH,CATERPILLAR,,MIN_MAX,RS-GUPCO,01D14H
308446,Pump GP-Engine Oil P/N:116-1980 for C32 Diesel Gen.  S.No. JSJ02015 (Genuine Part Don't Substitute.P/N:116-1980,"مضخة زيت محرك GP، رقم القطعة: 116-1980، لمحركات الديزل C32، الرقم التسلسلي العام: JSJ02015 (قطعة أصلية، لا تستخدم بديلًا).",MM,0,1CA5202924,EACH,CATERPILLAR,,INSURANCE_SPARE,RS-GUPCO,04K05
308448,Turbocharger Oil-Tube Assembly P/N 252-6821 for C32 Diesel Gen.  S.No. JSJ02015 (Genuine Part Don't Substitute).,"مجموعة أنابيب زيت الشاحن التوربيني رقم القطعة 252-6821 لمحرك الديزل C32 رقم التسلسل العام JSJ02015 (قطعة أصلية، لا تستخدم بديلاً).",MM,0,1CA2526821,EACH,CATERPILLAR,,INSURANCE_SPARE,RS-GUPCO,04K05
308458,Seal O-Ring P/N:9X-7371 for water Pump for C32 Diesel Gen.  S.No. JSJ02015 (Genuine Part Don't Substitute).,"حلقة مانعة للتسرب رقم القطعة: 9X-7371 لمضخة المياه لمولد الديزل C32 رقم التسلسل JSJ02015 (قطعة أصلية، لا تستخدم بديلاً).",MM,0,1CA9X7371,EACH,CATERPILLAR,,MIN_MAX,RS-GUPCO,03A08C
308459,Liner cylinder P/N:322-1126 for C32 Diesel Gen.  S.No. JSJ02015 (Genuine Part Don't Substitute).,"بطانة الأسطوانة رقم القطعة: 322-1126 لمحرك الديزل C32 رقم التسلسل العام JSJ02015 (قطعة أصلية، لا تستخدم بديلاً).",MM,0,1CA5560701,EACH,CATERPILLAR,,INSURANCE_SPARE,RS-GUPCO,04K05
321904,"Pump, submersible GRUNDFOS Model SP-95-3AB R5 DN100 PN16 6"" fitted with canned type motor MS6000REST40, 60 Hz. 3PH 480 V","مضخة غاطسة من نوع GRUNDFOS SP-95-3AB R5 DN100 PN16 6"" مزودة بمحرك من النوع المغلف MS6000REST40، 60 هرتز، 3 فاز، 480 فولت",PU,0,"SP95- 3ABR DN100 6""3X440-460-4",EACH,PUMP MISC,,INSURANCE_SPARE,RS-GUPCO,
308858,"O-RING, M12 X 1.5 9.300 ID X 2.200 WIDTH Part No.96759295","حلقة دائرية، M12 × 1.5، القطر الداخلي 9.300 × العرض 2.200، رقم القطعة 96759295",MM,8009155,96759295,EACH,COMPRESSOR USA,,INSURANCE_SPARE,RS-GUPCO,03B31D
308455,Turbocharger GP P/N:297-1024 for C32 Diesel Gen.  S.No. JSJ02015 (Genuine Part Don't Substitute.,"شاحن توربيني GP P/N:297-1024 لمحرك الديزل C32 Gen. S.No. JSJ02015 (قطعة أصلية، لا تستخدم بديلاً).",MM,0,297-1024,EACH,CATERPILLAR,,INSURANCE_SPARE,RS-GUPCO,01D12B
308476,"Fuel hose for  Caterpillar diesel engine C32 , Genset serial   JSJ02015 (Genuine Part Don't Substitute)","خرطوم وقود لمحرك ديزل كاتربيلر C32، مولد كهربائي برقم تسلسلي JSJ02015 (قطعة أصلية، لا تستخدم بديلاً)",MM,0,1CA3756148,EACH,CATERPILLAR,,MIN_MAX,RS-GUPCO,03A08D
323135,"Liner Single KIT, P/N: 932-282, used for Waukesha F-3524 G, S/N: 3182312","طقم بطانة مفردة، رقم القطعة: 932-282، يستخدم لآلة Waukesha F-3524 G، الرقم التسلسلي: 3182312",MM,0,G-932-282,EACH,ENGINE USA,,MIN_MAX,RS-GUPCO,01C13H
323138,"Rod Connecting  Assembly, P/N: A205507D, used for Waukesha F-3524 G, S/N: 3182312","مجموعة توصيل القضيب، رقم القطعة: A205507D، تُستخدم مع Waukesha F-3524 G، الرقم التسلسلي: 3182312",MM,0,A205507A,EACH,ENGINE USA,,MIN_MAX,RS-GUPCO,
306771,"Element, Separator Tank MANN & HUMMEL part No. 23708423","عنصر، خزان فاصل، مان آند هومل، رقم القطعة 23708423",MM,0,23708423,EACH,COMPRESSOR USA,,INSURANCE_SPARE,RS-GUPCO,05/E08
306774,"Assembly, HSTCV","التجميع، HSTCV",MM,0,23546310,EACH,COMPRESSOR USA,,INSURANCE_SPARE,RS-GUPCO,02/U51A
315481,"HOLD TILL 1/12/2026, Outboard Split Seal Used for IR horizontal pump 10x14 SD axially split type BB1.","يُحفظ حتى 1/12/2026، مانع تسرب خارجي منقسم يستخدم لمضخة IR أفقية 10x14 SD من النوع المنقسم محوريًا BB1.",PU,7909106,,EACH,BR/SL/S.PLG/FLT,,MIN_MAX,RS-GUPCO,
307083,"Engine Fuel Pressure Sensor  , P/N 194-6725 , for C32 Diesel Gen.  S.No. JSJ02015 (Genuine Part Don't Substitute)","حساس ضغط وقود المحرك، رقم القطعة 194-6725، لمحرك الديزل C32، الرقم التسلسلي العام JSJ02015 (قطعة أصلية، لا تستخدم بديلاً)",MM,0,1CA1946725,EACH,CATERPILLAR,,INSURANCE_SPARE,RS-GUPCO,04K07G
308496,"Seal O-Ring, for  Caterpillar diesel engine C32 , Genset serial   JSJ02015 (Genuine Part Don't Substitute)","حلقة مانعة للتسرب، لمحرك ديزل كاتربيلر C32، مولد كهربائي برقم تسلسلي JSJ02015 (قطعة أصلية، لا تستخدم بديلاً)",MM,0,10CA1090076,EACH,CATERPILLAR,,MIN_MAX,RS-GUPCO,03A08
119606,VALVE RETAINER,مثبت الصمام,MM,8025100,B-1078,EACH,COMPRESSOR USA,,INSURANCE_SPARE,RS-GUPCO,02U16E
308860,"SEPARATOR, MOISTURE 51MM WITH ISO 61/62 FLANGES Part No.23545593","فاصل رطوبة 51 مم مع حواف ISO 61/62، رقم القطعة 23545593",MM,8009155,23545593,EACH,COMPRESSOR USA,,MIN_MAX,RS-GUPCO,02U39B
308447,Turbocharger Oil-Tube Assembly P/N:217-5678 for C32 Diesel Gen.  S.No. JSJ02015 (Genuine Part Don't Substitute).,"مجموعة أنابيب زيت الشاحن التوربيني رقم القطعة: 217-5678 لمحرك الديزل C32 رقم التسلسل العام JSJ02015 (قطعة أصلية، لا تستخدم بديلاً).",MM,0,1CA2175678,EACH,CATERPILLAR,,INSURANCE_SPARE,RS-GUPCO,04K05
308463,Seal LinerP/N:155-2793  for C32 Diesel Gen.  S.No. JSJ02015 (Genuine Part Don't Substitute).,"بطانة مانعة للتسرب رقم القطعة: 155-2793 لمحرك الديزل C32 رقم التسلسل العام JSJ02015 (قطعة أصلية، لا تستخدم بديلاً).",MM,0,5CA1552793,EACH,CATERPILLAR,,MIN_MAX,RS-GUPCO,03A08
308465,Ring Piston Top P/N:349-2568 for C32 Diesel Gen.  S.No. JSJ02015 (Genuine Part Don't Substitute).,"حلقة مكبس علوية رقم القطعة: 349-2568 لمحرك الديزل C32 رقم التسلسل العام JSJ02015 (قطعة أصلية، لا تستخدم بديلاً).",MM,0,1CA3492568,EACH,CATERPILLAR,,MIN_MAX,RS-GUPCO,03K03
308472,"FUEL PRESSURE REGULATING , P/N 327-4448 , for C32 Diesel Gen.  S.No. JSJ02015 (Genuine Part Don't Substitute)","منظم ضغط الوقود، رقم القطعة 327-4448، لمحركات الديزل C32، رقم التسلسل JSJ02015 (قطعة أصلية، لا تستخدم بديلاً)",MM,0,1CA3274448,EACH,CATERPILLAR,,INSURANCE_SPARE,RS-GUPCO,04K03
306773,Filter Coolant M33X2 Coreless Spin-On part No. 23700362,"فلتر سائل التبريد M33X2 بدون قلب، قابل للتركيب باللف، رقم القطعة 23700362",MM,0,23700362,EACH,COMPRESSOR USA,,MIN_MAX,RS-GUPCO,02U39C
308864,"SENSOR, TEMPERATURE THERMISTOR Installed at Oil Cooler Part No.23522238","مستشعر، مقاوم حراري، مثبت في مبرد الزيت، رقم القطعة 23522238",MM,8009155,23522238,EACH,COMPRESSOR USA,,MIN_MAX,RS-GUPCO,02U39B
316353,"Crank End  HEAD 5-1/2H CL, P/N C-0621 for Ariel Gas Compressor 5-1/2 inch bore cylinders, Frame S/N F-10743","رأس عمود المرفق 5-1/2H CL، رقم القطعة C-0621 لضاغط غاز أرييل ذي أسطوانات بقطر 5-1/2 بوصة، رقم الهيكل F-10743",MM,8001108,C-5631,EACH,COMPRESSOR USA,,INSURANCE_SPARE,RS-GUPCO,02U41
175534,"SHIM, GASKET","حشوة، حشية",MM,6923108,153029,EACH,ENGINE USA,,INSURANCE_SPARE,RS-GUPCO,02Q28A
316352,"CAP screw 12 PT  5/8-11X5 P/N FC0120HU for Ariel Gas Compressor 5-1/2 inch bore cylinders, Frame S/N F-10743","برغي غطاء 12 نقطة 5/8-11X5 رقم القطعة FC0120HU لضاغط غاز أرييل، أسطوانات بقطر 5-1/2 بوصة، رقم تسلسل الإطار F-10743",MM,8001108,FC0120HU,EACH,COMPRESSOR USA,,INSURANCE_SPARE,RS-GUPCO,02U41A
316356,"GASKET,ARL DBL LUBE BOX CVR,1/32  P/N: A-2349 (Manufacture Ariel) for ariel gas compressor model : JGE/4 Frame S/N F-107","حشية غطاء صندوق التشحيم المزدوج من آريل، 1/32، رقم القطعة: A-2349 (صنع شركة آريل) لضاغط غاز آريل طراز: JGE/4، رقم الإطار التسلسلي: F-107",MM,8001108,A-2349,EACH,COMPRESSOR USA,,MIN_MAX,RS-GUPCO,02U41
320161,"Tap tapered for pipe, ground thread HSS, regular thread NPT, list No. 2119 size (1/4 "" - 18) part no. 36124, Morse Cutti","صنبور مخروطي للأنابيب، خيط أرضي من الفولاذ عالي السرعة، خيط عادي NPT، رقم القائمة 2119، المقاس (1/4 بوصة - 18)، رقم القطعة 36124، مورس كاتي",PU,0,~,EACH,TOOLS,,MIN_MAX,RS-GUPCO,
316348,"Crank Case, P/N: C205220P, used for Waukesha Gas Engine F-2895 G","علبة المرافق، رقم القطعة: C205220P، تُستخدم لمحرك الغاز Waukesha F-2895 G",MM,0,A205420B,EACH,ENGINE USA,,INSURANCE_SPARE,RS-GUPCO,01C21H
306844,"HOSE, HYDRAULIC - 16 / 28 INCHES LONG ORFS X 90 DEG. ELBOW ORFS Part No.85574952 or P.No.42707364  ""Hose bet. Oil filter","خرطوم هيدروليكي - طول 16/28 بوصة × كوع 90 درجة، رقم القطعة 85574952 أو رقم القطعة 42707364، خرطوم بين فلتر الزيت",MM,0,42707364,EACH,COMPRESSOR USA,,INSURANCE_SPARE,RS-GUPCO,02U51B
306845,"HOSE, HYDRAULIC -16 / 32 INCHES LONG ORFS X 90 DEG. ELBOW ORFS Part No.85574960 or 24266207  ""Hose bet. separator tank a","خرطوم هيدروليكي - طول 16/32 بوصة × كوع بزاوية 90 درجة، رقم القطعة 85574960 أو 24266207. خرطوم بين خزان الفصل أ",MM,0,24266207,EACH,COMPRESSOR USA,,INSURANCE_SPARE,RS-GUPCO,02U51C
306846,"HOSE, HYDRAULIC - 16 / 44 INCHES LONG ORFS X 90 DEG. ELBOW ORFS Part No.85575025 or 24266223  ""Oil Hose out from HSTCV a","خرطوم هيدروليكي - طول 16/44 بوصة × وصلة بزاوية 90 درجة، رقم القطعة 85575025 أو 24266223 ""خرطوم زيت خارج من صمام التحكم الهيدروليكي الهيدروليكي (HSTCV)",MM,0,24266223,EACH,COMPRESSOR USA,,INSURANCE_SPARE,RS-GUPCO,02U51D
319867,"Coupling, rod 71/130 t=3429mm, Des. O/K/W, f. grease nipples, incl. KUB, AISI 316L, DWG. NO. 400, Spare part for Seepex","وصلة، قضيب 71/130، طوله 3429 مم، تصميم O/K/W، مزودة بحلمات تشحيم، بما في ذلك KUB، مصنوعة من الفولاذ المقاوم للصدأ AISI 316L، رقم الرسم 400، قطعة غيار لـ Seepex",PU,7918107,350140KST,EACH,PUMP MISC,,MIN_MAX,RS-GUPCO,01M01
318964,"Gas regulator Fisher conversion with gas regulator piping and mounting brackets, P/N: G-962-1143, used for Waukesha F-35","منظم غاز من شركة فيشر، مزود بأنابيب منظم الغاز وأقواس التثبيت، رقم القطعة: G-962-1143، يُستخدم مع طائرة واكيشا F-35",MM,0,G-962-1143,EACH,ENGINE USA,,MIN_MAX,RS-GUPCO,01C15D
317622,"Diaphragm set consist of diaphragm Ø189, PN. A03904, Diaphragm Ø212.5, PN. A04069","تتكون مجموعة الأغشية من غشاء قطره 189 مم، رقم القطعة A03904، وغشاء قطره 212.5 مم، رقم القطعة A04069",PU,7916010,~,SET,PUMP MISC,,MIN_MAX,RS-GUPCO,03B18E
317624,"Ring, oil side PN. A04067-W","حلقة، جانب الزيت، رقم القطعة A04067-W",PU,7916010,~,EACH,PUMP MISC,,MIN_MAX,RS-GUPCO,02T03E
317629,bladder used for pulsation dampener Model HSTX3,غشاء يستخدم لمخمد النبضات طراز HSTX3,PU,7916010,HSTX3,EACH,PUMP MISC,,MIN_MAX,RS-GUPCO,03B18E
323153,"Pick Up Magnetic, P/N: A295844D, used for Waukesha F-3524 G, S/N: 3182312","لاقط مغناطيسي، رقم القطعة: A295844D، يُستخدم مع Waukesha F-3524 G، الرقم التسلسلي: 3182312",MM,0,A295844F,EACH,ENGINE USA,,MIN_MAX,RS-GUPCO,
317623,"Valve assembly set consist of gasket PN. 0E420124.5SP1, valve seat PN. 11840, valve cap PN. 30016, Valve PN. 7/8GR101SO3","تتكون مجموعة صمام التجميع من حشية رقم القطعة 0E420124.5SP1، ومقعد صمام رقم القطعة 11840، وغطاء صمام رقم القطعة 30016، وصمام رقم القطعة 7/8GR101SO3",PU,7916010,~,SET,PUMP MISC,,MIN_MAX,RS-GUPCO,02T03E
321225,"Radiator Group P/N: 386-9671 for Caterpillar C32 Genset serial :JSJ02015 , Engine serial number : PRH02017 , Arrng.:343-","مجموعة المبردات، رقم القطعة: 386-9671، لمولد كاتربيلر C32، الرقم التسلسلي: JSJ02015، الرقم التسلسلي للمحرك: PRH02017، الترتيب: 343-",MM,0,386-9671,EACH,CATERPILLAR,,INSURANCE_SPARE,RS-GUPCO,07YARD
317012,"Tap tapered for pipe, ground thread HSS, regular thread NPT, list No. 2119 size (1/2 "" - 14) part no. 36126, Morse Cutti","صنبور مخروطي للأنابيب، خيط أرضي من الفولاذ عالي السرعة، خيط عادي NPT، رقم القائمة 2119، المقاس (1/2 بوصة - 14)، رقم القطعة 36126، مورس كاتي",PU,0,~,EACH,TOOLS,,MIN_MAX,RS-GUPCO,
323715,"Rocker arm As for intake and exhaust P/N 4373863 for C32 Diesel Gen. set  S.No. JSJ02015 , Engine serial PRH02017  (Genu","ذراع التأرجح (للسحب والعادم) رقم القطعة 4373863 لمجموعة مولدات الديزل C32، الرقم التسلسلي JSJ02015، الرقم التسلسلي للمحرك PRH02017 (الأصلي)",MM,0,4373863,EACH,CATERPILLAR,,MIN_MAX,RS-GUPCO,04L02E
323716,"Rocker arm GP (Exhaust) P/N 20R3317, for C32 Diesel Gen. set  S.No. JSJ02015 , Engine serial: PRH02017  (Genuine Part Do","ذراع التأرجح GP (العادم) رقم القطعة 20R3317، لمجموعة مولدات الديزل C32 رقم التسلسل JSJ02015، رقم تسلسل المحرك: PRH02017 (قطعة أصلية)",MM,0,20R3317,EACH,CATERPILLAR,,MIN_MAX,RS-GUPCO,04L02E
323738,"Bolt (3/8-16 X 4 IN) for unit injector P/N 8S-9191for C32 Diesel Gen. set  S.No. JSJ02015 , Engine serial: PRH02017  (Ge","مسمار (3/8-16 × 4 بوصة) لحاقن الوحدة رقم القطعة 8S-9191 لمجموعة مولدات الديزل C32، الرقم التسلسلي JSJ02015، الرقم التسلسلي للمحرك: PRH02017 (Ge",MM,0,8S-9191,EACH,CATERPILLAR,,MIN_MAX,RS-GUPCO,04L04C
322200,"HS thurst cap. PN 400300084, used for philadelphia Gear Unit Model No: 125 MHS S/N :127010","غطاء دفع HS، رقم القطعة 400300084، يُستخدم لوحدة تروس فيلادلفيا، رقم الموديل: 125 MHS، الرقم التسلسلي: 127010",PU,0,~,EACH,BR/SL/S.PLG/FLT,,MIN_MAX,RS-GUPCO,
318513,"TURBOCHARGER GP P/N 1305469,  for Caterpillar diesel Engine Model : 3406C,  Engine Serial No. 6TB26272","شاحن توربيني GP P/N 1305469، لمحرك ديزل كاتربيلر طراز: 3406C، الرقم التسلسلي للمحرك: 6TB26272",MM,0,1305469,EACH,CATERPILLAR,,MIN_MAX,RS-GUPCO,01d14b
319721,"Thermometer, Part no. 1089 0708 12, used for Air Compressor, Model: Atlas Copco GA45+, S/N: APIS45798401&S/N: APIS457559","مقياس حرارة، رقم القطعة 1089 0708 12، يُستخدم لضاغط هواء، طراز: أطلس كوبكو GA45+، الرقم التسلسلي: APIS45798401 والرقم التسلسلي: APIS457559",MM,0,1089070812,EACH,COMPRESSOR USA,,MIN_MAX,RS-GUPCO,02U43A
319722,"O-Ring, Part no. 0663 3130 00, used for Air Compressor, Model: Atlas Copco GA45+, S/N: APIS45798401&S/N: APIS45755901","حلقة دائرية، رقم القطعة 0663 3130 00، تُستخدم لضاغط هواء، طراز: أطلس كوبكو GA45+، الرقم التسلسلي: APIS45798401 والرقم التسلسلي: APIS45755901",MM,0,,EACH,COMPRESSOR USA,,MIN_MAX,RS-GUPCO,03B31F
319728,"Hose Assembly from Separator to Inlet Valve, P/N: 0574 8000 37, used for Air Compressor, Model: Atlas Copco G75+","مجموعة خرطوم من الفاصل إلى صمام المدخل، رقم القطعة: 0574 8000 37، تُستخدم لضاغط هواء، طراز: أطلس كوبكو G75+",MM,0,,EACH,COMPRESSOR USA,,MIN_MAX,RS-GUPCO,
319701,"Hose Oil, P/N: 1625 2073 01, used for Air Compressor, Model: Atlas Copco G75+","زيت خرطوم، رقم القطعة: 1625 2073 01، يُستخدم لضاغط هواء، طراز: أطلس كوبكو G75+",MM,0,,EACH,COMPRESSOR USA,,MIN_MAX,RS-GUPCO,03B31F
319705,"Pressure Transmitter, P/N: 1091 0001 22, used for Air Compressor, Model: Atlas Copco G75+","جهاز إرسال الضغط، رقم القطعة: 1091 0001 22، يُستخدم مع ضاغط هواء، طراز: أطلس كوبكو G75+",MM,0,,EACH,COMPRESSOR USA,,MIN_MAX,RS-GUPCO,02U45E
319709,"Nipple, P/N: 0571 0035 94, used for Air Compressor, Model: Atlas Copco G75+","حلمة، رقم القطعة: 0571 0035 94، تُستخدم لضاغط هواء، طراز: أطلس كوبكو G75+",MM,0,,EACH,COMPRESSOR USA,,MIN_MAX,RS-GUPCO,02U45F
319887,"Tube, Turbo Oil Drain L/B P/N 208744T for Waukesha Gas Engine 7042 GSI",أنبوب تصريف زيت التوربو L/B P/N 208744T لمحرك غاز Waukesha 7042 GSI,MM,0,214000D,EACH,ENGINE USA,,INSURANCE_SPARE,RS-GUPCO,02Q31
320081,"Gauge , 5000 PSI, back mount ,3/8"" T , P/N : A-17257-A ,  for Ariel gas compressor model: JGE/4","مقياس ضغط، 5000 رطل لكل بوصة مربعة، تركيب خلفي، 3/8 بوصة T، رقم القطعة: A-17257-A، لضاغط غاز أرييل طراز: JGE/4",MM,0,A-17257-A,EACH,COMPRESSOR USA,,MIN_MAX,RS-GUPCO,
323693,"Sleeve injector P/N 2634920 for C32 Diesel Gen. set  S.No. JSJ02015 , Engine serial: PRH02017                 (Genuine P","حاقن أسطواني رقم القطعة 2634920 لمجموعة مولدات الديزل C32، الرقم التسلسلي JSJ02015، الرقم التسلسلي للمحرك: PRH02017 (أصلي)",MM,0,2634920,EACH,CATERPILLAR,,MIN_MAX,RS-GUPCO,04L02C
323709,"Rocker arm GP unit injector 20R3319 (4373881) used for C32 Diesel Gen. set  S.No. JSJ02015 , Engine serial: PRH02017  (G","حاقن وحدة GP ذو ذراع التأرجح 20R3319 (4373881) المستخدم في مجموعة مولدات الديزل C32، الرقم التسلسلي JSJ02015، الرقم التسلسلي للمحرك: PRH02017 (G",MM,0,20R3319,EACH,CATERPILLAR,,MIN_MAX,RS-GUPCO,04L02D
323710,"Rocker Arm AS P/N 4373880 for unit injector Rocker Arm used for C32 Diesel Gen. set  S.No. JSJ02015 , Engine serial: PRH","ذراع التأرجح AS P/N 4373880 لحاقن الوحدة، ذراع التأرجح المستخدم في مولد الديزل C32، الرقم التسلسلي JSJ02015، الرقم التسلسلي للمحرك: PRH",MM,0,4373880,EACH,CATERPILLAR,,MIN_MAX,RS-GUPCO,04L02D
323736,"Clamp for unit injector P/N 6I-0213 for C32 Diesel Gen. set  S.No. JSJ02015 , Engine serial: PRH02017  (Genuine Part Don","مشبك لحاقن الوحدة رقم القطعة 6I-0213 لمجموعة مولدات الديزل C32، الرقم التسلسلي JSJ02015، الرقم التسلسلي للمحرك: PRH02017 (قطعة أصلية)",MM,0,6I-0213,EACH,CATERPILLAR,,MIN_MAX,RS-GUPCO,04L04B
323744,"Injector height tool P/N 9U7227 for C32 Diesel Gen. set  S.No. JSJ02015 , Engine serial: PRH02017  (Genuine Part Don't S","أداة قياس ارتفاع حاقن الوقود، رقم القطعة 9U7227، لمجموعة مولدات الديزل C32، الرقم التسلسلي JSJ02015، الرقم التسلسلي للمحرك: PRH02017 (قطعة أصلية، لا تقم باستبدالها).",MM,0,9U7227,EACH,CATERPILLAR,,MIN_MAX,RS-GUPCO,04L04
323747,"Bolt (5/16 -18 *1.75 in) for valve cover mechanism P/N 7X0440 for C32 Diesel Gen. set  S.No. JSJ02015 , Engine serial: P","مسمار (5/16 -18 *1.75 بوصة) لآلية غطاء الصمام، رقم القطعة 7X0440، لمجموعة مولدات الديزل C32، الرقم التسلسلي JSJ02015، رقم المحرك التسلسلي: P",MM,0,7X0440,EACH,CATERPILLAR,,MIN_MAX,RS-GUPCO,04L04E
323734,"Bolt -high temperarure (3/8-16 X 1.75 in) P/N 2N-2765 for turbocharger for C32 Diesel Gen. set  S.No. JSJ02015 , Engine","مسمار مقاوم للحرارة العالية (3/8-16 × 1.75 بوصة) رقم القطعة 2N-2765 لشاحن توربيني لمجموعة مولدات الديزل C32، الرقم التسلسلي JSJ02015، محرك",MM,0,2N-2765,EACH,CATERPILLAR,,MIN_MAX,RS-GUPCO,04L04B
326232,OIL CAT DEO ENGINE 3E-9840 FOR CATERPILLAR DIESEL GENERATOR PACKAGE MODEL 3512 (208 LITER)  Manufacturer. CATERPILLAR,زيت محرك كاتربيلر ديو 3E-9840 لمولد ديزل كاتربيلر طراز 3512 (208 لتر). الشركة المصنعة: كاتربيلر,MM,0,3E-9840,EACH,CATERPILLAR,,MIN_MAX,RS-GUPCO,
323519,"INJECTOR GP-FUEL , P/N 276-8307  , for C32 Diesel Gen.  S.No. JSJ02015 (Genuine Part Don't Substitute) Manufacturer: Cat","حاقن وقود GP، رقم القطعة 276-8307، لمحركات الديزل C32، الرقم التسلسلي العام JSJ02015 (قطعة أصلية، لا تستخدم بديلًا). الشركة المصنعة: كاتربيلر",MM,0,276-8307,EACH,CATERPILLAR,,MIN_MAX,RS-GUPCO,04L02C
144822,"LEVER, GOVERNOR ( 156339A )","ليفر، الحاكم (156339أ)",MM,6923015,208564C,EACH,ENGINE USA,,INSURANCE_SPARE,RS-GUPCO,
325959,"Temperature Sensor, P/N : 1089057412 , used for Air Compressor, Model: Atlas Copco GA45+","مستشعر درجة الحرارة، رقم القطعة: 1089057412، يُستخدم لضاغط الهواء، طراز: أطلس كوبكو GA45+",MM,0,1089057412,EACH,COMPRESSOR USA,,MIN_MAX,RS-GUPCO,
323695,"seal o-ring Sleeve injector P/N 9X7430  for C32 Diesel Gen. set  S.No. JSJ02015 , Engine serial: PRH02017 (Genuine Part","حلقة مانعة للتسرب، جلبة حاقن، رقم القطعة 9X7430، لمجموعة مولدات الديزل C32، الرقم التسلسلي JSJ02015، الرقم التسلسلي للمحرك: PRH02017 (قطعة أصلية)",MM,0,9X7430,EACH,CATERPILLAR,,MIN_MAX,RS-GUPCO,03A08E
323712,"Seal-O-Ring P/N 8L2777 for (Intake & Exhaust) Rocker Arm used for C32 Diesel Gen. set  S.No. JSJ02015 , Engine serial: P","حلقة مانعة للتسرب (O-Ring) رقم القطعة 8L2777 لذراع التأرجح (السحب والعادم) المستخدمة في مولد ديزل C32، الرقم التسلسلي JSJ02015، الرقم التسلسلي للمحرك: P",MM,0,8L2777,EACH,CATERPILLAR,,MIN_MAX,RS-GUPCO,03A08E
323755,"Kit turbocharger install P/N 4337503 for C32 Diesel Gen. set  S.No. JSJ02015 , Engine serial: PRH02017  (Genuine Part Do","طقم تركيب شاحن توربيني رقم القطعة 4337503 لمولد ديزل C32، رقم التسلسل JSJ02015، رقم تسلسل المحرك: PRH02017 (قطعة أصلية)",MM,0,4337503,EACH,CATERPILLAR,,MIN_MAX,RS-GUPCO,04L04G
323708,"bushing for cam shaft 216-5582 P/N 2165582 for C32 Diesel Gen. set  S.No. JSJ02015 , Engine serial: PRH02017  (Genuine P","جلبة عمود الكامات 216-5582، رقم القطعة 2165582، لمجموعة مولدات الديزل C32، الرقم التسلسلي JSJ02015، الرقم التسلسلي للمحرك: PRH02017 (أصلية)",MM,0,2165582,EACH,CATERPILLAR,,MIN_MAX,RS-GUPCO,04L02C
323711,"Button  for rocker arm adjusting screw for unit injector P/N 1924151 for C32 Diesel Gen. set  S.No. JSJ02015 , Engine se","زر ضبط برغي ذراع التأرجح لحاقن الوحدة، رقم القطعة 1924151، لمجموعة مولدات الديزل C32، الرقم التسلسلي JSJ02015، مجموعة المحرك",MM,0,1924151,EACH,CATERPILLAR,,MIN_MAX,RS-GUPCO,04L02D
323714,"Seal O-ring for rocker arm adjusting screw for unit injector P/N 1123102 for C32 Diesel Gen. set  S.No. JSJ02015 , Engin","حلقة مانعة للتسرب لمسمار ضبط ذراع التأرجح لحاقن الوحدة، رقم القطعة 1123102، لمجموعة مولدات الديزل C32، الرقم التسلسلي JSJ02015، المحرك",MM,0,1123102,EACH,CATERPILLAR,,MIN_MAX,RS-GUPCO,03A08E
323717,"Rocker arm GP (Intake) P/N 20R3318, for C32 Diesel Gen. set  S.No. JSJ02015 , Engine serial: PRH02017  (Genuine Part Don","ذراع التأرجح GP (مدخل الهواء) رقم القطعة 20R3318، لمجموعة مولدات الديزل C32 رقم التسلسل JSJ02015، رقم تسلسل المحرك: PRH02017 (قطعة أصلية)",MM,0,20R3318,EACH,CATERPILLAR,,MIN_MAX,RS-GUPCO,04L02F
323724,"Gasket for water pump replacement P/N 4N-1946 for C32 Diesel Gen. set  S.No. JSJ02015 , Engine serial: PRH02017  (Genuin","حشية بديلة لمضخة الماء، رقم القطعة 4N-1946، لمجموعة مولدات الديزل C32، الرقم التسلسلي JSJ02015، الرقم التسلسلي للمحرك: PRH02017 (أصلية)",MM,0,4N-1946,EACH,CATERPILLAR,,MIN_MAX,RS-GUPCO,04L02G
323733,"Gasket for turbocharger P/N 1S-4295 for C32 Diesel Gen. set  S.No. JSJ02015 , Engine serial: PRH02017  (Genuine Part Don","حشية شاحن توربيني رقم القطعة 1S-4295 لمجموعة مولدات الديزل C32، الرقم التسلسلي JSJ02015، الرقم التسلسلي للمحرك: PRH02017 (قطعة أصلية)",MM,0,1S-4295,EACH,CATERPILLAR,,MIN_MAX,RS-GUPCO,04L04A
323735,"Spacer (11.13 X19.05X 19-MM THK) for turbocharger P/N 114-9223 for C32 Diesel Gen. set  S.No. JSJ02015 , Engine serial:","فاصل (11.13 × 19.05 × 19 مم سمك) لشاحن توربيني رقم القطعة 114-9223 لمجموعة مولدات الديزل C32 رقم التسلسل JSJ02015، رقم المحرك التسلسلي:",MM,0,114-9223,EACH,CATERPILLAR,,MIN_MAX,RS-GUPCO,04L04B
323741,"Clamp air for Intake manifold elbow P/N 6L-3005 for C32 Diesel Gen. set  S.No. JSJ02015 , Engine serial: PRH02017  (Genu","مشبك هواء لكوع مشعب السحب، رقم القطعة 6L-3005، لمجموعة مولدات الديزل C32، الرقم التسلسلي JSJ02015، الرقم التسلسلي للمحرك: PRH02017 (أصلي)",MM,0,6L-3005,EACH,CATERPILLAR,,MIN_MAX,RS-GUPCO,04L04D
325953,"Unloader Kit, P/N : 2901162200 , used for Air Compressor, Model: Atlas Copco GA45+","طقم تفريغ، رقم القطعة: 2901162200، يُستخدم لضاغط هواء، طراز: أطلس كوبكو GA45+",MM,0,2901162200,EACH,COMPRESSOR USA,,MIN_MAX,RS-GUPCO,
325955,"Pipe Air Discharge, P/N : 1625595000 , used for Air Compressor, Model: Atlas Copco GA45+","مخرج هواء أنبوبي، رقم القطعة: 1625595000، يُستخدم لضاغط هواء، طراز: أطلس كوبكو GA45+",MM,0,1625595000,EACH,COMPRESSOR USA,,MIN_MAX,RS-GUPCO,
323752,"Kit water pump Rebuild P/N 3777037 for C32 Diesel Gen. set  S.No. JSJ02015 , Engine serial: PRH02017  (Genuine Part Don'","طقم إعادة بناء مضخة مياه، رقم القطعة 3777037، لمجموعة مولدات الديزل C32، الرقم التسلسلي JSJ02015، الرقم التسلسلي للمحرك: PRH02017 (قطعة أصلية).",MM,0,3777037,EACH,CATERPILLAR,,MIN_MAX,RS-GUPCO,04L04G
308470,"Turning Tool for Fuel Injector , P/N 9S-9082 , for C32 Diesel Gen.  S.No. JSJ02015 (Genuine Part Don't Substitute)","أداة خراطة لحاقن الوقود، رقم القطعة 9S-9082، لمحركات الديزل C32، الرقم التسلسلي العام JSJ02015 (قطعة أصلية، لا تستخدم بديلاً)",MM,0,1CA9S9082,EACH,CATERPILLAR,,MIN_MAX,RS-GUPCO,04 K 03 B
308480,"fuel hose , for  Caterpillar diesel engine C32 , Genset serial   JSJ02015 (Genuine Part Don't Substitute)","خرطوم وقود، لمحرك ديزل كاتربيلر C32، مولد كهربائي برقم تسلسلي JSJ02015 (قطعة أصلية، لا تستخدم بديلاً)",MM,0,1CA3839585,EACH,CATERPILLAR,,INSURANCE_SPARE,RS-GUPCO,03A08D
308481,"fuel hose , for  Caterpillar diesel engine C32 , Genset serial   JSJ02015 (Genuine Part Don't Substitute)","خرطوم وقود، لمحرك ديزل كاتربيلر C32، مولد كهربائي برقم تسلسلي JSJ02015 (قطعة أصلية، لا تستخدم بديلاً)",MM,0,1CA3836032,EACH,CATERPILLAR,,INSURANCE_SPARE,RS-GUPCO,03P03
327159,"Clamp Rubber, P/N: 153402M, used for Waukesha P-9390 GSI , (SET=2 EA)","مشبك مطاطي، رقم القطعة: 153402M، يستخدم مع Waukesha P-9390 GSI، (مجموعة = 2 قطعة)",MM,0,153402M,SET,ENGINE USA,,INSURANCE_SPARE,RS-GUPCO,
308867,"GASKET, STRIP .06THK X .75 WIDE W/ADHESIVE BACK Part No.39117312","حشية شريطية، سمك 0.06 بوصة × عرض 0.75 بوصة، مزودة بظهر لاصق، رقم القطعة 39117312",MM,8009155,39117312,EACH,COMPRESSOR USA,,MIN_MAX,RS-GUPCO,
308870,"HOSE, 130 MM I.D. MOULDED AIR INTAKE Part No.23585896","خرطوم مدخل هواء مصبوب بقطر داخلي 130 مم، رقم القطعة 23585896",MM,8009155,23585896,EACH,COMPRESSOR USA,,INSURANCE_SPARE,RS-GUPCO,03P01E
327161,"Elbow Flex, P/N: 199111G, used for Waukesha P-9390 GSI, (SET=2 EA)","وصلة مرنة للكوع، رقم القطعة: 199111G، تستخدم مع جهاز Waukesha P-9390 GSI، (مجموعة = 2 قطعة)",MM,0,199111G,SET,ENGINE USA,,INSURANCE_SPARE,RS-GUPCO,
323930,"Coupling Flex Master 1'' , Part No: 169847A , (SET=2 EA)","وصلة مرنة رئيسية 1 بوصة، رقم القطعة: 169847A، (مجموعة = 2 قطعة)",MM,0,169847A,SET,ENGINE USA,,INSURANCE_SPARE,RS-GUPCO,
323143,"Seal Ring Square Section, P/N: 211670D , used for Waukesha F-3524 G, S/N: 3182312","حلقة مانعة للتسرب مربعة المقطع، رقم القطعة: 211670D، تستخدم لماكينة Waukesha F-3524 G، الرقم التسلسلي: 3182312",MM,0,211670D,EACH,ENGINE USA,,MIN_MAX,RS-GUPCO,03H25D
323148,"Rod Governor, P/N: A214061, used for Waukesha F-3524 G, S/N: 3182312","منظم قضيب، رقم القطعة: A214061، يستخدم مع Waukesha F-3524 G، الرقم التسلسلي: 3182312",MM,0,A214061,EACH,ENGINE USA,,MIN_MAX,RS-GUPCO,02Q52
330408,"COOLANT LONGLIFE G12+ RTU 50/50 FOR GAS ENGINES ""DRUM 209L"" Mfg.SHELL","سائل تبريد طويل الأمد G12+ جاهز للاستخدام 50/50 لمحركات البنزين ""برميل 209 لتر"" من إنتاج شركة شل",MM,0,SHELL LL G12+ RTU 50/50,EACH,LUBR & GREASE,,MIN_MAX,RS-GUPCO,
325952,"Hose Assembly from Separator to Unloader, P/N : 0574800036 , used for Air Compressor, Model: Atlas Copco G4A5+","مجموعة خرطوم من الفاصل إلى جهاز التفريغ، رقم القطعة: 0574800036، تُستخدم لضاغط هواء، طراز: أطلس كوبكو G4A5+",MM,0,574800036,EACH,COMPRESSOR USA,,MIN_MAX,RS-GUPCO,
325956,"Pressure Transducer, P/N : 1089057567 , used for Air Compressor, Model: Atlas Copco GA45+","محول ضغط، رقم القطعة: 1089057567، يُستخدم مع ضاغط هواء، طراز: أطلس كوبكو GA45+",MM,0,1089057567,EACH,COMPRESSOR USA,,MIN_MAX,RS-GUPCO,
324018,"MOTOR PARALLEL KEY,P/N: 1625 5052 01,  used for Air Compressor, Model: Atlas Copco GA45+","مفتاح توصيل متوازي للمحرك، رقم القطعة: 1625 5052 01، يُستخدم لضاغط هواء، طراز: أطلس كوبكو GA45+",MM,0,1625 5052 01,EACH,COMPRESSOR USA,,MIN_MAX,RS-GUPCO,02U39F
323694,"seal o-ring Sleeve injector  P/N 1662904 for C32 Diesel Gen. set  S.No. JSJ02015 , Engine serial: PRH02017  (Genuine Par","حلقة مانعة للتسرب، جلبة حاقن، رقم القطعة 1662904، لمجموعة مولدات الديزل C32، الرقم التسلسلي JSJ02015، الرقم التسلسلي للمحرك: PRH02017 (قطعة أصلية)",MM,0,1662904,EACH,CATERPILLAR,,MIN_MAX,RS-GUPCO,03A08E
323723,"Seal O-ring for water pump replacement  P/N 192-4309 for C32 Diesel Gen. set  S.No. JSJ02015 , Engine serial: PRH02017 ","حلقة مانعة للتسرب لاستبدال مضخة الماء، رقم القطعة 192-4309، لمجموعة مولدات الديزل C32، الرقم التسلسلي JSJ02015، الرقم التسلسلي للمحرك: PRH02017",MM,0,192-4309,EACH,CATERPILLAR,,MIN_MAX,RS-GUPCO,03A08E
323726,"Stud for Exhaust manifold P/N 0S0699 for C32 Diesel Gen. set  S.No. JSJ02015 , Engine serial: PRH02017  (Genuine Part Do","مسمار تثبيت مشعب العادم، رقم القطعة 0S0699، لمجموعة مولدات الديزل C32، الرقم التسلسلي JSJ02015، الرقم التسلسلي للمحرك: PRH02017 (قطعة أصلية).",MM,0,0S0699,EACH,CATERPILLAR,,MIN_MAX,RS-GUPCO,04L02G
318044,"HOLD TILL 1/1/2027 , Hold and dont reorder until modify Part Number for element part no , Air Filter Element, Part No. 1","يُرجى الانتظار حتى 1/1/2027، ولا تُعيد الطلب حتى يتم تعديل رقم القطعة لعنصر فلتر الهواء، رقم القطعة 1",MM,0,1625 7692 00,EACH,COMPRESSOR USA,,INSURANCE_SPARE,RS-GUPCO,03/P01D
324013,"O-Ring Oil Nozzle, P/N 0663 2107 84, used for Air Compressor, Model: Atlas Copco GA45+","فوهة زيت بحلقة مانعة للتسرب، رقم القطعة 0663 2107 84، تُستخدم لضاغط هواء، طراز: أطلس كوبكو GA45+",MM,0,0663 2107 84,EACH,COMPRESSOR USA,,MIN_MAX,RS-GUPCO,03B29A
325284,"Clamp, Seal  USED FOR GAS ENGINE P9390 GSI PART NO.: 209802C, (SET=2 EA)","مشبك، مانع تسرب يستخدم لمحرك الغاز P9390 GSI رقم القطعة: 209802C، (مجموعة = 2 قطعة)",MM,0,209802C,SET,ENGINE USA,,INSURANCE_SPARE,RS-GUPCO,
323742,"Seal O-ring for Intake manifold elbow P/N 6V-6353 for C32 Diesel Gen. set  S.No. JSJ02015 , Engine serial: PRH02017  (Ge","حلقة مانعة للتسرب لكوع مشعب السحب، رقم القطعة 6V-6353، لمجموعة مولدات الديزل C32، الرقم التسلسلي JSJ02015، الرقم التسلسلي للمحرك: PRH02017 (Ge",MM,0,6V-6353,EACH,CATERPILLAR,,MIN_MAX,RS-GUPCO,03A08E
323746,"Bolt (5/16 -18 *1.5 in) P/N: 1A-9579 for base valve cover for C32 Diesel Gen. set  S.No. JSJ02015 , Engine serial: PRH02","مسمار (5/16 -18 *1.5 بوصة) رقم القطعة: 1A-9579 لغطاء صمام القاعدة لمجموعة مولدات الديزل C32، الرقم التسلسلي: JSJ02015، الرقم التسلسلي للمحرك: PRH02",MM,0,1A-9579,EACH,CATERPILLAR,,MIN_MAX,RS-GUPCO,04L04D
323750,"External engine Harness P/N 3780741  for C32 Diesel Gen. set  S.No. JSJ02015 , Engine serial: PRH02017  (Genuine Part Do","ضفيرة أسلاك المحرك الخارجية رقم القطعة 3780741 لمجموعة مولدات الديزل C32، الرقم التسلسلي JSJ02015، الرقم التسلسلي للمحرك: PRH02017 (قطعة أصلية)",MM,0,3780741,EACH,CATERPILLAR,,MIN_MAX,RS-GUPCO,04L04E
323751,"Injector connector (Cap As  Unit injector) P/N 7E-6508 for C32 Diesel Gen. set  S.No. JSJ02015 , Engine serial: PRH02017","موصل حاقن الوقود (غطاء حاقن الوقود) رقم القطعة 7E-6508 لمجموعة مولدات الديزل C32، الرقم التسلسلي JSJ02015، الرقم التسلسلي للمحرك: PRH02017",MM,0,7E-6508,EACH,CATERPILLAR,,MIN_MAX,RS-GUPCO,04L04G
308473,"Hose (21.6 IN) for diesel fuel line Caterpillar diesel engine C32 , Genset serial   JSJ02015 (Genuine Part Don't Substit","خرطوم (21.6 بوصة) لخط وقود الديزل لمحرك ديزل كاتربيلر C32، مولد كهربائي برقم تسلسلي JSJ02015 (قطعة أصلية، لا تستخدم بديلاً).",MM,0,590CA4231981,EACH,CATERPILLAR,,INSURANCE_SPARE,RS-GUPCO,03A08
308462,Seal Liner P/N:155-0810 for C32 Diesel Gen.  S.No. JSJ02015 (Genuine Part Don't Substitute).,"بطانة مانعة للتسرب رقم القطعة: 155-0810 لمحرك الديزل C32 رقم التسلسل العام JSJ02015 (قطعة أصلية، لا تستخدم بديلاً).",MM,0,1CA1550810,EACH,CATERPILLAR,,MIN_MAX,RS-GUPCO,03A08C
308460,Band Filler P/N:9L-5854 for C32 Diesel Gen.  S.No. JSJ02015 (Genuine Part Don't Substitute).,"حشو الشريط P/N:9L-5854 لمحرك الديزل C32 Gen. S.No. JSJ02015 (قطعة أصلية، لا تستخدم بديلاً).",MM,0,10CA9L5854,EACH,CATERPILLAR,,MIN_MAX,RS-GUPCO,03A08
308474,"Fuel hose for  Caterpillar diesel engine C32 , Genset serial   JSJ02015 (Genuine Part Don't Substitute)","خرطوم وقود لمحرك ديزل كاتربيلر C32، مولد كهربائي برقم تسلسلي JSJ02015 (قطعة أصلية، لا تستخدم بديلاً)",MM,0,1CA3227615,EACH,CATERPILLAR,,MIN_MAX,RS-GUPCO,03A08C
308475,"fuel hose for  Caterpillar diesel engine C32 , Genset serial   JSJ02015 (Genuine Part Don't Substitute)","خرطوم وقود لمحرك ديزل كاتربيلر C32، مولد كهربائي برقم تسلسلي JSJ02015 (قطعة أصلية، لا تستخدم بديلاً)",MM,0,1CA3611997,EACH,CATERPILLAR,,MIN_MAX,RS-GUPCO,03A08D
308477,"check valve GP ( priming pump base) for  Caterpillar diesel engine C32 , Genset serial   JSJ02015 (Genuine Part Don't Su","صمام فحص GP (قاعدة مضخة التحضير) لمحرك ديزل كاتربيلر C32، مولد كهربائي برقم تسلسلي JSJ02015 (قطعة أصلية، لا تستخدمها).",MM,0,420-1795,EACH,CATERPILLAR,,INSURANCE_SPARE,RS-GUPCO,03A08D
319334,"Filter Mesh LD20X-ED12 Part No. 2902016102, used for Air Compressor, Model: Atlas Copco G75+ SN:APIS45248401","شبكة ترشيح LD20X-ED12، رقم القطعة 2902016102، تُستخدم لضاغط هواء، طراز: أطلس كوبكو G75+، الرقم التسلسلي: APIS45248401",MM,0,2902016102,EACH,COMPRESSOR USA,,MIN_MAX,RS-GUPCO,03B31E
308861,"FILTER, ION EXCHANGE RESIN 125-450HP Part No.38430906","فلتر، راتنج التبادل الأيوني 125-450 حصان، رقم القطعة 38430906",MM,8009155,38430906,EACH,COMPRESSOR USA,,INSURANCE_SPARE,RS-GUPCO,02/U49
307085,"Atmosphric Pressure Sensor , P/N 274-6717 , for C32 Diesel Gen.  S.No. JSJ02015 (Genuine Part Don't Substitute)","مستشعر الضغط الجوي، رقم القطعة 274-6717، لمحركات الديزل C32، رقم التسلسل JSJ02015 (قطعة أصلية، لا تستخدم بديلاً)",MM,0,1CA2746717,EACH,CATERPILLAR,,INSURANCE_SPARE,RS-GUPCO,04K07H
306836,"MOUNT, ISOLATION DUROMETER 60 Part No. 23591779 For Air Comp.IR Model R75I S.No. VK2637U14264 Genuine Part do not substi","حامل، عازل، صلابة 60، رقم القطعة 23591779، لضاغط الهواء طراز R75I، الرقم التسلسلي VK2637U14264. قطعة أصلية، لا تستبدل.",MM,0,23591779,EACH,COMPRESSOR USA,,MIN_MAX,RS-GUPCO,02U39A
306839,"O-RING, VITON RTR HSG TO GRCS / SEAL COVER Part No.23518509  For Air Comp.IR Model R75I S.No. VK2637U14264 Genuine Part","حلقة مانعة للتسرب من الفيتون، رقم القطعة 23518509، لضاغط الهواء طراز R75I، الرقم التسلسلي VK2637U14264، قطعة أصلية",MM,0,23518509,EACH,COMPRESSOR USA,,MIN_MAX,RS-GUPCO,03B31D
119622,"PISTON, W/B STD. 9 5/8 K","مكبس، قاعدة عجلات قياسية 9 5/8 كيلوجول",MM,8025100,C-3173,EACH,COMPRESSOR USA,,INSURANCE_SPARE,RS-GUPCO,
306840,"VALVE, IN-LINE CHECK (-4 ORFS MALE X -4 ORFS MALE) Part No.23453020",صمام فحص خطي (-4 ORFS ذكر × -4 ORFS ذكر) رقم القطعة 23453020,MM,0,23453020,EACH,COMPRESSOR USA,,MIN_MAX,RS-GUPCO,02/U51
317621,Gasket maintenance Kit.,طقم صيانة الحشيات.,PU,7916010,~,SET,PUMP MISC,,MIN_MAX,RS-GUPCO,03B18E
317628,"Pulsation Dampener, Fox model HSTX3, DWG. No. 17-7082-DW-HSTX3, Capacity 2,3 L","مخمد نبضات، طراز فوكس HSTX3، رقم الرسم 17-7082-DW-HSTX3، سعة 2.3 لتر",PU,7916010,~,EACH,PUMP MISC,,MIN_MAX,RS-GUPCO,02T03F
320160,"Drill CHUCK model 20N, JACOBS BALL BEARING KEY TYPE, capacity 3/8-1"", tapered mount 5 JT, comin with service kit 30348.","ظرف مثقاب طراز 20N، نوع مفتاح محمل كروي من جاكوبس، سعة 3/8-1 بوصة، تركيب مخروطي 5 JT، يأتي مع طقم خدمة 30348.",PU,0,~,EACH,TOOLS,,MIN_MAX,RS-GUPCO,
320163,"Tap tapered for pipe, ground thread HSS, regular thread NPT, list No. 2119 size (1 "" - 11.5) part no. 36128, Morse Cutti","صنبور مخروطي للأنابيب، خيط أرضي من الفولاذ عالي السرعة، خيط عادي NPT، رقم القائمة 2119، المقاس (1 بوصة - 11.5 بوصة)، رقم القطعة 36128، مورس كاتي",PU,0,~,EACH,TOOLS,,MIN_MAX,RS-GUPCO,
319885,"Tube, Turbo Oil Drain R/B P/N 208744U for Waukesha Gas Engine 7042 GSI",أنبوب تصريف زيت التوربو R/B P/N 208744U لمحرك غاز Waukesha 7042 GSI,MM,0,214000C,EACH,ENGINE USA,,INSURANCE_SPARE,RS-GUPCO,02Q31
320080,"Gauge , 3000 PSI, back mount ,3/8"" T , P/N : A-17256-A ,for Ariel gas compressor model: JGE/4","مقياس ضغط، 3000 رطل لكل بوصة مربعة، تركيب خلفي، 3/8 بوصة T، رقم القطعة: A-17256-A، لضاغط غاز أرييل طراز: JGE/4",MM,0,A-17256-A,EACH,COMPRESSOR USA,,MIN_MAX,RS-GUPCO,
319868,"Sleeve, retaining 60/130 steel, DWG No. 404 Spare part for Seepex commission no. 350141,Commodity Code/Import Code Numbe","جلبة تثبيت من الفولاذ 60/130، رقم الرسم 404، قطعة غيار لوحدة Seepex رقم 350141، رمز السلعة/رقم رمز الاستيراد",PU,7918107,GKHN306013000XXXXX,EACH,PUMP MISC,,MIN_MAX,RS-GUPCO,02 T03C
319870,"Bush, guide 60/130 1.7131, DWG. NO. 403 Spare part for Seepex commission no. 350141,Commodity Code/Import Code Number: 8","بوش، دليل 60/130 1.7131، رسم رقم 403، قطعة غيار لـ Seepex، رقم الطلب 350141، رمز السلعة/رقم رمز الاستيراد: 8",PU,7918107,FBUL706013000XXXXX,EACH,PUMP MISC,,MIN_MAX,RS-GUPCO,02 T03C
323713,Nut-JAM (9/16-18 THD) for rocker arm adjusting screw for unit injector P/N 1965070 for C32 Diesel Gen. set  S.No. JSJ02,صامولة تثبيت (9/16-18 THD) لمسمار ضبط ذراع التأرجح لحاقن الوحدة رقم القطعة 1965070 لمجموعة مولدات الديزل C32 رقم التسلسل JSJ02,MM,0,1965070,EACH,CATERPILLAR,,MIN_MAX,RS-GUPCO,04L02E
323760,"Pin - Piston P/N 5245565 for C32 Diesel Gen. set  S.No. JSJ02015 , Engine serial: PRH02017  (Genuine Part Don't Substitu","دبوس - مكبس رقم القطعة 5245565 لمجموعة مولدات الديزل C32، الرقم التسلسلي JSJ02015، الرقم التسلسلي للمحرك: PRH02017 (قطعة أصلية، لا تستخدم بديلًا).",MM,0,5245565,EACH,CATERPILLAR,,MIN_MAX,RS-GUPCO,04L06B
119484,"Compression spring, UNL P/N A-0498 for Ariel Gas Compressor 5-1/2 inch bore cylinders, Frame S/N F-10743","زنبرك ضغط، رقم القطعة UNL A-0498 لأسطوانات ضاغط غاز أرييل بقطر 5.5 بوصة، رقم الهيكل F-10743",MM,8001108,,EACH,COMPRESSOR USA,,MIN_MAX,RS-GUPCO,
319731,"O-Ring, Part no. 0663 7138 00, used for Air Compressor, Model: Atlas Copco GA45+, S/N: APIS45798401&S/N: APIS45755901","حلقة دائرية، رقم القطعة 0663 7138 00، تُستخدم لضاغط هواء، طراز: أطلس كوبكو GA45+، الرقم التسلسلي: APIS45798401 والرقم التسلسلي: APIS45755901",MM,0,,EACH,COMPRESSOR USA,,MIN_MAX,RS-GUPCO,03B31G
319708,"Nipple, P/N: 1622 4867 00, used for Air Compressor, Model: Atlas Copco G75+","حلمة، رقم القطعة: 1622 4867 00، تُستخدم لضاغط هواء، طراز: أطلس كوبكو G75+",MM,0,,EACH,COMPRESSOR USA,,MIN_MAX,RS-GUPCO,02U45F
316422,"Gearbox LUFKIN model N1402C, gear ratio 2.561:1 meets requirements of API 613 1st. edition included main lube oil pump,","علبة تروس من طراز LUFKIN N1402C، نسبة التروس 2.561:1، تلبي متطلبات معيار API 613 الإصدار الأول، وتشمل مضخة زيت التشحيم الرئيسية.",PU,3112102,~,EACH,BR/SL/S.PLG/FLT,,INSURANCE_SPARE,RS-GUPCO,
325949,"Element Mounting Kit, P/N : 2901201500 , used for Air Compressor, Model: Atlas Copco GA45+","طقم تركيب عنصر التسخين، رقم القطعة: 2901201500، يُستخدم لضاغط الهواء، طراز: أطلس كوبكو GA45+",MM,0,2901201500,EACH,COMPRESSOR USA,,MIN_MAX,RS-GUPCO,
325950,"Hose Air Inlet, P/N: 1625827000 , used for Air Compressor, Model: Atlas Copco GA45+","خرطوم مدخل الهواء، رقم القطعة: 1625827000، يُستخدم لضاغط الهواء، طراز: أطلس كوبكو GA45+",MM,0,1625827000,EACH,COMPRESSOR USA,,MIN_MAX,RS-GUPCO,
325957,"Cable Pressure Transducer, P/N : 1614879100 , used for Air Compressor, Model: Atlas Copco GA45+","محول ضغط الكابل، رقم القطعة: 1614879100، يُستخدم مع ضاغط الهواء، طراز: أطلس كوبكو GA45+",MM,0,1614879100,EACH,COMPRESSOR USA,,MIN_MAX,RS-GUPCO,
325306,OIL ENGINE MOBIL DELVAC MX 15 W 40,زيت محرك موبيل ديلفاك إم إكس 15 دبليو 40,MM,0,~,DRUM,LUBR & GREASE,,MIN_MAX,RS-GUPCO,YARD
326956,"DISN 800 Unit Ignition Module, Part No. 791816-100C , Mfg.: Altronic, used for Waukesha Gas Engines 12 & 16 Cylinders","وحدة الإشعال DISN 800، رقم القطعة 791816-100C، من إنتاج شركة Altronic، تُستخدم لمحركات Waukesha الغازية ذات 12 و 16 أسطوانة.",MM,0,791816-100C,EACH,ENGINE USA,,MIN_MAX,RS-GUPCO,
326957,"DISN 800 Unit Ignition Module, Part No. 791808-100C , Mfg.: Altronic, used for Waukesha Gas Engines 6 Cylinders","وحدة الإشعال DISN 800، رقم القطعة 791808-100C، من إنتاج شركة Altronic، تُستخدم لمحركات Waukesha الغازية ذات 6 أسطوانات.",MM,0,791808-100C,EACH,ENGINE USA,,MIN_MAX,RS-GUPCO,
326958,"Main Harness for DISN 800 Unit used with EZ-Rail Ignition System, Part no. 793015-16 , Mfg.: Altronic, used for Waukesha","مجموعة الأسلاك الرئيسية لوحدة DISN 800 المستخدمة مع نظام الإشعال EZ-Rail، رقم القطعة 793015-16، من إنتاج شركة Altronic، وتستخدم في سيارات Waukesha",MM,0,793015-16,EACH,ENGINE USA,,MIN_MAX,RS-GUPCO,
326916,"SHIELDED HARNESS ( 808 Unit - 6 Output ) - Altronic DISN 800 "" C"" Series Unit To Junction Box , P/N : 793 014-6","مجموعة أسلاك محمية (وحدة 808 - 6 مخارج) - وحدة Altronic DISN 800 من سلسلة ""C"" إلى صندوق التوصيل، رقم القطعة: 793 014-6",MM,0,793 014-6,EACH,ENGINE USA,,MIN_MAX,RS-GUPCO,
326917,"SHIELDED HARNESS ( 812/816  Unit - 12 Output ) - Altronic DISN 800 "" C"" Series Unit To Junction Box ,P/N : 793 015-12","حزمة أسلاك محمية (الوحدة 812/816 - 12 مخرجًا) - وحدة Altronic DISN 800 من سلسلة ""C"" إلى صندوق التوصيل، رقم القطعة: 793 015-12",MM,0,793 015-12,EACH,ENGINE USA,,MIN_MAX,RS-GUPCO,
308862,AIR FILTER ElEMENT Part NO.23429798,فلتر هواء - رقم القطعة 23429798,MM,8009155,23429798,EACH,COMPRESSOR USA,,MIN_MAX,RS-GUPCO,05F02H
315482,"HOLD TILL 1/12/2026 , Inboar Split Seal Used for IR horizontal pump 10x14 SD axially split type BB1.","يُحفظ حتى 1/12/2026، مانع تسرب داخلي منقسم يستخدم لمضخة IR أفقية 10x14 SD من النوع المنقسم محوريًا BB1.",PU,7909106,,EACH,BR/SL/S.PLG/FLT,,MIN_MAX,RS-GUPCO,
320087,"Divider block for , P/N : A-6160-C , for Ariel gas compressor model: JGE/4","كتلة فاصلة، رقم القطعة: A-6160-C، لضاغط غاز أرييل طراز: JGE/4",MM,0,A-6160-C,EACH,COMPRESSOR USA,,INSURANCE_SPARE,RS-GUPCO,
321254,SEAL KIT 168 PN SEAL KIT 168 P (Used for PNH41-40E1FNZ PRIMEROYAL MILTON-ROY PUMPS),طقم مانع التسرب 168 PN طقم مانع التسرب 168 P (يستخدم لمضخات PNH41-40E1FNZ PRIMEROYAL MILTON-ROY),PU,7311556,3051186031F,KIT,PUMP CENTRIFUG,,INSURANCE_SPARE,RS-GUPCO,03A12C
321251,FLAT DIAPHRAGM 168 DMR (Used for PNH41-40E1FNZ PRIMEROYAL MILTON-ROY PUMPS),غشاء مسطح 168 DMR (يستخدم لمضخات PNH41-40E1FNZ PRIMEROYAL MILTON-ROY),PU,7311556,09804000051N,EACH,PUMP CENTRIFUG,,INSURANCE_SPARE,RS-GUPCO,02R02
321252,CHECK VALVE ASM SUC+DIS D25 LD (Used for PNH41-40E1FNZ PRIMEROYAL MILTON-ROY PUMPS),صمام فحص ASM SUC+DIS D25 LD (يستخدم لمضخات PNH41-40E1FNZ PRIMEROYAL MILTON-ROY),PU,7311556,3050591322F,KIT,PUMP CENTRIFUG,,INSURANCE_SPARE,RS-GUPCO,02R02
321253,CROSSHEAD SEALS KIT ET SUPPORT (Used for PNH41-40E1FNZ PRIMEROYAL MILTON-ROY PUMPS),طقم مانعات التسرب لرأس المضخة ودعامة (يستخدم لمضخات PNH41-40E1FNZ PRIMEROYAL MILTON-ROY),PU,7311556,3051360010F,KIT,PUMP CENTRIFUG,,INSURANCE_SPARE,RS-GUPCO,02R02
318766,Universal joint sleeve 60/130 PN MANF006013000XXXXX NBR -EUR1 certificate / supplier#s declaration: origin EU Spare part,جلبة وصلة عالمية 60/130 PN MANF006013000XXXXX NBR -EUR1 شهادة / إقرار المورد: منشأ الاتحاد الأوروبي قطعة غيار,PU,7918107,MANF006013000XXXXX,EACH,PUMP MISC,,MIN_MAX,RS-GUPCO,03 B18 F
316389,"HS SEAL, 3.500 BORE SPLIT. PN BM108877, used for Gear Unit Model No: N1402C , MANUFACTURER LUFKIN GEAR","مانع تسرب عالي الضغط، بقطر داخلي 3.500، رقم القطعة BM108877، يُستخدم لوحدة التروس رقم الموديل: N1402C، من إنتاج شركة لوفكين جير.",PU,3112102,~,EACH,BR/SL/S.PLG/FLT,,INSURANCE_SPARE,RS-GUPCO,
316390,"SEAL LSP-N14C SPLIT AIR PURGE. PN CM163540, used for Gear Unit Model No: N1402C , MANUFACTURER LUFKIN GEAR","مانع تسرب هواء منقسم LSP-N14C. رقم القطعة CM163540، يُستخدم لوحدة التروس رقم الموديل: N1402C، من إنتاج شركة لوفكين جير.",PU,3112102,~,EACH,BR/SL/S.PLG/FLT,,INSURANCE_SPARE,RS-GUPCO,
316856,"Gasket Valve Cover, P/N: 153994C, used for Waukesha F-3524 G","غطاء صمام مزود بحشية، رقم القطعة: 153994C، يُستخدم مع جهاز Waukesha F-3524 G",MM,0,153994C,EACH,ENGINE USA,,MIN_MAX,RS-GUPCO,03H25C
316858,"O-Ring P/N: 292843, used for Waukesha F-3524 G","حلقة دائرية برقم القطعة: 292843، تُستخدم مع جهاز Waukesha F-3524 G",MM,0,292843,EACH,ENGINE USA,,MIN_MAX,RS-GUPCO,03H25C
316865,"Starter Pinion kit. P/N: 214342, used for Waukesha F-3524 G","طقم تروس بدء التشغيل. رقم القطعة: 214342، يُستخدم مع Waukesha F-3524 G",MM,0,214342,EACH,ENGINE USA,,INSURANCE_SPARE,RS-GUPCO,02Q50
317011,"Tap tapered for pipe, ground thread HSS, regular thread NPT, list No. 2119 size (3/4 "" - 14) part no. 36127, Morse Cutti","صنبور مخروطي للأنابيب، خيط أرضي من الفولاذ عالي السرعة، خيط عادي NPT، رقم القائمة 2119، المقاس (3/4 بوصة - 14)، رقم القطعة 36127، مورس كاتي",PU,0,~,EACH,TOOLS,,MIN_MAX,RS-GUPCO,
319886,Flange Oil Drain ASM P/N E157330D for Waukesha Gas Engine 7042 GSI,مجموعة تصريف زيت الشفة ASM P/N E157330D لمحرك غاز Waukesha 7042 GSI,MM,0,G-962-555,EACH,ENGINE USA,,MIN_MAX,RS-GUPCO,02Q31
102807,"BRONZE Tube 3/4"" ID x 1-1/2"" OD x 1 ft. LG, BISMUTH TIN BRONZE FEDERALLOY b C89835, confirm to ASTM B-584.","أنبوب برونزي 3/4 بوصة قطر داخلي × 1-1/2 بوصة قطر خارجي × 1 قدم طول، برونز القصدير البزموت FEDERALLOY b C89835، مطابق لمعيار ASTM B-584.",PU,0,ASTM B-584,EACH,METALS& PLASTIC,,MIN_MAX,RS-GUPCO,
102808,"BRONZE TUBE ¾ ID X 1.5/8 OD X 1 FT. LG, BISMUTH TIN BRONZE FEDERALLY III C89835, CONFIRM TO ASTM B-584","أنبوب برونزي، القطر الداخلي ¾ بوصة × القطر الخارجي 1.5/8 بوصة × الطول 1 قدم، برونز قصدير البزموت، معتمد من الاتحاد الأوروبي C89835، مطابق للمواصفات ASTM B-584",PU,0,MCB-1226,EACH,METALS& PLASTIC,,PLANNED_WO,RS-GUPCO,
106359,"PUMP, FRESH WATER, C/W 3 PH 60 HZ 230/460 V. MOTOR P/N. 78634-08 MNFG. RIEY BEAIRD USA ,","مضخة مياه عذبة، تعمل بثلاثة أطوار، 60 هرتز، 230/460 فولت. رقم قطعة المحرك: 78634-08، من إنتاج شركة ريي بيرد الأمريكية.",PU,318202,78634-08,EACH,CAMP,,PLANNED_WO,RS-GUPCO,
102995,"Four Leg  wire Rope Sling SWL 6.9 ton @ 0-45  Degrees,  2.4m Length x 16mm diameter, IWRC, 1960 Grade, Galvanized, termi","حبل رفع سلكي رباعي الأرجل، حمولة آمنة 6.9 طن عند زاوية 0-45 درجة، طول 2.4 متر × قطر 16 مم، معتمد من IWRC، درجة 1960، مجلفن، طرفي",MM,0,~,EACH,CORDG & CHAIN,,MIN_MAX,RS-GUPCO,
107233,"PACKING, RUBBER SHEETING PLAIN 1/4"" THICK. 1 MTR.  WIDE,6 MTRS.LENGTH DOUBLE LOCKED                   REF.MRRS-5098/98 N","تغليف، صفائح مطاطية عادية بسماكة 1/4 بوصة، عرض 1 متر، طول 6 أمتار، قفل مزدوج، رقم المرجع MRRS-5098/98 N",PU,0,,REEL,PACK & INSULAT,,PLANNED_WO,RS-GUPCO,
107259,"SHIM STOCK, 0.004"" THICK 6"" WIDTH (100 IN/ROLL)  S OLID BRASS.","مادة حشو، سمك 0.004 بوصة، عرض 6 بوصات (100 بوصة/لفة) نحاس صلب.",PU,0,~,REEL,PACK & INSULAT,,PLANNED_WO,RS-GUPCO,
107260,"SHIM STOCK, 0.006"" THICK 6"" WIDTH (100 IN/ROLL)  S OLID BRASS.   ""PRECISION BRAND""  P/N  :   17S-6","حشوة معدنية، سمك 0.006 بوصة، عرض 6 بوصات (100 بوصة/لفة)، نحاس صلب. ماركة ""بريسيجن""، رقم القطعة: 17S-6",PU,0,17S-6,REEL,PACK & INSULAT,,PLANNED_WO,RS-GUPCO,
107262,"SHIM STOCK, 0.008"" THICK 6"" WIDTH (100 IN/ROLL)  S OLID BRASS.","مادة حشو، سمك 0.008 بوصة، عرض 6 بوصات (100 بوصة/لفة) نحاس صلب.",PU,0,1758,REEL,PACK & INSULAT,,PLANNED_WO,RS-GUPCO,
107263,"SHIM STOCK, 0.009"" THICK 6"" WIDTH (100 IN/ROLL )   SOLID BRASS.","مادة حشو، سمك 0.009 بوصة، عرض 6 بوصات (100 بوصة/لفة) نحاس صلب.",PU,0,~,REEL,PACK & INSULAT,,MIN_MAX,RS-GUPCO,02C12F
107265,"PACKING RING 3/8""Diameter SQ   CRANE PACKING STYLE 1340   ISSUE UNIT IS REEL (30 FT)","حلقة تعبئة بقطر 3/8 بوصة، نمط تعبئة رافعة مربعة 1340، وحدة الإصدار عبارة عن بكرة (30 قدمًا).",PU,0,~,REEL,PACK & INSULAT,,MIN_MAX,RS-GUPCO,
107268,PACKING 1/4' SQUARE # TEFLONE,عبوة مربعة 1/4 بوصة # تيفلون,PU,0,~,REEL,PACK & INSULAT,,INSURANCE_SPARE,RS-GUPCO,
107269,"PACKING 3/8"" SQUARE # TEFLONE",عبوة مربعة 3/8 بوصة # تيفلون,MM,0,~,REEL,PACK & INSULAT,,MIN_MAX,RS-GUPCO,
107322,"SEALANT, ALUMINUM SILICON ""G.E."" NO. 1209   STANDA RD PACKAGE 12 EA  @ STD. PKG. 12   P/N  :   SCS120 9","مادة مانعة للتسرب، ألومنيوم سيليكون ""GE"" رقم 1209، عبوة قياسية تحتوي على 12 قطعة. رقم القطعة: SCS120 9",MM,0,SCS1209,EACH,PACK & INSULAT,,MIN_MAX,RS-GUPCO,03G12F
107017,"BOLT, 7/8"" SHANK DIA, 4-1/2"" LENGTH, BLACK, HEX HD  WITH HEX NUT, WHITWORTH THRD-GRADE B5   @STD. PKG . 15","مسمار، قطر الساق 7/8 بوصة، طول 4-1/2 بوصة، أسود اللون، رأس سداسي مع صامولة سداسية، من نوع ويتوورث THRD-GRADE B5، عبوة قياسية. 15",MM,0,~,EACH,GEN. HARDWARE,,MIN_MAX,RS-GUPCO,02B54A
107427,TEXACO PREMIUM RB# 2 GREASE SOAP-LITHIUM  ( OR EQUIVALENT)  CHEVRON TYPE :  SRI GREASE 2 ( CAN = 16 / KG ),صابون شحم تيكساكو بريميوم RB# 2-ليثيوم (أو ما يعادله) نوع شيفرون: شحم SRI 2 (العلبة = 16 / كجم),MM,0,~,CAN,LUBR & GREASE,,MIN_MAX,RS-GUPCO,09Yard
107205,"MARKER, LUMBER CRAYON GOLD COLOR FOR COLD SURFACE  @ STD. PKG. 72","قلم تحديد، قلم تلوين للخشب، لون ذهبي للأسطح الباردة، عبوة قياسية 72",MM,0,,BOX,GEN. HARDWARE,,INSURANCE_SPARE,RS-GUPCO,02B43B
107440,"COMPOUND, FOR ENGINE COOLING SYSTEM ""NALCO""   NALC OOL 2000 (55 GAL/DR).  (MSDS REQUIRED)","مركب لتبريد محرك ""نالكو"" NALC OOL 2000 (55 جالون/علبة). (مطلوب صحيفة بيانات السلامة)",MM,0,,DRUM,LUBR & GREASE,,PLANNED_WO,RS-GUPCO,
107185,"WASHER, FLAT STANDARD ID 7/8"", OD 1-1/8"",          THICK 21/128"" WROUGHT IRON                         @ STD. PKG. 50","غسالة مسطحة قياسية، القطر الداخلي 7/8 بوصة، القطر الخارجي 1-1/8 بوصة، السماكة 21/128 بوصة، حديد مشغول، عبوة قياسية 50 قطعة",MM,0,,PACKAGE,GEN. HARDWARE,,INSURANCE_SPARE,RS-GUPCO,02B47A
103114,"EMERY, CLOTH 2"" WIDTH X 50 YRD LENGTH ALUMINUM OXI DE GRIT NO 80.  @ STD. PKG. 1","ورق صنفرة، عرض 2 بوصة × طول 50 ياردة، حبيبات أكسيد الألومنيوم رقم 80. عبوة قياسية رقم 1",MM,0,4687A57,ROLL,GEN. COMPOUND,,MIN_MAX,RS-GUPCO,02C86B
103117,"SEALANT, GASKET FORM ""A"" ""PERMATEX"" NO 1 TYPE ""C""( 11 OZ/TUBE).","مادة مانعة للتسرب، حشية من النوع ""أ"" ""بيرماتكس"" رقم 1 النوع ""ج"" (11 أونصة/أنبوب).",MM,0,80003,EACH,GEN. COMPOUND,,MIN_MAX,RS-GUPCO,
103118,"SEALANT, FORM A GASKET PERMATEX NO 2B (3 OZ TUBE)  STOCK NO 21474  (LOCTITE 30514).","مادة مانعة للتسرب، من النوع A، حشية PERMATEX رقم 2B (أنبوب 3 أونصة) رقم المخزون 21474 (LOCTITE 30514).",MM,0,~,EACH,GEN. COMPOUND,,MIN_MAX,RS-GUPCO,02C88
103144,"COMPOUND, THREAD SEALING H-DUTY ,SLIC-TITE PASTE   W/TEFLON.  @ STD. PKG. 24   P/N  :   1000----P/N.4 2019","معجون مانع للتسرب عالي التحمل، مركب مانع للتسرب مع التفلون. عبوة قياسية 24 قطعة، رقم القطعة: 1000----4، 2019",MM,0,42019,EACH,GEN. COMPOUND,,INSURANCE_SPARE,RS-GUPCO,02C72C
107521,"CLAMP, HOSE SS BAND AND SCREW MAX HOSE OD 1/4"" MNFG. DIXON ,","مشبك، خرطوم، شريط من الفولاذ المقاوم للصدأ، ومسمار، أقصى قطر خارجي للخرطوم 1/4 بوصة، من إنتاج شركة ديكسون.",MM,0,QS/246210020,EACH,HOSES & CONNECT,,MIN_MAX,RS-GUPCO,02/C85
102809,"BAR, BRONZE CORED BOST BEARING, 13"" LONG, 7/8"" ID ,1-1/2"" OD (HANSEN AND YORKE CO)","قضيب، محمل برونزي ذو قلب، طوله 13 بوصة، قطره الداخلي 7/8 بوصة، وقطره الخارجي 1-1/2 بوصة (شركة هانسن ويورك)",PU,0,~,EACH,METALS& PLASTIC,,MIN_MAX,RS-GUPCO,
102810,"BAR, BRONZE of copper alloy no. C937, SIZE 29/32"" O.D X 13"" LONG","قضيب من البرونز، سبيكة نحاسية رقم C937، مقاس 29/32 بوصة قطر خارجي × 13 بوصة طول",PU,0,B937,EACH,METALS& PLASTIC,,MIN_MAX,RS-GUPCO,
102811,"BAR, BRONZE of copper alloy no. C937, 13"" LONG, 1"" ID, 2"" OD.","قضيب، برونز من سبيكة نحاسية رقم C937، طوله 13 بوصة، قطره الداخلي 1 بوصة، وقطره الخارجي 2 بوصة.",PU,0,BC-816,EACH,METALS& PLASTIC,,MIN_MAX,RS-GUPCO,02B19D
102814,"BAR, BRONZE of copper alloy no. C937, 13"" LONG, 1"" ID, 4"" OD.","قضيب، برونز من سبيكة نحاسية رقم C937، طوله 13 بوصة، قطره الداخلي 1 بوصة، وقطره الخارجي 4 بوصات.",PU,0,MCB-1664,EACH,METALS& PLASTIC,,MIN_MAX,RS-GUPCO,
102815,"BAR, BRONZE SOLID BOST 6-1/2 IN.LONG X 7/8 IN.OD.,","قضيب، برونز صلب، طوله 6-1/2 بوصة × قطره الخارجي 7/8 بوصة،",MM,0,SB-14,EACH,METALS& PLASTIC,,PLANNED_WO,RS-GUPCO,
102816,"BAR, BRONZE SOLID BOST 6-1/2"" LONG X 1"" OD.","قضيب، برونز صلب، طوله 6-1/2 بوصة × قطره الخارجي 1 بوصة.",PU,0,SB-16,EACH,METALS& PLASTIC,,PLANNED_WO,RS-GUPCO,
102818,"BAR, BRONZE BEARING SOLID 13"" LONG X 5/8"" OD MFG. A/A UK","قضيب برونزي صلب بمحمل، طوله 13 بوصة وقطره الخارجي 5/8 بوصة، صنع في المملكة المتحدة.",PU,0,~,EACH,METALS& PLASTIC,,PLANNED_WO,RS-GUPCO,
102819,"BAR, BRONZE BEARING SOLID 13"" LONG X 3/4"" OD       (HANSEN AND YORKE CO) CAT NO MS-12","قضيب برونزي صلب للمحامل، طوله 13 بوصة وقطره الخارجي 3/4 بوصة (شركة هانسن ويورك)، رقم الصنف MS-12",PU,0,MS-12,EACH,METALS& PLASTIC,,PLANNED_WO,RS-GUPCO,02B19F
102820,"BAR, BRONZE BEARING SOLID 13"" LONG X 7/8"" OD, Bronze alloy 182 chromium copper, chemical composition","قضيب برونزي صلب بطول 13 بوصة وقطر خارجي 7/8 بوصة، مصنوع من سبيكة برونزية من الكروم والنحاس 182، التركيب الكيميائي",MM,0,MS-14,EACH,METALS& PLASTIC,,PLANNED_WO,RS-GUPCO,
102822,Gray Cast iron bar 7 ID X 11 OD X 13 Length.,"قضيب من الحديد الزهر الرمادي، القطر الداخلي 7 × القطر الخارجي 11 × الطول 13.",PU,0,~,EACH,METALS& PLASTIC,,INSURANCE_SPARE,RS-GUPCO,
103094,"OIL, PENETRATING LIQUID WRENCH NO 1 ""RADIATOR SPECIALTY"" (16 FL.OZ/SPRAY CAN).@ STD.PKG.12 P/N. L1-12   MUST ORDER IN UN","زيت، سائل اختراق، مفتاح ربط رقم 1 ""مخصص للمبردات"" (16 أونصة سائلة/علبة بخاخ). @ عبوة قياسية من 12 قطعة، رقم القطعة L1-12. يجب طلبه في الولايات المتحدة.",MM,0,L1-12,CAN,GEN. COMPOUND,,PLANNED_WO,RS-GUPCO,
107902,"BUSHING, 3/4"" X 1/2"" NPT HEX HEAD STD. CARBON STEE L GALV. ,A-105","جلبة، 3/4 بوصة × 1/2 بوصة NPT رأس سداسي قياسي، فولاذ كربوني مجلفن، A-105",MM,0,~,EACH,FITTING/FLANGE,,MIN_MAX,RS-GUPCO,02D85A
107154,"NUT, HEX 7/8"" 9 TPI HEAVY STEEL BLACK NC THD @ STD . PKG. 25","صامولة سداسية 7/8 بوصة، 9 أسنان لكل بوصة، فولاذ ثقيل أسود، ملولبة بالنحاس، قياسية. عبوة من 25 قطعة.",MM,0,1CA2J3505,EACH,GEN. HARDWARE,,INSURANCE_SPARE,RS-GUPCO,02B55E
102849,"BAR, 10-1/2"" DIA. X 13"" LONG GREY IRON CAST ROUND  CLASS 30------DIA.11""","قضيب، قطر 10.5 بوصة × طول 13 بوصة، حديد رمادي مصبوب دائري، فئة 30------ قطر 11 بوصة",PU,0,8909K73,EACH,METALS& PLASTIC,,INSURANCE_SPARE,RS-GUPCO,07YARD
107514,"CLAMP, HOSE SS BAND AND SCREW MAX HOSE OD 3-7/8""","مشبك، خرطوم، شريط من الفولاذ المقاوم للصدأ، ومسمار، أقصى قطر خارجي للخرطوم 3-7/8 بوصة",MM,0,~,EACH,HOSES & CONNECT,,MIN_MAX,RS-GUPCO,02C85C
103134,"INDICATOR, CRACK DYE PENETRANT PRUSSIAN BLUE PRECISION 50162 ""CROWN"" NO 6090 (5 AV OZ/SPRAY CAN MIN.ORDER 12 CN @ STD. P","مؤشر، صبغة اختراق الشقوق، أزرق بروسي، دقة 50162 ""كراون"" رقم 6090 (5 أونصة/علبة بخاخ، الحد الأدنى للطلب 12 علبة بسعر قياسي).",MM,0,,CAN,GEN. COMPOUND,,INSURANCE_SPARE,RS-GUPCO,02C70C (1)
103135,AIROSOL CANS (FLAMABLE) CRC 125 03060  11 OZ,علب الأيروسول (قابلة للاشتعال) CRC 125 03060 11 أونصة,MM,0,~,EACH,GEN. COMPOUND,,INSURANCE_SPARE,RS-GUPCO,
107491,"HOSE, METAL, 1-1/2"" ID X 18"" LONG 360 PSI MAX WP A T 70 DEG F LEAKPROOF CARBON STEEL W/SOLID NPT MALE  FITTINGS","خرطوم معدني، قطر داخلي 1.5 بوصة × طول 18 بوصة، أقصى ضغط تشغيل 360 رطل لكل بوصة مربعة عند درجة حرارة 70 درجة فهرنهايت، فولاذ كربوني مانع للتسرب مع وصلات ذكر NPT صلبة",MM,0,~,EACH,HOSES & CONNECT,,MIN_MAX,RS-GUPCO,02C89G
107492,"HOSE, METAL, 2"" ID X 18"" LONG 315 PSI MAX WP AT 70  DEG F LEAKPROOF CARBON STEEL W/SOLID NPT MALE FIT TINGS","خرطوم معدني، قطر داخلي 2 بوصة × طول 18 بوصة، أقصى ضغط تشغيل 315 رطل لكل بوصة مربعة عند 70 درجة فهرنهايت، فولاذ كربوني مانع للتسرب مع وصلة ذكر NPT صلبة.",MM,0,QS/241971320,EACH,HOSES & CONNECT,,MIN_MAX,RS-GUPCO,02C87A
107493,"HOSE, METAL, 1-1/2"" ID X 18"" LONG 360 PSI WP AT 70  DEG F LEAKPROOF CARBON STEEL W/SOLID MALE NPT FIT TING ONE END AND N","خرطوم معدني، قطر داخلي 1.5 بوصة × طول 18 بوصة، ضغط تشغيل 360 رطل لكل بوصة مربعة عند درجة حرارة 70 فهرنهايت، فولاذ كربوني مانع للتسرب مع وصلة ذكر صلبة NPT في أحد طرفيه و N",MM,0,~,EACH,HOSES & CONNECT,,MIN_MAX,RS-GUPCO,
107494,"HOSE, METAL, 2"" ID X 18"" LONG 315 PSI MAX WP AT 70  DEG F LEAKPROOF CARBON STEEL W/SOLID MALE NPT FIT TING ONE END AND N","خرطوم معدني، قطر داخلي 2 بوصة × طول 18 بوصة، أقصى ضغط تشغيل 315 رطل لكل بوصة مربعة عند 70 درجة فهرنهايت، فولاذ كربوني مانع للتسرب مع وصلة ذكر صلبة NPT من أحد طرفيه و N",MM,0,QS/241971340,EACH,HOSES & CONNECT,,MIN_MAX,RS-GUPCO,
108690,"TACHOMETER, DIGITAL MOD. SPD-100","مقياس سرعة الدوران، رقمي، طراز SPD-100",MM,0,SPD-100,EACH,METERS & GAUGE,,MIN_MAX,RS-GUPCO,02F14C
108692,"PICK-UP, MAGNETIC 5/8- 18 UNF - 2A THREAD TYPE 135 Manufacture  DYNALCO","لاقط مغناطيسي، 5/8-18 UNF - 2A نوع الخيط 135، من إنتاج شركة دينالكو",MM,0,M135,EACH,METERS & GAUGE,,MIN_MAX,RS-GUPCO,02F14D
108670,DIGITAL PYROMETER DYNALOCO TEMP.                   RANG 50 TO + 1800F THERMOCUPLE K,"مقياس حرارة رقمي دينالوكو، نطاق درجة الحرارة من 50 إلى +1800 فهرنهايت، مزدوج حراري K",MM,0,TMP-100-DC-13,EACH,METERS & GAUGE,,PLANNED_WO,RS-GUPCO,
107504,"HOSE, WATER 3/4"" ID WRAPPED LOW PRESSURE NEOPRENE  COVER, PLAIN END 2 PLY OF STRONG FABRIC","خرطوم ماء بقطر داخلي 3/4 بوصة، مغلف بغطاء من النيوبرين منخفض الضغط، طرف عادي، طبقتان من قماش متين.",MM,0,QS/242315016,FEET,HOSES & CONNECT,,MIN_MAX,RS-GUPCO,
107508,"COUPLING, HOSE, INTERLOCKING, GROUND JOINT MALE C/ W 4 BOLT CLAMP CADMIUM PLATED NPT THD FOR 2"" ID HO SE","وصلة خرطوم، متشابكة، وصلة تأريض ذكر مع مشبك تثبيت رباعي البراغي مطلي بالكادميوم، سن لولبي NPT لخرطوم بقطر داخلي 2 بوصة",MM,0,,EACH,HOSES & CONNECT,,PLANNED_WO,RS-GUPCO,02C90C (1)
103109,"EMERY, CLOTH 1-1/2"" X 50 YRD ALUMINUM OXIDE GRIT NO.100. NORTON 09990","إيمري، قطعة قماش مقاس 1-1/2 بوصة × 50 ياردة، حبيبات أكسيد الألومنيوم رقم 100. نورتون 09990",MM,0,~,REEL,GEN. COMPOUND,,MIN_MAX,RS-GUPCO,
102805,"BAR, MILD STEEL COLD ROLLED 1-1/4 IN.OD.           STOCK NO.(CF-C1018)(1045)","قضيب من الفولاذ الطري المدلفن على البارد، قطره الخارجي 1-1/4 بوصة، رقم المخزون (CF-C1018)(1045)",PU,0,~,EACH,METALS& PLASTIC,,MIN_MAX,RS-GUPCO,07YARD
109632,"KIT, REPAIR for Mech. seal 1-3/4""(J.C) TYPE 8BIT-0 MATS.CODE XO581O151 (Mating faces are silcon carbide Vs Tungisten car","طقم إصلاح مانع تسرب ميكانيكي 1-3/4 بوصة (JC) من النوع 8BIT-0، رمز المادة XO581O151 (أسطح التلامس مصنوعة من كربيد السيليكون مقابل كربيد التنجستن)",PU,3010111,89696441,EACH,BELT/TRANSMIT,,INSURANCE_SPARE,RS-GUPCO,
109633,REPAIR KIT FOR MECH.SEAL J.C SIZE 1-3/4 TYPE 8B1-0 MAT CODEXDIO81 DWG NO CF-SP-40273 (The stationary face is silicon car,طقم إصلاح لمانع التسرب الميكانيكي JC مقاس 1-3/4 نوع 8B1-0 رمز المادة XDIO81 رقم الرسم CF-SP-40273 (السطح الثابت مصنوع من السيليكون),PU,7907176,~,EACH,BELT/TRANSMIT,,INSURANCE_SPARE,RS-GUPCO,02G32D
109664,": R. Kit for MECHANICAL SEAL, 2 IN. TYPE BB1, MAT. CODE X O15 1 O58 1, (The stationary face is silicon carbide and the r","طقم إصلاح مانع تسرب ميكانيكي، 2 بوصة، نوع BB1، رمز المادة X O15 1 O58 1، (السطح الثابت مصنوع من كربيد السيليكون و r",PU,3003118,~,EACH,BELT/TRANSMIT,,INSURANCE_SPARE,RS-GUPCO,
109665,"CARTRIDGE J.C. TYPE 8B1-0 SIZE 2 INCH MAT. CODE X D1O81, (The stationary face is silicon carbide and the rotating face i","خرطوشة من نوع JC 8B1-0، مقاس 2 بوصة، رمز المادة X D1O81، (السطح الثابت مصنوع من كربيد السيليكون والسطح الدوار i",PU,7907173,87041302,EACH,BELT/TRANSMIT,,PLANNED_WO,RS-GUPCO,
109667,"HOLD TILL 1/12/2026 , MECH. SEAL COMPLETE WITH GLAND AND SLEEVE ""J.C"" TYPE 8B1 SIZE 2.125"", SEAL ASSEMBLY NO. A8-2125-06","يُحفظ حتى 1/12/2026، مانع تسرب ميكانيكي كامل مع حشوة وغلاف من النوع ""JC"" 8B1، مقاس 2.125 بوصة، رقم مجموعة مانع التسرب A8-2125-06",PU,7909130,82294778,EACH,BELT/TRANSMIT,,MIN_MAX,RS-GUPCO,
109668,"MECHANICAL SEAL,  2-1/8"" SEAL TYPE 8BIT, MAT.CODE XD1O81 WITH DWG NO. CF-SP-70116 , USED FOR UNION PUMP SIZE 6X6X13VLK","مانع تسرب ميكانيكي، 2-1/8 بوصة، نوع مانع التسرب 8 بت، رمز المادة XD1O81 مع رقم الرسم CF-SP-70116، يُستخدم لمضخة وصلة مقاس 6×6×13VLK",PU,3010119,81436156,EACH,BELT/TRANSMIT,,SURPLUS,RS-GUPCO,02/G38G
109670,"MECH.SEAL, J.C.TYPE 8B1 MAT.CODE XD1O81 DRW.NO.H.SP-2087  CONSIST.OF: O-RING P/N.0000-2131-9548 WASHER P/N. A8-2125-025","مانع تسرب ميكانيكي، من النوع JCTYPE 8B1، رمز المادة XD1O81، رقم الرسم H.SP-2087، يتكون من: حلقة دائرية رقم القطعة 0000-2131-9548، غسالة رقم القطعة A8-2125-025",PU,3003124,~,EACH,BELT/TRANSMIT,,INSURANCE_SPARE,RS-GUPCO,02/G38G
109878,"V - BELT, 3VX900/04  3VX Section Edge Cogged V-belts/4 bands, OC:90.000 IN. IC: 0.375 IN T:0.313 IN ""GATES OR UNIROYAL""","حزام على شكل حرف V، 3VX900/04، حزام مسنن على شكل حرف V ذو حافة مقطعية 3VX/4 أشرطة، OC:90.000 بوصة، IC: 0.375 بوصة، T:0.313 بوصة ""GATES OR UNIROYAL""",PU,7321128,3VX900,SET,BELT/TRANSMIT,,INSURANCE_SPARE,RS-GUPCO,03/C24B
110105,"CUP BEARING, TAPERED, OD:5.1181"", W:0.9449"" CH:0.1 0"", ""TIMKEN"" P/N  :   JM716610","محمل كوبي مخروطي، القطر الخارجي: 5.1181 بوصة، العرض: 0.9449 بوصة، الارتفاع: 0.1 بوصة، رقم القطعة من ""تيمكين"": JM716610",MM,0,JM716610,EACH,BR/SL/S.PLG/FLT,,INSURANCE_SPARE,RS-GUPCO,02F34G (1)
110108,"REPAIR KIT, FOR COUPLING FLEXIBOX METASTREAM MODEL 100 T,WITH 9"" STANDARD SPACER INSTALLED ON BENGHAM PUMP TYPE MSD-D S/","طقم إصلاح، لوصلة صندوق مرن من طراز ميتاستريم 100 T، مع فاصل قياسي 9 بوصات مثبت على مضخة بنجام من نوع MSD-D S/",PU,7902106,1910065,KIT,BR/SL/S.PLG/FLT,,INSURANCE_SPARE,RS-GUPCO,
110110,"COUPLING, COMPLETE ""KOPPERS"" NO. 4 HOLSET CB       MOUNTING B TO DUPLICATE SER NO. FA-585220","وصلة كاملة من نوع ""كوبرز"" رقم 4، حامل هولسيت CB B، لتكرار الرقم التسلسلي FA-585220",PU,7902232,,EACH,BR/SL/S.PLG/FLT,,PLANNED_WO,RS-GUPCO,
110111,"COUPLING, COMPLETE BETWEEN GEAR BOX & PUMP (THOMA S# 562 WITH TAPERED BORE HUBS)",وصلة كاملة بين علبة التروس والمضخة (THOMA S# 562 مع محاور ذات تجويف مخروطي),PU,7902107,,EACH,BR/SL/S.PLG/FLT,,PLANNED_WO,RS-GUPCO,
110112,"REPAIR KIT, CONSISTS OF:- WSAHERS , BOLTS AND LOCKNUT FOR COUPLING ""THOMAS"" SERIES 71 SIZE 562","طقم إصلاح، يتكون من: حلقات، براغي وصواميل قفل لوصلة ""توماس"" من السلسلة 71، مقاس 562",PU,7902107,618484,KIT,BR/SL/S.PLG/FLT,,INSURANCE_SPARE,RS-GUPCO,
109871,"V-BELT, WAUK P/NO A209617 FOR MAIN WATER PUMP","سير على شكل حرف V، من إنتاج شركة WAUK، رقم القطعة A209617، لمضخة المياه الرئيسية",MM,6923116,A209617,SET,BELT/TRANSMIT,,MIN_MAX,RS-GUPCO,03D13D
110103,"COUPLING COMPLETE, ""THOMAS"" SERIES 52, SIZE 500, BETWEEN PUMP AND GEAR BOX, DISTANCE","وصلة كاملة، سلسلة ""توماس"" 52، مقاس 500، بين المضخة وعلبة التروس، المسافة",PU,3118209,~,EACH,BR/SL/S.PLG/FLT,,MIN_MAX,RS-GUPCO,
110104,"KIT, REPAIR, FOR ITEM 313 ABOVE, CONSISTS OF: DISC PACK P/N. 620735 2 ST WASHER P/N. 711460 32 EA BOLT P/N. 516095 16 EA","طقم إصلاح للعنصر رقم 313 أعلاه، يتكون من: مجموعة أقراص رقم 620735، وغسالة رقم 711460 (32 قطعة)، ومسمار رقم 516095 (16 قطعة).",PU,3118209,~,KIT,BR/SL/S.PLG/FLT,,INSURANCE_SPARE,RS-GUPCO,02G72
110115,"COUPLING, COMPLETE BETWEEN PUMP AND GEARBOX BALANCED. REXNORD SERIES 71 SIZE 462","وصلة متوازنة بالكامل بين المضخة وعلبة التروس. سلسلة ريكسنورد 71، مقاس 462",PU,7902112,~,EACH,BR/SL/S.PLG/FLT,,INSURANCE_SPARE,RS-GUPCO,
110116,"KIT, REPAIR FOR COUPLING SERIES 71 MODEL 462       CONSIST OF:- 2 PCS #29292 DISC PACK                             1 PC","طقم إصلاح وصلة السلسلة 71، الموديل 462، يتكون من: قطعتين من قرص رقم 29292، قطعة واحدة",PU,7902112,~,KIT,BR/SL/S.PLG/FLT,,INSURANCE_SPARE,RS-GUPCO,
110117,"KIT,REPAIR FOR COUPLING # 700 CMP                  CONSIST OF : 2   PCS # 20803-S DISK PACK                        16  P","طقم إصلاح وصلة رقم 700 CMP يتكون من: قطعتين رقم 20803-S، عبوة أقراص 16 قطعة",PU,7902112,,KIT,BR/SL/S.PLG/FLT,,INSURANCE_SPARE,RS-GUPCO,02F36E (1)
110192,"COOLER, OIL ITEM NO. 58.","مبرد زيت، رقم الصنف 58.",PU,3110102,,EACH,BR/SL/S.PLG/FLT,,INSURANCE_SPARE,RS-GUPCO,02/F44D (1)
109681,"CARTRIDGE FOR MECH.SEAL J.C. TANDEM TYPE 8B1T/81T  SIZE 1-1/8"" MAT.COD N P1 D1, DWG NO. CF-SP-45358","خرطوشة لمانع التسرب الميكانيكي JC من النوع المزدوج 8B1T/81T، مقاس 1-1/8 بوصة، رمز المادة N P1 D1، رقم الرسم CF-SP-45358",PU,3010114,~,EACH,BELT/TRANSMIT,,INSURANCE_SPARE,RS-GUPCO,
109682,"INB.MECH.SEAL J.C. TYPE 8B1                        SIZE 1-3/8"" MAT.CODE N P1 D1                       & OUTB.MECH.SEAL J","مانع تسرب ميكانيكي داخلي من النوع JC 8B1، مقاس 1-3/8 بوصة، رمز المادة N P1 D1 ومانع تسرب ميكانيكي خارجي J",PU,3010114,,KIT,BELT/TRANSMIT,,INSURANCE_SPARE,RS-GUPCO,
109683,"MECHANICAL SEAL, 1-1/4 IN. ""J.C"" TYPE 1,MAT. CODE  XF-1D1,DWG. NO. CF-SP-40270","مانع تسرب ميكانيكي، 1-1/4 بوصة، النوع ""JC"" 1، رمز المادة XF-1D1، رقم الرسم CF-SP-40270",PU,3003122,~,EACH,BELT/TRANSMIT,,INSURANCE_SPARE,RS-GUPCO,02G4F
109684,"MECHANICAL SEAL, (J.C) 1-3/8 TYPE 8B1T-0 MATS.CODE XDIO8I (The stationary face is silicon carbide and the rotating face","مانع تسرب ميكانيكي، (JC) 1-3/8 النوع 8B1T-0 رمز المادة XDIO8I (السطح الثابت مصنوع من كربيد السيليكون والسطح الدوار",PU,3010109,89172727,EACH,BELT/TRANSMIT,,MIN_MAX,RS-GUPCO,02G40F
109685,"KIT, REPAIR FOR MECHANICAL SEAL TYPE 8B1T-0 MATS.CODE XDIO8I DWG.NO. SF-CF-46576 (The stationary face is silicon carbide","طقم إصلاح مانع تسرب ميكانيكي من النوع 8B1T-0، رمز المادة XDIO8I، رقم الرسم SF-CF-46576 (السطح الثابت مصنوع من كربيد السيليكون)",PU,3010109,B30104,EACH,BELT/TRANSMIT,,SURPLUS,RS-GUPCO,
109686,"MECHANICAL SEAL, 1-1/2"" 'J.C' TYPE 8B1, MAT CODE   BP-1D1, DWG. NO. CF-SP-35671-27","مانع تسرب ميكانيكي، 1-1/2 بوصة، نوع JC 8B1، رمز المادة BP-1D1، رقم الرسم CF-SP-35671-27",PU,3003120,81474114,EACH,BELT/TRANSMIT,,PLANNED_WO,RS-GUPCO,
109688,"MECHANICAL SEAL, 1-1/2"", ""J.C"" TYPE 8B1, MAT CODE XP-1D1, DWG.NO. CF-SP-35671","مانع تسرب ميكانيكي، 1-1/2 بوصة، ""JC"" النوع 8B1، رمز المادة XP-1D1، رقم الرسم CF-SP-35671",PU,3003108,B009-27,EACH,BELT/TRANSMIT,,MIN_MAX,RS-GUPCO,02/G42A
109690,"MECHANICAL SEAL, 1-1/2"" 'JC' TYPE 8B-1, MAT. CODE XD1O81, (The stationary face is silicon carbide and the rotating face","مانع تسرب ميكانيكي، 1-1/2 بوصة، نوع JC 8B-1، رمز المادة XD1O81، (السطح الثابت مصنوع من كربيد السيليكون والسطح الدوار",PU,3003114,~,EACH,BELT/TRANSMIT,,INSURANCE_SPARE,RS-GUPCO,
109691,"GLAND& SLEEVE  , 316 SS ,  used for  MECHANICAL, SEAL TYPE 8B1 SIZE 1 1/2"" "" BORE FOR 1 INCH SHAFT, DWG NO. CF-SP-40273","حلقة مانعة للتسرب وغلاف، مصنوعة من الفولاذ المقاوم للصدأ 316، تُستخدم في التطبيقات الميكانيكية، نوع مانع التسرب 8B1، مقاس 1 1/2 بوصة، فتحة لعمود قطره 1 بوصة، رقم الرسم CF-SP-40273",PU,3010116,~,EACH,BELT/TRANSMIT,,INSURANCE_SPARE,RS-GUPCO,
109692,"MECH, SEAL ""J.C"" TYPE 881 SIZE 1 1/2 IN. MAT.CODE XD1O81, (The stationary face is silicon carbide and the rotating face","MECH، ختم ""JC"" من النوع 881، مقاس 1 1/2 بوصة، رمز المادة XD1O81، (السطح الثابت مصنوع من كربيد السيليكون والسطح الدوار",PU,7907171,87042030,EACH,BELT/TRANSMIT,,MIN_MAX,RS-GUPCO,
109701,"KIT, REPAIR SIZE 2-3/4 TYPE 8B-10 CODE   X D-1O81 DRAWING H-SP-4986-1 (The stationary face is silicon carbide and the ro","طقم إصلاح، مقاس 2-3/4، نوع 8B-10، رمز X D-1O81، رسم H-SP-4986-1 (السطح الثابت مصنوع من كربيد السيليكون والسطح الدائري)",PU,3010126,~,EACH,BELT/TRANSMIT,,INSURANCE_SPARE,RS-GUPCO,02G42E
109639,"COMPLETE J.C. TYPE T-8B1-O , SIZE 3-7/8"" , SHAFT SIZE 3.260"" , MAT.CODE X01510581 , DWG.NO.: HSP-37908-1 (REF. DWG.: CF-","مجموعة كاملة من نوع JC T-8B1-O، مقاس 3-7/8 بوصة، مقاس العمود 3.260 بوصة، رمز المادة X01510581، رقم الرسم: HSP-37908-1 (رسم مرجعي: CF-",PU,3010121,,EACH,BELT/TRANSMIT,,INSURANCE_SPARE,RS-GUPCO,
109640,"MECHANICAL SEAL 3 3/4"" ""J.C"",SEAL TYPE 8B1, MAT.CODE X/D/1/O8/1 DWG.NO.CF-SP-90729-1/2(The stationary face is silicon ca","مانع تسرب ميكانيكي 3 3/4 بوصة ""JC""، نوع مانع التسرب 8B1، رمز المادة X/D/1/O8/1، رقم الرسم CF-SP-90729-1/2 (السطح الثابت مصنوع من السيليكون)",PU,3010128,87045742,EACH,BELT/TRANSMIT,,MIN_MAX,RS-GUPCO,02G36D
109641,"REPAIR KIT.MECH.SEAL SIZE 3-7/8"", MAT.CODE XD1O581 DWG.NO. CF-SP-90729-1 (The stationary face is silicon carbide and the","طقم إصلاح. مانع تسرب ميكانيكي، مقاس 3-7/8 بوصة، رمز المادة XD1O581، رقم الرسم CF-SP-90729-1 (السطح الثابت مصنوع من كربيد السيليكون و",PU,3010128,B28305,EACH,BELT/TRANSMIT,,INSURANCE_SPARE,RS-GUPCO,
109872,"V-BELT, WATER PUMP MNFG.""WAUKESHA"" , USA @ ACTIVE AT LOCATION 45 ,","حزام على شكل حرف V، مصنع مضخة مياه ""واكيشا""، الولايات المتحدة الأمريكية @ نشط في الموقع 45،",MM,6923114,3VX800,EACH,BELT/TRANSMIT,,INSURANCE_SPARE,RS-GUPCO,03C24A
115755,ENGINE SHIMS (SINGLE SLOT)                         P/N. 940-13,حشوات المحرك (فتحة واحدة) رقم القطعة 940-13,MM,0,G-940-13,SET,ENGINE USA,,PLANNED_WO,RS-GUPCO,
109739,"GOVERNOR, DIAL ELECTRIC MECHANICAL TYPE UG8 WITH   EXPLOSION PROOF SYNCHRONIZER MOTOR 115 VOLT 900:   1550 RPM IDENTICAL","منظم سرعة كهربائي ميكانيكي من النوع UG8 مزود بمحرك متزامن مقاوم للانفجار، 115 فولت، 900-1550 دورة في الدقيقة، مطابق تمامًا",MM,3023108,8520-058G11,EACH,BELT/TRANSMIT,,INSURANCE_SPARE,RS-GUPCO,01/A05A
109693,"MECH. SEAL J.C. TYPE 8B1 SIZE 1-1/2"" MAT CODE BD1O81 DWG NO. CF-SP-35671-27 CONSIST OF silicon carbide stationary face a","مانع تسرب ميكانيكي من النوع JC 8B1، مقاس 1-1/2 بوصة، رمز المادة BD1O81، رقم الرسم CF-SP-35671-27، يتكون من وجه ثابت من كربيد السيليكون أ",PU,3003120,89748838,EACH,BELT/TRANSMIT,,MIN_MAX,RS-GUPCO,02G42E
109694,"REPAIR KIT, FOR MECH. SEAL J.C. TYPE 881-0 SIZE 1-1/2"" IN MAT CODE X D1O81 DWG NO CF-SP-47056 (The stationary face is si","طقم إصلاح، لمانع تسرب ميكانيكي من نوع JC 881-0، مقاس 1-1/2 بوصة، رمز المادة X D1O81، رقم الرسم CF-SP-47056 (الوجه الثابت هو si",PU,7907170,~,EACH,BELT/TRANSMIT,,INSURANCE_SPARE,RS-GUPCO,02G42D
109696,"MECH.SEAL J.C. TYPE 8B1 SIZE 1-1/2""  MAT. CODE XD1O81, (The stationary face is Silicon carbide and the rotating face is","مانع تسرب ميكانيكي من النوع JC 8B1، مقاس 1-1/2 بوصة، رمز المادة XD1O81، (السطح الثابت مصنوع من كربيد السيليكون والسطح الدوار من",PU,3003114,PSD-21495,EACH,BELT/TRANSMIT,,INSURANCE_SPARE,RS-GUPCO,02G42D
109697,"REPAIR KIT,FOR MEC.SEAL J.C.TYPE 8B1 SIZE 1-1/2 IN MAT CODE XD1O81, (The stationary face is silicon carbide and the rota","طقم إصلاح، لختم MEC.SEAL JCTYPE 8B1 مقاس 1-1/2 بوصة، رمز المادة XD1O81، (السطح الثابت مصنوع من كربيد السيليكون والسطح الدوار",PU,7907171,~,EACH,BELT/TRANSMIT,,INSURANCE_SPARE,RS-GUPCO,
110036,"BEARING ROLLER TAPERED ID:O.75 IN. W:O 8598 IN.""TIMKEN"" CONE AND CUP MNFG. TEMKEN USA","بكرة محمل مخروطية، القطر الداخلي: 0.75 بوصة، العرض: 0.8598 بوصة. من إنتاج شركة تيمكين الأمريكية.",PU,0,21075/21212,EACH,BR/SL/S.PLG/FLT,,INSURANCE_SPARE,RS-GUPCO,02G68G
110118,"COUPLING, METASTREAM TYPE SPACER, SIZE M600/S METASTREAM COUPLING MHSS-0900 DONT SUBSTITUTE ""FLEXIBOX CO."" (NEED DISTANC","وصلة، فاصل من نوع ميتاستريم، مقاس M600/S، وصلة ميتاستريم MHSS-0900، لا تستبدلها بوصلة ""FLEXIBOX CO."" (يلزم وجود مسافة)",PU,3109110,87144538,EACH,BR/SL/S.PLG/FLT,,PLANNED_WO,RS-GUPCO,
110119,"KIT REPAIR, FOR COUPLING METASTREAM TYPE SPACER,   SIZE M600/S (CONSISTS OF 2 EA DISC PACK BOLTS      AND WASHERS)","طقم إصلاح، لوصلة فاصلة من نوع ميتاستريم، مقاس M600/S (يتكون من 2 من براغي وصواميل قرصية)",PU,3109110,MHSS0900,KIT,BR/SL/S.PLG/FLT,,INSURANCE_SPARE,RS-GUPCO,
110120,"Standard repair kit consists of two disc packs kit, 16 EA forged link and 16EA nuts and bolts for THOMAS COUPLING TYPE","تتكون مجموعة الإصلاح القياسية من مجموعتين من أقراص الوصل، و16 وصلة مزورة، و16 صامولة ومسمار لوصلة توماس من النوع المحدد.",PU,7907140,,EACH,BR/SL/S.PLG/FLT,,INSURANCE_SPARE,RS-GUPCO,
110122,"Hold till 1 / 12 / 2026 , COUPLING, COMPLETE (SN 308675) , CONSIST OF : 1 THREDED RING P/N A01111F000 2297, ITEM # 607 1","يُحفظ حتى 1/12/2026، وصلة كاملة (الرقم التسلسلي 308675)، تتكون من: حلقة ملولبة واحدة، رقم القطعة A01111F000 2297، رقم الصنف 607 1",PU,7907166,,EACH,BR/SL/S.PLG/FLT,,INSURANCE_SPARE,RS-GUPCO,
110124,COUPLING SLEEVE WOOD'S SURE-FLEX  CAT.NO. 7J,"وصلة سحب من وودز شور فليكس، رقم الصنف 7J",PU,0,~,EACH,BR/SL/S.PLG/FLT,,INSURANCE_SPARE,RS-GUPCO,03G46D
110125,COUPLING SLEEVE WOOD'S SURE-FLEX CAT.NO. 8J,"وصلة سحب من وودز شور فليكس، رقم الصنف 8J",PU,0,~,EACH,BR/SL/S.PLG/FLT,,INSURANCE_SPARE,RS-GUPCO,03G46D
110126,COUPLING REXNORD ES 3 CONSIST OF:,يتكون نظام التوصيل REXNORD ES 3 من:,PU,7907116,RS3R,EACH,BR/SL/S.PLG/FLT,,INSURANCE_SPARE,RS-GUPCO,02G74G
110127,"OMEGA, COMPLETE SPACER COUPLING,                   SPACER OMEGA #ES4-R.                               CONSISTING OF THE","أوميغا، وصلة فاصلة كاملة، فاصل أوميغا رقم ES4-R. تتكون من",PU,7907113,~,EACH,BR/SL/S.PLG/FLT,,INSURANCE_SPARE,RS-GUPCO,
110128,COUPLING REXNORD ES 5 CONSIST OF:,يتكون نظام التوصيل REXNORD ES 5 من:,PU,7907121,A00664A01,EACH,BR/SL/S.PLG/FLT,,MIN_MAX,RS-GUPCO,
109876,"V-Belt, Caterpillar P/N 4N8216 OR Gates P/N BX53","حزام على شكل حرف V، كاتربيلر رقم القطعة 4N8216 أو جيتس رقم القطعة BX53",MM,7103139,4N8216,EACH,BELT/TRANSMIT,,MIN_MAX,RS-GUPCO,03/C24C
109877,"V-BELT,  P/N. 96203VX0710                          MNFG. GATES OR EQUIVALENT    USA","حزام على شكل حرف V، رقم القطعة 96203VX0710، من إنتاج شركة جيتس أو ما يعادلها في الولايات المتحدة الأمريكية",PU,7321129,3VX710,EACH,BELT/TRANSMIT,,MIN_MAX,RS-GUPCO,03C24H
110129,"COUPLING, COMPLETE TO BE REXNORD OMEGA SPACER      COUPLING SIZE 10","وصلة كاملة من نوع ريكسنورد أوميغا، مقاس 10",PU,7907123,~,EACH,BR/SL/S.PLG/FLT,,PLANNED_WO,RS-GUPCO,
110130,"Coupling, rigid spacer consist of hub driver 1.250 inch shaft, Hub Pump 1.00 Inch shaft, Adjusting plate 1.00 inch shaft","تتكون وصلة التوصيل والفاصل الصلب من عمود محرك المحور بطول 1.250 بوصة، وعمود مضخة المحور بطول 1.00 بوصة، وعمود لوحة الضبط بطول 1.00 بوصة.",PU,7907171,308852Coupling,EACH,BR/SL/S.PLG/FLT,,MIN_MAX,RS-GUPCO,02G76D
110131,"COUPLING COMPLETE, SN 309586 MODEL VIT-FF SIZE 3X6ALC :","وصلة كاملة، الرقم التسلسلي 309586، الموديل VIT-FF، المقاس 3X6ALC:",PU,7907165,,EACH,BR/SL/S.PLG/FLT,,PLANNED_WO,RS-GUPCO,
110133,"Coupling complete, sure-flex size 6, type S, 1"" BTS flange, TB Wood's incorporated","وصلة كاملة، مقاس Sure-Flex 6، نوع S، شفة BTS مقاس 1 بوصة، من إنتاج TB Wood's.",PU,0,503,EACH,BR/SL/S.PLG/FLT,,INSURANCE_SPARE,RS-GUPCO,
110134,"COUPLING, COMPLETE",وصلة كاملة,PU,7907170,,EACH,BR/SL/S.PLG/FLT,,PLANNED_WO,RS-GUPCO,
110185,"BEARING, SPLIT H.S. (CCW) ITEM NO. 14 P/N. 40280-0395 MNFG. PHILADELPHIA GEAR USA","محمل ذو رأس مقسم (عكس اتجاه عقارب الساعة) رقم الصنف 14، رقم القطعة 40280-0395، صنع في شركة فيلادلفيا جير بالولايات المتحدة الأمريكية",PU,3116102,40280-0395,EACH,BR/SL/S.PLG/FLT,,INSURANCE_SPARE,RS-GUPCO,01A03C
110186,"BEARING, SPLIT H.S (CW) ITEM NO 15 MNFG.""PHILADELPHIA GEAR"" USA","محمل ذو محورين (مع عقارب الساعة) رقم الصنف 15، صنع في شركة ""فيلادلفيا جير"" الأمريكية",PU,3116102,40280-0394,EACH,BR/SL/S.PLG/FLT,,INSURANCE_SPARE,RS-GUPCO,01A03C
110187,"BEARING, SPLIT L.S. (CCW) ITEM NO. 16. P/N. 40280-0399 MNFG. PHILADELPHIA GEAR USA","محمل، منقسم LS (عكس اتجاه عقارب الساعة) رقم الصنف 16. رقم القطعة 40280-0399. صنع في شركة فيلادلفيا جير، الولايات المتحدة الأمريكية.",PU,3116102,40280-0399,EACH,BR/SL/S.PLG/FLT,,INSURANCE_SPARE,RS-GUPCO,01A03D
110188,"BEARING, SPLIT L.S (CW) ITEM NO 17 P/N. 40280-0398 MNFG. PHILADELPHIA GEAR USA","محمل، منقسم LS (مع عقارب الساعة) رقم الصنف 17، رقم القطعة 40280-0398، صنع في شركة فيلادلفيا جير بالولايات المتحدة الأمريكية",PU,3116102,~,EACH,BR/SL/S.PLG/FLT,,INSURANCE_SPARE,RS-GUPCO,01A03D
110189,"PUMP, OIL P/N  :   5CF,PT.NO.35000-2250","مضخة زيت، رقم القطعة: 5CF، رقم الجزء: 35000-2250",PU,3116102,35000-2250,EACH,BR/SL/S.PLG/FLT,,SURPLUS,RS-GUPCO,02G80E
109788,"V-BELT, MULTIPLE TYPE                              OC:104.200 IN IC:100.000 IN TW:0.875 IN T:0.563 I N""GATES"" OR DAYCO""","حزام على شكل حرف V، متعدد الأنواع OC: 104.200 بوصة IC: 100.000 بوصة TW: 0.875 بوصة T: 0.563 بوصة IN""GATES"" OR DAYCO""",MM,0,CP-100,EACH,BELT/TRANSMIT,,INSURANCE_SPARE,RS-GUPCO,
109789,"V-BELT, MULTIPLE TYPE                              OC:109.200 IN IC:105.000 IN TW:0.875 IN T:0.563 I N""GATES OR UNIROYAL","حزام على شكل حرف V، متعدد الأنواع OC: 109.200 بوصة IC: 105.000 بوصة TW: 0.875 بوصة T: 0.563 بوصة بوابات أو يوني رويال",MM,0,C105,EACH,BELT/TRANSMIT,,SURPLUS,RS-GUPCO,03C10A
109790,"V-BELT, MULTIPLE TYPE HI-POWER II V-BELTS          OC:124.200 IN IC:120.000 IN TW:0.875 IN T:0.563 I N""GATES "" DO NOT SU","حزام على شكل حرف V، متعدد الأنواع عالي القدرة II، أحزمة على شكل حرف V، OC: 124.200 بوصة، IC: 120.000 بوصة، TW: 0.875 بوصة، T: 0.563 بوصة، البوابات لا تعمل",MM,0,C120,EACH,BELT/TRANSMIT,,MIN_MAX,RS-GUPCO,
109792,"V-BELT, MULTIPLE TYPE                              OC:148.200 IN IC:144.000 IN TW:0.875 IN T:0.563 I N""GATES OR UNIROYAL","حزام على شكل حرف V، متعدد الأنواع OC: 148.200 بوصة IC: 144.000 بوصة TW: 0.875 بوصة T: 0.563 بوصة بوابات أو يوني رويال",MM,0,C144,EACH,BELT/TRANSMIT,,INSURANCE_SPARE,RS-GUPCO,03C12A
109793,"V-BELT, MULTIPLE TYPE                              OC:162.200 IN IC:158.000 IN TW:0.875 IN T:0.563 I N""GATES OR UNIROYAL","حزام على شكل حرف V، متعدد الأنواع OC: 162.200 بوصة IC: 158.000 بوصة TW: 0.875 بوصة T: 0.563 بوصة بوابات أو يوني رويال",MM,0,C158,EACH,BELT/TRANSMIT,,MIN_MAX,RS-GUPCO,03C12A
109794,"V-BELT, MULTIPLE TYPE HI-POWER II V-BELTS          OC:166.200 IN IC:162.000 IN TW:0.875 IN T:0.563 I N""GATES"" DO NOT SUB","حزام على شكل حرف V، متعدد الأنواع عالي القدرة II، أحزمة على شكل حرف V، OC: 166.200 بوصة، IC: 162.000 بوصة، TW: 0.875 بوصة، T: 0.563 بوصة، لا تقم باستبدال البوابات.",MM,6923126,C162,EACH,BELT/TRANSMIT,,MIN_MAX,RS-GUPCO,03C12A
109731,"MECHANICAL SEAL, JOHN CRANE COMPLETE CARTRIDGE     TYPE 8B-10 SIZE 3-1/8"" NATERIAL CODE XD1081        ASSY. NO, A8-3125-","مانع تسرب ميكانيكي، خرطوشة كاملة من جون كرين، النوع 8B-10، المقاس 3-1/8 بوصة، رمز المادة XD1081، رقم التجميع A8-3125-",PU,3010124,81006638,EACH,BELT/TRANSMIT,,MIN_MAX,RS-GUPCO,02G50G
109732,"MECH.SEAL, J.C. TYPE 8B1-O                         SIZE 3-3/8"" MAT.CODE XD1081, DWG.NO. CF-SP-79775","مانع تسرب ميكانيكي، نوع JC 8B1-O، مقاس 3-3/8 بوصة، رمز المادة XD1081، رقم الرسم CF-SP-79775",PU,3010124,~,KIT,BELT/TRANSMIT,,INSURANCE_SPARE,RS-GUPCO,
109786,"V-BELT, MULTIPLE TYPE                              OC:94.200 IN IC:90.000 IN TW:0.875 IN T:0.563 IN   ""GATES OR UNIROYAL","حزام على شكل حرف V، متعدد الأنواع، قطر الدائرة المفتوحة: 94.200 بوصة، قطر الدائرة الداخلية: 90.000 بوصة، عرض الدائرة: 0.875 بوصة، سمك الدائرة: 0.563 بوصة، من نوع Gates أو UniRoyal",MM,0,C90,EACH,BELT/TRANSMIT,,PLANNED_WO,RS-GUPCO,
109787,"V-BELT, MULTIPLE TYPE HI-POWER II V-BELTS          OC:100.000 IN IC:96.000 IN TW:0.875 IN T:0.563 IN  ""GATES"" DO NOT SUB","حزام على شكل حرف V، متعدد الأنواع عالي القدرة II، أحزمة على شكل حرف V، OC: 100.000 بوصة، IC: 96.000 بوصة، TW: 0.875 بوصة، T: 0.563 بوصة، ""البوابات"" لا تستبدل",MM,0,C96,EACH,BELT/TRANSMIT,,MIN_MAX,RS-GUPCO,03C08A
110099,"COUPLING, FLEX BETWEEN DEMING PUMP S/N 178 TYPE AI  IMPELLER DIA 3-1/2"" PROD NO 390407500001  AND 1.5  HP RELIANCE ELECT","وصلة مرنة بين مضخة ديمينغ، الرقم التسلسلي 178، النوع AI، قطر المروحة 3.5 بوصة، رقم المنتج 390407500001، ومحرك كهربائي ريلاينس بقدرة 1.5 حصان.",PU,4723204,~,EACH,BR/SL/S.PLG/FLT,,PLANNED_WO,RS-GUPCO,
109888,"V-BELT, BANDED WEDGE TYPE 4 BANDS                  OC:106.000 IN                                      GATES OR UNIROAL","حزام على شكل حرف V، نوع إسفيني مُرَبَّع، 4 أشرطة، OC:106.000 في البوابات أو UNIROAL",MM,0,4/5V1060,EACH,BELT/TRANSMIT,,INSURANCE_SPARE,RS-GUPCO,03C26A
109895,"BELTS, 3VX750","أحزمة، 3VX750",MM,8009159,37948700,EACH,BELT/TRANSMIT,,INSURANCE_SPARE,RS-GUPCO,03C30A
110102,"COUPLING COMPLETE METASTREAM, TYPE TSC, SIZE 1ST, DWG (D-1B615-1) MODEL TSC 110 USED FOR BINGHAM PUMP, SIZE 3X6X9E.SER.N","وصلة كاملة من نوع ميتاستريم، طراز TSC، مقاس 1ST، رسم (D-1B615-1)، موديل TSC 110، تُستخدم مع مضخة بينغهام، مقاس 3×6×9E.SER.N",PU,0,89555380,EACH,BR/SL/S.PLG/FLT,,INSURANCE_SPARE,RS-GUPCO,
110035,"CONE BEARING, ROLLER TAPERED ID:1.25"" W:0.8125""CH;  0.31 IN. 'TIMKEN"".P/N:15126","محمل مخروطي، أسطواني مدبب، القطر الداخلي: 1.25 بوصة، العرض: 0.8125 بوصة، الارتفاع: 0.31 بوصة، من إنتاج شركة تيمكين، رقم القطعة: 15126",MM,0,33206,EACH,BR/SL/S.PLG/FLT,,INSURANCE_SPARE,RS-GUPCO,
115756,COMPLETE ENGINE SHIM (VHP6)                        P/N. 940-14,مجموعة حشوات المحرك الكاملة (VHP6) رقم القطعة 940-14,MM,0,G-940-14,SET,ENGINE USA,,PLANNED_WO,RS-GUPCO,
109642,"SLEEVE, WITH O-RING                                P/N F-3875-147-0550","كم، مع حلقة دائرية، رقم القطعة F-3875-147-0550",PU,3010121,F3875-147-0550,EACH,BELT/TRANSMIT,,INSURANCE_SPARE,RS-GUPCO,
109643,"MECHANICAL SEAL, 1.1/2 IN TYPE 8B1                 MAT. SPEC. BP-IDI. DWG.NO. CF-SP-3567-27           P/N. CFSP-55671 (B","مانع تسرب ميكانيكي، 1.5 بوصة، النوع 8B1، مواصفات المادة: BP-IDI، رقم الرسم: CF-SP-3567-27، رقم القطعة: CFSP-55671 (B",PU,3003120,81452303,EACH,BELT/TRANSMIT,,MIN_MAX,RS-GUPCO,
109644,"MECH SEAL, Complete Cartridge (Sleeve, Collar and Flange must be included in the complete seal), SIZE 1.5, TYPE T_8B1 MA","مانع تسرب ميكانيكي، خرطوشة كاملة (يجب أن يشمل مانع التسرب الكامل الغلاف والطوق والشفة)، مقاس 1.5، نوع T_8B1 MA",PU,0,89192216,EACH,BELT/TRANSMIT,,PLANNED_WO,RS-GUPCO,
109645,"REPAIR KIT, FOR MECHANICAL SEAL SIZE 1.5"" TYPE T-B81,MAT. CODE XD1O81,DWG NO. 921722 GA.THIS REPAIR KIT IS RELATED TO ME","طقم إصلاح، لمانع تسرب ميكانيكي مقاس 1.5 بوصة من النوع T-B81، رمز المادة XD1O81، رقم الرسم 921722 GA. طقم الإصلاح هذا مرتبط بي",PU,0,,EACH,BELT/TRANSMIT,,PLANNED_WO,RS-GUPCO,
109646,"MECH. SEAL, COMPLETE ""J.C"" TYPE 8B1T-0 1-3/4"" MAT .CODE XF511D1 DWG NO. CF-SP-46473","مانع تسرب ميكانيكي كامل من النوع ""JC"" 8B1T-0، مقاس 1-3/4 بوصة، رمز المادة XF511D1، رقم الرسم CF-SP-46473",PU,7907121,~,EACH,BELT/TRANSMIT,,INSURANCE_SPARE,RS-GUPCO,
109647,"REPAIR KIT, FOR MECH SEAL ""J.C"" TYPE 8BIT-O 1 3/4 ""MAT CODE XF511D1 DWG CF-SP46473","طقم إصلاح، لمانع التسرب الميكانيكي ""JC"" من النوع 8BIT-O 1 3/4 بوصة، رمز المادة XF511D1، الرسم CF-SP46473",PU,7907121,87107816,EACH,BELT/TRANSMIT,,MIN_MAX,RS-GUPCO,
109648,"CARTRIDGE J.C. TYPE 8B1-O                          SIZE 3"" MAT.CODE XF511D1, DWG NO. CF-SP-46421      ASSEMBLY AB-3000-2","خرطوشة من النوع JC 8B1-O، مقاس 3 بوصات، رمز المادة XF511D1، رقم الرسم CF-SP-46421، مجموعة AB-3000-2",PU,3010118,~,EACH,BELT/TRANSMIT,,INSURANCE_SPARE,RS-GUPCO,02G38
109650,"MECANICAL SEAL, JOHN CRANE TYPE T8B1-0,SIZE 3 3/4 ""MAT.CODE XF511D1. DRG.NO.CF-SP-46424.ASSY.NO.      A8-3750-152, SEAT","مانع تسرب ميكانيكي، جون كرين من النوع T8B1-0، مقاس 3 3/4 بوصة، رمز المادة XF511D1، رقم الرسم CF-SP-46424، رقم التجميع A8-3750-152، مقعد",PU,3010120,89672858,EACH,BELT/TRANSMIT,,MIN_MAX,RS-GUPCO,02g38b
109651,"KIT, REPAIR  CONSISTING OF :                       2 EA SEAT PT.NO.D-3500-087-9200 ,2 EA O-RING PT N O0000-243-9548, 2 E","طقم إصلاح يتكون من: قطعتين من مقعد رقم القطعة D-3500-087-9200، قطعتين من حلقة منع التسرب رقم القطعة O0000-243-9548، قطعتين من",PU,3010120,1125-2006-0550,KIT,BELT/TRANSMIT,,MIN_MAX,RS-GUPCO,02G38H
109652,"MECHANICAL SEAL,TYPE 1,SIZE  1-1/8"",DWG NO. CF-SP-59141 AS THE MECH.","مانع تسرب ميكانيكي، النوع 1، الحجم 1-1/8 بوصة، رقم الرسم CF-SP-59141 كما هو ميكانيكي.",PU,3003146,89179287,EACH,BELT/TRANSMIT,,MIN_MAX,RS-GUPCO,02G36H
109750,"ACTUATOR, GOVERNOR (WOODWARD) EG-3P","مشغل، منظم (وودوارد) EG-3P",MM,6923126,163853U,EACH,BELT/TRANSMIT,,INSURANCE_SPARE,RS-GUPCO,
109751,"ACTUATOR, EG-3P SER.NO.2094212                     MNFG.""WAUKESHA"" USA","المحرك، EG-3P SER.NO.2094212 MNFG.""WAUKESHA"" الولايات المتحدة الأمريكية",MM,6923124,E8250-502,EACH,BELT/TRANSMIT,,MIN_MAX,RS-GUPCO,
109850,V-BELT P/N. 3VX710                                 MNFG. GATES OR EQUIVALENT     USA,"حزام على شكل حرف V، رقم القطعة 3VX710، من إنتاج شركة غيتس أو ما يعادلها، الولايات المتحدة الأمريكية",MM,0,3VX710,EACH,BELT/TRANSMIT,,PLANNED_WO,RS-GUPCO,
110140,HARDWARE (SET = 8 EA) CONSIST OF:-1 EA BOLT    P/N . 606H 1 EA NUT     P/N. 606N 1 EA WASHERS P/N. 60 -7 F/DANA COUPLING,"مجموعة أدوات التثبيت (٨ قطع) تتكون من: ١ مسمار رقم القطعة ٦٠٦H، ١ صامولة رقم القطعة ٦٠٦N، ١ حلقة معدنية رقم القطعة ٦٠-٧، وصلة دانا F",PU,3104102,D60BNW,SET,BR/SL/S.PLG/FLT,,INSURANCE_SPARE,RS-GUPCO,
110141,"ELEMENT, FLEX (STAINLESS) (ST = 34 EA) P/N:60-5-SS",عنصر مرن (ستانلس ستيل) (ST = 34 قطعة) رقم القطعة: 60-5-SS,PU,3104102,605SS,SET,BR/SL/S.PLG/FLT,,SURPLUS,RS-GUPCO,02F40D (1)
109817,"V-BELT,   P/N. DA-00501","حزام على شكل حرف V، رقم القطعة DA-00501",MM,324100,DA-00501,EACH,BELT/TRANSMIT,,INSURANCE_SPARE,RS-GUPCO,
109742,"SWITCH, ELECTRONIC SPEED MODEL ESSB-2AC            START PRODUCTS INC 8109 N LAWNDAL AV               SKOKIE IL,APPLICAT","مفتاح إلكتروني، طراز ESSB-2AC، منتجات بدء التشغيل، 8109 شمال شارع لوندال، سكوكى، إلينوي، تطبيق",PU,0,SA-1879-02884,EACH,BELT/TRANSMIT,,OBSOLETE,RS-GUPCO,02E01C (1)
109861,BELT WATER PUMPAUX   P/N. C166507                  1 ST = 2 EA                                        MNF WAUKESHA     U,"مضخة مياه بحزام، رقم القطعة C166507، عدد القطع: 2، من إنتاج شركة واكيشا المحدودة.",MM,6923128,C166507,SET,BELT/TRANSMIT,,MIN_MAX,RS-GUPCO,
107382,"HOLD TILL 1/10/2027 , EXTENDED LIFE COOLANT PRE-MIXED 50/50 FOR VHP WAUKESHA ENGINES (L7042GSI,L5108GSI&F3521GSI)","يُحفظ حتى 1/10/2027، سائل تبريد طويل الأمد مخلوط مسبقًا بنسبة 50/50 لمحركات VHP WAUKESHA (L7042GSI، L5108GSI وF3521GSI)",MM,0,~,DRUM,LUBR & GREASE,,MIN_MAX,RS-GUPCO,
110145,"STARTER, AIR ASSEMBLY , A/M STARTERS MANUFACTURER MODEL AM -5RH2-2S, SERIAL NO: 9653, MAX .PRESSURE 150PSI P/N : AM5RH2.","بادئ التشغيل، مجموعة الهواء، بادئات التشغيل A/M، موديل AM -5RH2-2S، الرقم التسلسلي: 9653، أقصى ضغط 150 رطل لكل بوصة مربعة، رقم القطعة: AM5RH2.",MM,0,82518,EACH,BR/SL/S.PLG/FLT,,INSURANCE_SPARE,RS-GUPCO,
109859,"V-BELT, RADIATOR FAN  SET/3 EA                     MNFG.""WAUKESHA"" USA","حزام على شكل حرف V، مجموعة مراوح تبريد / 3 قطع، من إنتاج شركة ""واكيشا"" الأمريكية",MM,6923122,A27970,SET,ENGINE USA,,MIN_MAX,RS-GUPCO,
109862,"V-BELT, SET WATER PUMP, WAUKESHA (SET=2EA)","حزام على شكل حرف V، طقم مضخة مياه، واكيشا (الطقم = قطعتان)",MM,6923108,A168540,SET,BELT/TRANSMIT,,MIN_MAX,RS-GUPCO,
109863,"V-BELT,  WATER PUMP, WAUKESHA MNFG.""WAUKESHA""   USA","حزام على شكل حرف V، مضخة مياه، من إنتاج شركة واكيشا للتصنيع. ""واكيشا"" الولايات المتحدة الأمريكية",MM,6923108,169749,EACH,BELT/TRANSMIT,,INSURANCE_SPARE,RS-GUPCO,03/C22A
109870,"V-BELT, SET WATER PUMP, WAUKESHA (SET=2EA)         @ SEE P.C. 6923106                                 ""GATES NO 7760"" WA","حزام على شكل حرف V، طقم مضخة مياه، واكيشا (طقم = قطعتان) @ انظر PC 6923106 ""GATES NO 7760"" WA",MM,6923108,A-199868A,SET,BELT/TRANSMIT,,MIN_MAX,RS-GUPCO,03D15E
103129,"COMPOUND, NEVER SEEZ NSBT-16 (16 OZ.) BRUSH TOP CANS @ STD.PKG. 12 MNFG. QUICKSOURCE , Product code no. 73831","مركب، لا يُرى أبدًا NSBT-16 (16 أونصة) علب بفرشاة علوية @ عبوة قياسية. 12 مصنعة من قبل كويك سورس، رقم رمز المنتج 73831",MM,0,NSBT-16,CAN,GEN. COMPOUND,,MIN_MAX,RS-GUPCO,02C88C
103130,"NEVER SEEZ COMPOUND, NS168 (8 LB/CAN)  ( STANDARD  PACKAGE 4 EA)   @ STD. PKG. 4","مركب نيفر سيز، NS168 (8 أرطال/علبة) (عبوة قياسية 4 علب) @ STD. PKG. 4",MM,0,~,CAN,GEN. COMPOUND,,MIN_MAX,RS-GUPCO,02C80D
109864,"BELT WATER PUMP MAIN MNFG. WAUKESHA    USA , (1 set = 3 each )","حزام مضخة المياه الرئيسي، من إنتاج شركة واكيشا الأمريكية، (مجموعة واحدة = 3 قطع)",MM,6923128,A169911,SET,BELT/TRANSMIT,,MIN_MAX,RS-GUPCO,
103431,"VANE, DURA VAN       P/N. 093107","ريشة، دورا فان P/N. 093107",PU,4704103,93107,EACH,AUTO SHOP EQUIP,,SURPLUS,RS-GUPCO,
110175,"WASHER, SPRING","غسالة، ربيع",MM,3101104,90402-25,EACH,BR/SL/S.PLG/FLT,,INSURANCE_SPARE,RS-GUPCO,02G80B
110177,"MOTOR, STARTING MODEL 52CL SER.NO. 8404-010        ROTATION-CW MAX. PRESSURE 150 PSI","محرك بدء التشغيل، طراز 52CL، الرقم التسلسلي 8404-010، دوران باتجاه عقارب الساعة، أقصى ضغط 150 رطل لكل بوصة مربعة",MM,3101106,52625-06,EACH,BR/SL/S.PLG/FLT,,INSURANCE_SPARE,RS-GUPCO,
110149,"VANE SET, (SET OF 5 VANE) P/N.:10BM-42-5(3020633)","مجموعة ريش، (مجموعة من 5 ريش) رقم القطعة: 10BM-42-5(3020633)",MM,7103126,10BM-42-5,EACH,BR/SL/S.PLG/FLT,,PLANNED_WO,RS-GUPCO,
115754,"ENGINE SHIMS (DOUBLE SLOT) P/N. 940-8 ,","حشوات المحرك (فتحة مزدوجة) رقم القطعة 940-8،",MM,0,G-940-8,SET,ENGINE USA,,PLANNED_WO,RS-GUPCO,
110022,"BEARING, ROLLER TAPERED CONE-ID:1.25"" W:0.66""CH:0. 2753""/TAPERED CUP-OD:2.328"" W:0.465""CH:0.046""""TIMK EN"" LM67048/LM6701","محمل، أسطواني مخروطي - القطر الداخلي: 1.25 بوصة، العرض: 0.66 بوصة، المسافة بين المحورين: 0.2753 بوصة / كوب مخروطي - القطر الخارجي: 2.328 بوصة، العرض: 0.465 بوصة، المسافة بين المحورين: 0.046 بوصة، TIMK EN، LM67048/LM6701",PU,0,~,EACH,BR/SL/S.PLG/FLT,,INSURANCE_SPARE,RS-GUPCO,02G68D
109680,"MECHANICAL SEAL, 1 1/4 IN. ""J.C"" TYPE 8B1, MAT. CODE XD1O81 DWG. NO. CF-SP-50751 (The stationary face is silicon carbide","مانع تسرب ميكانيكي، 1 1/4 بوصة، من النوع ""JC"" 8B1، رمز المادة XD1O81، رقم الرسم CF-SP-50751 (السطح الثابت مصنوع من كربيد السيليكون)",PU,3003138,89142816,EACH,BELT/TRANSMIT,,MIN_MAX,RS-GUPCO,02G4D
109700,"KIT,REPAIR FOR MECH. SEAL(J.C.) TYPE 8B1           SIZE 1.875"" MAT.CODE BF,51 1D1                     SEAL ASSY NO.A8-18","طقم إصلاح مانع تسرب ميكانيكي (JC) من النوع 8B1، مقاس 1.875 بوصة، رمز المادة BF,51 1D1، رقم مجموعة مانع التسرب A8-18",PU,7909128,,EACH,BELT/TRANSMIT,,PLANNED_WO,RS-GUPCO,
109630,"MECHANICAL SEAL, 1-3/4""(J.C) TYPE 8BIT-0 MATS.COD EX1F1D1,DRW.NO.CF-SP-46575","مانع تسرب ميكانيكي، 1-3/4 بوصة (JC) النوع 8BIT-0 رمز المادة EX1F1D1، رقم الرسم CF-SP-46575",PU,3010111,89230299,EACH,BELT/TRANSMIT,,PLANNED_WO,RS-GUPCO,
109910,BEARING SKF  SIZE  6207 ZZ,محمل SKF مقاس 6207 ZZ,PU,0,6207  ZZ,EACH,BR/SL/S.PLG/FLT,,MIN_MAX,RS-GUPCO,
109911,BEARING  SKF  SIZE 6208  ZZ,محمل SKF مقاس 6208 ZZ,PU,0,SKF-6208-ZZ/C3,EACH,BR/SL/S.PLG/FLT,,MIN_MAX,RS-GUPCO,
110322,"ELEMENT, FILTER (DO NOT SUBSTITUTE)                ""CATERPILLER""                                      @ STD. PKG. 12","عنصر، فلتر (لا تستبدله) ""كاتربيلر"" @ عبوة قياسية 12",MM,0,12CA1R0659,EACH,BR/SL/S.PLG/FLT,,MIN_MAX,RS-GUPCO,05/C06
110323,"ELEMENT, FILTER FOR CATERPILLAR ENGINE MODEL 3412 PART NO. 9M2342","عنصر فلتر لمحرك كاتربيلر موديل 3412، رقم القطعة 9M2342",MM,7103139,9M2342,EACH,BR/SL/S.PLG/FLT,,MIN_MAX,RS-GUPCO,02/G82B
110324,"ELEMENT, ""A"" FUEL FILTER                           <CATEPILLAR DO NOT SUBSTITUTE)                     @ STD. PKG. 12","عنصر، فلتر وقود ""أ"" (كاتيبر، لا تستبدله) @ العبوة القياسية 12",MM,7103144,12CA1R0724,EACH,CATERPILLAR,,MIN_MAX,RS-GUPCO,05C10
110328,"FILTER, PANEL AIR CLEANER, (THIS ITEM TO BE SUPPLIED FROM ORIGINAL MANUFACTURER & NOT FROM SUPPLY HOUSE, OTHERWISE IT WI","فلتر، لوحة تنقية الهواء، (يجب توريد هذا المنتج من الشركة المصنعة الأصلية وليس من مستودع التوريد، وإلا فإنه سيتلف)",MM,7103116,1CA6L4714,EACH,BR/SL/S.PLG/FLT,,MIN_MAX,RS-GUPCO,05B12H
110329,"ELEMENT, FILTER","عنصر، مرشح",MM,7103130,4L9852,EACH,BR/SL/S.PLG/FLT,,SURPLUS,RS-GUPCO,05C11A (1)
115757,COMPLETE ENGINE SHIM (VHP12)                       P/N. 940-15,مجموعة حشوات المحرك الكاملة (VHP12) رقم القطعة 940-15,MM,0,G-940-15,SET,ENGINE USA,,INSURANCE_SPARE,RS-GUPCO,02P41D
115758,"DRIVEN EQUIPMENT ST.STEEL SHIMS 5""X5""              P/N. 940-23","حشوات فولاذية مقاومة للصدأ من شركة DRIVEN EQUIPMENT، مقاس 5 بوصات × 5 بوصات، رقم القطعة 940-23",MM,0,G-940.-23,SET,ENGINE USA,,MIN_MAX,RS-GUPCO,02P41TOP
109634,"FACE, STATIONARY silicon carbide P/No. 617715SL-D, FIG NO.S-14","وجه ثابت من كربيد السيليكون، رقم القطعة 617715SL-D، رقم الشكل S-14",PU,3002124,617715SL,EACH,BELT/TRANSMIT,,INSURANCE_SPARE,RS-GUPCO,02G32E
109635,"FACE, ROTATING tungsten carbide P/No. 671340NQ-D, FIG NO. S-15.","وجه، دوار من كربيد التنجستن رقم القطعة 671340NQ-D، رقم الشكل S-15.",PU,3002124,671340NQ,EACH,BELT/TRANSMIT,,SURPLUS,RS-GUPCO,02E21C (1)
109722,"REPAIR KIT, STATIONARY FACE silicon carbide P/No. 617715SL-D& ROTATING FACE tungsten carbide P/No.671340NQ-D","طقم إصلاح، وجه ثابت من كربيد السيليكون، رقم القطعة 617715SL-D، ووجه دوار من كربيد التنجستن، رقم القطعة 671340NQ-D",PU,3002126,939075-003,EACH,BELT/TRANSMIT,,MIN_MAX,RS-GUPCO,02G48
109774,"V-BELT, MULTIPLE TYPE                              OC:77.300 IN IC:75.000 IN TW:0.500 IN T:0.344 IN   ""GATES OR UNIROYAL","حزام على شكل حرف V، متعدد الأنواع OC: 77.300 بوصة IC: 75.000 بوصة TW: 0.500 بوصة T: 0.344 بوصة ""GATES OR UNIROYAL",MM,0,AP75,EACH,BELT/TRANSMIT,,MIN_MAX,RS-GUPCO,03C04B
110381,"OIL FILTER ELEMENT, P/N. 39911631  (INGERSOLL RAND GENUINE PARTS , MADE IN USA AND PROVIDE ORGINE CERTIFICATE , DO NOT S","عنصر فلتر الزيت، رقم القطعة 39911631 (قطع غيار أصلية من إنجرسول راند، صنع في الولايات المتحدة الأمريكية، مع شهادة المنشأ، لا تقم بـ",MM,8009166,39911631,EACH,BR/SL/S.PLG/FLT,,MIN_MAX,RS-GUPCO,02C89F
110564,"JOINT, EXPANSTION RUBBER STYLE SFRT 150 TUBE NR MEDIA FLOW1458 GPM TEMPERATURE RATING 90 DEG F MAX.PRESSURE RATING 150 P","وصلة مطاطية للتمدد، نوع SFRT 150، معدل تدفق الوسط 1458 جالونًا في الدقيقة، درجة حرارة التشغيل 90 درجة فهرنهايت، أقصى ضغط تشغيل 150 رطلًا",PU,0,RU-C10R,EACH,COOLERS,,MIN_MAX,RS-GUPCO,03 /M05H
109995,"BEARING, BALL ANGULAR CONTACT SINGLE ROW MEDIUM (3 00) SERIES STRIP STEEL RETAINER ID:2.3622 IN.OD:5. 1181 IN. W:1.2205","محمل كروي ذو تلامس زاوي، صف واحد، متوسط (300)، شريط فولاذي، حامل داخلي: 2.3622 بوصة، خارجي: 5.1181 بوصة، عرض: 1.2205 بوصة",MM,0,R80571223,EACH,BR/SL/S.PLG/FLT,,INSURANCE_SPARE,RS-GUPCO,02G68A
110001,"BEARING SKF , DOUBLE ROW ANGULAR CONTACT BALL BEARING , ID:1.1811"" OD:2.4409"" W:O.937"" P/N: 3206 A","محمل SKF، محمل كروي مزدوج الصفوف ذو تلامس زاوي، القطر الداخلي: 1.1811 بوصة، القطر الخارجي: 2.4409 بوصة، العرض: 0.937 بوصة، رقم القطعة: 3206 A",PU,0,3206 A,EACH,BR/SL/S.PLG/FLT,,INSURANCE_SPARE,RS-GUPCO,
110406,"SPARK PLUG 18MM,SP 20 ,""CHAMPION""P/N.:RHM77N","شمعة إشعال 18 مم، SP 20، ""تشامبيون"" رقم القطعة: RHM77N",MM,6923128,RHM77N,EACH,BR/SL/S.PLG/FLT,,SURPLUS,RS-GUPCO,02CAB5 (1)
110213,"PLATE , PUMP DRIVE.P/N  :   AM 087701","لوحة، محرك مضخة. رقم القطعة: AM 087701",PU,3112100,AM 087701,EACH,BR/SL/S.PLG/FLT,,INSURANCE_SPARE,RS-GUPCO,02G80
110214,"COUPLING, PUMP P/N  :   093699","وصلة مضخة، رقم القطعة: 093699",PU,3112100,93699,EACH,BR/SL/S.PLG/FLT,,INSURANCE_SPARE,RS-GUPCO,
110310,"ELEMENT AIR CLEANER MNFG. WAUKESHA , USA ,","شركة إليمنت لتصنيع أجهزة تنقية الهواء، واكيشا، الولايات المتحدة الأمريكية.",MM,6923128,209364,EACH,BR/SL/S.PLG/FLT,,MIN_MAX,RS-GUPCO,
109704,"COLLAR,                                            P/N: D-3000-984-0530","طوق، رقم القطعة: D-3000-984-0530",PU,3010122,D-3000-984-053,EACH,BELT/TRANSMIT,,PLANNED_WO,RS-GUPCO,
109705,"SEAL, MECHANICAL LESS GLAND AND SLEEVE             TYPE 8 B 1-0 SIZE 3.5 DWG.NO. CF-SP-94569-1        WITH MATING RING P","مانع تسرب ميكانيكي بدون غدة وغمد من النوع 8 ب 1-0، مقاس 3.5، رقم الرسم CF-SP-94569-1 مع حلقة توصيل P",PU,3010122,89142732,EACH,BELT/TRANSMIT,,MIN_MAX,RS-GUPCO,02G44C
109636,"SLEEVE, SH WITH O-RING P/N F-3250-699-0500 for JOHN CRANE mech. Seal type 8B1-O, 3.750 diam.","جلبة، SH مع حلقة دائرية P/N F-3250-699-0500 لجون كرين ميكانيكي. نوع مانع التسرب 8B1-O، قطر 3.750.",PU,3010128,87159954/81045043,EACH,BELT/TRANSMIT,,MIN_MAX,RS-GUPCO,
109637,"COLLAR, DR                                         D-3250-351-0500.","كولار، دكتور دي-3250-351-0500.",PU,3010128,81025115,EACH,BELT/TRANSMIT,,MIN_MAX,RS-GUPCO,02G32G
109638,"CARTRIDGE MECHANICAL SEAL, SIZE 3-7/8"", with a design functionally equivalent to a John Crane Type AB1-O, MAT.CODE. XD1O","مانع تسرب ميكانيكي للخرطوشة، مقاس 3-7/8 بوصة، بتصميم مكافئ وظيفيًا لنوع John Crane AB1-O، رمز المادة XD1O",PU,3010121,~,EACH,BELT/TRANSMIT,,STRATEGIC_WO,RS-GUPCO,
151760,"BEARING, BALL ANGULAR CONTACT DOUBLE ROW MEDIUM (3 00) SERIES ID:1.1811 IN. OD:2.8346 IN. W:1.1875 IN . ""SKF","محمل كروي ذو تلامس زاوي مزدوج الصفوف متوسط (300) من سلسلة ID: 1.1811 بوصة، OD: 2.8346 بوصة، W: 1.1875 بوصة. ""SKF",PU,7907114,8055 30666,EACH,BR/SL/S.PLG/FLT,,INSURANCE_SPARE,RS-GUPCO,02G85F
110403,"SPARK PLUG, CHAMPION P/N. RTM79 ( PACKAG= 8 EA)","شمعة إشعال، من شركة تشامبيون، رقم القطعة RTM79 (العبوة = 8 قطع)",MM,3601100,RTM79,EACH,ENGINE USA,,MIN_MAX,RS-GUPCO,02CAB
110404,"SPARK PLUG, Part no. # RTL85G","شمعة إشعال، رقم القطعة: RTL85G",MM,3601100,RTL85G,EACH,BR/SL/S.PLG/FLT,,MIN_MAX,RS-GUPCO,02CAB10
110211,"PUMP, TUTHILL OIL, MODEL 4RCIF-RHS ,ITEM NO.26","مضخة، زيت توثيل، موديل 4RCIF-RHS، رقم الصنف 26",PU,3120102,,EACH,BR/SL/S.PLG/FLT,,INSURANCE_SPARE,RS-GUPCO,02/F46B (1)
109778,"V-BELT, MULTIPLE TYPE HI-POWER II V-BELTS OC:92.800 IN IC:90.000 IN TW:0.656 IN T:0.438 IN ""GATES"" DO NOT SUBSTITUTE","حزام على شكل حرف V، متعدد الأنواع عالي الطاقة II، أحزمة على شكل حرف V، OC: 92.800 بوصة، IC: 90.000 بوصة، TW: 0.656 بوصة، T: 0.438 بوصة، ""بوابات"" لا تستبدل",MM,0,B90,EACH,BELT/TRANSMIT,,SURPLUS,RS-GUPCO,03C06A
109779,"V-BELT, MULTIPLE TYPE                              OC:98.800 IN IC:96.000 IN TW:0.656 IN T:0.436 IN   ""GATES OR UNIROYAL","حزام على شكل حرف V، متعدد الأنواع OC:98.800 بوصة IC:96.000 بوصة TW:0.656 بوصة T:0.436 بوصة ""GATES OR UNIROYAL",MM,0,B96,EACH,BELT/TRANSMIT,,INSURANCE_SPARE,RS-GUPCO,
109784,"V-BELT, MULTIPLE TYPE HI-POWER II V-BELTS          OC:122.800 IN IC:120.000 IN TW:0.656 IN T:0.438 I NMNFG.""GATES ""","حزام على شكل حرف V، متعدد الأنواع عالي القدرة II، أحزمة على شكل حرف V، القطر الخارجي: 122.800 بوصة، القطر الداخلي: 120.000 بوصة، عرض الحزام: 0.656 بوصة، سمك الحزام: 0.438 بوصة، مصنعة من قبل شركة ""GATES"".",MM,0,B120,EACH,BELT/TRANSMIT,,INSURANCE_SPARE,RS-GUPCO,
110113,"COUPLING, COMPLETE,SIZE 550,""THOMAS""TYPE--CMR, FSH -55-28-005, S.A.E. BOLTING 5.484""/5.485"" BORE 3/4""  TAPER WITH S.S. E","وصلة كاملة، مقاس 550، نوع ""توماس"" - CMR، FSH -55-28-005، براغي SAE بقطر 5.484/5.485 بوصة، مخروطية 3/4 بوصة مع فولاذ مقاوم للصدأ",PU,3118210,550-CMR-ETO,EACH,BR/SL/S.PLG/FLT,,PLANNED_WO,RS-GUPCO,
110114,"DISC, PACK ITEM C REXNORD P/N. 31962 DISC PACK ONL Y P/N  :   AM093422(FOR ITEM 276 ABOVE)","قرص، عبوة، الصنف ج، ريكسنورد، رقم القطعة 31962، عبوة أقراص فقط، رقم القطعة: AM093422 (للصنف 276 أعلاه)",PU,3118210,31962,EACH,BR/SL/S.PLG/FLT,,INSURANCE_SPARE,RS-GUPCO,02 /E 74
109796,"V-BELT, C-195 MNFG. WAUKESHA USA ,","حزام على شكل حرف V، C-195، صنع في واكيشا، الولايات المتحدة الأمريكية.",MM,6923117,C-195,EACH,BELT/TRANSMIT,,INSURANCE_SPARE,RS-GUPCO,03C14A
109798,"V-BELT,WEDGE TYPE HEAVY DUTY FUGURE  1             106 IN,OC ,625 IN IC, .531 IN.T                    MNFG.""GATES""","حزام على شكل حرف V، من النوع الإسفيني شديد التحمل، الشكل 1، 106 بوصة، OC، 625 بوصة IC، 0.531 بوصة T، من إنتاج ""GATES"".",MM,0,5VX1060,EACH,BELT/TRANSMIT,,INSURANCE_SPARE,RS-GUPCO,03C16  (1)
110269,"ELEMENT, FG-36 FOR PECO GAS FILTER FOR GENERATORS SERIES 85 MODEL 85-3-FG-36 S/N. 11685 south turbines and mech maint di","عنصر، FG-36 لفلتر غاز PECO للمولدات من السلسلة 85، الطراز 85-3-FG-36، الرقم التسلسلي 11685، شركة ساوث توربينز آند ميك ماينت دي",MM,0,11708,EACH,BR/SL/S.PLG/FLT,,MIN_MAX,RS-GUPCO,05A03
110295,"ELEMENT, PRIMARY FUEL FILTER P/N  :   162614---P./ N.F911C","عنصر، فلتر الوقود الأساسي، رقم القطعة: 162614---P./ N.F911C",MM,6923111,162614,EACH,BR/SL/S.PLG/FLT,,PLANNED_WO,RS-GUPCO,
109671,"REPAIR KIT FOR MECH. SEAL TYPE 8B1, SIZE 2.125"", SEAL ASSEMBLY NO. A8-2125-068& DWG. No. CF-SP-65636, PRIMARY& MATING RI","طقم إصلاح لمانع تسرب ميكانيكي من النوع 8B1، مقاس 2.125 بوصة، رقم مجموعة مانع التسرب A8-2125-068 ورقم الرسم CF-SP-65636، مانع التسرب الأساسي ومانع التسرب المتوافق",PU,7909130,89392273,EACH,BELT/TRANSMIT,,INSURANCE_SPARE,RS-GUPCO,02E15D (1)
110457,"DRIVE BEARING 3-7/16"" : DODGE P2B-TAF-307RE",محمل قيادة 3-7/16 بوصة: دودج P2B-TAF-307RE,MM,6923128,,EACH,COOLERS,,INSURANCE_SPARE,RS-GUPCO,01B06D
110528,"VALVE, 1-1/2 IN PILOT OPERATED NO","صمام، 1-1/2 بوصة، يعمل بنظام التحكم الآلي، لا",MM,3216102,V-704-7B,EACH,COOLERS,,INSURANCE_SPARE,RS-GUPCO,02G30A (1)
109974,"BEARING BALL CONRAD TYPE SINGLE ROW RADIAL WITH SN AP RING MEDIUM (300) SERIES STRIP STEEL RETAINER I D:1,378 IN.OD:3.14","محمل كروي من نوع كونراد، صف واحد شعاعي مع حلقة SN AP متوسطة (سلسلة 300)، شريط تثبيت فولاذي، القطر الداخلي: 1.378 بوصة، القطر الخارجي: 3.14 بوصة",PU,0,307SG,EACH,BR/SL/S.PLG/FLT,,INSURANCE_SPARE,RS-GUPCO,02F20B (1)
109978,"BEARING, BALL CONRAD TYPE SINGLE ROW RADIAL SHIELD ONE SIDE MEDIUM (300) SERIES STRIP STEEL RETAINER ID:1.7717 IN. OD:3.",محمل كروي من نوع كونراد صف واحد شعاعي درع جانب واحد متوسط (300) سلسلة شريط فولاذي حامل ID:1.7717 بوصة OD:3.,PU,0,SKF6309Z,EACH,BR/SL/S.PLG/FLT,,MIN_MAX,RS-GUPCO,02G66C
109715,"MECHANICAL SEAL, MODEL U-1437 MAT. CODE NO 5T1V (Mating faces are silicon carbide& tungsten carbide). COMPLETE WITH GLAN","مانع تسرب ميكانيكي، طراز U-1437، رمز المادة 5T1V (أسطح التلامس مصنوعة من كربيد السيليكون وكربيد التنجستن). كامل مع غطاء",PU,0,L-848-01  869E0421-001,EACH,BELT/TRANSMIT,,PLANNED_WO,RS-GUPCO,
109716,"Cartridge for FLOWSERVE mech. Seal, MODEL U-1437 MAT. CODE NO 5T4V.(The stationary face is silicon carbide and the rotat","خرطوشة مانع تسرب ميكانيكي من FLOWSERVE، موديل U-1437، رمز المادة 5T4V. (السطح الثابت مصنوع من كربيد السيليكون، والسطح الدوار...)",PU,3002106,L-835-09,EACH,BELT/TRANSMIT,,PLANNED_WO,RS-GUPCO,
151707,"SLEEVE, SHAFT","الكم، العمود",PU,3002106,751158DB,EACH,BELT/TRANSMIT,,MIN_MAX,RS-GUPCO,
109762,"V-BELT WEDGE TYPE HEAVY DUTY, P/N: 3V710, OC: 71.000"", IC: 0.375"", T: 0.313 (GATES)","حزام على شكل حرف V من النوع الإسفيني شديد التحمل، رقم القطعة: 3V710، OC: 71.000، IC: 0.375، T: 0.313 (GATES)",MM,0,3V710,EACH,BELT/TRANSMIT,,MIN_MAX,RS-GUPCO,03C02H
110458,"FAN BEARING 2-11/16"" :DODGE P2B-TAF-211RE",محمل مروحة 2-11/16 بوصة: دودج P2B-TAF-211RE,MM,6923128,~,EACH,COOLERS,,INSURANCE_SPARE,RS-GUPCO,01B06D
110293,"FILTER,RESTRICTOR INDICATOR AIR CLEANER          P /N  :   153790","فلتر، مؤشر تقييد تدفق الهواء، منقي هواء، رقم القطعة: 153790",MM,6923108,153790,EACH,BR/SL/S.PLG/FLT,,INSURANCE_SPARE,RS-GUPCO,
110296,"ELEMENT, SECONDARY FUEL FILTER @ STD. PKG. 1 P/N 162615, P/N PF902, MNFG. BALDWIN USA, (THIS ITEM TO BE SUPPLIED FROM OR","عنصر، فلتر وقود ثانوي @ عبوة قياسية 1 رقم القطعة 162615، رقم القطعة PF902، صنع بواسطة بالدوين الولايات المتحدة الأمريكية، (يتم توريد هذا المنتج من أو",MM,6923110,162615,EACH,BR/SL/S.PLG/FLT,,PLANNED_WO,RS-GUPCO,
110300,"ELEMENT, AIR CLEANER, P/N.:169180-B(PA-2 690), MNFG.""WAUKESHA"" USA, (THIS ITEM TO BE SUPPLIED FROM ORIGINAL MANUFACTURER","عنصر تنقية الهواء، رقم القطعة: 169180-B (PA-2 690)، صنع في الولايات المتحدة الأمريكية من قبل شركة ""واكيشا""، (يتم توريد هذا المنتج من الشركة المصنعة الأصلية).",MM,0,169180N,EACH,ENGINE USA,,MIN_MAX,RS-GUPCO,01C24H
110309,"ELEMENT, STRAINER P/N  :   208472C","عنصر، مصفاة، رقم القطعة: 208472C",MM,6923128,489489,EACH,BR/SL/S.PLG/FLT,,INSURANCE_SPARE,RS-GUPCO,02/F58A (1)
109672,"MECH., SEAL COMPLETE Type 8-B1, Mat. Code X DIO8I (The stationary face is silicon carbide and the rotating face is tungs","MECH., مانع تسرب كامل من النوع 8-B1، رمز المادة X DIO8I (السطح الثابت مصنوع من كربيد السيليكون والسطح الدوار مصنوع من التنجستن)",PU,3003148,~,EACH,BELT/TRANSMIT,,PLANNED_WO,RS-GUPCO,
109673,"MATING RING FOR J.C MECH. SEAL DWG NO. H-SP-8651, Silicon Carbide material, P/No. D-2001-015-9221.","حلقة تزاوج لختم JC الميكانيكي رقم الرسم H-SP-8651، مادة كربيد السيليكون، رقم القطعة D-2001-015-9221.",PU,3003148,81027604,EACH,BELT/TRANSMIT,,SURPLUS,RS-GUPCO,02G40
109674,O-RING,حلقة دائرية,PU,3003148,81044897,EACH,BELT/TRANSMIT,,PLANNED_WO,RS-GUPCO,
110136,"COUPLING, COMPLETE, CONSISTS OF THE FOLLOWING:",تتكون وصلة التوصيل الكاملة مما يلي:,PU,7907172,,EACH,BR/SL/S.PLG/FLT,,PLANNED_WO,RS-GUPCO,
109806,"V-BELT, AUTOMOTIVE TYPE RAW EDGE-NEUTRAL CORD      OV:70.250 IN TW:0.531 IN                           ""GATES""    EQUIV.","حزام على شكل حرف V، نوع السيارات، حافة خام - سلك محايد، OV:70.250 بوصة، TW:0.531 بوصة، ""GATES"" EQUIV.",PU,0,2056956,EACH,BELT/TRANSMIT,,INSURANCE_SPARE,RS-GUPCO,03C16A(1)
110061,FILTER OIL P/N  :   610J0200,رقم قطعة فلتر الزيت: 610J0200,MM,5322100,610J0200,EACH,BR/SL/S.PLG/FLT,,PLANNED_WO,RS-GUPCO,02G70D
109675,"Primary ring 2.25 inch TCNickel (9205) , Drawing (A8-2250-031) A822500319205","حلقة أساسية 2.25 بوصة من النيكل المطلي بالتنغستن (9205)، رسم (A8-2250-031) A822500319205",PU,3003148,A8-2250-31-905,EACH,BELT/TRANSMIT,,SURPLUS,RS-GUPCO,02G40
109676,ANTI RING                                          P/NO. A8-2250-118-7500,"مضاد للرنين، رقم القطعة: A8-2250-118-7500",PU,3003148,81020612,EACH,BELT/TRANSMIT,,SURPLUS,RS-GUPCO,02/G40B
110146,"STARTER, AIR PT.NO.SS800GB03R31.","بادئ التشغيل، رقم قطعة الهواء SS800GB03R31.",MM,6923106,SS800GB03R31.,EACH,BR/SL/S.PLG/FLT,,INSURANCE_SPARE,RS-GUPCO,
110168,"MOTOR, STARTING MODEL NO.52A AIR/GAS TURBINE       STARTING MOTOR FOR STARTING PRESS OF 50 PSIG       TECH DEV.INC. QUOT","محرك بدء التشغيل، طراز رقم 52A، محرك بدء تشغيل توربينات الهواء/الغاز لضغط بدء تشغيل 50 رطل لكل بوصة مربعة، شركة تيك ديف. إنك.",MM,6923015,T12160001B1R,EACH,BR/SL/S.PLG/FLT,,MIN_MAX,RS-GUPCO,
110170,"HOUSING, TURBINE (RH-21)",غلاف التوربين (RH-21),MM,3101104,52074,EACH,BR/SL/S.PLG/FLT,,INSURANCE_SPARE,RS-GUPCO,02/F42F (1)
110171,AUTOMATIC TRIP VALVE INLET ASSY. (REPLACED BY P/N .52-017),مجموعة مدخل صمام الفصل التلقائي (تم استبدالها برقم القطعة .52-017),MM,3101102,52000-00-017,EACH,BR/SL/S.PLG/FLT,,PLANNED_WO,RS-GUPCO,
110173,"BEARING,","محمل،",MM,3101104,91001,EACH,BR/SL/S.PLG/FLT,,INSURANCE_SPARE,RS-GUPCO,
110174,"SHAFT,","رمح،",MM,3101104,19446,EACH,BR/SL/S.PLG/FLT,,INSURANCE_SPARE,RS-GUPCO,02G80A
109717,"FACE, STATIONARY","وجه، أدوات مكتبية",PU,3002130,614464-GE,EACH,BELT/TRANSMIT,,INSURANCE_SPARE,RS-GUPCO,02/G48
109718,"FACE, ROTATING","وجه، دوار",PU,3002130,614457DH,EACH,BELT/TRANSMIT,,INSURANCE_SPARE,RS-GUPCO,02E05A (1)
109719,"REPAIR KIT, FIG NOS S-4, S-13, S-14, S-15 CONSISTS OF:- U-CUP P/NO. 614462GU O-RING P/NO. 568326GU SATTIONARY FACE silic","طقم إصلاح، أرقام الأشكال S-4، S-13، S-14، S-15، يتكون من: - كوب على شكل حرف U رقم القطعة 614462GU، حلقة دائرية رقم القطعة 568326GU، وجه ثابت من السيليكون",PU,3002114,A2R1552-01-K11,EACH,BELT/TRANSMIT,,MIN_MAX,RS-GUPCO,02G48D
109720,"KIT, REPAIR CONSISTS OF:DRIVE PIN S-3,U-CUP S-4, SEAT GASKET S-13,STA.FACE S-14,(silicon carbide) ROT, FACE ASSY. S-15,","طقم الإصلاح يتكون من: دبوس القيادة S-3، كوب U S-4، حشية المقعد S-13، وجه المقعد S-14، مجموعة وجه (كربيد السيليكون) S-15.",PU,3002106,045600-570-004,KIT,BELT/TRANSMIT,,INSURANCE_SPARE,RS-GUPCO,02G48
109721,"KIT, REPAIR CONSISTS OF:DRIVE PINS S-3,U-CUP S-4, SEAT GASKET S-13,STA.FACE S-14,SLEEVE GASKET S-19, BUSHING S-24,FLG.GA","طقم الإصلاح يتكون من: دبابيس تثبيت S-3، وكأس على شكل حرف U S-4، وحشية مقعد S-13، وسطح مقعد S-14، وحشية جلبة S-19، وجلبة S-24، وفلجات GA",PU,3002114,A2R1552-01-K12,KIT,BELT/TRANSMIT,,MIN_MAX,RS-GUPCO,02G48F
109706,"MECHANICAL SEAL, 1-15/16"" TYPE U-2250 MAT CODE 5T4V WITH SLEEVE AND GLAND {mating faces silicon carbide P/No. 617715SL-D","مانع تسرب ميكانيكي، 1-15/16 بوصة، النوع U-2250، رمز المادة 5T4V، مع غلاف وحشوة (أسطح التلامس من كربيد السيليكون، رقم القطعة 617715SL-D)",PU,3002126,L-840-16,EACH,BELT/TRANSMIT,,INSURANCE_SPARE,RS-GUPCO,02/G44C
109707,"MECHANICAL SEAL, MODEL U-2250 MAT.CODE U-225-5T4V COMPLETE, {mating faces silicon carbide P/No. 617715SL-D& tungsten car","مانع تسرب ميكانيكي، طراز U-2250، رمز المادة U-225-5T4V، كامل، {أسطح التلامس من كربيد السيليكون، رقم القطعة 617715SL-D، وكربيد التنجستن}",PU,3002124,1B-8547-16,EACH,BELT/TRANSMIT,,INSURANCE_SPARE,RS-GUPCO,02G46
109708,"SLEEVE, SHAFT 1-15/16""","كم، عمود 1-15/16 بوصة",PU,3002126,751317-DB,EACH,BELT/TRANSMIT,,MIN_MAX,RS-GUPCO,06G46F
109709,"SLEEVE, SHAFT FIG NO. S-1 .","الكم، العمود رقم الشكل S-1.",PU,3002108,3R2675DB,EACH,BELT/TRANSMIT,,PLANNED_WO,RS-GUPCO,
109710,"SHAFT, SLEEVE NO. S-1","العمود، الكم رقم S-1",PU,3002124,158001DB,EACH,BELT/TRANSMIT,,INSURANCE_SPARE,RS-GUPCO,02G46
109990,"BEARING, BALL CONRAD TYPE SINGLE ROW RADIAL SHIELD  BOTH SIDES MEDIUM (300)SERIES STRIP STEEL RETAINE R ID:2.1654 IN. OD","محمل كروي من نوع كونراد، صف واحد، درع شعاعي على كلا الجانبين، متوسط (سلسلة 300)، شريط فولاذي، حامل داخلي: 2.1654 بوصة، قطر خارجي",PU,0,63112Z,EACH,BR/SL/S.PLG/FLT,,MIN_MAX,RS-GUPCO,
109991,"BEARING, BALL CONRAD TYPE SINGLE ROW RADIAL SHIELD  BOTH SIDES MEDIUM (300)SERIES STRIP STEEL RETAINE R ID:2.3622 IN. OD","محمل كروي من نوع كونراد، صف واحد، درع شعاعي على كلا الجانبين، متوسط (سلسلة 300)، شريط فولاذي، حامل داخلي: 2.3622 بوصة، قطر خارجي",PU,4510102,SKF-6312-ZZ,EACH,BR/SL/S.PLG/FLT,,MIN_MAX,RS-GUPCO,02G66F
110150,"STARTER, AIR AND GAS MOTOR SIZE 150 BMG 150 PSI MA X MODEL E21RH6 FOR I.R. AIR STARTER & GAS MOTOR SI ZE 150 BMG MODEL E","بادئ تشغيل، محرك هواء وغاز، حجم 150 BMG، ضغط 150 رطل/بوصة مربعة، موديل E21RH6، لبادئ تشغيل الهواء ومحرك الغاز، حجم 150 BMG، موديل E",MM,0,~,EACH,BR/SL/S.PLG/FLT,,MIN_MAX,RS-GUPCO,
103383,"PUMP, COMPLETE WITHOUT ELEC. MOTOR, 2"" BLACKMER PO SITIVE DISPLACEMENT, ID NO. 41B1, SER.NO. 80857,PU MP ONLY NO GEAR RE","مضخة كاملة بدون محرك كهربائي، إزاحة موجبة 2 بوصة من بلاكمر، رقم التعريف 41B1، الرقم التسلسلي 80857، المضخة فقط بدون تروس",PU,4723204,~,EACH,AUTO SHOP EQUIP,,INSURANCE_SPARE,RS-GUPCO,
109843,"V-BELT, AUTOMOTIVE TYPE RAW EDGE-NEUTRAL CORD      OC:49.375 IN TW:0.406 IN    P/N. 9433752           ""GEN.MOT."" OR EQUI","حزام على شكل حرف V، نوع السيارات، حافة خام - سلك محايد، قطر الدائرة: 49.375 بوصة، عرض السلك: 0.406 بوصة، رقم القطعة: 9433752 ""GEN.MOT."" أو ما يعادله",PU,0,9433752,EACH,BELT/TRANSMIT,,PLANNED_WO,RS-GUPCO,
109904,BEARING TYPE MRC.NO.T-114 AZ FOR WATER MAKER PUMP PACK WASH.  MNFG.  MRC     USA,محمل من النوع MRC.NO.T-114 AZ لغسيل مجموعة مضخات جهاز تحلية المياه. صنع في الولايات المتحدة الأمريكية بواسطة MRC,PU,7320102,~,EACH,BR/SL/S.PLG/FLT,,MIN_MAX,RS-GUPCO,02G62A
110502,"JACKET, WATER HEATER EXPLOSION PROO P/N. D110 ER/K S/012 EREL,(P/N. HB125110000)","غلاف مقاوم للانفجار لسخان المياه، رقم القطعة D110 ER/K S/012 EREL، (رقم القطعة HB125110000)",MM,0,HB125110000,EACH,COOLERS,,INSURANCE_SPARE,RS-GUPCO,02G43
109728,"KIT, REPAIR CONSISTS OF:ROT.FACE ASSY S-15,DRIVE COLLAR S-58,SET SCREW S-57-1,SET SCREW S-57, DISATER BUSHING S-24,SLEEV","طقم الإصلاح يتكون من: مجموعة وجه الدوران S-15، طوق القيادة S-58، برغي التثبيت S-57-1، برغي التثبيت S-57، جلبة الموزع S-24، غلاف",PU,3002112,A2N00404_11_K1,KIT,BELT/TRANSMIT,,INSURANCE_SPARE,RS-GUPCO,03/G44B
110028,"BEARING,ROLLER TAPERED CONE ID:2.25"" W:1.183"" CH:  0.14""  ""TIMKEN""         P/N. 3979","محمل أسطواني مخروطي الشكل، القطر الداخلي: 2.25 بوصة، العرض: 1.183 بوصة، المسافة بين مركز الثقل: 0.14 بوصة، من إنتاج شركة ""تيمكين""، رقم القطعة: 3979",MM,0,3979,EACH,BR/SL/S.PLG/FLT,,PLANNED_WO,RS-GUPCO,02G68F
110336,"OIL FILTER, ASSY, P/N 39259668  (INGERSOLL RAND GENUINE PARTS , MADE IN USA AND PROVIDE ORGINE CERTIFICATE , DO NOT SUBS","فلتر زيت، مجموعة، رقم القطعة 39259668 (قطع غيار أصلية من إنجرسول راند، صنع في الولايات المتحدة الأمريكية، مع شهادة منشأ، لا تقبل ببدائل).",MM,8009166,39259668,EACH,BR/SL/S.PLG/FLT,,PLANNED_WO,RS-GUPCO,
110305,"FILTER, FUEL OIL P/N  :   207494","فلتر زيت الوقود، رقم القطعة: 207494",MM,6923114,207494,EACH,BR/SL/S.PLG/FLT,,SURPLUS,RS-GUPCO,01B04B (1)
110326,FILTER AS FUEL,فلتر كوقود,MM,7103121,1R0740,EACH,BR/SL/S.PLG/FLT,,INSURANCE_SPARE,RS-GUPCO,02/F60G (1)
110207,PINTON  AND  GEAR,بينتون آند جير,PU,3120102,67316E_9,SET,BR/SL/S.PLG/FLT,,INSURANCE_SPARE,RS-GUPCO,01A01D (1)
110208,"PINTON,BEARING ITEM NO'S 15&8                      MNFG.""TERRY"" GERMANY","بينتون، محامل، أرقام الأصناف 15 و8، مصنعة من قبل ""تيري"" ألمانيا",PU,3120102,,EACH,BR/SL/S.PLG/FLT,,INSURANCE_SPARE,RS-GUPCO,01/ A01  B
110209,"GEAR BEARING (DRIVING END)ITEM NO'S 17&20          MNFG.""TERRY"" GERMANY","محمل تروس (طرف القيادة) رقمي الصنف 17 و20، صنع في ألمانيا من قبل شركة ""تيري"".",PU,3120102,,EACH,BR/SL/S.PLG/FLT,,INSURANCE_SPARE,RS-GUPCO,01 / A01  B
109730,"MECHANICAL SEAL, COMPLETE WITH FLANGE SLEEVE AND   GASKET ""BURG WARNER"" UX-2125-5N4A DRAWING          NO.IA-8499-03","مانع تسرب ميكانيكي، كامل مع غلاف شفة وحشية ""بورغ وارنر"" UX-2125-5N4A، رقم الرسم IA-8499-03",PU,3002132,UA-2125-5N4A,EACH,BELT/TRANSMIT,,INSURANCE_SPARE,RS-GUPCO,02E03G (1)
109924,"BEARING, WIDE INNER RING, MEDIUM SERIES, FOR       STRAIGHT SHAFT MOUNTING, CYLINDERICAL 0.D. NON     RELUB. TYPE SHAFT","محمل ذو حلقة داخلية عريضة، من السلسلة المتوسطة، لتركيب عمود مستقيم، عمود أسطواني بقطر خارجي صفري، من النوع غير القابل لإعادة التزييت.",PU,7320102,601410293,EACH,BR/SL/S.PLG/FLT,,MIN_MAX,RS-GUPCO,02G62D
110217,"BEARING, HS.P/N  :   BM 085457","محمل، HS.P/N: BM 085457",PU,3112100,BM 085457,EACH,BR/SL/S.PLG/FLT,,INSURANCE_SPARE,RS-GUPCO,02/G80
110219,"PUMP, OIL 020 CW P/N  :   E7075860",مضخة زيت 020 CW رقم القطعة: E7075860,PU,3112100,7075860,EACH,BR/SL/S.PLG/FLT,,INSURANCE_SPARE,RS-GUPCO,
110220,"FILTER, CARTRIDGE P/N  :   E 7079407","فلتر، خرطوشة، رقم القطعة: E 7079407",PU,3112100,E 7079407,EACH,BR/SL/S.PLG/FLT,,SURPLUS,RS-GUPCO,
274398,"CARTRIDIGE, J.C., DOUBLE MECH. SEAL, SIZE ¦1.375, TYPE T-5620-P BIG BORE VERSION, DWG NO. HSP-38060, PARENT 7907106","خرطوشة، JC، مانع تسرب ميكانيكي مزدوج، مقاس 1.375 بوصة، نوع T-5620-P إصدار ذو تجويف كبير، رقم الرسم HSP-38060، الأصل 7907106",PU,0,89292759,EACH,PUMP MISC,,INSURANCE_SPARE,RS-GUPCO,02V11F
110225,"COUPLING, PUMP P/N  :   AM 093422","وصلة مضخة، رقم القطعة: AM 093422",PU,3112102,AM 093422,EACH,BR/SL/S.PLG/FLT,,INSURANCE_SPARE,RS-GUPCO,02G82C
110227,"SEAL, L.SP P/N  :   BM 085388","ختم، رقم القطعة: BM 085388",PU,3112102,BM 085388,EACH,BR/SL/S.PLG/FLT,,INSURANCE_SPARE,RS-GUPCO,
110228,"GASKET, COVER P/N  :   BP077636","حشية، غطاء، رقم القطعة: BP077636",PU,3112102,BP077636,EACH,BR/SL/S.PLG/FLT,,INSURANCE_SPARE,RS-GUPCO,02/F48A (1)
110229,"BEARING, L.SP.P/N  :   CM 086835","محمل، L.SP.P/N: CM 086835",PU,3112102,CM 086835,EACH,BR/SL/S.PLG/FLT,,MIN_MAX,RS-GUPCO,01A03E
110230,"KEY, L.SP. 1.1/4 X 1.1/4 X 5.11/16 P/N  :   E 7056 991","مفتاح، L.SP. 1.1/4 × 1.1/4 × 5.11/16 رقم القطعة: E 7056 991",PU,3112102,E 7056991,EACH,BR/SL/S.PLG/FLT,,PLANNED_WO,RS-GUPCO,
110206,RANDOLPH GEAR BOX COMPLETE MODEL G-300 WITH        GEAR RATIO 1:1 AND ANTIREVERSE RATCHET TO          OPERATE AT 1760 RP,"علبة تروس راندولف كاملة، طراز G-300، بنسبة تروس 1:1، ومزودة بآلية مانعة للانعكاس تعمل بسرعة 1760 دورة في الدقيقة.",PU,0,,EACH,BR/SL/S.PLG/FLT,,PLANNED_WO,RS-GUPCO,
110357,"FILTER, AIR BREATHER","فلتر، جهاز تنفس الهواء",PU,7902107,1071378,EACH,BR/SL/S.PLG/FLT,,SURPLUS,RS-GUPCO,
274472,Gasket Suction Cover (item no.351),غطاء شفط مانع للتسرب (رقم الصنف 351),PU,7907120,68267 5108,EACH,PUMP MISC,,SURPLUS,RS-GUPCO,
110231,"GAUGE,OIL LEVEL P/N  :   E7075895","مقياس مستوى الزيت، رقم القطعة: E7075895",PU,3112102,E7075895,EACH,BR/SL/S.PLG/FLT,,PLANNED_WO,RS-GUPCO,
110232,"PUMP, OIL 030 CW P/N  :   E 7075862",مضخة زيت 030 CW رقم القطعة: E 7075862,PU,3112102,E 7075862,EACH,BR/SL/S.PLG/FLT,,INSURANCE_SPARE,RS-GUPCO,
110233,"KEY, PUMP P/N  :   E 7056953","مفتاح، مضخة، رقم القطعة: E 7056953",PU,3112102,E 7056953,EACH,BR/SL/S.PLG/FLT,,PLANNED_WO,RS-GUPCO,
109689,"CARTRIDGE J.C. TYPE 8B-1 SIZE 3.375"" MAT CODE Q/X D1O81 DWG.NO. CF-SP-59007 (The stationary face is silicon carbide and","خرطوشة من النوع JC 8B-1، مقاس 3.375 بوصة، رمز المادة Q/X D1O81، رقم الرسم CF-SP-59007 (السطح الثابت مصنوع من كربيد السيليكون و",PU,7909108,~,EACH,BELT/TRANSMIT,,INSURANCE_SPARE,RS-GUPCO,02G42C
109702,"J.C TYPE 8B1-0 SIZE 3.5"" DWG.NO. CF-SF-94569-1 WITH MATING RING silicon carbide AND PRIMARY RING tungsten carbide, MATER","JC النوع 8B1-0 المقاس 3.5 بوصة رقم الرسم CF-SF-94569-1 مع حلقة توصيل من كربيد السيليكون وحلقة أساسية من كربيد التنجستن، المادة",PU,3010122,~,EACH,BELT/TRANSMIT,,INSURANCE_SPARE,RS-GUPCO,02G44A
109703,"SLEEVE, WITH O-RING.                               P/N:F-3500-415-0530","كمّ، مع حلقة مانعة للتسرب. رقم القطعة: F-3500-415-0530",PU,3010122,F3500-415-0530,EACH,BELT/TRANSMIT,,INSURANCE_SPARE,RS-GUPCO,02G44C
110262,"COOLER, LUBE OIL MNFG.""AMARILLO"" USA","مبرد زيت التشحيم MNFG ""أماريلو"" الولايات المتحدة الأمريكية",PU,3101200,,EACH,BR/SL/S.PLG/FLT,,INSURANCE_SPARE,RS-GUPCO,02/F50B (1)
110263,"OIL SEAL MNFG. AMARILLO , USA","شركة تصنيع مانع تسرب الزيت، أماريلو، الولايات المتحدة الأمريكية",PU,3101202,415379,EACH,BR/SL/S.PLG/FLT,,PLANNED_WO,RS-GUPCO,
110264,"DRIVE, RIGHT ANGLE GEAR COMPLETE MODEL SSH750A gear ratio 2:3 solid shaft transmission rated for 750 HP @ 1760 RPM, figu","ناقل حركة كامل بزاوية قائمة، طراز SSH750A، نسبة التروس 2:3، عمود صلب، مصمم لتحمل 750 حصانًا عند 1760 دورة في الدقيقة، الشكل",PU,3101202,~,EACH,BR/SL/S.PLG/FLT,,INSURANCE_SPARE,RS-GUPCO,01B02H
110302,"ELEMENT AIR CLEANER, P/N.:169180G,NEW PT.NO.169180X ----P./N.PA2693, MNFG. BALDWIN USA,","جهاز تنقية الهواء ELEMENT، رقم القطعة: 169180G، رقم القطعة الجديد: 169180X ---- رقم القطعة: PA2693، صنع في الولايات المتحدة الأمريكية: BALDWIN",MM,6923116,169180K,EACH,BR/SL/S.PLG/FLT,,MIN_MAX,RS-GUPCO,05B04
110303,"ELEMENT, AIR CLEANER P/N.169180L, for engine Model:F3521G S/N:5283702784 @ STD. PKG. 1 MNFG. BALDWIN USA,  (THIS ITEM TO","عنصر تنقية الهواء، رقم القطعة 169180L، لمحرك طراز: F3521G، الرقم التسلسلي: 5283702784، عبوة قياسية واحدة، من إنتاج شركة بالدوين الأمريكية. (هذا المنتج لـ",MM,6923114,169180L,EACH,BR/SL/S.PLG/FLT,,MIN_MAX,RS-GUPCO,05B06
109653,"MECHANICAL SEAL, 1-1/2"" 'J.C' TYPE 9B, MAT. CODE   QP-1D1,DWG. NO. CF-SP-35630","مانع تسرب ميكانيكي، 1-1/2 بوصة، نوع JC 9B، رمز المادة QP-1D1، رقم الرسم CF-SP-35630",PU,7321272,CF-SP-35630,EACH,BELT/TRANSMIT,,INSURANCE_SPARE,RS-GUPCO,02G38B
109654,"MECHANICAL SEAL, 1"" TYPE T1 MATERIAL SPEC BP1C1    DRG NO. D-SP-1639","مانع تسرب ميكانيكي، 1 بوصة، النوع T1، مواصفات المادة BP1C1، رقم الرسم D-SP-1639",PU,3010104,81004455,SET,BELT/TRANSMIT,,INSURANCE_SPARE,RS-GUPCO,02E17B (1)
109655,"MECHANICAL SEAL, 1"" TYPE 1 MAT SPEC QF191","مانع تسرب ميكانيكي، 1 بوصة، النوع 1، مواصفات المادة QF191",PU,3010110,,EACH,BELT/TRANSMIT,,PLANNED_WO,RS-GUPCO,
109656,"MECH.SEAL J.C. TYPE 1                              SIZE 1-1/4"" MAT SPEC XF1D1 DWG.NO. CF-SP-40270     CONSIST OF. RING,G","مانع تسرب ميكانيكي من النوع JC 1، مقاس 1-1/4 بوصة، مواصفات المادة XF1D1، رقم الرسم CF-SP-40270، يتكون من: حلقة، G",PU,3003122,,EACH,BELT/TRANSMIT,,PLANNED_WO,RS-GUPCO,
109657,"MECHANICAL SEAL, 1.3/8 IN. TYPE T1 MAT. SPEC AR1K 1CODE NO 0349/1/-/A32768.                           WITH COLLAR F-SP-1","مانع تسرب ميكانيكي، 1.3/8 بوصة، النوع T1، مواصفات المادة AR1K 1، رقم الكود 0349/1/-/A32768، مع طوق F-SP-1",PU,3010108,,EACH,BELT/TRANSMIT,,PLANNED_WO,RS-GUPCO,
109659,"MECHANICAL SEAL JOHN CRANE, Size 1-3/4"" TYPE 8BIT-0, MATS.CODE XO581O581 (primary ring and mating ring material is silic","مانع تسرب ميكانيكي من جون كرين، مقاس 1-3/4 بوصة، نوع 8BIT-0، رمز المادة XO581O581 (مادة الحلقة الأساسية وحلقة التوصيل هي السيليكون)",PU,3007102,,EACH,BELT/TRANSMIT,,PLANNED_WO,RS-GUPCO,
109661,"SLEEVE,                                            .","كم،                                            .",PU,3003112,81170088,EACH,BELT/TRANSMIT,,INSURANCE_SPARE,RS-GUPCO,
109711,"CARTRIDGE J.C. TYPE 1B                             SIZE 1-1/2"" MAT.CODE XP1D1 DWG.NO. CF-SP-45194     COMPLETE WITH GLAN","خرطوشة من النوع JC 1B، مقاس 1-1/2 بوصة، رمز المادة XP1D1، رقم الرسم CF-SP-45194، كاملة مع رأس غليون",PU,3003142,89230296,EACH,BELT/TRANSMIT,,PLANNED_WO,RS-GUPCO,
109713,"MECHANICAL SEAL, MODEL U-1187 MAT. CODE NO 5T1V, (The stationary face is silicon carbide and the rotating face is 316/tu","مانع تسرب ميكانيكي، طراز U-1187، رمز المادة 5T1V، (السطح الثابت مصنوع من كربيد السيليكون والسطح الدوار مصنوع من الفولاذ المقاوم للصدأ 316/tu",PU,3002118,939093-001,EACH,BELT/TRANSMIT,,MIN_MAX,RS-GUPCO,02 G 46
109714,"MECHANICAL SEAL, MODEL U-1437 MAT. CODE NO 5T1V COMPLETE WITH GLAND S-11, GASKET S-18, DRIVE COLLAR S-S8, SHAFT SLEEV S-","مانع تسرب ميكانيكي، طراز U-1437، رمز المادة 5T1V، كامل مع حشوة S-11، حشية S-18، طوق قيادة S-S8، جلبة عمود S-",PU,3002114,A2R1552-01,EACH,BELT/TRANSMIT,,PLANNED_WO,RS-GUPCO,
109723,"REPAIR KIT, STA.FACE S-14 silicon carbide P/No. 617715SL-D&ROT, FACE ASSY. S-15 tungsten carbide P/No. 671340NQ-D","طقم إصلاح، سطح STA S-14 من كربيد السيليكون، رقم القطعة 617715SL-D&ROT، مجموعة سطح S-15 من كربيد التنجستن، رقم القطعة 671340NQ-D",PU,3002108,841C0102-003,KIT,BELT/TRANSMIT,,INSURANCE_SPARE,RS-GUPCO,02/G50
109724,"REPAIR KIT, CONSISTS OF:U-CUP S-4,SEAT GASKET S-13 ,STA.FACE S-14 AND ROT.FACE S-15, mating faces silicon carbide P/No.","طقم إصلاح، يتكون من: كوب على شكل حرف U S-4، حشية المقعد S-13، وجه المقعد S-14 ووجه الدوران S-15، أسطح التزاوج من كربيد السيليكون P/No.",PU,3002128,1B-8547-16-K11,KIT,BELT/TRANSMIT,,INSURANCE_SPARE,RS-GUPCO,02/G50A
109726,"MECHANICAL SEAL, COMPLETE ASSY. TYPE UK-4000 MAT CODE 5T4V.CONSIST OF:SEAL FLANGE S-11,SHAFT SLEEVE S-1,SLEEVE GASKET S-","مانع تسرب ميكانيكي، مجموعة كاملة. النوع UK-4000، رمز المادة 5T4V. يتكون من: شفة مانع التسرب S-11، جلبة عمود الدوران S-1، حشية الجلبة S-",PU,3002112,809767-001,EACH,BELT/TRANSMIT,,MIN_MAX,RS-GUPCO,02G50
109727,"SLEEVE, SHAFT FIG NO. S-1.","كم، عمود الشكل رقم S-1.",PU,3002112,3N00684DB,EACH,BELT/TRANSMIT,,INSURANCE_SPARE,RS-GUPCO,02E03B (1)
103585,"FLUX, FLUID ""WELCO 500"" FOR ALL SOFT SOLDERS EXCEP T WHITE METALS EACH/4 OZ.BT.","مادة FLUX، سائل ""WELCO 500"" لجميع أنواع اللحام الناعم باستثناء المعادن البيضاء، كل عبوة / 4 أونصة.",MM,0,~,CAN,WELDING EQUIP,,INSURANCE_SPARE,RS-GUPCO,02L38A
103590,"PASTE, SOLDERING KESTER 1 LB/CAN.",معجون لحام كيستر 1 رطل/علبة.,MM,0,,POUND,WELDING EQUIP,,PLANNED_WO,RS-GUPCO,02L12E (1)
103342,"BRUSH, WIRE 4"" O.D. X 0.01R WIRE X 1/2 A.HOLE 4500  R.P.M. ""ADAVANCE PRODUCT NO. 604-30.","فرشاة، سلك 4 بوصة OD × 0.01R سلك × 1/2 فتحة A. 4500 دورة في الدقيقة ""ADAVANCE PRODUCT NO. 604-30.",MM,0,7779-S-30,EACH,AUTO SHOP EQUIP,,MIN_MAX,RS-GUPCO,
103569,"ATTACHMENT, CIRCULAR CUTTING FOR TIP SERIES 1 & 2, ""VICTOR"" MODEL NO. D-496.","ملحق، قطع دائري لسلسلة رؤوس القطع 1 و 2، موديل ""فيكتور"" رقم D-496.",MM,0,,EACH,WELDING EQUIP,,SURPLUS,RS-GUPCO,02L08C (1)
114312,"HOSE, 1/4 IN R1-MALE PIPE BOTH ENDS X 20 IN LONG P /N  :   D5000","خرطوم، أنبوب ذكر R1 مقاس 1/4 بوصة من كلا الطرفين × طول 20 بوصة، رقم القطعة: D5000",MM,6404202,D5000,EACH,CRANES,,PLANNED_WO,RS-GUPCO,
103391,"ROTOR, AND SHAFT # 13 P/N. 261409 MFG. BLACKMER USA","الدوار والعمود رقم 13، رقم القطعة 261409، من إنتاج شركة بلاكمر الأمريكية.",MM,4723204,261409,EACH,AUTO SHOP EQUIP,,INSURANCE_SPARE,RS-GUPCO,02K48
103392,Vane Bronze For Blackmer Pump Model GXS2 Id No. 41b1 S/N 80857d Catalogue No. # 14 Pt.No. 093924,"ريشة برونزية لمضخة بلاكمر طراز GXS2، رقم التعريف 41b1، الرقم التسلسلي 80857d، رقم الكتالوج # 14، رقم القطعة 093924",MM,4723204,93924,EACH,AUTO SHOP EQUIP,,INSURANCE_SPARE,RS-GUPCO,02L12F
103396,"BEARING,NO. 24,P/N  :   903158","محمل، رقم 24، رقم القطعة: 903158",MM,4723204,903158,EACH,AUTO SHOP EQUIP,,INSURANCE_SPARE,RS-GUPCO,02L12F
103372,"GUN, CLEANING (JP-291)                             MNF. JENNY      USA","مسدس، تنظيف (JP-291) MNF. جيني الولايات المتحدة الأمريكية",MM,4710104,JE-291,EACH,AUTO SHOP EQUIP,,PLANNED_WO,RS-GUPCO,
273736,V.Belt Part No.: 5VX830 FOR GAS GENERATOR AT RAS BAKR.  To be foreign and dont substitute,حزام V رقم القطعة: 5VX830 لمولد الغاز في راس بكر. يجب أن يكون المنتج مستوردًا ولا يُستبدل.,MM,0,5VX830,EACH,BELT/TRANSMIT,,PLANNED_WO,RS-GUPCO,
110210,"COUPLING, UFH-75(E-22)","وصلة، UFH-75(E-22)",PU,3120102,13860,EACH,BR/SL/S.PLG/FLT,,INSURANCE_SPARE,RS-GUPCO,02/F46B (1)
103559,"CRAYON, LUMBER YELLOW REGULAR DIXON CAT. NO. 496.- ---P/N.MKL80321","قلم تلوين، لون أصفر خشبي عادي، من إنتاج شركة ديكسون، رقم الكتالوج 496.- ---P/N.MKL80321",MM,0,,EACH,WELDING EQUIP,,INSURANCE_SPARE,RS-GUPCO,02L08A (1)
103563,"KIT, DURMETALL INDUSTRIAL EACH CONTAINS: 10 KG     DURMETALL STD. 0.24 KG DURMETALL FLUIDIZER-0.5 LT .DURMETALL SPECIAL","مجموعة دورميتال الصناعية، تحتوي كل منها على: 10 كجم من دورميتال القياسي، 0.24 كجم من مُميِّع دورميتال، 0.5 لتر من دورميتال الخاص",MM,0,~,KIT,WELDING EQUIP,,MIN_MAX,RS-GUPCO,
103322,"PUMP, ROTARY HAND, FLOW RATE 10 GPM SERIES ""A""""BOS TER""   P/N  :   V110H","مضخة يدوية دوارة، معدل تدفق 10 جالون في الدقيقة، سلسلة ""أ"" ""بوس تير""، رقم القطعة: V110H",MM,0,V110H,EACH,AUTO SHOP EQUIP,,MIN_MAX,RS-GUPCO,02L10A
103380,"ROTARY HAND 1-1/4"" ""BLACKMER"" NO.BR-828-A MFG. BLACKMERE,USA","دوار يدوي 1-1/4 بوصة ""بلاكمير"" رقم BR-828-A صنع في شركة بلاكمير، الولايات المتحدة الأمريكية",MM,0,103380,EACH,AUTO SHOP EQUIP,,PLANNED_WO,RS-GUPCO,
103626,"AMMETER, # 180,P/N  :   S-7514-4","مقياس التيار الكهربائي، رقم 180، رقم القطعة: S-7514-4",MM,4912102,S-7514-4,EACH,WELDING EQUIP,,INSURANCE_SPARE,RS-GUPCO,02L26B (1)
112357,"PIPE, EXHAUST FLEXIBLE S.S. CORRUGATED TYPE 4 INC.  INSIDE DIA.20"" LENGTH","أنبوب عادم مرن من الفولاذ المقاوم للصدأ مموج من النوع 4، قطر داخلي 20 بوصة، طول",MM,0,,EACH,MARINE EQUIP,,INSURANCE_SPARE,RS-GUPCO,02L44E(1)
103461,"GUN, STEERING GEAR 12 OZ CAPACITY ""LINCOLN"" MOD. N O. 615 OR EQUAV.","بندقية، جهاز توجيه سعة 12 أونصة ""لينكولن"" موديل رقم 615 أو ما يعادله.",MM,0,,EACH,AUTO SHOP EQUIP,,OBSOLETE,RS-GUPCO,02K21D (1)
103462,"GUN, GREASE,""CAMERON ""P.NO. 19873-1---","مسدس، شحم، كاميرون، رقم القطعة 19873-1",MM,0,19873-1,EACH,AUTO SHOP EQUIP,,PLANNED_WO,RS-GUPCO,
103465,"MOTOR, OIL PUMP MODEL 9669-4                       FOR ""ALEMIT""PUMP, AIR OPERATED HIGH PRESSURE       MFG. ALEMITE","محرك، مضخة زيت طراز 9669-4 لمضخة ""أليميت""، تعمل بالهواء المضغوط، عالية الضغط، من إنتاج شركة أليميت.",MM,4701102,9969-B,EACH,AUTO SHOP EQUIP,,MIN_MAX,RS-GUPCO,
103466,"ADJUSTOSHOT,P/N : 8320.3 , old P/N  was : 7421-A","ADJUSTOSHOT، رقم القطعة: 8320.3، رقم القطعة القديم: 7421-A",MM,4701102,8320.3,EACH,AUTO SHOP EQUIP,,PLANNED_WO,RS-GUPCO,
103468,"HOSE, HIGH PRESSURE 40 FT,P/N  :   317875-40","خرطوم ضغط عالٍ بطول 40 قدمًا، رقم القطعة: 317875-40",MM,4701102,317875-40,EACH,AUTO SHOP EQUIP,,MIN_MAX,RS-GUPCO,
103324,"HOSE, WITH COUPLING ""ALEMITE"" HOSE # 317850-1 COUP LING # 308730,P/N  :   6703-A","خرطوم مع وصلة ""أليميت"" رقم الخرطوم 317850-1، رقم الوصلة 308730، رقم القطعة: 6703-A",MM,0,6703-A,EACH,AUTO SHOP EQUIP,,MIN_MAX,RS-GUPCO,03G25G
103325,"COUPLING, AIR QUICK DETACH, P/N 308730, MFG: ALEMITE, USA.","اقتران، فصل سريع للهواء، رقم القطعة 308730، MFG: ALEMITE، الولايات المتحدة الأمريكية.",MM,0,308730-A,EACH,AUTO SHOP EQUIP,,MIN_MAX,RS-GUPCO,02L10B
103337,"BRUSH, WIRE CUP 6"" (0.020"" CRIMPED) BLACK & DECKER",فرشاة سلكية كوبية 6 بوصات (0.020 بوصة مجعدة) بلاك آند ديكر,MM,0,12398,EACH,AUTO SHOP EQUIP,,MIN_MAX,RS-GUPCO,
103544,"REGULATOR FOR PICK-UP 5.71, 4.31 MODEL             ""TNBI B SIC CERT.41997""","منظم ضغط لشاحنة بيك أب 5.71، 4.31 موديل ""TNBI B SIC CERT.41997""",PU,4912104,E-5-314250,EACH,WELDING EQUIP,,SURPLUS,RS-GUPCO,02CA12 (1)
115937,"INDICATOR, RESTRICTION, AIR CLEANER","مؤشر، تقييد، منقي هواء",MM,6923108,153789,EACH,ENGINE USA,,PLANNED_WO,RS-GUPCO,02Q41G (1)
115939,"WASHER, VALVE SPRING","غسالة، زنبرك الصمام",MM,6923108,153883A,EACH,ENGINE USA,,PLANNED_WO,RS-GUPCO,02Q02B (1)
115940,"RETAINER, VALVE SPRING","مثبت، زنبرك الصمام",MM,6923108,153884D,EACH,ENGINE USA,,INSURANCE_SPARE,RS-GUPCO,02/P25
116481,"REGULATOR, OIL LEVEL PEN",منظم مستوى الزيت,MM,6923106,,EACH,ENGINE USA,,INSURANCE_SPARE,RS-GUPCO,
115943,"ARM, ROCKER-INTAKE ACTUATOR","ذراع، مشغل مدخل الهواء",MM,6923106,AF153892F,EACH,ENGINE USA,,PLANNED_WO,RS-GUPCO,
115944,"GASKET, VALVE ROCKE ARM COVER .","الحشية، غطاء ذراع الصمام الصخري.",MM,6923108,153894D,EACH,ENGINE USA,,MIN_MAX,RS-GUPCO,02P23A
115946,"GASKET, EXHAUST MANIFOLD",حشية مشعب العادم,MM,6923108,153896G,EACH,ENGINE USA,,MIN_MAX,RS-GUPCO,02P23
112355,"DISK CLUTCH,BRAKE UNIT                             DRAWING NO:A3/0091A",رسم تخطيطي لوحدة القابض القرصي والفرامل رقم: A3/0091A,MM,5322104,,EACH,MARINE EQUIP,,INSURANCE_SPARE,RS-GUPCO,02/L-44F
112352,"TRANSMITTER,","جهاز الإرسال،",MM,5322100,552J0965,EACH,MARINE EQUIP,,INSURANCE_SPARE,RS-GUPCO,02L44C
112353,"WIRE,LOWER CONTROL P.V.C. DRAWING NO:95_2809_000-- --PRICE IS PER ONE FOOT OF 1/8"" PVC COATED LINE,P/ N.BK0260","سلك تحكم سفلي من مادة PVC، رقم الرسم: 95_2809_000 -- -- السعر للقدم الواحدة من خط مطلي بمادة PVC مقاس 1/8 بوصة، رقم القطعة: BK0260",MM,5322104,,REEL,MARINE EQUIP,,PLANNED_WO,RS-GUPCO,
103436,"DISC, P/N 063803, MFG: BLACKMER, USA, (DISCS MADE IN CHINA WILL NOT BE ACCEPTED).","قرص، رقم القطعة 063803، الشركة المصنعة: بلاكمر، الولايات المتحدة الأمريكية، (لن يتم قبول الأقراص المصنوعة في الصين).",PU,4704104,63803,EACH,AUTO SHOP EQUIP,,PLANNED_WO,RS-GUPCO,
103437,"CYLINDER,P/N  :   023801","أسطوانة، رقم القطعة: 023801",PU,4704104,23801,EACH,AUTO SHOP EQUIP,,PLANNED_WO,RS-GUPCO,
103439,"VANE,P/N  :   091419","VANE، رقم القطعة: 091419",PU,4704104,91419,EACH,AUTO SHOP EQUIP,,PLANNED_WO,RS-GUPCO,
103444,"MECHANICAL SEAL, JOHN CRANE NO. 9  P/N. 333104","مانع تسرب ميكانيكي، جون كرين رقم 9، رقم القطعة 333104",PU,4704103,333104,EACH,AUTO SHOP EQUIP,,INSURANCE_SPARE,RS-GUPCO,
103448,"COUPLING, BETWEEN GEAR BOX & PUMP AL150 1 X 1.3/8""",وصلة بين علبة التروس والمضخة AL150 1 × 1.3/8 بوصة,PU,4704104,D5016,EACH,AUTO SHOP EQUIP,,INSURANCE_SPARE,RS-GUPCO,02K21B (1)
103449,"ENGINE, CLEANING/AIR SPRAY GUN MOD.140B,14 CFM @50  10"" NOZZLE W/1/4"" NPT MALE AIR CONN W/TUBING TO S IPHON FLUID FROM C","محرك، مسدس رش تنظيف/هواء موديل 140B، 14 قدم مكعب في الدقيقة عند 50 درجة فهرنهايت، فوهة 10 بوصات مع وصلة هواء ذكر NPT 1/4 بوصة مع أنبوب لسحب السائل من المحرك.",MM,0,6530-00000-1,EACH,AUTO SHOP EQUIP,,PLANNED_WO,RS-GUPCO,
112356,"SEAL DOOR COMPLETE WITH MATERIAL FOT INSTALLATION  ,PN : Z450020","مانع تسرب الباب كامل مع مواد التركيب، رقم القطعة: Z450020",MM,5314100,Z450020,METER,MARINE EQUIP,,INSURANCE_SPARE,RS-GUPCO,03G17B (1)
112365,"LIGHT, SEARCH ZEEKRO 170-W, 24 V. WITH SPARE 12 LA MP 24VOLT MATCHED WITH THIS DIMATION P/N  :   9975 860","مصباح كشاف زيكرو 170 واط، 24 فولت، مع بطارية احتياطية 12 أمبير 24 فولت متوافقة مع هذا المصباح (رقم القطعة: 9975860)",MM,5304102,9975860,EACH,MARINE EQUIP,,INSURANCE_SPARE,RS-GUPCO,02L46H (1)
115665,GASKET KIT COMPLETE ( BOTTOM GASKET KIT NO.        900-1028 & TOP GASKET KIT NO. 979-250 ),طقم حشيات كامل (طقم الحشية السفلية رقم 900-1028 وطقم الحشية العلوية رقم 979-250),MM,6923122,G-979-265,SET,ENGINE USA,,INSURANCE_SPARE,RS-GUPCO,
115668,"BASE, GASKET  SET","قاعدة، مجموعة حشيات",MM,6923106,G-900-1025,EACH,ENGINE USA,,INSURANCE_SPARE,RS-GUPCO,02P47A (1)
115669,"KIT, SINGLE PISTON RING","طقم، حلقة مكبس واحدة",MM,6923108,G-907-146,EACH,ENGINE USA,,PLANNED_WO,RS-GUPCO,
115670,"KIT, RING, SINGLE PISTON SUPPERCEDED BY: G-907-147","طقم، حلقة، مكبس واحد، تم استبداله بـ: G-907-147",MM,6923106,G-907-147,EACH,ENGINE USA,,MIN_MAX,RS-GUPCO,02P43B
116180,"SPRING, VALVE, OUTER, CYLINDER HEAD GROUP (OLD P/N  204135)","زنبرك، صمام، خارجي، مجموعة رأس الأسطوانة (رقم القطعة القديم 204135)",MM,6923108,204135A,EACH,ENGINE USA,,PLANNED_WO,RS-GUPCO,02Q21D (1)
116181,"VALVE, INTAKE  30 DEG.","صمام، مدخل 30 درجة.",MM,6923106,204236K,EACH,ENGINE USA,,PLANNED_WO,RS-GUPCO,02Q17A (1)
115969,ACTUATOR ROD,قضيب التشغيل,MM,6923116,A163594B,EACH,ENGINE USA,,INSURANCE_SPARE,RS-GUPCO,
116112,"TUBE, OIL L.B. TURBOCHARGER OIL DRAIN",أنبوب تصريف زيت الشاحن التوربيني LB,MM,6923106,176246,EACH,ENGINE USA,,INSURANCE_SPARE,RS-GUPCO,02P09
116114,"INSERT, VALVE SEAT","إدخال، مقعد الصمام",MM,6923106,176352P,EACH,ENGINE USA,,PLANNED_WO,RS-GUPCO,02Q38D(1)
116116,"SEAL, VALVE STEM WHITE","مانع تسرب، ساق الصمام أبيض",MM,6923108,176450E,EACH,ENGINE USA,,INSURANCE_SPARE,RS-GUPCO,~
116093,"THERMOSTAT, 180 DEGREE","منظم حرارة، 180 درجة",MM,6923108,211887D,EACH,ENGINE USA,,MIN_MAX,RS-GUPCO,02Q13
116096,"JOINT, BALL-R.H.",مفصل كروي يمين,MM,6923114,199358D,EACH,ENGINE USA,,PLANNED_WO,RS-GUPCO,02Q30B(1)
116097,"BEARING, ROD END",محمل طرف القضيب,MM,6923106,208434E,EACH,ENGINE USA,,MIN_MAX,RS-GUPCO,02P13
115878,"WASHER, THRUST ,","غسالة، دفع،",MM,6923108,153044C,EACH,ENGINE USA,,INSURANCE_SPARE,RS-GUPCO,02P29H
115880,"GASKET, WATER PUMP COVER",حشية غطاء مضخة الماء,MM,6923108,153092B,EACH,ENGINE USA,,MIN_MAX,RS-GUPCO,02P29F
115908,"O-RING, OIL PAN DOOR ( P/NO. 153121 )","حلقة مانعة للتسرب، باب حوض الزيت (رقم القطعة 153121)",MM,6923108,153121A,EACH,ENGINE USA,,MIN_MAX,RS-GUPCO,
115909,"GASKET, CRANKCASE WATER INLET FLANGE","حشية، شفة مدخل ماء علبة المرافق",MM,6923106,153139C,EACH,ENGINE USA,,PLANNED_WO,RS-GUPCO,
115922,"TAPER, CRANKSHAFT PULLEY",بكرة عمود المرفق المخروطية,MM,6923106,153161B,EACH,ENGINE USA,,INSURANCE_SPARE,RS-GUPCO,
115923,"DISC, UINVERSAL JOINT","القرص، المفصل العالمي",MM,6923108,153272A,EACH,ENGINE USA,,INSURANCE_SPARE,RS-GUPCO,
115924,"GEAR, MAGNETO DRIVE- LARGE","ترس، محرك مغناطيسي - كبير",MM,6923108,153287,EACH,ENGINE USA,,PLANNED_WO,RS-GUPCO,
115928,"ROD END, R.H P/NO. 153512","طرف قضيب، يمين، رقم القطعة 153512",MM,6923125,208434F,EACH,ENGINE USA,,INSURANCE_SPARE,RS-GUPCO,
115931,"BRACKET,IDLER PULLY-ASSY,WATER PUMP","حامل، بكرة وسيطة، مضخة مياه",MM,6923108,C153645A,EACH,ENGINE USA,,MIN_MAX,RS-GUPCO,02P25A
115934,LIFTER HYD VALVE,صمام هيدروليكي رافع,MM,0,A153752U,EACH,ENGINE USA,,PLANNED_WO,RS-GUPCO,02Q61E (1)
115935,"ROD, PUSH","قضيب، ادفع",MM,6923108,A153754U,EACH,ENGINE USA,,MIN_MAX,RS-GUPCO,02P25C
116099,"ROD, GOVERNOR ASSY.","رود، جمعية الحاكم.",MM,6923106,AA209615C,EACH,ENGINE USA,,INSURANCE_SPARE,RS-GUPCO,01L04B
116101,"CONNECTION, EXHAUST-FELXIBLE REPLACED BY P/N. 1995 15G",تم استبدال وصلة العادم المرنة بالرقم 15G لعام 1995,MM,6923106,199515G,EACH,ENGINE USA,,INSURANCE_SPARE,RS-GUPCO,02/P13
115749,"SLEEVE, KIT SINGLE CYLINDER ,","غلاف، طقم أسطوانة واحدة،",MM,6923106,G-932-182,EACH,ENGINE USA,,INSURANCE_SPARE,RS-GUPCO,01C25C
115763,"GASKET, KIT HEAD",طقم حشية رأس المحرك,MM,6923106,G-977-49,EACH,ENGINE USA,,MIN_MAX,RS-GUPCO,
115764,"GASKET KIT, CYLINDER HEAD",طقم حشيات رأس الأسطوانة,MM,6923108,G-977-48,EACH,ENGINE USA,,MIN_MAX,RS-GUPCO,02P39B
115765,"GASKET,KIT SINGLE HEAD",طقم حشية رأس واحد,MM,6923114,977-53,EACH,ENGINE USA,,PLANNED_WO,RS-GUPCO,
115769,"HEAD SET, SUPPERECDED BY : G-979-266 ,","سماعة رأس، تم استبدالها بـ: G-979-266،",MM,6923106,G-979-266,EACH,ENGINE USA,,MIN_MAX,RS-GUPCO,02P39H
115770,"EXHAUST, MAX SILENCER SIZE 10"", INLET AND OUTLET   FLANGES, LENGTH 59"", DIA 26""                       S/NO G-37251","عادم، أقصى حجم كاتم صوت 10 بوصات، حواف المدخل والمخرج، الطول 59 بوصة، القطر 26 بوصة، الرقم التسلسلي G-37251",MM,6923120,MSA1-10,EACH,ENGINE USA,,INSURANCE_SPARE,RS-GUPCO,
116098,ADAPTER MAGNETO ASSEMLY,مجموعة محول المغناطيس,MM,0,E199390C,EACH,ENGINE USA,,MIN_MAX,RS-GUPCO,
115894,"RING, PACKING-CYL. SLEEVE                          (UPPER AND MIDDLE GROOVES)","حلقة، غلاف أسطوانة التعبئة (الأخاديد العلوية والوسطى)",MM,6923108,119396D,EACH,ENGINE USA,,MIN_MAX,RS-GUPCO,03H30C (1)
115895,"RING, PACKING-CYL. SLEEVE (UPPER AND MIDDLE GROOVE S)","حلقة، غلاف أسطواني للحشو (الأخدود العلوي والأوسط)",MM,6923106,119397G,EACH,ENGINE USA,,MIN_MAX,RS-GUPCO,03H27C (1)
115901,"MUFFLER, EXHAUST MSA-2, SIZE 14""","كاتم صوت، عادم MSA-2، مقاس 14 بوصة",MM,6923126,,EACH,ENGINE USA,,INSURANCE_SPARE,RS-GUPCO,07YARD (1)
115902,"CONNECTOR, UNION","موصل، اتحاد",MM,6923117,199108A,EACH,ENGINE USA,,MIN_MAX,RS-GUPCO,
115905,"GASKET, TURBOCHARGER CONNECTOR",حشية موصل الشاحن التوربيني,MM,6923108,151011B,EACH,ENGINE USA,,INSURANCE_SPARE,RS-GUPCO,02Q65C (1)
115801,"LEAD, PRIMARY","قائد، أساسي",MM,6918202,RSI-2012L48,EACH,ENGINE USA,,SURPLUS,RS-GUPCO,02Q54F (1)
115747,"KIT, CAMSHAFT BUSHING",طقم جلبة عمود الكامات,MM,6923121,G-927-43,EACH,ENGINE USA,,INSURANCE_SPARE,RS-GUPCO,02P41C (1)
116125,"VALVE, CHECK, TURBO PRELUBE OIL SYSTEM","صمام، فحص، نظام تزييت التوربو المسبق",MM,6923116,177053,EACH,ENGINE USA,,MIN_MAX,RS-GUPCO,02P09G
116127,"STARTER, AIR","بادئ التشغيل، هواء",MM,6923116,209180E,EACH,ENGINE USA,,MIN_MAX,RS-GUPCO,01C23C
116136,"BEARING, ( W 2.3/16"" SHAFT @ 1/4""X 1/2"" KEYWAY) FO R COOLER MODEL 10913ESV-175-438-S, SER. NO. 120537","محمل (عمود بقطر 2.3/16 بوصة، مجرى مفتاح 1/4 × 1/2 بوصة) لمبرد موديل 10913ESV-175-438-S، الرقم التسلسلي 120537",MM,0,12268-001,EACH,ENGINE USA,,PLANNED_WO,RS-GUPCO,
116141,"TUBE, WATER BY PASS-UPPER","أنبوب، ماء جانبي علوي",MM,6923106,A194673,EACH,ENGINE USA,,INSURANCE_SPARE,RS-GUPCO,02Q29G (1)
116142,"CONNECTOR, FLEX .","موصل، مرن.",MM,6923117,194769G,EACH,ENGINE USA,,INSURANCE_SPARE,RS-GUPCO,
116143,"CONNECTOR, FLEX, OIL PRIMING PUMP GP.","موصل، مرن، مضخة تحضير الزيت GP.",MM,6923106,194769K,EACH,ENGINE USA,,INSURANCE_SPARE,RS-GUPCO,02P07C
116144,"LUBRICATOR, AIR STARTER FOR PRELUBE PUMP MOTOR","مُشحِّم، مُشغِّل هواء لمحرك مضخة التشحيم المسبق",MM,6923116,194840,EACH,ENGINE USA,,PLANNED_WO,RS-GUPCO,
116145,"LUBRICATOR, AIR STARTER","مُزَلِّق، مُشغِّل هوائي",MM,6923117,194840H,EACH,ENGINE USA,,PLANNED_WO,RS-GUPCO,
116020,"O-RING, 18.5X19X.25 P/N. 168922P ,  (SET=2 EA)","حلقة دائرية، 18.5 × 19 × 0.25، رقم القطعة 168922P، (مجموعة من قطعتين)",MM,6923123,168922P,EACH,ENGINE USA,,INSURANCE_SPARE,RS-GUPCO,
116405,HALL-EFFECT PICK-UP,التقاط تأثير هول,MM,3601100,791050-2,EACH,ENGINE USA,,MIN_MAX,RS-GUPCO,02Q18D
116150,"PISTON, 8-1/2 DIA. (8.25 TO 1 COMPRESSION RATIO)","مكبس، قطر 8-1/2 بوصة (نسبة ضغط 8.25 إلى 1)",MM,6923108,205204X,EACH,ENGINE USA,,INSURANCE_SPARE,RS-GUPCO,01C23B
116152,"PISTON, 9-3/8"" DIA. (8 TO 1 COMPRESSION RATIO)","مكبس، قطره 9-3/8 بوصة (نسبة الضغط 8 إلى 1)",MM,6923106,205504P,EACH,ENGINE USA,,INSURANCE_SPARE,RS-GUPCO,01C13H (1)
116153,"ROD, CONNECTING ASM","قضيب، مجموعة التوصيل",MM,6923117,A205407H,EACH,ENGINE USA,,INSURANCE_SPARE,RS-GUPCO,01C19H
116155,"TUBE, INJECTION TO OVERLOW HEADER","أنبوب، حقن إلى رأس التغذية",MM,6923114,153978,EACH,ENGINE USA,,INSURANCE_SPARE,RS-GUPCO,01M02E
115804,"LEAD, SPYDER","الرصاص، العنكبوت",MM,6918202,RSI-T6L16,EACH,ENGINE USA,,INSURANCE_SPARE,RS-GUPCO,02Q54F (1)
115805,"RAIL, ASSY. R.B.","سكة حديدية، مجموعة RB",MM,3601100,RSI-0269,EACH,ENGINE USA,,INSURANCE_SPARE,RS-GUPCO,01M02C (1)
115785,"CRANK SHAFT & CRANK SHAFT BEARING,KIT","عمود المرفق ومحمل عمود المرفق، طقم",MM,6923116,A200411E,EACH,ENGINE USA,,INSURANCE_SPARE,RS-GUPCO,01C27H
115793,"GASKET, INLET FLANGE","حشية، شفة المدخل",MM,6923116,B2694,EACH,ENGINE USA,,INSURANCE_SPARE,RS-GUPCO,02P27F
115794,"GASKET, WATER INLET PIPE",حشية أنبوب مدخل الماء,MM,6923108,214307,EACH,ENGINE USA,,PLANNED_WO,RS-GUPCO,
116188,"MANIFOLD,","مشعب،",MM,6923116,A204542E,EACH,ENGINE USA,,INSURANCE_SPARE,RS-GUPCO,01C21A
116190,"Cylinder Head Assembly Engine Model:L7042G Natural Aspirated, P/No: DA204702R Waukesha  GENUINE PART , MADE IN USA, DO N","مجموعة رأس الأسطوانة، طراز المحرك: L7042G، سحب طبيعي، رقم القطعة: DA204702R، قطعة أصلية من شركة Waukesha، صنع في الولايات المتحدة الأمريكية.",MM,6923122,DA204702R,EACH,ENGINE USA,,MIN_MAX,RS-GUPCO,01C13H
116191,"CAMSHAFT,","عمود الحدبات،",MM,6923106,AA204923F,EACH,ENGINE USA,,INSURANCE_SPARE,RS-GUPCO,01C25H
116192,"BEARING, CONNECTING ROD ASSY. P/N: A205210",مجموعة محمل وذراع توصيل. رقم القطعة: A205210,MM,6923121,A205210,EACH,ENGINE USA,,MIN_MAX,RS-GUPCO,
116193,"BEARING, CONNECTING ROD ASSEMBLY",مجموعة المحمل وذراع التوصيل,MM,6923121,A205210B,EACH,ENGINE USA,,INSURANCE_SPARE,RS-GUPCO,02Q19A (1)
115786,"dont reorder till update description , CAP, RADIATOR","لا تعيد الطلب حتى يتم تحديث الوصف، غطاء، مشعاع",MM,6923106,AAX0839,EACH,ENGINE USA,,PLANNED_WO,RS-GUPCO,02P27C (1)
116195,"SLEEVE, CYLINDER","غلاف، أسطوانة",MM,6923106,205130S,EACH,ENGINE USA,,INSURANCE_SPARE,RS-GUPCO,01C13H (1)
116199,"PUMP, WATER ASSEMBLY consists of : Water Pump # G205060A + Cover water pump # 200161B",تتكون مجموعة مضخة المياه من: مضخة مياه رقم G205060A + غطاء مضخة المياه رقم 200161B,MM,6923114,G-962-1072,EACH,ENGINE USA,,MIN_MAX,RS-GUPCO,01C11H
115806,"RAIL, ASSY. L.B.","سكة حديدية، مجموعة. رطل",MM,3601100,RSI-0270,EACH,ENGINE USA,,INSURANCE_SPARE,RS-GUPCO,01M02B (1)
115815,"SPYDER LEAD,","قائد سبايدر،",MM,6918204,RSI-T6L30,EACH,ENGINE USA,,SURPLUS,RS-GUPCO,02Q56D (1)
115816,"SPYDER LEAD,","قائد سبايدر،",MM,6918204,RSI-T6L41,EACH,ENGINE USA,,SURPLUS,RS-GUPCO,02Q56D (1)
115817,"LEAD, SPYDER","الرصاص، العنكبوت",MM,6918204,RSI-T6L66,EACH,ENGINE USA,,SURPLUS,RS-GUPCO,02Q56D (1)
115818,"LEAD, SPYDER","الرصاص، العنكبوت",MM,6918204,RSI-T6L75,EACH,ENGINE USA,,SURPLUS,RS-GUPCO,02Q56E (1)
115819,"LEAD, R. RAIL","الرصاص، سكة حديد",MM,6918202,RSI-22866,EACH,ENGINE USA,,INSURANCE_SPARE,RS-GUPCO,02P21C (1)
115820,"LEAD, SHIELDED , FOR  16 CYL.  MAGNETO","رصاص، محمي، لمغناطيس 16 أسطوانة",MM,3601100,393021-1,EACH,ENGINE USA,,INSURANCE_SPARE,RS-GUPCO,02P33A
115821,"LEAD, L.B. REAL","ليد، إل بي ريال",MM,6918202,RSI-22878,EACH,ENGINE USA,,INSURANCE_SPARE,RS-GUPCO,02Q56H (1)
115781,"FIRE, SAFE OIL LEVEL CONTROLLER KENCO-TULSA        MODEL LCE 17FS WITH MICRO SWITCH",جهاز تحكم آمن في مستوى الزيت من نوع كينكو-تولسا طراز LCE 17FS مزود بمفتاح صغير,MM,6923111,KLCE-17-FS,EACH,ENGINE USA,,MIN_MAX,RS-GUPCO,
115826,"SHIELDED, IGNITION SYSTEM WAUKSHA L7042G/L5108     (FLANGE)                                           MAGNETO P/N:12A33H","نظام إشعال محمي، WAUKSHA L7042G/L5108 (فلنجة) مغناطيس رقم القطعة: 12A33H",MM,6923106,,KIT,ENGINE USA,,PLANNED_WO,RS-GUPCO,
116210,"GASKET, ELBOW",حشية الكوع,MM,6923117,207827B,EACH,ENGINE USA,,PLANNED_WO,RS-GUPCO,
116211,"FLANGE, EXHAUST BY-PASS","شفة، وصلة جانبية للعادم",MM,6923116,207828B,EACH,ENGINE USA,,PLANNED_WO,RS-GUPCO,
115797,"BEARING, IDLER ASSEMBLY (1.7/16"" SHAFT @ 3/16""X 3/8"" KEYWAY, TWO BEARING  P/NO 5923 & PLATE ) , FOR COOLER MODEL 10913ES","مجموعة محمل، بكرة وسيطة (عمود 1.7/16 بوصة @ مجرى مفتاح 3/16 بوصة × 3/8 بوصة، محملان رقم القطعة 5923 ولوحة)، لمبرد موديل 10913ES",MM,0,5923,EACH,ENGINE USA,,PLANNED_WO,RS-GUPCO,
115773,"CABLE, TRANSFORMER SERIES 3000 SHIELDED, ALTRONUC COMPANY, DO NOT SUBSTITUTE.","كابل، محول سلسلة 3000 محمي، شركة ألترونك، لا تستبدله.",MM,3601100,RSI-RIB24,EACH,ENGINE USA,,INSURANCE_SPARE,RS-GUPCO,
103407,"SEAL, MECH. COMP. (FOR KEROSINE FUEL) # 153,P/N. 3 31430----PT.NO.331602","مانع تسرب، مجموعة ميكانيكية (لوقود الكيروسين) رقم 153، رقم القطعة 3 31430---- رقم القطعة 331602",PU,4723204,331602,EACH,AUTO SHOP EQUIP,,SURPLUS,RS-GUPCO,02K-17E (1)
116215,ELBOW RUBBER.,مطاط الكوع.,MM,6923121,207929A,EACH,ENGINE USA,,INSURANCE_SPARE,RS-GUPCO,03H27G (1)
115970,"COUPLING,","اقتران،",MM,6923122,163721B,EACH,ENGINE USA,,PLANNED_WO,RS-GUPCO,
115972,"HOSE,","خرطوم،",MM,6923122,A164494K,EACH,ENGINE USA,,INSURANCE_SPARE,RS-GUPCO,03H27D (1)
115973,"HOSE,","خرطوم،",MM,6923122,A164494 Y,EACH,ENGINE USA,,INSURANCE_SPARE,RS-GUPCO,03H27A
115975,"CONNECTOR, FLEX","موصل، مرن",MM,6923114,164922T,EACH,ENGINE USA,,INSURANCE_SPARE,RS-GUPCO,02Q10D (1)
115798,"CONNECTION, HOSE 2"" I.D.X 4-1/2""",وصلة خرطوم بقطر داخلي 2 بوصة وطول 4.5 بوصة,MM,6923108,Y6174,EACH,ENGINE USA,,INSURANCE_SPARE,RS-GUPCO,03H30B (1)
116452,"VALVE, AIR GAS ASSY.","صمام، مجموعة غاز الهواء.",MM,6923106,499250,EACH,ENGINE USA,,MIN_MAX,RS-GUPCO,02R18A (1)
116453,"DIAPHRAGM,","غشاء،",MM,6923108,499251,EACH,ENGINE USA,,MIN_MAX,RS-GUPCO,03H27
116454,"HOLDER, DISC ASSY.","حامل، مجموعة القرص.",MM,6923108,IC7831,EACH,ENGINE USA,,PLANNED_WO,RS-GUPCO,
103364,"BRUSH,P/N  :   131602-00","فرشاة، رقم القطعة: 131602-00",MM,4700001,131602-00,EACH,AUTO SHOP EQUIP,,INSURANCE_SPARE,RS-GUPCO,02K19B (1)
115745,MAIN BEARING KIT,طقم محامل رئيسية,MM,6923121,G-918-344,EACH,ENGINE USA,,INSURANCE_SPARE,RS-GUPCO,
116456,"GASKET, 3"" I.D., FOR DRESSER","حشية، قطر داخلي 3 بوصات، لخزانة الملابس",MM,6923108,499805,EACH,ENGINE USA,,INSURANCE_SPARE,RS-GUPCO,
116457,COMPRESSION TEST TYPE DIESEL TOOL NO 499940,أداة اختبار الضغط من نوع ديزل رقم 499940,MM,0,474035,EACH,ENGINE USA,,INSURANCE_SPARE,RS-GUPCO,03H27G
116172,"GUIDE, VALVE, EXHAUST (OLD P/N 204009X  AND P/N 20 4009F)","دليل، صمام، عادم (رقم القطعة القديم 204009X ورقم القطعة 204009F)",MM,6923108,204109T,EACH,ENGINE USA,,PLANNED_WO,RS-GUPCO,02Q50C(1)
116173,"SPRING, VALVE, INNER, CYLINDER HEAD GROUP (OLD P/N  20435)","زنبرك، صمام، داخلي، مجموعة رأس الأسطوانة (رقم القطعة القديم 20435)",MM,6923108,204035A,EACH,ENGINE USA,,INSURANCE_SPARE,RS-GUPCO,02Q21B (1)
116176,"VALVE, BUTTERFLY ASSY., L.B.","صمام، مجموعة فراشة، رطل",MM,6923122,E204072,EACH,ENGINE USA,,MIN_MAX,RS-GUPCO,02P03F
116177,"VALVE, BUTTERFLY ASSY. R.B. ,","صمام، مجموعة الفراشة RB،",MM,6923106,A204072B,EACH,ENGINE USA,,MIN_MAX,RS-GUPCO,
116179,"GUIDE, VALVE INTAKE NATURALLY ASPIRATED WITH","دليل، صمام سحب الهواء الطبيعي مع",MM,6923106,204209,EACH,ENGINE USA,,PLANNED_WO,RS-GUPCO,02Q52C (1)
116117,"GASKET, THERMOSTAT HOUSING TO EXHAUST MANIFOLD","حشية، غطاء منظم الحرارة إلى مشعب العادم",MM,6923108,176586,EACH,ENGINE USA,,PLANNED_WO,RS-GUPCO,02P09E
116118,"GASKET, THERMOSTAT HOUSING TO WATER MANIFOLD","حشية، غطاء منظم الحرارة إلى مشعب الماء",MM,6923108,176587,EACH,ENGINE USA,,PLANNED_WO,RS-GUPCO,02Q40B (1)
116124,"RING, SEAL SQURE CUT (USE WITH LARGE WATER INLET A ND/OR OUTLET)","حلقة، مانع تسرب ذو قطع مربع (يستخدم مع مدخل و/أو مخرج مياه كبير)",MM,6923106,176883F,EACH,ENGINE USA,,MIN_MAX,RS-GUPCO,03H28H
115779,"DIAPHRAGM, IMPCO","غشاء، إمبكو",MM,6923106,499222,EACH,ENGINE USA,,MIN_MAX,RS-GUPCO,03H30B
116102,"CONNECTION, EXHAUST","اتصال، عادم",MM,6923122,199516J,EACH,ENGINE USA,,INSURANCE_SPARE,RS-GUPCO,
115949,AIR ACTUATOR ASSEMPLE,مجموعة مشغل الهواء,MM,6923128,C155553C,EACH,ENGINE USA,,INSURANCE_SPARE,RS-GUPCO,
116105,"RING, INSULATING, EXH. MANIFOLD GP.","حلقة عازلة، مشعب عادم GP.",MM,6923106,199942,EACH,ENGINE USA,,MIN_MAX,RS-GUPCO,02P09A
116147,"STRIP, INSULATION",شريط عازل,MM,6923108,199942A,EACH,ENGINE USA,,MIN_MAX,RS-GUPCO,02P07E
116148,"GEAR, CRANKSHAFT SUPPERCEDED BY : 200012J",تم استبدال ترس عمود المرفق بالرقم: 200012J,MM,6923106,200012K,EACH,ENGINE USA,,INSURANCE_SPARE,RS-GUPCO,02P07H
116162,"BEARING , CAMSHAFT-FRONT ( UPPER OR LOWER HALF)",محمل عمود الكامات - أمامي (النصف العلوي أو السفلي),MM,6923108,200027B,EACH,ENGINE USA,,INSURANCE_SPARE,RS-GUPCO,02P05C
116163,"BEARING , CAMSHAFT-CENTER , INTERMEDIATE & REAR    (UPPER OR LOWER HALF)","محمل، عمود الكامات - المركز، المتوسط والخلفي (النصف العلوي أو السفلي)",MM,6923108,200050B,EACH,ENGINE USA,,INSURANCE_SPARE,RS-GUPCO,02Q46H (1)
116165,"PUMP, ASSY. OIL (STANDARD ROTATION)","مضخة، مجموعة زيت (دوران قياسي)",MM,6923106,G-962-403,EACH,ENGINE USA,,INSURANCE_SPARE,RS-GUPCO,01C23B
116170,"PUMP, ASSY. WATER (STD. ROTATION)","مضخة، مجموعة الماء (دوران قياسي)",MM,6923106,G-962-1070,EACH,ENGINE USA,,MIN_MAX,RS-GUPCO,01C21H
115891,"GASKET, EXHAUST CONNECTON NATURALLY / ASPIRTED",حشية وصلة العادم (عادم طبيعي/مروحي),MM,6929015,118878D,EACH,ENGINE USA,,UNDER_CLASSIFICATION,RS-GUPCO,
115893,"GASKET, BUTTERFLY VALVE HOUSING .","حشية، غطاء صمام الفراشة.",MM,6923108,119035E,EACH,ENGINE USA,,PLANNED_WO,RS-GUPCO,
115978,"VENTURI-UPPER, AIR CLEANER,",جهاز تنقية الهواء العلوي من نوع فنتوري,MM,6923116,166415,EACH,ENGINE USA,,PLANNED_WO,RS-GUPCO,
115979,"VENTURI-LOWER, AIR CLEANER","فينتوري السفلي، منقي هواء",MM,6923116,166416,EACH,ENGINE USA,,PLANNED_WO,RS-GUPCO,
116227,"PUMP, PRELUBE","المضخة، التشحيم المسبق",MM,6923108,208478,EACH,ENGINE USA,,MIN_MAX,RS-GUPCO,
115980,"BODY, VENTURI, AIR CLEANER","جسم، فنتوري، منقي هواء",MM,6923116,A166417,EACH,ENGINE USA,,PLANNED_WO,RS-GUPCO,
115981,"O-RING, INTERMEDIATE AND LOWER","حلقة دائرية، متوسطة وسفلية",MM,6923108,211196,EACH,ENGINE USA,,PLANNED_WO,RS-GUPCO,03H28H (1)
115985,"TUBE, LOWER BYPASS","أنبوب، تحويلة سفلية",MM,6923117,C167396,EACH,ENGINE USA,,MIN_MAX,RS-GUPCO,02P17
115987,"GASKET, BY PASS ELBOW","حشية، كوع جانبي",MM,6923108,167409A,EACH,ENGINE USA,,PLANNED_WO,RS-GUPCO,02Q12F (1)
115991,"HOSE, FLEX-INTERCOOLER TO OIL COOLER",خرطوم مرن من المبرد البيني إلى مبرد الزيت,MM,6923106,D169886,EACH,ENGINE USA,,MIN_MAX,RS-GUPCO,03P05H
115968,"RETAINER, BALL BEARING","حامل، محمل كروي",MM,6923122,161842,EACH,ENGINE USA,,INSURANCE_SPARE,RS-GUPCO,02Q35C (1)
115992,"MANIFOLD, PILOT BETWEEN OUTER SECTIONS","مشعب، دليل بين الأجزاء الخارجية",MM,6923108,168055,EACH,ENGINE USA,,MIN_MAX,RS-GUPCO,02P17D
115993,"PILOT, MANIFOLD BETWEEN CENTER SECTIONS","دليل، مشعب بين الأقسام المركزية",MM,6923108,168055a,EACH,ENGINE USA,,MIN_MAX,RS-GUPCO,02P17D
115994,"PUMP, WATER AUXILARY","مضخة، مساعدة المياه",MM,6923114,169561H,EACH,ENGINE USA,,INSURANCE_SPARE,RS-GUPCO,02Q14C(1)
115960,"GEAR, GOVERNOR DRIVE-ASSY.","مجموعة التروس، مجموعة محرك منظم السرعة.",MM,6923108,A168339C,EACH,ENGINE USA,,INSURANCE_SPARE,RS-GUPCO,02P21E
115961,"COUPLING, V-BAND, TURBOCHARGER GROUP","وصلة، نطاق V، مجموعة الشاحن التوربيني",MM,6923108,168334E,EACH,ENGINE USA,,INSURANCE_SPARE,RS-GUPCO,02Q06G(1)
113912,"HOSE, HIGH PRESS 1/4"" X 140""  P/N  :   487092","خرطوم ضغط عالٍ 1/4 بوصة × 140 بوصة، رقم القطعة: 487092",MM,6401206,487092,EACH,CRANES,,PLANNED_WO,RS-GUPCO,
115867,"TAPER, VALVE SPRING ,","مخروطي، زنبرك الصمام،",MM,6923108,73629A,EACH,ENGINE USA,,PLANNED_WO,RS-GUPCO,
115778,"LEAD, CROSSOVER","قائد، كروس أوفر",MM,6918202,RSI-0089CS,EACH,ENGINE USA,,SURPLUS,RS-GUPCO,02Q46G (1)
116028,"RING, PACKING-CYL. SLEEVE-TEFLON (LOWER GROOVE)","حلقة، غلاف أسطواني للحشو - تفلون (الأخدود السفلي)",MM,6923106,119397E,EACH,ENGINE USA,,MIN_MAX,RS-GUPCO,03H27A
116029,"RING, PACKING-CYL. SLEEVE-TEFLON (LOWER GROOVE)","حلقة، غلاف أسطواني للحشو - تفلون (الأخدود السفلي)",MM,6923108,119396B,EACH,ENGINE USA,,MIN_MAX,RS-GUPCO,03H27E (1)
116031,"ADAPTER, TURBOCHARGED CARBURETOR","محول، مكربن مزود بشاحن توربيني",MM,6923116,169569,EACH,ENGINE USA,,INSURANCE_SPARE,RS-GUPCO,02Q45F (1)
116038,"GAUGE, WATER TEMP. AND SAFTY SWITCH",مقياس درجة حرارة الماء ومفتاح الأمان,MM,6923106,169741,EACH,ENGINE USA,,MIN_MAX,RS-GUPCO,02P13C
116039,"GAUGE, OIL PRESSURE AND SAFETY SWITCH",مقياس ضغط الزيت ومفتاح الأمان,MM,6923108,169742,EACH,ENGINE USA,,MIN_MAX,RS-GUPCO,02P13D
116321,"PUMP, FEED","مضخة، تغذية",MM,6923112,269342,EACH,ENGINE USA,,INSURANCE_SPARE,RS-GUPCO,02R20D (1)
116462,"SOLENOID, SWITCH","الملف اللولبي، المفتاح",MM,6923112,210995-7,EACH,ENGINE USA,,OBSOLETE,RS-GUPCO,02R04B (1)
116182,"VALVE, EXHAUST",صمام العادم,MM,6923108,204236N,EACH,ENGINE USA,,PLANNED_WO,RS-GUPCO,02Q21E (1)
116184,"SLEEVE, CYL. (CURRENT-WIDE FLANGE)","غلاف، أسطواني (شفة عريضة حالية)",MM,6923108,204230U,EACH,ENGINE USA,,PLANNED_WO,RS-GUPCO,
116185,"MANIFOLD, INTAKE",مشعب السحب,MM,6923117,204241P,EACH,ENGINE USA,,INSURANCE_SPARE,RS-GUPCO,01C23H
116186,"MANIFOLD, EXHAUST- SINGLE SECTION (A204342M) * OLD  P/N. A204342M",مشعب عادم - قسم واحد (A204342M) * رقم القطعة القديم: A204342M,MM,6923108,A204342X,EACH,ENGINE USA,,MIN_MAX,RS-GUPCO,01C17H
116187,"MANIFOLD, EXHAUST NO. 6 R.B. CYLINDER-TURBOCHARGE D","مشعب العادم رقم 6، أسطوانة RB - شاحن توربيني D",MM,6923116,A204442E,EACH,ENGINE USA,,INSURANCE_SPARE,RS-GUPCO,01C21A
116027,"BREATHER, AIR CLEANER Part no. 161541A","جهاز تنفس، منقي هواء، رقم القطعة 161541A",MM,6923108,161541F,EACH,ENGINE USA,,MIN_MAX,RS-GUPCO,
116157,PUMP WATER AUX.,مضخة مياه إضافية,MM,6923122,207482R,EACH,ENGINE USA,,INSURANCE_SPARE,RS-GUPCO,02/P07F
116158,"CONNECTION, FLEXIBLE-OIL COOLER TO OIL FILTER",وصلة مرنة بين مبرد الزيت وفلتر الزيت,MM,6923106,207534,EACH,ENGINE USA,,INSURANCE_SPARE,RS-GUPCO,
116159,CONNECTION FLEX OIL HEADER TO OIL FILTER,وصلة مرنة بين رأس الزيت وفلتر الزيت,MM,6923121,207535C,EACH,ENGINE USA,,INSURANCE_SPARE,RS-GUPCO,02P05A
116200,"ELBOW, EXHAUST                                     SUPERCEDED BY: P/N.  207804L",تم استبدال كوع العادم بالقطعة رقم: 207804L,MM,6923122,207804B,EACH,ENGINE USA,,INSURANCE_SPARE,RS-GUPCO,02Q15A (1)
116202,"EXHAUST , BY PASS ASSY.","نظام العادم، مجموعة التجاوز.",MM,6923122,194678G,EACH,ENGINE USA,,INSURANCE_SPARE,RS-GUPCO,02Q15B (1)
116204,"GASKET, TURBOCHARGER INLET",حشية مدخل الشاحن التوربيني,MM,6923117,207806B,EACH,ENGINE USA,,INSURANCE_SPARE,RS-GUPCO,02/Q08C
116205,"TUBE,","أنبوب،",MM,6923122,207803L,EACH,ENGINE USA,,INSURANCE_SPARE,RS-GUPCO,02Q08P
116206,"CONNECTOR, TURBOCHARGER INLET R.B OLD P/N 207822",موصل مدخل الشاحن التوربيني RB OLD P/N 207822,MM,6923116,207822M,EACH,ENGINE USA,,PLANNED_WO,RS-GUPCO,
116207,"CONNECTOR, TURBOCHARGER INLET L.B.",موصل مدخل الشاحن التوربيني LB,MM,6923116,207823M,EACH,ENGINE USA,,PLANNED_WO,RS-GUPCO,
115774,PRIMARY LEAD SHIELDED,الرصاص الأساسي المحمي,MM,3601100,593022-60,EACH,ENGINE USA,,MIN_MAX,RS-GUPCO,02P37D
109897,"V-BELT,COGGED OC:180.000 IN TW:.0625 IN T:0.531 I NFOR OCT. W.FLOOD GENERATOR","حزام على شكل حرف V، مسنن، قطر مركزي: 180.000 بوصة، عرض المحور: 0.0625 بوصة، سمك المحور: 0.531 بوصة، مناسب لمولدات الفيضانات",MM,0,5VX-1800,EACH,BELT/TRANSMIT,,MIN_MAX,RS-GUPCO,03C30A
116232,"VALVE, RELAY","صمام، مرحل",MM,6923117,208570A,EACH,ENGINE USA,,MIN_MAX,RS-GUPCO,02Q12E
116233,"O-RING, SQUARE CUT",حلقة دائرية مربعة الشكل,MM,6923121,208611A,EACH,ENGINE USA,,MIN_MAX,RS-GUPCO,
116234,"THERMOSTATE, 170 DEGREE F","منظم حرارة، 170 درجة فهرنهايت",MM,6923121,211887B,EACH,ENGINE USA,,MIN_MAX,RS-GUPCO,
116235,"THERMOSTATE, 165 DEGREE F","منظم حرارة، 165 درجة فهرنهايت",MM,6923121,211887A,EACH,ENGINE USA,,MIN_MAX,RS-GUPCO,
116237,"COUPLING, FLEX MASTER","وصلة، فليكس ماستر",MM,6923117,208706B,EACH,ENGINE USA,,MIN_MAX,RS-GUPCO,
116242,"VALVE, VACUUM BREATHER ADJUSTMENT","صمام، ضبط فتحة تهوية الفراغ",MM,6923121,A208890C,EACH,ENGINE USA,,INSURANCE_SPARE,RS-GUPCO,02Q09C (1)
116244,"VALVE, PRESSURE RELIEF",صمام تخفيف الضغط,MM,6923121,208922,EACH,ENGINE USA,,INSURANCE_SPARE,RS-GUPCO,02Q09C (1)
116246,"ELBOW, WATER OUTLET","كوع، مخرج مياه",MM,6923117,208936,EACH,ENGINE USA,,MIN_MAX,RS-GUPCO,02Q14
116247,"GASKET, LUSTER THERMOSTATE HOUSING","الحشية، مبيت الترموستات اللامع",MM,6923117,208939A,EACH,ENGINE USA,,MIN_MAX,RS-GUPCO,
115947,"Vertical Radiator Assembly With Electric Motor as the following specification * Radiator dimensions ( L 100"" , W 70"", H","مجموعة مشعاع عمودي بمحرك كهربائي بالمواصفات التالية: * أبعاد المشعاع (الطول 100 بوصة، العرض 70 بوصة، الارتفاع",MM,6923106,R-58-V-40,EACH,ENGINE USA,,STRATEGIC_WO,RS-GUPCO,07YARD
115948,"PULLEY, IDLER ASSY.CONSISTS OF. IDLER # G154971B A ND BUSHING # 168290",تتكون مجموعة البكرة الوسيطة من: بكرة وسيطة رقم G154971B وجلبة رقم 168290,MM,6923106,A154971F,EACH,ENGINE USA,,MIN_MAX,RS-GUPCO,02P23
115950,"LEVER, GOVERNOR","ليفر، الحاكم",MM,6923122,208564C,EACH,ENGINE USA,,MIN_MAX,RS-GUPCO,
115951,"CABLE, TACHOMETER","كابل، مقياس سرعة الدوران",MM,6923108,156341F,EACH,ENGINE USA,,INSURANCE_SPARE,RS-GUPCO,02Q59F (1)
115953,"REGULATOR, OIL LEVEL",منظم مستوى الزيت,MM,6923108,157255A,EACH,ENGINE USA,,MIN_MAX,RS-GUPCO,
115954,GASKET INLET FLANGE.,شفة مدخل الحشية.,MM,6923117,157332B,EACH,ENGINE USA,,MIN_MAX,RS-GUPCO,02P23
115911,"COUPLING, MAGNETO",وصلة مغناطيسية,MM,6923108,157869,EACH,ENGINE USA,,PLANNED_WO,RS-GUPCO,
115915,"GASKET, EXHAUST ELBOW ADAPTER TURBOCHARGER","حشية، محول كوع العادم لشاحن توربيني",MM,6923106,158242A,EACH,ENGINE USA,,INSURANCE_SPARE,RS-GUPCO,02P05E (1)
115918,"SEAL, THERMOSTAT HOUSING","مانع تسرب، غلاف منظم الحرارة",MM,6923104,158406,EACH,ENGINE USA,,MIN_MAX,RS-GUPCO,02/P27
115921,"STUD, EXHAUST ELBOW ADAPTER","مسمار، محول كوع العادم",MM,6923116,159365,EACH,ENGINE USA,,INSURANCE_SPARE,RS-GUPCO,02P03A (1)
115955,"GASKET, WATER PUMP COVER",حشية غطاء مضخة الماء,MM,6923108,159580,EACH,ENGINE USA,,MIN_MAX,RS-GUPCO,03H30H (1)
115957,"O-RING, FLANGE (OLD P/N. 159624A)","حلقة دائرية، شفة (رقم القطعة القديم 159624A)",MM,6923106,159624G,EACH,ENGINE USA,,PLANNED_WO,RS-GUPCO,02P23
115958,"COUPLING, DRESSER, 3 1/2"" I.D.","وصلة، خزانة ملابس، قطر داخلي 3 1/2 بوصة",MM,6923108,214711B,EACH,ENGINE USA,,INSURANCE_SPARE,RS-GUPCO,
115965,"COUPLING, 3"" DRESSER","وصلة، خزانة ملابس 3 بوصات",MM,6923108,214711,EACH,ENGINE USA,,MIN_MAX,RS-GUPCO,
115966,"COUPLING, DRESSER, 6"" I.D.","وصلة، خزانة ملابس، بقطر داخلي 6 بوصات",MM,6923106,214711E,EACH,ENGINE USA,,MIN_MAX,RS-GUPCO,02P19C
115964,"CONNECTION, EXHAUST-NATURALLY ASPIRATED",وصلة العادم - سحب طبيعي,MM,6923106,168341C,EACH,ENGINE USA,,MIN_MAX,RS-GUPCO,02P19A
116016,"COUPLING, Y-BAND","اقتران، نطاق Y",MM,6923122,168519C,EACH,ENGINE USA,,INSURANCE_SPARE,RS-GUPCO,
116019,"O-RING, 17 X 17.5 X 25  , P/NO. 168922-N","حلقة دائرية، 17 × 17.5 × 25، رقم القطعة 168922-N",MM,6923108,168922N,EACH,ENGINE USA,,MIN_MAX,RS-GUPCO,
116021,"TUBE, OIL-R.B. TURBOCHARGER OIL DRAIN",أنبوب تصريف زيت الشاحن التوربيني OIL-RB,MM,6923108,169032A,EACH,ENGINE USA,,INSURANCE_SPARE,RS-GUPCO,02P15
115828,"CONNECTION, HOSE, 2"" I.D. X 3""","وصلة خرطوم، قطر داخلي 2 بوصة × 3 بوصة",MM,6923106,20751B,EACH,ENGINE USA,,MIN_MAX,RS-GUPCO,03H03B
115843,"DISC, DRIVING-MAGNETO","قرص، مغناطيس القيادة",MM,6923106,48766B,EACH,ENGINE USA,,MIN_MAX,RS-GUPCO,02P33E
115848,"CARBURATOR, ASSY. LEFT BANK TURBOCHARGED","مجموعة المكربن، الجانب الأيسر، مزود بشاحن توربيني",MM,6923108,59021Y,EACH,ENGINE USA,,INSURANCE_SPARE,RS-GUPCO,02/P33F
115849,"CARBURATOR,  R.B. NATURLY ASPRIATED","مكربن، RB سحب طبيعي",MM,6923108,59018,EACH,ENGINE USA,,MIN_MAX,RS-GUPCO,02P31
115850,"CARBURATOR, ""IMPCO 600"" L.B. NATURALLY ASPIRATED","مكربن، ""إمبكو 600"" رطل، سحب طبيعي",MM,6923108,59018A,EACH,ENGINE USA,,MIN_MAX,RS-GUPCO,02P31B
115851,"CARBURATOR, R.B. TURBOCHARGER","المكربن، شاحن توربيني RB",MM,6923108,59021X,EACH,ENGINE USA,,INSURANCE_SPARE,RS-GUPCO,
115855,"CROSS, PIPE 3/8 ""","صليب، أنبوب 3/8 بوصة",MM,6923117,63722C,EACH,ENGINE USA,,INSURANCE_SPARE,RS-GUPCO,02Q64B (1)
116250,"TUBE, UPPER BYPASS","أنبوب، تحويلة علوية",MM,6923117,C208949,EACH,ENGINE USA,,MIN_MAX,RS-GUPCO,02Q16
116251,"GASKET, BY BASS","حشية، من صنع باس",MM,6923117,209424,EACH,ENGINE USA,,PLANNED_WO,RS-GUPCO,02R04A (1)
116252,"TUBE, OIL TURBOCHARGER R.B","أنبوب، شاحن توربيني زيتي RB",MM,6923117,A209320J,EACH,ENGINE USA,,MIN_MAX,RS-GUPCO,02Q16
115834,"CAP, SCREW","غطاء، برغي",MM,6923117,26916,EACH,ENGINE USA,,INSURANCE_SPARE,RS-GUPCO,02P33
115812,"CLAMP, HOSE",مشبك خرطوم,MM,6923108,41236C,EACH,ENGINE USA,,INSURANCE_SPARE,RS-GUPCO,02Q35E
115813,"CLAMP, HOSE-WITH IMPCO 600 CARBURETOR",مشبك خرطوم مع مكربن إمبكو 600,MM,6923116,41236F,EACH,ENGINE USA,,PLANNED_WO,RS-GUPCO,
116276,"MUFFLER, EXHAUST MSA-2, 12""                        REF.MR/RS.26/2001","كاتم صوت، عادم MSA-2، 12 بوصة، رقم المرجع MR/RS.26/2001",MM,6923126,,EACH,ENGINE USA,,PLANNED_WO,RS-GUPCO,
116277,"MUFFLER, EXHAUST MSA-2 SIZE 6""  Manufacture Maxim Silencers .","كاتم صوت، عادم MSA-2 مقاس 6 بوصات من إنتاج شركة Maxim Silencers.",MM,0,MSA2-6C1,EACH,ENGINE USA,,MIN_MAX,RS-GUPCO,07YARD
116278,"MUFFLER, EXHAUST Manufacture Maxim Silencers MSA-1, 10"" Model No. : 10MSA1-E  ) ..","كاتم صوت، نظام عادم، من إنتاج شركة ماكسيم سايلنسر، طراز MSA-1، 10 بوصة، رقم الموديل: 10MSA1-E",MM,6923126,MSA110C1,EACH,ENGINE USA,,INSURANCE_SPARE,RS-GUPCO,07YARD
115869,"ELBOW, PIPE 3/8 X 90 DEGREE","كوع، أنبوب 3/8 × 90 درجة",MM,6923117,78204B,EACH,ENGINE USA,,INSURANCE_SPARE,RS-GUPCO,02Q51E (1)
115977,"HOSE, BALL LINE","خرطوم، خط كروي",MM,6923122,C-166188-J,EACH,ENGINE USA,,INSURANCE_SPARE,RS-GUPCO,03H27C
116469,"COIL, ALTRONIC ALTRONUC COMPANY DO NOT SUBSTITUTE","ملف، شركة ألترونيك، لا تستبدل",MM,3601100,591011B,EACH,ENGINE USA,,MIN_MAX,RS-GUPCO,
115862,"CABLE, PICK-UP ASSY.","كابل، مجموعة التقاط الصوت.",MM,3601100,69796,EACH,ENGINE USA,,PLANNED_WO,RS-GUPCO,
116479,"Flex Hose Assembly 6"" X 12"" OAL S/S Braided w/6""-150# C/S RF Flange Each End, P/N is #MH600SS7171-12","خرطوم مرن مضفر من الفولاذ المقاوم للصدأ، مقاس 6 بوصات × 12 بوصة، مزود بشفة فولاذية مقاومة للصدأ مقاس 6 بوصات - 150 رطل لكل طرف، رقم القطعة هو #MH600SS7171-12",MM,6923106,MH600SS7171-12,EACH,ENGINE USA,,MIN_MAX,RS-GUPCO,02Q22
115775,H/T LEAD,H/T LEAD,MM,6923116,"593131-22""",EACH,ENGINE USA,,SURPLUS,RS-GUPCO,02Q46E (1)
115871,"Bearing , Ball Rear for the camshaft of Waukesha engine , P.No. 78390","محمل كروي خلفي لعمود الكامات لمحرك واكيشا، رقم القطعة 78390",MM,6923122,78390,EACH,ENGINE USA,,INSURANCE_SPARE,RS-GUPCO,02P29D
115872,"BEARING, BALL FRONT",محمل كروي أمامي,MM,6923122,78391,EACH,ENGINE USA,,INSURANCE_SPARE,RS-GUPCO,02P29D
116303,"HOLDER, NOZZLE ASSY.","حامل، مجموعة الفوهة.",MM,6923112,249192,EACH,ENGINE USA,,INSURANCE_SPARE,RS-GUPCO,02R06C(1)
116146,"SEAL, VALVE-GUIDE-INTAKE-PISTON RING TYPE-TURBOCHA RGED","حلقة مانعة للتسرب، دليل صمام السحب، نوع حلقة مكبس التوربو",MM,6923106,199032A,EACH,ENGINE USA,,INSURANCE_SPARE,RS-GUPCO,02Q44B(1)
116022,"CAP, MANIFOLD-END SECTION","غطاء، قسم نهاية مشعب التوزيع",MM,6923108,169062,EACH,ENGINE USA,,INSURANCE_SPARE,RS-GUPCO,
116023,"GASKET, THERMOSTAT HOUSING TO EXHAUST MANIFOLD","حشية، غطاء منظم الحرارة إلى مشعب العادم",MM,6923106,169064B,EACH,ENGINE USA,,INSURANCE_SPARE,RS-GUPCO,02Q18B (1)
116024,"GAUGE, LUBE OIL PRESSURE",مقياس ضغط زيت التشحيم,MM,6923108,169106,EACH,ENGINE USA,,PLANNED_WO,RS-GUPCO,
116025,"THERMOMETER, DAIL (OLD P/N 169108)","مقياس حرارة، ديلي (رقم القطعة القديم 169108)",MM,6923108,169108D,EACH,ENGINE USA,,PLANNED_WO,RS-GUPCO,
116026,"TACHOMETER, INSTRUMENT PANEL GROUP New Part no. 209377 S.S to old part no.169109","عداد دورات المحرك، مجموعة لوحة العدادات، رقم القطعة الجديد 209377 SS، رقم القطعة القديم 169109",MM,6923108,209377,EACH,ENGINE USA,,MIN_MAX,RS-GUPCO,
116463,"ACTUATOR, ELECTRIC SER.NO. 2080031","مشغل كهربائي، رقم التسلسل 2080031",MM,6923112,8256-016,EACH,ENGINE USA,,INSURANCE_SPARE,RS-GUPCO,02R18E (1)
153551,"BOLT, (CAP SCREW)",مسمار (برغي غطاء),MM,7103144,5F4899,EACH,CATERPILLAR,,PLANNED_WO,RS-GUPCO,04F12C (1)
115875,"PIN,PISTON","دبوس، مكبس",MM,6923106,10006,EACH,ENGINE USA,,INSURANCE_SPARE,RS-GUPCO,
115884,"O-RING,","حلقة دائرية،",MM,6923108,118013-G,EACH,ENGINE USA,,INSURANCE_SPARE,RS-GUPCO,03H25H (1)
115889,"NIPPLE, PIPE, 3/8 X 1","حلمة، أنبوب، 3/8 × 1",MM,6923117,118566,EACH,ENGINE USA,,INSURANCE_SPARE,RS-GUPCO,02P27
115890,"LEVER,CONTROL ASSY.","ذراع، مجموعة التحكم.",MM,6923122,A118799-E,EACH,ENGINE USA,,INSURANCE_SPARE,RS-GUPCO,
116216,"VALVE, TEMPERATURE CONTROL ( 208063E)",صمام التحكم في درجة الحرارة (208063E),MM,6923106,208063D,EACH,ENGINE USA,,MIN_MAX,RS-GUPCO,02Q10B
116218,"HOSE, FIRE SLEEVE.","خرطوم، غلاف مقاوم للحريق.",MM,6923117,C208189A,EACH,ENGINE USA,,INSURANCE_SPARE,RS-GUPCO,03H27G (1)
116221,TURBOCHARGER.   ( Similar with item 175579 ),شاحن توربيني. (مشابه للعنصر رقم 175579),MM,6923106,208350,EACH,ENGINE USA,,MIN_MAX,RS-GUPCO,01C19C
115777,EZ rail complete ignition system consists of :,يتكون نظام الإشعال الكامل EZ rail من:,MM,3601100,~,EACH,ENGINE USA,,MIN_MAX,RS-GUPCO,
116103,"CONNECTION, EXHAUST-FLEXIBLE-NATURALLY ASPIRATED","وصلة، عادم مرن، سحب طبيعي",MM,6923106,199517B,EACH,ENGINE USA,,INSURANCE_SPARE,RS-GUPCO,02P011
116228,"MOTOR, AIR/GAS",محرك هواء/غاز,MM,6923108,208479C,EACH,ENGINE USA,,MIN_MAX,RS-GUPCO,
116222,"TUBE, OIL-INTEGRAL OIL HEADER L.B. REPLACED BY THE FOLLOWING ITEMS.",تم استبدال أنبوب الزيت المتكامل LB بالعناصر التالية.,MM,6923117,A208362V,EACH,ENGINE USA,,INSURANCE_SPARE,RS-GUPCO,
115830,"CAP, SCREW","غطاء، برغي",MM,6923117,21519,EACH,ENGINE USA,,PLANNED_WO,RS-GUPCO,
116223,"REGULATOR, S/N. LB0140 OF                          (AIR RESEARCH INDUSTRIAL DIVISION )","منظم، الرقم التسلسلي LB0140 (قسم أبحاث الهواء الصناعية)",MM,6923116,208372H,EACH,ENGINE USA,,INSURANCE_SPARE,RS-GUPCO,
116166,"PULLY, CRANKSHAFT-FRONT-10 INCH","بكرة، عمود المرفق الأمامي - 10 بوصة",MM,0,200295S,EACH,ENGINE USA,,MIN_MAX,RS-GUPCO,02P05E
116225,"PUMP, AUS. WATER","مضخة، مياه أسترالية",MM,6923116,208540-D,EACH,ENGINE USA,,MIN_MAX,RS-GUPCO,
116230,"PUMP, WATER AUX","مضخة، مياه إضافية",MM,6923122,208540E,EACH,ENGINE USA,,MIN_MAX,RS-GUPCO,02Q12
116231,"VALVE, START","صمام، بدء التشغيل",MM,6923117,208569D,EACH,ENGINE USA,,MIN_MAX,RS-GUPCO,
116443,"O-RING, SQUARE SECT",حلقة دائرية مربعة الشكل,MM,6923121,493023A,EACH,ENGINE USA,,MIN_MAX,RS-GUPCO,
116444,"seal housing , for lube oil strainer group 20 catalog form 6279 page 37","غطاء مانع للتسرب، لمجموعة مصفاة زيت التشحيم 20، نموذج الكتالوج 6279، صفحة 37",MM,6923121,493026A,EACH,ENGINE USA,,MIN_MAX,RS-GUPCO,
116448,"VALVE, AIR GAS ASSY  ( V-26 )","صمام، مجموعة غاز الهواء (V-26)",MM,6923116,493566,EACH,ENGINE USA,,SURPLUS,RS-GUPCO,02R16G(1)
116360,DIAPHRAM MAIN.,الحجاب الحاجز الرئيسي.,MM,6923117,493626,EACH,ENGINE USA,,MIN_MAX,RS-GUPCO,
116361,DIAPHRAM UPPER PILOT,غشاء الطيار العلوي,MM,6923117,493628,EACH,ENGINE USA,,INSURANCE_SPARE,RS-GUPCO,03H25E (1)
115932,WASHER 17/32 D X2.25 X 3/8                         P/N. 153655,غسالة 17/32 D X2.25 X 3/8 P/N. 153655,MM,6923122,153655,EACH,ENGINE USA,,INSURANCE_SPARE,RS-GUPCO,02Q61D (1)
102997,"Sling, Single Leg, 2.2te SWL. IWRC wire rope sling with soft eyes 13mm diameter x 1.5m length 6 x 36, RHOL , soft eye x","حبل رفع، ساق واحدة، حمولة آمنة 2.2 طن. حبل رفع سلكي معتمد من IWRC بحلقات ناعمة، قطر 13 مم × طول 1.5 متر، 6 × 36، RHOL، حلقة ناعمة ×",MM,0,~,EACH,CORDG & CHAIN,,MIN_MAX,RS-GUPCO,
103002,"Single Leg wire Rope Sling SWL 4.6 ton, 2.5mtr. X 20mm diameter, IWRC, 6x36, Galvanized, terminating in Soft eyes each e","حبل رفع سلكي أحادي الساق، حمولة آمنة 4.6 طن، 2.5 متر × قطر 20 مم، IWRC، 6×36، مجلفن، ينتهي بحلقات ناعمة.",MM,0,~,EACH,CORDG & CHAIN,,MIN_MAX,RS-GUPCO,
153652,"O-RING, 0.468"" ID X 0.078"" DIA., BLACK Y","حلقة دائرية، قطر داخلي 0.468 بوصة × قطر 0.078 بوصة، لون أسود Y",MM,7103144,50CA3J1907,EACH,CATERPILLAR,,INSURANCE_SPARE,RS-GUPCO,03J07H (1)
116035,"O-RING, NATURALLY ASPIRATED","حلقة دائرية، تعمل بالهواء المضغوط الطبيعي",MM,6923106,169616J,EACH,ENGINE USA,,PLANNED_WO,RS-GUPCO,03H28D (1)
103004,"Single Leg wire Rope Sling SWL 4.6 ton, 4.5mtr. X 20mm diameter, IWRC, 6x36, Galvanized, terminating in Soft eyes each e","حبل رفع سلكي أحادي الساق، حمولة آمنة 4.6 طن، 4.5 متر × قطر 20 مم، IWRC، 6×36، مجلفن، ينتهي بحلقات ناعمة.",MM,0,~,EACH,CORDG & CHAIN,,MIN_MAX,RS-GUPCO,
115956,"FLANGE, CRANKCASE WATER INLET- R.B","شفة، مدخل ماء علبة المرافق - RB",MM,6923106,159624,EACH,ENGINE USA,,INSURANCE_SPARE,RS-GUPCO,02Q23G
116248,"REGULATOR, 99 PRESS. ADJSTBL OLD P/NO.209167E","منظم ضغط، 99 ضغطة. قابل للتعديل، رقم القطعة القديم 209167E",MM,6923109,209167M,EACH,ENGINE USA,,MIN_MAX,RS-GUPCO,01C19A
116249,"TUBE, UPPER BYPASS L.H.","أنبوب، تحويلة علوية يسارية",MM,6923117,A208949,EACH,ENGINE USA,,MIN_MAX,RS-GUPCO,02Q16A
154001,"CLAMP, Minimum Qty. 10 Ea.","مشبك، الحد الأدنى للكمية 10 قطع.",MM,7103144,5P0598,EACH,CATERPILLAR,,MIN_MAX,RS-GUPCO,
119925,BUSHING CROSS HEAD  R71921A,جلبة رأس متقاطع R71921A,MM,0,,EACH,COMPRESSOR USA,,INSURANCE_SPARE,RS-GUPCO,02W52E (1)
153772,"PINION ASSY, GOVERNOR DRIVE GROUP .","مجموعة التروس، مجموعة محرك منظم السرعة.",MM,0,6L8592,EACH,CATERPILLAR,,INSURANCE_SPARE,RS-GUPCO,04H14D (1)
273419,THE LABTECTA ( BEARING ISOLATOR) part no. L1-217-PD-001-P123. (2 1/8 shaft diameter and 2 7/8 outer diameter),رقم قطعة LABTECTA (عازل المحمل) L1-217-PD-001-P123. (قطر العمود 2 1/8 بوصة والقطر الخارجي 2 7/8 بوصة),PU,0,L1-217-PD-001-P123,EACH,PUMP MISC,,MIN_MAX,RS-GUPCO,
132404,SERVICE GROUP,مجموعة الخدمات,MM,7103126,3N4181,EACH,CATERPILLAR,,INSURANCE_SPARE,RS-GUPCO,04L08H
119522,"""GASKET NST 17-3/4X15-7/8X1/64","""حشية NST 17-3/4X15-7/8X1/64",MM,8001108,B-0835,EACH,COMPRESSOR USA,,INSURANCE_SPARE,RS-GUPCO,02W30F (1)
119523,"""GASKET",حشية,MM,8001108,B-0844,EACH,COMPRESSOR USA,,INSURANCE_SPARE,RS-GUPCO,03B31G (1)
119526,"""VALVE SUC. 2-ND. STAGE","""صمام شفط المرحلة الثانية",MM,8001108,B-0885-G,EACH,COMPRESSOR USA,,MIN_MAX,RS-GUPCO,02U14D
119527,"""SUC. VALVE RETAINER","""مثبت صمام السكروز",MM,8001108,B7061,EACH,COMPRESSOR USA,,MIN_MAX,RS-GUPCO,02U14E
119530,"""SOC. HEAD CAP.","""SOC. HEAD CAP.",MM,8001108,B-0898,EACH,COMPRESSOR USA,,INSURANCE_SPARE,RS-GUPCO,02W32C (1)
119413,"L.O.COOLER SHELL AND TUBES @ REF. MR 147/99 (Areil Manufacture made in USA not substitute)."" B-1962","غلاف وأنابيب مبرد القاطرة @ المرجع MR 147/99 (صنع في الولايات المتحدة الأمريكية بواسطة شركة أريل، وليس بديلاً عنه). B-1962",MM,8001108,B-1962,EACH,COMPRESSOR USA,,INSURANCE_SPARE,RS-GUPCO,02W26B (1)
119417,"""GASKET RET.","""حشية مانعة للتسرب.""",MM,8001108,C-0642,EACH,COMPRESSOR USA,,INSURANCE_SPARE,RS-GUPCO,03B31G (1)
119423,"""CROSS HEAD 105.5#","""كروس هيد 105.5#""",MM,8001108,D-0869,EACH,COMPRESSOR USA,,INSURANCE_SPARE,RS-GUPCO,01E23B
119532,"""SOC. HEAD CAP.","""SOC. HEAD CAP.",MM,8001108,FC110DF,EACH,COMPRESSOR USA,,INSURANCE_SPARE,RS-GUPCO,02U14G
119533,SOC. HEAD CAP.,غطاء رأس SOC.,MM,8001108,FC110EH,EACH,COMPRESSOR USA,,INSURANCE_SPARE,RS-GUPCO,02W32D (1)
119534,"""SOC. HEAD CAP.","""SOC. HEAD CAP.",MM,8001108,FC110EJ,EACH,COMPRESSOR USA,,INSURANCE_SPARE,RS-GUPCO,02W32D (1)
119535,"""BOLT 12 POINT 1/2""""","""مسمار 12 نقطة ونصف""""",MM,8001108,FC0171CDD,EACH,COMPRESSOR USA,,INSURANCE_SPARE,RS-GUPCO,02U14G
119536,"""BOLT 12 POINT 1/2""""","""مسمار 12 نقطة ونصف""""",MM,8001108,FC0171CED,EACH,COMPRESSOR USA,,INSURANCE_SPARE,RS-GUPCO,02U14G
119537,"""BOLT 12 POINT 3/4""""","""مسمار 12 نقطة 3/4""""",MM,8001108,FC012O1T,EACH,COMPRESSOR USA,,INSURANCE_SPARE,RS-GUPCO,02U14
119521,"""GASKET RET.","""حشية مانعة للتسرب.""",MM,8001108,B-0834,EACH,COMPRESSOR USA,,MIN_MAX,RS-GUPCO,03B24E
119430,"GASKET, STEEL H.P. MFG.FOR AREIL COMPRESSOR",حشية فولاذية من إنتاج شركة HP MFG. لضاغط الهواء,MM,8019102,A-11121,EACH,COMPRESSOR USA,,MIN_MAX,RS-GUPCO,
164499,"SHAFT,ITEM NO. 122","عمود، رقم الصنف 122",PU,7907120,R79-116 2210,EACH,PUMP MISC,,MIN_MAX,RS-GUPCO,02/U-58H
273037,GOVERNOR ACTUATOR - WOODWARD EG-3P  PART NO: 163853D.  USED FOR WAUKESHA VHP ENGINE MODEL L7042G  S.NO. 403006 OPERATED,"مشغل منظم السرعة - وودوارد EG-3P، رقم القطعة: 163853D. يُستخدم مع محرك واكيشا VHP، طراز L7042G، الرقم التسلسلي 403006.",MM,0,163853T,EACH,ENGINE USA,,MIN_MAX,RS-GUPCO,02Q40B
119541,"""L.O.LEVEL ASSY. GLASS",زجاج تجميع مستوى منخفض,MM,8001108,G-0986,EACH,COMPRESSOR USA,,INSURANCE_SPARE,RS-GUPCO,02W32E (1)
119542,"Packing Rebuild Kit  (oil & gas ) for piston 5 ½ bore consists of P.Nos;  B-1584 K & B-1687-K   ,(Ref. Group No. G 103","طقم إعادة بناء الحشوات (للزيت والغاز) لمكبس بقطر 5 ½ بوصة، يتكون من القطعتين B-1584 K و B-1687-K (انظر المجموعة رقم G 103).",MM,8001108,B-8581-K /B-6470-K,SET,COMPRESSOR USA,,MIN_MAX,RS-GUPCO,03B24E
119543,"Dont reorder till update description  ""LUBE OIL PUMP STRAINER FILTER QUOTED AS FOLLOWS: 1 EA LUBE OIL PUMP STRAINER P/N.","لا تعيد الطلب حتى يتم تحديث الوصف ""فلتر مصفاة مضخة زيت التشحيم"" المذكور على النحو التالي: 1 قطعة مصفاة مضخة زيت التشحيم رقم القطعة.",MM,8001108,G-1074,EACH,COMPRESSOR USA,,MIN_MAX,RS-GUPCO,
119544,"Packing Rebuild Kit  (oil & gas ) for piston 8 3/8 bore consists of P.Nos;  B-1584 K & B-1687-K   ,(Ref. Group No. G 1","طقم إعادة بناء الحشوات (للزيت والغاز) لمكبس بقطر 8 3/8 بوصة، يتكون من القطعتين B-1584 K و B-1687-K (انظر المجموعة رقم G 1).",MM,8001108,B-8581-K &  B-6470-K,SET,COMPRESSOR USA,,INSURANCE_SPARE,RS-GUPCO,03B24F
119545,"""X-HEAD ASSY. JGE/4STD. 2 EA CROSSHEAD LIGHT P/N. D-0868 2 EA CROSSHEAD MED","مجموعة رأس متقاطع JGE/4STD. قطعتان، رأس متقاطع خفيف P/N. D-0868، قطعتان، رأس متقاطع متوسط",MM,8001108,G-1322,KIT,COMPRESSOR USA,,INSURANCE_SPARE,RS-GUPCO,01E23C
115914,"HOSE, CONNECTION 6"" ID X 3 1/2"" WITH IMCO          600  CARBURETOR","خرطوم، وصلة بقطر داخلي 6 بوصات × 3.5 بوصة مع مكربن IMCO 600",MM,6923108,158241B,EACH,ENGINE USA,,PLANNED_WO,RS-GUPCO,
103016,"Single Leg wire Rope Sling SWL 7.8ton, 9mtr. X 26mm diameter, IWRC, 6x36, Galvanized, terminating in Soft eyes each end,","حبل رفع سلكي أحادي الساق، حمولة آمنة 7.8 طن، 9 أمتار × قطر 26 مم، IWRC، 6x36، مجلفن، ينتهي بحلقات ناعمة في كل طرف.",MM,0,~,EACH,CORDG & CHAIN,,PLANNED_WO,RS-GUPCO,
120026,"GASKET, OUTER HEAD P/N. W139566  RECIPROCATING","حشية رأس خارجي، رقم القطعة W139566، ترددي",MM,0,W139566,EACH,COMPRESSOR USA,,OBSOLETE,RS-GUPCO,03B27D (1)
119470,"""O-RING VT. PART.NO. A-0018","""حلقة دائرية VT. رقم الجزء A-0018",MM,8001108,A-0018,EACH,COMPRESSOR USA,,MIN_MAX,RS-GUPCO,03/ B24 D
119472,"""BLOW-OUT ASSEM.","""اجتماع انفجاري""",MM,8001108,A-0080,EACH,COMPRESSOR USA,,INSURANCE_SPARE,RS-GUPCO,02U12
119473,"""BLOW-OUT DISC.","""قرص انفجار""",MM,8001108,A-0124,EACH,COMPRESSOR USA,,MIN_MAX,RS-GUPCO,02W28E (1)
119475,"""SCREW","""أفسد",MM,8001108,A-0145,EACH,COMPRESSOR USA,,INSURANCE_SPARE,RS-GUPCO,03B24D
119477,"""SEAL","""ختم",MM,8001108,A-0245-B,EACH,COMPRESSOR USA,,INSURANCE_SPARE,RS-GUPCO,02W28E (1)
103013,"Single Leg wire Rope Sling SWL 4.6 ton, 9mtr. x 20mm diameter, IWRC, 6x36, Galvanized, terminating in Soft eyes each end","حبل رفع سلكي أحادي الساق، حمولة آمنة 4.6 طن، 9 أمتار × قطر 20 مم، IWRC، 6×36، مجلفن، ينتهي بحلقات ناعمة في كل طرف",MM,0,,EACH,CORDG & CHAIN,,PLANNED_WO,RS-GUPCO,
155240,"COLLAR, DRIVE                                      @ SEE PC 7929","طوق، قيادة @ انظر PC 7929",PU,7902214,AX751130-CB000,EACH,PUMP MISC,,INSURANCE_SPARE,RS-GUPCO,02U30A(1)
119420,"""X-HD GUIDE S2C JGH",دليل X-HD S2C JGH,MM,8001108,D0692 (D1959),EACH,COMPRESSOR USA,,INSURANCE_SPARE,RS-GUPCO,01E23A
119618,SUC. VALVE,صمام شفط,MM,8025100,B-1943-U,EACH,COMPRESSOR USA,,MIN_MAX,RS-GUPCO,02U16H
119603,"""SLEEVE BEARING",محمل انزلاقي,MM,8025100,B-0772,EACH,COMPRESSOR USA,,INSURANCE_SPARE,RS-GUPCO,02W34F (1)
119595,"GASKET, RND  (Ariel Manufacture made in USA not substitute)","حشية، RND (صنع في الولايات المتحدة الأمريكية بواسطة شركة أرييل، وليست بديلاً عنها)",MM,0,A-5375,EACH,COMPRESSOR USA,,INSURANCE_SPARE,RS-GUPCO,03B39B
119617,"DIS. VALVE,(N.P/N. B2705AA)",صمام تفكيك (NP/N. B2705AA),MM,8025100,B2705AA,EACH,COMPRESSOR USA,,MIN_MAX,RS-GUPCO,02U43E
119615,DIS. VALVE (Ariel Manufacture made in USA not substitute),"صمام تفكيك (صنع في الولايات المتحدة الأمريكية بواسطة شركة أرييل، وليس بديلاً عنه)",MM,8025100,B-1746-N,EACH,COMPRESSOR USA,,MIN_MAX,RS-GUPCO,02U16F
119614,SUC. VALVE (Ariel Manufacture made in USA not substitute) P.NO  B-1745-V,"صمام شفط (صنع في الولايات المتحدة الأمريكية بواسطة شركة آرييل، وليس بديلاً) رقم القطعة B-1745-V",MM,8025100,B-1745-V,EACH,COMPRESSOR USA,,MIN_MAX,RS-GUPCO,02 V 16 E
181155,"ELEMENT, STRAINER STANLESS STEEL","عنصر، مصفاة من الفولاذ المقاوم للصدأ",MM,6923015,208472B,EACH,BR/SL/S.PLG/FLT,,MIN_MAX,RS-GUPCO,
274456,"Bronze tube 1.5"" IDX 2.5"" ODX 1 ft LG, Copper alloy No. C937, conform to ASTM B-505 and fed. Spec. QQ-C-390, E10 with a","أنبوب برونزي بقطر داخلي 1.5 بوصة وقطر خارجي 2.5 بوصة وطول 1 قدم، مصنوع من سبيكة نحاسية رقم C937، مطابق للمواصفات ASTM B-505 و QQ-C-390، E10.",PU,0,~,EACH,PUMP MISC,,MIN_MAX,RS-GUPCO,
274470,Gasket Shaft Sleeve (item no.211),جلبة عمود الحشية (رقم الصنف 211),PU,7907120,70782 16  5108,EACH,PUMP MISC,,MIN_MAX,RS-GUPCO,02T11E
119476,"RING PISTON, 5 1/2"" ( INNER DIAM 5"" OUTER DIAM 5.5 THICK 0.25"") (Areil Manufacture made in USA not substitute).","مكبس حلقي، 5 1/2 بوصة (القطر الداخلي 5 بوصة، القطر الخارجي 5.5 بوصة، السماكة 0.25 بوصة) (صنع في الولايات المتحدة الأمريكية بواسطة شركة أريل، وليس بديلاً).",MM,0,A-0237,EACH,COMPRESSOR USA,,MIN_MAX,RS-GUPCO,
119539,"""STAT-O SEAL",ختم الولاية,MM,8001108,FW-0550GA,EACH,COMPRESSOR USA,,INSURANCE_SPARE,RS-GUPCO,02W32D (1)
119540,"""STAT-O-SEAL","""ستات-أو-سيل""",MM,8001108,FW05501A,EACH,COMPRESSOR USA,,INSURANCE_SPARE,RS-GUPCO,02W32D (1)
103010,"Single Leg wire Rope Sling SWL 3 ton, 9mtr. x 16mm diameter, IWRC, 6x36, Galvanized, terminating in Soft eyes each end,1","حبل رفع سلكي أحادي الساق، حمولة آمنة 3 أطنان، 9 أمتار × قطر 16 مم، IWRC، 6×36، مجلفن، ينتهي بحلقات ناعمة في كل طرف، 1",MM,0,,EACH,CORDG & CHAIN,,PLANNED_WO,RS-GUPCO,
103008,"Single Leg wire Rope Sling SWL 2 ton, 7.6mtr. X 13mm diameter, IWRC, 6x36, Galvanized, terminating in Soft eyes each end","حبل رفع سلكي أحادي الساق، حمولة آمنة ٢ طن، ٧.٦ متر × ١٣ مم قطر، IWRC، ٦×٣٦، مجلفن، ينتهي بحلقات ناعمة في كل طرف",MM,0,,EACH,CORDG & CHAIN,,PLANNED_WO,RS-GUPCO,
103009,"Single Leg wire Rope Sling SWL 3 ton, 7.6mtr. X 16mm diameter, IWRC, 6x36, Galvanized, terminating in Soft eyes each end","حبل رفع سلكي أحادي الساق، حمولة آمنة 3 أطنان، 7.6 متر × قطر 16 مم، IWRC، 6×36، مجلفن، ينتهي بحلقات ناعمة في كل طرف",MM,0,~,EACH,CORDG & CHAIN,,MIN_MAX,RS-GUPCO,01A26C
161305,"CONNECTING ROD,  P/N. 8N1726","ذراع التوصيل، رقم القطعة 8N1726",MM,7103139,1CA8N1726,EACH,CATERPILLAR,,PLANNED_WO,RS-GUPCO,
187407,"BEARING, CONNECTING, ROD UPPER","محمل، وصلة، قضيب علوي",MM,0,205110D,EACH,ENGINE USA,,INSURANCE_SPARE,RS-GUPCO,02Q61C
187409,"BAFFLE, PISTON,","حاجز، مكبس،",MM,0,176322B,EACH,ENGINE USA,,INSURANCE_SPARE,RS-GUPCO,02R49D
187410,"PISTON, PIN,","المكبس، الدبوس،",MM,0,206006,EACH,ENGINE USA,,INSURANCE_SPARE,RS-GUPCO,02R49D
173654,"DISC PACK, STAINLESS FOR COUPLING ""THOMAS""  SERIES 71 SIZE 562","مجموعة أقراص من الفولاذ المقاوم للصدأ لوصلة ""توماس"" سلسلة 71 مقاس 562",PU,7902107,329291,EACH,BR/SL/S.PLG/FLT,,INSURANCE_SPARE,RS-GUPCO,
137130,"SLEEVE, SHAFT ITEM NO. 126","جلبة، عمود، رقم الصنف 126",PU,7907120,71239 1618,EACH,PUMP MISC,,PLANNED_WO,RS-GUPCO,
195959,"GASKET, KIT, BASIC",طقم حشية أساسي,MM,0,G-900-1023,EACH,ENGINE USA,,INSURANCE_SPARE,RS-GUPCO,
177528,"WASHER, IMPELLER ITEM NO. 199","غسالة، مروحة، رقم الصنف 199",PU,7907120,686792 2226,EACH,PUMP MISC,,PLANNED_WO,RS-GUPCO,
132289,"BEARING, CRANKSHAFT",محمل عمود المرفق,MM,7103116,8N7766,EACH,CATERPILLAR,,INSURANCE_SPARE,RS-GUPCO,2
194330,"CONNECTION, HOSE, 4 INCH ID X 3 INCH.","وصلة خرطوم، قطر داخلي 4 بوصة × 3 بوصة.",MM,0,161703A,EACH,ENGINE USA,,INSURANCE_SPARE,RS-GUPCO,03H25B
105975,"LEVER, GOVERNOR, WAUKESHA P/N. 156339.","رافعة، حاكم، واكيشا رقم القطعة 156339.",MM,6923015,156339,EACH,ENGINE USA,,INSURANCE_SPARE,RS-GUPCO,02P45A
198280,"SINGLE SLEEVE CYL. KIT for engine model : 2895 G , cataloge :G-932-243 , compression ratio 10:1 COMPOSES OF:","طقم أسطوانة أحادية الغلاف لمحرك طراز: 2895 G، رقم الكتالوج: G-932-243، نسبة الانضغاط 10:1، يتكون من:",MM,0,~,EACH,ENGINE USA,,PLANNED_WO,RS-GUPCO,
200362,CRANK SHAFT.,العمود المرفقي.,MM,7313106,216-0003-062N,EACH,PUMP MISC,,INSURANCE_SPARE,RS-GUPCO,02T41
194352,"COMPRESSION TESTER ADAPTOR, WAUKESHA PART NO.494217","محول اختبار الضغط، رقم قطعة واكيشا 494217",MM,0,494217,EACH,ENGINE USA,,INSURANCE_SPARE,RS-GUPCO,
194354,"TIMING LIGHT , WAUKESHA PART NO.494338","ضوء التوقيت، رقم قطعة واكيشا 494338",MM,6923012,494338,EACH,ENGINE USA,,MIN_MAX,RS-GUPCO,02Q34
109660,"MECHANICAL SEAL, 2-1/4 IN. ""J.C"" TYPE 1,MAT. CODE  XP-1D1,DWG. NO. CF-SP-40270","مانع تسرب ميكانيكي، 2-1/4 بوصة، من النوع ""JC"" 1، رمز المادة XP-1D1، رقم الرسم CF-SP-40270",PU,3003112,~,EACH,BELT/TRANSMIT,,INSURANCE_SPARE,RS-GUPCO,
132630,"DRIVE, ASSY. MOTOR","محرك، مجموعة محرك",MM,7103162,6N3826,EACH,CATERPILLAR,,INSURANCE_SPARE,RS-GUPCO,04H06F (1)
195387,"GEAR, RING, FLYWHEEL","الترس، الحلقة، دولاب الموازنة",MM,0,153381B,EACH,ENGINE USA,,INSURANCE_SPARE,RS-GUPCO,01C15D
195388,"SCREEN, OIL, Manufacture: Waukesha (P/N: A153123B)","شاشة، زيت، صنع بواسطة: واكيشا (رقم القطعة: A153123B)",MM,6923106,A153123B,EACH,ENGINE USA,,INSURANCE_SPARE,RS-GUPCO,
195389,"TUBE, OIL,","أنبوب، زيت،",MM,0,153030,EACH,ENGINE USA,,INSURANCE_SPARE,RS-GUPCO,02Q57C
116491,"NUT, CAMSHAFT GEAR","صامولة، ترس عمود الكامات",MM,0,153048,EACH,ENGINE USA,,INSURANCE_SPARE,RS-GUPCO,
175533,"GUIDE, VALVE LIFTER","دليل، رافع الصمام",MM,6923108,153003,EACH,ENGINE USA,,INSURANCE_SPARE,RS-GUPCO,1
105970,"KEY, WOODRUFF","كي، وودروف",MM,0,21012B,EACH,ENGINE USA,,INSURANCE_SPARE,RS-GUPCO,1
199679,"Hand operated chain block SWL 5 ton, Height of lift 3mtr. Manufactured to BS EN 13157:2004 +A1:2009. Load chain must com","رافعة سلسلة يدوية، حمولة آمنة ٥ أطنان، ارتفاع الرفع ٣ أمتار. مصنعة وفقًا للمواصفة القياسية البريطانية BS EN 13157:2004 +A1:2009. يجب أن تكون سلسلة التحميل متناسقة.",MM,0,~,EACH,CORDG & CHAIN,,PLANNED_WO,RS-GUPCO,
199680,"Hand operated chain block SWL 5 ton, Height of lift 6mtr.  Manufactured to BS EN 13157:2004 +A1:2009.","رافعة سلسلة يدوية التشغيل، حمولة آمنة 5 أطنان، ارتفاع الرفع 6 أمتار. مصنعة وفقًا للمواصفة القياسية البريطانية BS EN 13157:2004 +A1:2009.",MM,0,~,EACH,CORDG & CHAIN,,INSURANCE_SPARE,RS-GUPCO,
199683,"Manually operated chain hoist in accordance with ,  BS EN 13157:2004+A1:2009 ,  SWL 2 te , Height of Lift 3m","رافعة سلسلة يدوية التشغيل وفقًا للمواصفة القياسية البريطانية BS EN 13157:2004+A1:2009، حمولة التشغيل الآمنة 2 طن، ارتفاع الرفع 3 أمتار",MM,0,~,EACH,CORDG & CHAIN,,MIN_MAX,RS-GUPCO,
199685,"Hand operated chain block SWL 1 ton, Height of lift 3mtr.  Manufactured to BS EN 13157:2004 +A1:2009.","رافعة سلسلة يدوية التشغيل، حمولة آمنة 1 طن، ارتفاع الرفع 3 أمتار. مصنعة وفقًا للمواصفة القياسية البريطانية BS EN 13157:2004 +A1:2009.",MM,0,Europian Directive,EACH,CORDG & CHAIN,,MIN_MAX,RS-GUPCO,
199690,WEBBING SLING / POLYESTER / COLOUR VIOLET / DUPLEX / BECKET EYE / F.O.S 7:1 / MANUFACTURED TO BSEN 1492:1 / CE MARK / S.,حزام منسوج / بوليستر / لون بنفسجي / مزدوج / حلقة بيكيت / FOS 7:1 / مصنعة وفقًا للمواصفة BSEN 1492:1 / علامة CE / S.,MM,0,~,EACH,CORDG & CHAIN,,MIN_MAX,RS-GUPCO,
199692,WEBBING SLING / POLYESTER / COLOUR VIOLET / DUPLEX / BECKET EYE / F.O.S 7:1 / MANUFACTURED TO BSEN 1492:1 / CE MARK / S.,حزام منسوج / بوليستر / لون بنفسجي / مزدوج / حلقة بيكيت / FOS 7:1 / مصنعة وفقًا للمواصفة BSEN 1492:1 / علامة CE / S.,MM,0,~,EACH,CORDG & CHAIN,,MIN_MAX,RS-GUPCO,02b05c
199693,WEBBING SLING / POLYESTER / COLOUR GREEN / DUPLEX /    BECKET EYE / F.O.S 7:1 / MANUFACTURED TO BSEN 1492:2000 / CE MARK,حزام تسلق / بوليستر / اللون أخضر / مزدوج / حلقة بيكت / نسبة شد 7:1 / مصنّع وفقًا للمواصفة القياسية البريطانية BSEN 1492:2000 / علامة CE,MM,0,,EACH,CORDG & CHAIN,,MIN_MAX,RS-GUPCO,
199694,WEBBING SLING / POLYESTER / COLOUR GREEN / DUPLEX / BECKET EYE / F.O.S 7:1 / MANUFACTURED TO BSEN 1492:1 / CE MARK / S.W,حزام منسوج / بوليستر / اللون أخضر / مزدوج / حلقة بيكت / نسبة شد 7:1 / مصنّع وفقًا للمواصفة البريطانية BSEN 1492:1 / علامة CE / SW,MM,0,~,EACH,CORDG & CHAIN,,MIN_MAX,RS-GUPCO,
274464,"Ball Bearing Outboard (SKF 6309 Z) , Coupling End (item no. 112)","محمل كروي خارجي (SKF 6309 Z)، طرف التوصيل (رقم الصنف 112)",PU,7907120,8050-30961,EACH,BR/SL/S.PLG/FLT,,MIN_MAX,RS-GUPCO,
274469,Suction Cover (item no. 182),غطاء شفط (رقم الصنف 182),PU,7907120,R97-219 9248,EACH,PUMP MISC,,INSURANCE_SPARE,RS-GUPCO,02V07B
274458,"Bronze tube 4"" IDX 5"" ODX 1 ft LG, Copper alloy No. C937, conform to ASTM B-505 and fed. Spec. QQ-C-390, E10 with a trac","أنبوب برونزي 4 بوصات داخلي × 5 بوصات خارجي × 1 قدم طول، سبيكة نحاسية رقم C937، مطابق للمواصفات ASTM B-505 و QQ-C-390، E10 مع مسار",PU,0,~,EACH,PUMP MISC,,SURPLUS,RS-GUPCO,
194339,"SLEEVE PLATE 9.3/8"" , WAUKESHA PART NO.494286","لوحة غلاف 9.3/8 بوصة، رقم قطعة واكيشا 494286",MM,0,494286,EACH,ENGINE USA,,SURPLUS,RS-GUPCO,02R45D
194350,"COMPRESSION TESTER , WAUKESHA PART NO.494215","جهاز اختبار الضغط، رقم قطعة واكيشا 494215",MM,0,494215,EACH,ENGINE USA,,MIN_MAX,RS-GUPCO,
195385,"TAPE, TIMING ,","الشريط، التوقيت،",MM,0,211638B,EACH,ENGINE USA,,INSURANCE_SPARE,RS-GUPCO,02Q36A
201915,"BEARING, TAPERED ROLLER #47820. FOR PUMP  MODEL : TD-30 SIZE 1-3/8X2-3/4.","محمل، بكرة مدببة رقم 47820. لمضخة طراز: TD-30 مقاس 1-3/8 × 2-3/4.",PU,7321141,9610CETA001,EACH,PUMP MISC,,INSURANCE_SPARE,RS-GUPCO,02V31
201916,"SHIM, CSHAFT FR CAP.FOR PUMP  MODEL : TD-30 SIZE 1-3/8X2-3/4.","حشوة، غطاء عمود الدوران الأمامي. لمضخة موديل: TD-30 مقاس 1-3/8 × 2-3/4.",PU,0,134B0625504T31100,EACH,PUMP MISC,,OBSOLETE,RS-GUPCO,02U30E
201917,"SHIM, CSHAFT FR CAP. FOR PUMP  MODEL : TD-30 SIZE 1-3/8X2-3/4.","حشوة، غطاء عمود الدوران الأمامي. لمضخة موديل: TD-30 مقاس 1-3/8 × 2-3/4.",PU,7321141,134B0625503T31100,EACH,PUMP MISC,,OBSOLETE,RS-GUPCO,02U30F
201918,"SHIM, CSHAFT FR CAP. FOR PUMP  MODEL : TD-30 SIZE 1-3/8X2-3/4.","حشوة، غطاء عمود الدوران الأمامي. لمضخة موديل: TD-30 مقاس 1-3/8 × 2-3/4.",PU,0,134B0625501T31100,EACH,PUMP MISC,,OBSOLETE,RS-GUPCO,02U30F
201919,"SHIM, CSHAFT FR CAP. FOR PUMP  MODEL : TD-30 SIZE 1-3/8X2-3/4.","حشوة، غطاء عمود الدوران الأمامي. لمضخة موديل: TD-30 مقاس 1-3/8 × 2-3/4.",PU,7321141,134B0625502T31100,EACH,PUMP MISC,,OBSOLETE,RS-GUPCO,02U30F
201907,"PUMP, COMPLETE INCLUDING POWER END WITH OUT ELE. MOTOR. MODEL : TD-30 SIZE 1-3/8X2-3/4.","مضخة كاملة تشمل وحدة الطاقة بدون محرك كهربائي. الموديل: TD-30، المقاس: 1-3/8 × 2-3/4.",PU,7321141,123232,EACH,PUMP MISC,,STRATEGIC_WO,RS-GUPCO,
201908,"ROD, CONNECTING FOR PUMP  MODEL : TD-30 SIZE 1-3/8X2-3/4.",قضيب توصيل لمضخة طراز: TD-30 مقاس 1-3/8 × 2-3/4.,PU,7321141,100408,SET,PUMP MISC,,INSURANCE_SPARE,RS-GUPCO,02V31
201909,BEARING CROSS HEAD PIN.FOR PUMP  MODEL : TD-30 SIZE 1-3/8X2-3/4.,دبوس رأس متقاطع محمل. لمضخة موديل: TD-30 مقاس 1-3/8 × 2-3/4.,PU,7321141,120A0830600R15700,EACH,PUMP MISC,,INSURANCE_SPARE,RS-GUPCO,02U30D
201910,"BEARING, CONNECTING ROD.FOR PUMP  MODEL : TD-30 SIZE 1-3/8X2-3/4.","محمل، قضيب توصيل. لمضخة موديل: TD-30 مقاس 1-3/8 × 2-3/4.",PU,7321141,116B1017400R15300,EACH,PUMP MISC,,INSURANCE_SPARE,RS-GUPCO,02V31
201912,"PIN,CROSS HEAD. FOR PUMP MODEL : TD-30 SIZE 1-3/8X2-3/4.","دبوس، رأس متقاطع. لمضخة طراز: TD-30 مقاس 1-3/8 × 2-3/4.",PU,7321141,119A0616800C21701,EACH,PUMP MISC,,INSURANCE_SPARE,RS-GUPCO,02U30E
201913,"DEFLECTOR, CRSHD STUB.FOR PUMP  MODEL : TD-30 SIZE 1-3/8X2-3/4.","عاكس، وصلة CRSD. لمضخة موديل: TD-30 مقاس 1-3/8 × 2-3/4.",PU,7321141,123A0617800T41500,EACH,PUMP MISC,,INSURANCE_SPARE,RS-GUPCO,03B18B
201925,VALVE. FOR PUMP  MODEL : TD-30 SIZE 1-3/8X2-3/4.,صمام. لمضخة طراز: TD-30 مقاس 1-3/8 × 2-3/4.,PU,7321141,320B0792300F11505,EACH,PUMP MISC,,INSURANCE_SPARE,RS-GUPCO,02V21G(1)
201926,"EXTENTION, CYLINDER HEAD. FOR PUMP  MODEL : TD-30 SIZE 1-3/8X2-3/4.","وصلة تمديد، رأس أسطوانة. لمضخة طراز: TD-30، مقاس 1-3/8 × 2-3/4.",PU,7321141,367C0625700A22200,EACH,PUMP MISC,,INSURANCE_SPARE,RS-GUPCO,02U30G
201927,"VALVE, STOP DISCHARGE. FOR PUMP  MODEL : TD-30 SIZE 1-3/8X2-3/4.","صمام إيقاف التصريف. لمضخة طراز: TD-30، مقاس 1-3/8 × 2-3/4.",PU,7321141,370B0727700B23100,EACH,PUMP MISC,,INSURANCE_SPARE,RS-GUPCO,02V19A
201928,"GASKET,VALVE COVER. FOR PUMP  MODEL : TD-30 SIZE 1-3/8X2-3/4.","حشية غطاء الصمام. لمضخة موديل: TD-30، مقاس 1-3/8 × 2-3/4.",PU,7321141,619B0608403T51000,EACH,PUMP MISC,,INSURANCE_SPARE,RS-GUPCO,03U35A
201929,"VALVE, SPRING. FOR PUMP  MODEL : TD-30 SIZE 1-3/8X2-3/4.","صمام، زنبرك. لمضخة طراز: TD-30 مقاس 1-3/8 × 2-3/4.",PU,7321141,334B0634701D81201,EACH,PUMP MISC,,INSURANCE_SPARE,RS-GUPCO,02U29H
201930,STUFFING BOX. FOR PUMP  MODEL : TD-30 SIZE 1-3/8X2-3/4.,صندوق حشو. لمضخة طراز: TD-30 مقاس 1-3/8 × 2-3/4.,PU,7321141,337B0644300B22300,EACH,PUMP MISC,,INSURANCE_SPARE,RS-GUPCO,02U30H
201931,"GASKET, STUFFING BOX. FOR PUMP  MODEL : TD-30 SIZE 1-3/8X2-3/4.","حشية، صندوق حشو. لمضخة موديل: TD-30 مقاس 1-3/8 × 2-3/4.",PU,7321141,622B0647503R19400,EACH,PUMP MISC,,INSURANCE_SPARE,RS-GUPCO,02U30H
201932,"BSHG, STUFG BOX THROAT. FOR PUMP  MODEL : TD-30 SIZE 1-3/8X2-3/4.","BSHG، STUFG BOX THROAT. لمضخة موديل: TD-30 مقاس 1-3/8 × 2-3/4.",PU,7321141,341B0720504A11100,EACH,PUMP MISC,,SURPLUS,RS-GUPCO,
201933,"FLWR, STUFG BOX GLAND. FOR PUMP  MODEL : TD-30 SIZE 1-3/8X2-3/4.","FLWR، STUFG BOX GLAND. لمضخة موديل: TD-30 مقاس 1-3/8 × 2-3/4.",PU,7321141,339B0720904A11100,EACH,PUMP MISC,,INSURANCE_SPARE,RS-GUPCO,02V19B
201934,"GLAND, STUFG BOX . FOR PUMP  MODEL : TD-30 SIZE 1-3/8X2-3/4.","غدة، صندوق حشو. لمضخة موديل: TD-30 مقاس 1-3/8 × 2-3/4.",PU,7321141,338B0624802B22300,EACH,PUMP MISC,,INSURANCE_SPARE,RS-GUPCO,02V19B
203679,"BEARING, BALL, DOUBLE ROW, ANGULAR CONTACT, MEDIUM 300 SERIES, SKF P/N 5311.","محمل كروي مزدوج الصف، ذو تلامس زاوي، متوسط من سلسلة 300، رقم القطعة SKF 5311.",MM,0,5311,EACH,BR/SL/S.PLG/FLT,,INSURANCE_SPARE,RS-GUPCO,
200491,"hold till 1/1/2027 , STARTER, ELECTRIC, EXPLOSION PROOF, FOR ENGINE MODEL D3406 S/N 6TB21794 & ARR NO 4W-3799, STARTER N","يُحفظ حتى 1/1/2027، بادئ تشغيل كهربائي مقاوم للانفجار، لمحرك طراز D3406، الرقم التسلسلي 6TB21794 ورقم التوريد 4W-3799، بادئ تشغيل رقم",MM,0,3383454,EACH,CATERPILLAR,,MIN_MAX,RS-GUPCO,
200494,"MOTOR DRIVE A3233 E02 (BENDEX GROUP) FOR EXPLOSION PROOF ELECTRIC STARTER (SERIAL 20434), USED FOR ENGINE MODEL D3406","محرك القيادة A3233 E02 (مجموعة بيندكس) لبادئ التشغيل الكهربائي المقاوم للانفجار (الرقم التسلسلي 20434)، المستخدم في طراز المحرك D3406",MM,0,1CA6N3826,EACH,CATERPILLAR,,PLANNED_WO,RS-GUPCO,
201033,"FUMS, DISPOSAL GROUP, P/N 4N1288, USED FOR CAT D-3406.","الأبخرة، مجموعة التخلص، رقم القطعة 4N1288، المستخدمة في CAT D-3406.",MM,7103370,4N1288,EACH,CATERPILLAR,,INSURANCE_SPARE,RS-GUPCO,
201034,"WATER LINE GROUP, P/N 2W7157, USED FOR CAT D-3406.","مجموعة خط المياه، رقم القطعة 2W7157، تستخدم لـ CAT D-3406.",MM,7103370,2W7157,EACH,CATERPILLAR,,INSURANCE_SPARE,RS-GUPCO,04S10D
201035,"HOSE ASSEMBLY, P/N 5N6754, FOR J. WATER HEATER, USED FOR CAT D-3406.","مجموعة خرطوم، رقم القطعة 5N6754، لسخان المياه J.، المستخدم في CAT D-3406.",MM,7103370,5N6754,EACH,CATERPILLAR,,MIN_MAX,RS-GUPCO,
119546,"""CONN. ROD ASSY., FS JGE/4STD CONSISTING OF: - AD973 CONN ROD - B772(B770) ROD B","مجموعة قضيب التوصيل، FS JGE/4STD، تتكون من: - قضيب توصيل AD973 - قضيب B772 (B770) B",MM,8001108,G-1520,EACH,COMPRESSOR USA,,INSURANCE_SPARE,RS-GUPCO,01E23C
119464,"""O-RING",حلقة دائرية,MM,8001108,A-0010,EACH,COMPRESSOR USA,,INSURANCE_SPARE,RS-GUPCO,1
119555,MURPHY L-1200                                      P/N. 102300425,مورفي L-1200 رقم القطعة 102300425,MM,8001108,102300425,EACH,COMPRESSOR USA,,INSURANCE_SPARE,RS-GUPCO,02U16E
199684,"Hand operated chain block SWL 2 ton, Height of lift 6mtr. Manufactured to BS EN 13157:2004 +A1:2009. Load chain must com","رافعة سلسلة يدوية، حمولة آمنة ٢ طن، ارتفاع الرفع ٦ أمتار. مصنعة وفقًا للمواصفة القياسية البريطانية BS EN 13157:2004 +A1:2009. يجب أن تكون سلسلة التحميل متناسقة.",MM,0,~,EACH,CORDG & CHAIN,,MIN_MAX,RS-GUPCO,
204049,"FILTER, FUEL , PRIMERY GROUP , FOR CATERPILLER ENG , MODEL :3406DI , ENG , S/N :6TBB1791 , ENG. ARR. NO :4W3791. MANUFAC","فلتر وقود المجموعة الأولية لشركة كاتربيلر ENG موديل :3406DI , ENG , S/N :6TBB1791 , ENG. آر. لا :4W3791. مانوفاك",MM,0,1CA8H7204,EACH,CATERPILLAR,,MIN_MAX,RS-GUPCO,04K08
201345,"GEAR, SET EP60, P/N 54403894, PARTS FOR ROTARY AIR COMPRESSOR MODEL SSR EP60 S/NO. CA2632U03302. (INGERSOLL RAND GENUINE","مجموعة تروس EP60، رقم القطعة 54403894، قطع غيار لضاغط هواء دوار طراز SSR EP60، الرقم التسلسلي CA2632U03302. (أصلي من إنجرسول راند)",MM,0,54403894,EACH,COMPRESSOR USA,,INSURANCE_SPARE,RS-GUPCO,
201346,"AIR END, CF 90 P.NO. 54416920  PARTS FOR ROTARY AIR COMPRESSOR MODEL SSR EP60 S/NO. CA2632U03302. (INGERSOLL RAND GENUIN","وحدة ضغط الهواء، CF 90، رقم القطعة 54416920، قطع غيار لضاغط هواء دوار طراز SSR EP60، الرقم التسلسلي CA2632U03302. (قطع غيار أصلية من إنجرسول راند)",MM,0,54416920,EACH,COMPRESSOR USA,,MIN_MAX,RS-GUPCO,01 E 21 B
201347,"HOSE, HYDRAULIC P.NO. 54385711  PARTS FOR ROTARY AIR COMPRESSOR MODEL SSR EP60","خرطوم هيدروليكي، رقم القطعة 54385711، قطع غيار لضاغط هواء دوار طراز SSR EP60",MM,0,24289159,EACH,COMPRESSOR USA,,MIN_MAX,RS-GUPCO,
201348,BREATHER FILTER P.NO. 39111893  PARTS FOR ROTARY AIR COMPRESSOR MODEL SSR EP60 S/NO. CA2632U03302. (INGERSOLL RAND GENUI,"فلتر تهوية، رقم القطعة 39111893، قطع غيار لضاغط هواء دوار طراز SSR EP60، الرقم التسلسلي CA2632U03302. (إنجرسول راند الأصلي)",MM,0,39111893,EACH,COMPRESSOR USA,,MIN_MAX,RS-GUPCO,
119480,"""STEEL GASKET",حشية فولاذية,MM,8001108,A-0458,EACH,COMPRESSOR USA,,MIN_MAX,RS-GUPCO,02U12
119488,THERMOSTAT VALVE ELEM,عنصر صمام منظم الحرارة,MM,8001108,A-0560-A,EACH,COMPRESSOR USA,,INSURANCE_SPARE,RS-GUPCO,02W28F(1)
203455,"ALTRONIC LGNITION COIL 591011A, 3 PIN,","الترونيك ملف LGNITION 591011A، 3 دبوس،",MM,3601100,591011A,EACH,ENGINE USA,,MIN_MAX,RS-GUPCO,02/Q36
110121,"COUPLING, COMPLETE FOR PUMP S/NO. E270 B529-1-2-3  (MFR. THOMAS TYPE DBZ-C SIZE 351)","وصلة كاملة للمضخة رقم التسلسلي E270 B529-1-2-3 (الشركة المصنعة: توماس، النوع DBZ-C، الحجم 351)",PU,7907152,~,EACH,BR/SL/S.PLG/FLT,,INSURANCE_SPARE,RS-GUPCO,
201360,"HOSE, HYDR. 1.0 NOM X 14.75 LO P.NO. 39572755  PARTS FOR ROTARY AIR COMPRESSOR MODEL SSR EP60 S/NO. CA2632U03302.NEW P/N","خرطوم هيدروليكي 1.0 اسمي × 14.75 طول، رقم القطعة 39572755، قطع غيار لضاغط هواء دوار طراز SSR EP60، الرقم التسلسلي CA2632U03302، جديد.",MM,0,85560951,EACH,COMPRESSOR USA,,MIN_MAX,RS-GUPCO,02/W35
201361,"HOSE, HYDR. 1.0 NOM X 23.5 LO , P.NO. 39589528  (New P/N. 85561017) SSR EP60 S/NO. CA2632U03302 SSR EP60 S/NO. CA2632U03","خرطوم هيدروليكي، 1.0 اسمي × 23.5 طول، رقم القطعة 39589528 (رقم القطعة الجديد 85561017)، مرحل فولاذ مقاوم للصدأ EP60، الرقم التسلسلي CA2632U03302، مرحل فولاذ مقاوم للصدأ EP60، الرقم التسلسلي CA2632U03",MM,0,85561017,EACH,COMPRESSOR USA,,MIN_MAX,RS-GUPCO,03B35B
201362,"COOLER, OIL/AIR P.NO. 39893003  PARTS FOR ROTARY AIR COMPRESSOR MODEL SSR EP60 S/NO. CA2632U03302.(INGERSOLL RAND GENUIN","مبرد زيت/هواء، رقم القطعة 39893003، قطع غيار لضاغط هواء دوار طراز SSR EP60، الرقم التسلسلي CA2632U03302. (أصلي من إنجرسول راند)",MM,0,39893003,EACH,COMPRESSOR USA,,MIN_MAX,RS-GUPCO,01E19B
201363,TUBE MIN PRESSURE TO A/COOLER P.NO. 39900212  PARTS FOR ROTARY AIR COMPRESSOR MODEL SSR EP60 S/NO. CA2632U03302.(INGERSO,"أنبوب ضغط أدنى لمبرد الهواء، رقم القطعة 39900212، قطع غيار لضاغط هواء دوار طراز SSR EP60، الرقم التسلسلي CA2632U03302. (INGERSO)",MM,0,39900212,EACH,COMPRESSOR USA,,PLANNED_WO,RS-GUPCO,02W35E(1)
201935,PLUNGER . FOR PUMP MODEL : TD-30 SIZE 1-3/8X2-3/4.,مكبس. لمضخة طراز: TD-30 مقاس 1-3/8 × 2-3/4.,PU,7321141,353B0657604R53100,EACH,PUMP MISC,,INSURANCE_SPARE,RS-GUPCO,
201920,"PACKING PKG, SET SQ RING (5 EA = 1 SET). FOR PUMP  MODEL : TD-30 SIZE 1-3/8X2-3/4.","عبوة تغليف، مجموعة حلقات مربعة (5 قطع = مجموعة واحدة). لمضخة موديل: TD-30، مقاس 1-3/8 × 2-3/4.",PU,7321141,13661,SET,PUMP MISC,,INSURANCE_SPARE,RS-GUPCO,03/ B 18B
201921,"SEAL, OIL C/R 9876 CRWIR. FOR PUMP  MODEL : TD-30 SIZE 1-3/8X2-3/4.","مانع تسرب الزيت C/R 9876 CRWIR. لمضخة طراز: TD-30، مقاس 1-3/8 × 2-3/4.",PU,7321141,94111000103,EACH,PUMP MISC,,INSURANCE_SPARE,RS-GUPCO,02T 41 F
201922,"SEAL, OIL C/R #23652. FOR PUMP  MODEL : TD-30 SIZE 1-3/8X2-3/4.",مانع تسرب الزيت C/R رقم 23652. لمضخة طراز: TD-30 مقاس 1-3/8 × 2-3/4.,PU,7321141,94111000134,EACH,PUMP MISC,,INSURANCE_SPARE,RS-GUPCO,02U30F
201923,"GASKET, CRSHD STB SEAL CAP. FOR PUMP  MODEL : TD-30 SIZE 1-3/8X2-3/4.","حشية، غطاء مانع للتسرب CRSD STB. لمضخة موديل: TD-30 مقاس 1-3/8 × 2-3/4.",PU,7321141,623A0619502U51100,EACH,PUMP MISC,,INSURANCE_SPARE,RS-GUPCO,02V29
201924,"VALVE, SEAT. FOR PUMP  MODEL : TD-30 SIZE 1-3/8X2-3/4.","صمام، مقعد. لمضخة طراز: TD-30 مقاس 1-3/8 × 2-3/4.",PU,7321141,322B0824400F21501,EACH,PUMP MISC,,INSURANCE_SPARE,RS-GUPCO,02U30G
274400,"Sleeve (P/No. H-1375-876) used for J.C., DOUBLE MECH. SEAL, SIZE ¦1.375, TYPE T-5620-P BIG BORE VERSION, DWG NO. HSP-380","غلاف (رقم القطعة H-1375-876) يُستخدم لـ JC، مانع تسرب ميكانيكي مزدوج، مقاس ¦1.375، نوع T-5620-P إصدار ذو تجويف كبير، رقم الرسم HSP-380",PU,0,81043256,EACH,PUMP MISC,,INSURANCE_SPARE,RS-GUPCO,02V11G
201365,"FAN, 28"", WITH 1.13 BUSHI, P/N 3992000, PARTS FOR ROTARY AIR COMPRESSOR MODEL SSR EP60 S/NO. CA2632U03302. (INGERSOLL RA","مروحة، 28 بوصة، مع جلبة 1.13، رقم القطعة 3992000، قطع غيار لضاغط هواء دوار طراز SSR EP60، الرقم التسلسلي CA2632U03302. (INGERSOLL RA)",MM,0,3992000,EACH,COMPRESSOR USA,,INSURANCE_SPARE,RS-GUPCO,03B35D
201366,"ELBOW P.NO. 39140512 PARTS FOR ROTARY AIR COMPRESSOR MODEL SSR EP60 S/NO. CA2632U03302. (INGERSOLL RAND GENUINE PARTS, D","كوع رقم القطعة 39140512، قطع غيار لضاغط هواء دوار طراز SSR EP60، الرقم التسلسلي CA2632U03302. (قطع غيار أصلية من إنجرسول راند، D",MM,0,39140512,EACH,COMPRESSOR USA,,PLANNED_WO,RS-GUPCO,
201367,ORIFICE 0.375 DIA P.NO. 54441522  PARTS FOR ROTARY AIR COMPRESSOR MODEL SSR EP60 S/NO. CA2632U03302. (INGERSOLL RAND GEN,"فتحة قطرها 0.375 بوصة، رقم القطعة 54441522، قطع غيار لضاغط هواء دوار طراز SSR EP60، الرقم التسلسلي CA2632U03302. (إنجرسول راند جين)",MM,0,54441522,EACH,COMPRESSOR USA,,PLANNED_WO,RS-GUPCO,
201370,VALVE PLATE (MACHINING) P.NO. 39851316  PARTS FOR ROTARY AIR COMPRESSOR MODEL SSR EP60 S/NO. CA2632U03302. (INGERSOLL RA,"لوحة صمام (تشغيل آلي) رقم القطعة 39851316، قطع غيار لضاغط هواء دوار طراز SSR EP60، الرقم التسلسلي CA2632U03302. (INGERSOLL RA)",MM,0,39851316,EACH,COMPRESSOR USA,,INSURANCE_SPARE,RS-GUPCO,02W35F
201372,ORIFICE SCAVENGE P.NO. 39301940  PARTS FOR ROTARY AIR COMPRESSOR MODEL SSR EP60 S/NO. CA2632U03302. (INGERSOLL RAND GENU,"فتحة تنظيف رقم القطعة 39301940، قطع غيار لضاغط هواء دوار طراز SSR EP60، الرقم التسلسلي CA2632U03302. (إنجرسول راند الأصلي)",MM,0,39301940,EACH,COMPRESSOR USA,,MIN_MAX,RS-GUPCO,
201373,VALVE MINIMUM PRESSURE P.NO. 39475637  PARTS FOR ROTARY AIR COMPRESSOR MODEL SSR EP60 S/NO. CA2632U03302. (INGERSOLL RAN,"صمام ضغط أدنى، رقم القطعة 39475637، قطع غيار لضاغط هواء دوار طراز SSR EP60، الرقم التسلسلي CA2632U03302. (إنجرسول ران)",MM,0,99289845,EACH,COMPRESSOR USA,,MIN_MAX,RS-GUPCO,02U26C
201374,TUBE THERMAL VALVE P.NO. 39900170  PARTS FOR ROTARY AIR COMPRESSOR MODEL SSR EP60 S/NO. CA2632U03302. (INGERSOLL RAND GE,"صمام حراري أنبوبي، رقم القطعة 39900170، قطع غيار لضاغط هواء دوار طراز SSR EP60، الرقم التسلسلي CA2632U03302. (إنجرسول راند جنرال إلكتريك)",MM,0,39900170,EACH,COMPRESSOR USA,,INSURANCE_SPARE,RS-GUPCO,
201375,TUBE THERMAL VALVE TO TANK  P.NO. 39900352  PARTS FOR ROTARY AIR COMPRESSOR MODEL SSR EP60 S/NO. CA2632U03302. (INGERSOL,"صمام حراري أنبوبي للخزان، رقم القطعة 39900352، قطع غيار لضاغط هواء دوار طراز SSR EP60، الرقم التسلسلي CA2632U03302. (إنجرسول)",MM,0,39900352,EACH,COMPRESSOR USA,,INSURANCE_SPARE,RS-GUPCO,
197843,POMPE PK59(71)H9.5N106 / .9.Z,POMPE PK59(71)H9.5N106 / .9.Z,PU,0,C0419298/09,EACH,PUMP CENTRIFUG,,PLANNED_WO,RS-GUPCO,
197845,"BEARING , FOR MILROYAL PUMP PART NO. 4090080000N","محمل، لمضخة ميلرويال، رقم القطعة 4090080000N",PU,0,4090080000N,EACH,PUMP CENTRIFUG,,MIN_MAX,RS-GUPCO,02Q07
205291,"FILTER , HIGH DUST FOR HIGH DUST FILTER NEW  ROTARY AIR COMPRESSOR MODEL : EP 60-100. (INGERSOLL RAND GENUINE PARTS, DO","فلتر عالي الغبار لضاغط هواء دوار جديد، موديل: EP 60-100. (قطع غيار أصلية من إنجرسول راند)",MM,0,39844113,EACH,COMPRESSOR USA,,INSURANCE_SPARE,RS-GUPCO,01E21C
205292,"ELBOW , 90 RUBBER REDUCER SLEEVE  FOR HIGH DUST FILTER NEW  ROTARY AIR COMPRESSOR MODEL : EP 60-100. (INGERSOLL RAND GEN","كوع، وصلة مطاطية مخفضة بزاوية 90 درجة لفلتر غبار عالي، ضاغط هواء دوار جديد، موديل: EP 60-100. (INGERSOLL RAND GEN)",MM,0,39329834,EACH,COMPRESSOR USA,,INSURANCE_SPARE,RS-GUPCO,
201349,"MANIFOLD, INJECTION P.NO. 93481562  PARTS FOR ROTARY AIR COMPRESSOR MODEL SSR EP60 S/NO. CA2632U03302. (INGERSOLL RAND G","مشعب حقن، رقم القطعة 93481562، قطع غيار لضاغط هواء دوار طراز SSR EP60، الرقم التسلسلي CA2632U03302. (إنجرسول راند جي)",MM,0,93481562,EACH,COMPRESSOR USA,,INSURANCE_SPARE,RS-GUPCO,
201350,"ADAPTERP.NO.54461066  PARTS FOR ROTARY AIR COMPRESSOR MODEL SSR EP60 S/NO. CA2632U03302. (INGERSOLL RAND GENUINE PARTS,",قطع غيار محول رقم 54461066 لضاغط هواء دوار طراز SSR EP60 رقم تسلسلي CA2632U03302. (قطع غيار أصلية من إنجرسول راند),MM,0,54461066,EACH,COMPRESSOR USA,,INSURANCE_SPARE,RS-GUPCO,
201351,"ASSEMBLY, OIL FILTERP.NO. 39259650  PARTS FOR ROTARY AIR COMPRESSOR MODEL SSR EP60 S/NO. CA2632U03302.  (INGERSOLL RAND","مجموعة فلتر الزيت، رقم القطعة 39259650، قطع غيار لضاغط هواء دوار طراز SSR EP60، الرقم التسلسلي CA2632U03302. (إنجرسول راند)",MM,0,39259650,EACH,COMPRESSOR USA,,PLANNED_WO,RS-GUPCO,
201352,ELEMENT OIL FILTER P.NO. 39911615  PARTS FOR ROTARY AIR COMPRESSOR MODEL SSR EP60 S/NO. CA2632U03302. (INGERSOLL RAND GE,"فلتر زيت عنصر التسخين، رقم القطعة 39911615، قطع غيار لضاغط هواء دوار طراز SSR EP60، الرقم التسلسلي CA2632U03302. (إنجرسول راند جنرال إلكتريك)",MM,0,39911615,EACH,COMPRESSOR USA,,MIN_MAX,RS-GUPCO,05D07
201353,"ELEMENT SEPARATOR TANK , P.NO. 39895610   , New P/N. 22089551 PARTS FOR ROTARY AIR COMPRESSOR , MODEL SSR EP60 , S/NO. C","خزان فاصل العناصر، رقم القطعة 39895610، رقم القطعة الجديد 22089551، قطع غيار لضاغط هواء دوار، موديل SSR EP60، الرقم التسلسلي C",MM,0,22089551,EACH,COMPRESSOR USA,,MIN_MAX,RS-GUPCO,05D07B
207307,"COMPLETE GAS PACKING B-1584 . , P/N : B-1584 .","حشوة غاز كاملة B-1584، رقم القطعة: B-1584.",MM,0,B-8581,EACH,COMPRESSOR USA,,MIN_MAX,RS-GUPCO,
207308,Complete Oil Packing P/N : B-1687   (Areil Manufacture made in USA not substitute),"عبوة زيت كاملة رقم القطعة: B-1687 (صنع في الولايات المتحدة الأمريكية من قبل شركة أريل، وليست بديلاً عنها)",MM,0,B-6470,EACH,COMPRESSOR USA,,INSURANCE_SPARE,RS-GUPCO,
201354,"HOSE, HYDRAULIC P.NO. 39575147 PARTS FOR ROTARY AIR COMPRESSOR MODEL SSR EP60 S/NO. CA2632U03302.  (INGERSOLL RAND GENUI","خرطوم هيدروليكي، رقم القطعة 39575147، قطع غيار لضاغط هواء دوار طراز SSR EP60، الرقم التسلسلي CA2632U03302. (إنجرسول راند الأصلي)",MM,0,39575147,EACH,COMPRESSOR USA,,MIN_MAX,RS-GUPCO,03B35B
201355,"HOSE, HYDRAULIC STR X STR P.NO. 39572177  PARTS FOR ROTARY AIR COMPRESSOR MODEL SSR EP60 S/NO. CA2632U03302.NEW P/N: 855","خرطوم هيدروليكي STR X STR رقم القطعة 39572177، قطع غيار لضاغط هواء دوار طراز SSR EP60، الرقم التسلسلي CA2632U03302. جديد، رقم القطعة: 855",MM,0,24278921,EACH,COMPRESSOR USA,,MIN_MAX,RS-GUPCO,
201356,SIGHT GLASS P.NO. 39476916  PARTS FOR ROTARY AIR COMPRESSOR MODEL SSR EP60 S/NO. CA2632U03302. (INGERSOLL RAND GENUINE P,"زجاج رؤية، رقم القطعة 39476916، قطع غيار لضاغط هواء دوار طراز SSR EP60، الرقم التسلسلي CA2632U03302. (قطعة أصلية من إنجرسول راند)",MM,0,39476916,EACH,COMPRESSOR USA,,PLANNED_WO,RS-GUPCO,02U24E
205293,"ELBOW , 90 RUBBER  FOR HIGH DUST FILTER NEW  ROTARY AIR COMPRESSOR MODEL : EP 60-100. (INGERSOLL RAND GENUINE PARTS, DO","كوع مطاطي بزاوية 90 درجة لفلتر الغبار العالي، ضاغط هواء دوار جديد، موديل: EP 60-100. (قطع غيار أصلية من إنجرسول راند)",MM,0,35117605,EACH,COMPRESSOR USA,,INSURANCE_SPARE,RS-GUPCO,03/B35 F
201357,"VALVE, BLOW DOWN NEMA 4 P.NO. 39479563  PARTS FOR ROTARY AIR COMPRESSOR MODEL SSR EP60 S/NO. CA2632U03302.NEW P/N: 22124","صمام تفريغ NEMA 4، رقم القطعة 39479563، قطع غيار لضاغط هواء دوار طراز SSR EP60، الرقم التسلسلي CA2632U03302. رقم القطعة الجديد: 22124",MM,0,22258172,EACH,COMPRESSOR USA,,MIN_MAX,RS-GUPCO,02W35D(1)
201358,"VALVE, OIL STOP NEMA 4 P.NO. 39479530  PARTS FOR ROTARY AIR COMPRESSOR MODEL SSR EP60 S/NO. CA2632U03302. (INGERSOLL RAN","صمام إيقاف الزيت NEMA 4، رقم القطعة 39479530، قطع غيار لضاغط هواء دوار طراز SSR EP60، الرقم التسلسلي CA2632U03302. (INGERSOLL RAN)",MM,0,42552836,EACH,COMPRESSOR USA,,MIN_MAX,RS-GUPCO,02U24
201359,"VALVE, PRESSURE 60 HP, 45 KW P.NO. 39587951 PARTS FOR ROTARY AIR COMPRESSOR MODEL SSR EP60 S/NO. CA2632U03302. (INGERSOL","صمام ضغط 60 حصان، 45 كيلوواط، رقم القطعة 39587951، قطع غيار لضاغط هواء دوار طراز SSR EP60، الرقم التسلسلي CA2632U03302. (إنجرسول)",MM,0,39587951,EACH,COMPRESSOR USA,,PLANNED_WO,RS-GUPCO,
197846,"CROSS HEAD , FOR MILROYAL PUMP PART NO.3050033230F","رأس متقاطع، لمضخة ميلرويال، رقم القطعة 3050033230F",PU,0,3050033230F,EACH,PUMP CENTRIFUG,,INSURANCE_SPARE,RS-GUPCO,02/S20C
197805,GAS PRESSURE REGULATOR  P.N . 64/60050015/3,"منظم ضغط الغاز، رقم القطعة 64/60050015/3",PU,7718002,64/60050015/3,EACH,TURBINE OTHER,,INSURANCE_SPARE,RS-GUPCO,02U22B
197835,"PLUNGER FOR MILROYAL PUMP , PART NO.3051108000F","مكبس لمضخة ميلرويال، رقم القطعة 3051108000F",PU,0,3051108000F,EACH,PUMP CENTRIFUG,,INSURANCE_SPARE,RS-GUPCO,02S43A
197836,"BODY END LIQUED FOR MILROYAL PUMP , PART NO.02108050025N","طرف جسم مضخة ميل رويال، رقم القطعة 02108050025N",PU,0,02108050025N,EACH,PUMP CENTRIFUG,,INSURANCE_SPARE,RS-GUPCO,02Q07E
197848,"SPACER RISING , FOR MILROYAL PUMP PART NO.00600230025N","فاصل صاعد، لمضخة ميلرويال، رقم القطعة 00600230025N",PU,0,00600230025N,EACH,PUMP CENTRIFUG,,INSURANCE_SPARE,RS-GUPCO,02S43E
197838,"ROD CONNECTING , FOR MILROYAL PUMP PART NO. 2140018000N","وصلة قضيب، لمضخة ميلرويال، رقم القطعة 2140018000N",PU,0,2140018000,EACH,PUMP CENTRIFUG,,INSURANCE_SPARE,RS-GUPCO,02Q07E
197840,"CRANK , FOR MILROYAL PUMP PART NO.2160004062N","عمود مرفقي، لمضخة ميلرويال، رقم القطعة 2160004062N",PU,0,2160004062,EACH,PUMP CENTRIFUG,,INSURANCE_SPARE,RS-GUPCO,02S43B
197841,"SLEEVE CONICAL , FOR MILROYAL PUMP PART NO.237308052N","غلاف مخروطي، لمضخة ميلرويال، رقم القطعة 237308052N",PU,0,237308052N,EACH,PUMP CENTRIFUG,,PLANNED_WO,RS-GUPCO,
197842,"CRANK SUPPORT, FOR MILROYAL PUMP PART NO.2810071001N","دعامة عمود المرفق، لمضخة ميلرويال، رقم القطعة 2810071001N",PU,0,2810071001N,EACH,PUMP CENTRIFUG,,PLANNED_WO,RS-GUPCO,
161482,SOLENOID SWITCH 9X9511,مفتاح الملف اللولبي 9X9511,MM,0,9X9511,EACH,CATERPILLAR,,INSURANCE_SPARE,RS-GUPCO,04R13A
207900,"PISTON ,8-1/2INCH DIA . COMPRESSION RATIO-8.25 : 1 (PARTS FOR WAUKESHA GAS  ENGINE MODEL 5790) . P/N : 205104E.","مكبس، قطر 8.5 بوصة. نسبة الانضغاط 8.25 : 1 (قطع غيار لمحرك غاز واكيشا موديل 5790). رقم القطعة: 205104E.",MM,0,205104E,EACH,ENGINE USA,,INSURANCE_SPARE,RS-GUPCO,1
206158,"PUMP , FUEL TRANSFERE  .MANUUFACTURER : CATERPILLER .","مضخة، ناقل الوقود. الشركة المصنعة: كاتربيلر.",MM,0,2W4381,EACH,CATERPILLAR,,INSURANCE_SPARE,RS-GUPCO,04S06B
197847,"SEAL CROSS HEAD , FOR MILROYAL PUMP PART NO. 4380236000N","رأس مانع للتسرب متقاطع، لمضخة ميلرويال، رقم القطعة 4380236000N",PU,0,4380236000N,EACH,PUMP CENTRIFUG,,INSURANCE_SPARE,RS-GUPCO,02Q05
205788,CRANK SHAFT SEAL GROUP REUR PARTS FOR CAT ENGINE MODEL : 3406 DI.,مجموعة مانع تسرب عمود المرفق REUR قطع غيار لمحرك CAT موديل : 3406 DI.,MM,0,1CA1425867,EACH,CATERPILLAR,,PLANNED_WO,RS-GUPCO,04M14B
205789,CRANK SHAFT SEAL GROUP FRONT PARTS FOR CAT ENGINE MODEL : 3406 DI.,مجموعة مانع تسرب عمود المرفق - الأجزاء الأمامية لمحرك كات موديل: 3406 DI.,MM,0,1CA1425868,EACH,CATERPILLAR,,PLANNED_WO,RS-GUPCO,
197849,"ROD GUIDE CROSS HEAD , FOR MILROYAL PUMP PART NO.0680107006N","رأس متقاطع لدليل قضيب المضخة، لمضخة ميلرويال، رقم القطعة 0680107006N",PU,0,0680107006N,EACH,PUMP CENTRIFUG,,PLANNED_WO,RS-GUPCO,
204261,"IMPELLER, PARTS FOR PUMP SIZE 1-1/2X2X7 TYPE VCM S/N. 780281A101/102,B103","مروحة، قطع غيار لمضخة مقاس 1-1/2 × 2 × 7، نوع VCM، الرقم التسلسلي 780281A101/102، B103",PU,7321114,805B1577,EACH,PUMP CENTRIFUG,,PLANNED_WO,RS-GUPCO,
204262,"CASING, PARTS FOR PUMP SIZE 1-1/2X2X7 TYPE VCM S/N. 780281A101/102,B103","غلاف، أجزاء لمضخة مقاس 1-1/2 × 2 × 7، نوع VCM، الرقم التسلسلي 780281A101/102، B103",PU,7321114,126489,EACH,PUMP CENTRIFUG,,PLANNED_WO,RS-GUPCO,
197837,"PACKING , FOR MILROYAL PUMP PART NO.4380100000N","عبوة، لمضخة ميلرويال، رقم القطعة 4380100000N",PU,0,4380100000N,EACH,PUMP CENTRIFUG,,INSURANCE_SPARE,RS-GUPCO,
274152,"Impeller lock collet, size 1-15/16, Item no. 272, P/No. 750021-CB, used for B.J Pump model VLT, Size 1300, 12 Stages, S/","طوق قفل المروحة، مقاس 1-15/16، رقم الصنف 272، رقم القطعة 750021-CB، يُستخدم لمضخة BJ طراز VLT، مقاس 1300، 12 مرحلة، S/",PU,7902232,750021-CB,EACH,PUMP MISC,,INSURANCE_SPARE,RS-GUPCO,02/ V09 F
208621,"Four Leg  wire Rope Sling SWL 4.5 ton @ 0-45  Degrees, 2 m Length x 13 mm diameter, IWRC, 6x36, RHOL, Galvanized, 1960 G","حبل رفع سلكي رباعي الأرجل، حمولة آمنة 4.5 طن عند زاوية 0-45 درجة، طول 2 متر × قطر 13 مم، IWRC، 6x36، RHOL، مجلفن، 1960 G",MM,0,2MT-4.4TON,EACH,CORDG & CHAIN,,MIN_MAX,RS-GUPCO,
206152,"LINES GP , FUEL  INJECTION.. MANUUFACTURER : CATERPILLER . P/N: 2W3776",خطوط حقن الوقود GP.. الشركة المصنعة: كاتربيلر. رقم القطعة: 2W3776,MM,0,2W3776,PACKAGE,CATERPILLAR,,INSURANCE_SPARE,RS-GUPCO,
206154,"LINES GP , FUEL  INJECTION.. P/N : 2W3777 , MANUUFACTURER : CATERPILLER .","خطوط GP، حقن الوقود.. رقم القطعة: 2W3777، الشركة المصنعة: كاتربيلر.",MM,0,2W3777,PACKAGE,CATERPILLAR,,INSURANCE_SPARE,RS-GUPCO,
209672,ELEMENT AIR SAFETY  USED FOR SCREW COMPRESSOR OF AR PORTABLE DIESEL AIR COMPRESSOR MODEL 9/235 HA.,عنصر أمان الهواء المستخدم لضاغط الهواء اللولبي من طراز ضاغط الهواء المحمول الذي يعمل بالديزل AR موديل 9/235 HA.,MM,0,36876019,EACH,COMPRESSOR USA,,PLANNED_WO,RS-GUPCO,05E12H
209674,"FILTER, OIL USED FOR THE ENGINE (MODEL : IR 300 HP) OF IR PORTABLE DIESEL AIR COMPRESSOR MODEL 9/230 HA.",فلتر الزيت المستخدم لمحرك (موديل: IR 300 حصان) ضاغط الهواء المحمول الذي يعمل بالديزل من طراز IR 9/230 HA.,MM,8009157,22177737,EACH,COMPRESSOR USA,,PLANNED_WO,RS-GUPCO,02U28B
209677,"BELT, DRIVE USED FOR THE ENGINE (MODEL : IR 300 HP) OF IR PORTABLE DIESEL AIR COMPRESSOR MODEL 9/230 HA.","حزام، محرك يستخدم لمحرك (موديل: IR 300 حصان) ضاغط هواء ديزل محمول من طراز IR 9/230 HA.",MM,0,22113039,EACH,BELT/TRANSMIT,,INSURANCE_SPARE,RS-GUPCO,03/R45B
209678,ELEMENT OIL FILTER USED FOR THE SCREW COMPRESSOR OF IR PORTABLE DIESEL AIR COMPRESSOR MODEL 9/230 HA.,فلتر زيت عنصر يستخدم لضاغط الهواء اللولبي لضاغط الهواء المحمول الذي يعمل بالديزل طراز 9/230 HA.,MM,0,85052769,EACH,COMPRESSOR USA,,PLANNED_WO,RS-GUPCO,
209679,ELEMENT AIR FILTER USED FOR THE SCREW COMPRESSOR OF IR PORTABLE DIESEL AIR COMPRESSOR MODEL 9/230 HA.,فلتر هواء عنصر يستخدم لضاغط الهواء اللولبي لضاغط الهواء المحمول الذي يعمل بالديزل طراز 9/230 HA.,MM,0,89288971,EACH,COMPRESSOR USA,,PLANNED_WO,RS-GUPCO,
209680,ELEMENT AIR FILTER  SAFETY USED FOR THE SCREW COMPRESSOR OF IR PORTABLE DIESEL AIR COMPRESSOR MODEL 9/230 HA.,عنصر فلتر الهواء الآمن المستخدم لضاغط الهواء اللولبي لضاغط الهواء المحمول الذي يعمل بالديزل طراز 9/230 HA.,MM,0,89288989,EACH,COMPRESSOR USA,,INSURANCE_SPARE,RS-GUPCO,05E12C
209681,ELEMENT SEPARATOR USED FOR THE SCREW COMPRESSOR OF IR PORTABLE DIESEL AIR COMPRESSOR MODEL 9/230 HA.,فاصل العناصر المستخدم في الضاغط اللولبي لضاغط الهواء المحمول الذي يعمل بالديزل طراز 9/230 HA.,MM,0,89285761,EACH,COMPRESSOR USA,,SURPLUS,RS-GUPCO,05E10H
209682,GASKET USED FOR THE SCREW COMPRESSOR OF IR PORTABLE DIESEL AIR COMPRESSOR MODEL 9/230 HA.,حشية تستخدم لضاغط الهواء اللولبي الخاص بضاغط الهواء المحمول الذي يعمل بالديزل طراز 9/230 HA.,MM,0,89304067,EACH,COMPRESSOR USA,,INSURANCE_SPARE,RS-GUPCO,
209666,"FILTER, FUEL USED FOR THE ENGINE (MODEL : IR 6IRC8A) OF AR PORTABLE DIESEL AIR COMPRESSOR MODEL 9/235 HA.",فلتر الوقود المستخدم لمحرك (موديل: IR 6IRC8A) ضاغط الهواء المحمول الذي يعمل بالديزل من طراز AR 9/235 HA.,MM,0,35374677,EACH,COMPRESSOR USA,,PLANNED_WO,RS-GUPCO,
209668,"BELT,  USED FOR THE ENGINE (MODEL : IR 6IRC8A) OF AR PORTABLE DIESEL AIR COMPRESSOR MODEL 9/235 HA.","حزام، يستخدم لمحرك (موديل: IR 6IRC8A) ضاغط هواء ديزل محمول AR موديل 9/235 HA.",MM,0,22345763,EACH,BELT/TRANSMIT,,INSURANCE_SPARE,RS-GUPCO,03C30B
209669,"CYLINDER AIR,  USED FOR THE ENGINE (MODEL : IR 6IRC8A) OF AR PORTABLE DIESEL AIR COMPRESSOR MODEL 9/235 HA.","أسطوانة هواء، تستخدم لمحرك (موديل: IR 6IRC8A) ضاغط هواء ديزل محمول AR موديل 9/235 HA.",MM,0,54466859,EACH,COMPRESSOR USA,,PLANNED_WO,RS-GUPCO,
209670,"ELEMENT OIL FILTER,  USED FOR SCREW COMPRESSOR OF AR PORTABLE DIESEL AIR COMPRESSOR MODEL 9/235 HA.","فلتر زيت عنصري، يستخدم لضاغط لولبي من طراز ضاغط الهواء المحمول الذي يعمل بالديزل AR موديل 9/235 HA.",MM,0,36897346,EACH,COMPRESSOR USA,,INSURANCE_SPARE,RS-GUPCO,05E10B
209671,ELEMENT AIRPRIMARY  USED FOR SCREW COMPRESSOR OF AR PORTABLE DIESEL AIR COMPRESSOR MODEL 9/235 HA.,عنصر الهواء المستخدم بشكل أساسي لضاغط الهواء اللولبي AR المحمول الذي يعمل بالديزل طراز 9/235 HA.,MM,0,36867786,EACH,COMPRESSOR USA,,INSURANCE_SPARE,RS-GUPCO,05E12H
133706,"CASING,","غلاف،",PU,7320102,F4732-13,EACH,PUMP CENTRIFUG,,PLANNED_WO,RS-GUPCO,
133705,"IMPELLER, SIZE 12 IN.","مروحة، مقاس 12 بوصة.",PU,7320102,4705-56-13,EACH,PUMP CENTRIFUG,,INSURANCE_SPARE,RS-GUPCO,02/R05D
216602,"PRIMARY,FUEL PUMP , P/N : 1052508 , USED FOR FIRE PUMP DIESEL ENGINE MODEL 3406B , see Item # 161508","مضخة الوقود الرئيسية، رقم القطعة: 1052508، تُستخدم لمحرك ديزل مضخة الحريق طراز 3406B، انظر البند رقم 161508",MM,0,1052508,EACH,CATERPILLAR,,INSURANCE_SPARE,RS-GUPCO,04 K 12 A
216589,"EXPANSION TANK, P/N : 9Y0993 ,USED FOR FIRE PUMP DIESEL ENGINE MODEL 3406B","خزان تمدد، رقم القطعة: 9Y0993، يُستخدم لمحرك ديزل مضخة حريق طراز 3406B",MM,0,9Y0993,PACKAGE,CATERPILLAR,,INSURANCE_SPARE,RS-GUPCO,01D08TOP
216590,"WATER LINES,HEAT EXCHANGER , P/N : 4N4710 , USED FOR FIRE PUMP DIESEL ENGINE MODEL 3406B","أنابيب مياه، مبادل حراري، رقم القطعة: 4N4710، يُستخدم لمحرك ديزل مضخة حريق طراز 3406B",MM,0,4N4710,EACH,CATERPILLAR,,INSURANCE_SPARE,RS-GUPCO,01 D 08 B
216592,"WATER LINE,GROUP-TURBO COOLING USED FOR FIRE PUMP DIESEL ENGINE MODEL 3406B","خط مياه، مجموعة تبريد التوربو المستخدمة لمحرك ديزل مضخة الحريق طراز 3406B",MM,0,4N4075,EACH,CATERPILLAR,,MIN_MAX,RS-GUPCO,04K08H
216593,"AIR LINE,GROUP USED FOR FIRE PUMP DIESEL ENGINE MODEL 3406","خط هواء، مجموعة تستخدم لمضخة حريق بمحرك ديزل طراز 3406",MM,0,4N0876,EACH,CATERPILLAR,,PLANNED_WO,RS-GUPCO,
216594,"MANIFOLD ,LNTAKE USED FOR FIRE PUMP DIESEL ENGINE MODEL 3406B",مشعب سحب يستخدم لمحرك ديزل مضخة حريق طراز 3406B,MM,0,1N4471,EACH,CATERPILLAR,,INSURANCE_SPARE,RS-GUPCO,04L02TOP
216595,"ELBOW,EXHAUST USED FOR FIRE PUMP DIESEL ENGINE MODEL 3406B",كوع عادم يُستخدم لمحرك ديزل مضخة حريق طراز 3406B,MM,0,4N4967,PACKAGE,CATERPILLAR,,INSURANCE_SPARE,RS-GUPCO,04/K10E
216597,"HEAT,EXCHANGER GROUP USED FOR FIRE PUMP DIESEL ENGINE MODEL 3406B",مجموعة مبادل حراري تُستخدم لمحرك ديزل مضخة حريق طراز 3406B,MM,0,3N9094,EACH,CATERPILLAR,,INSURANCE_SPARE,RS-GUPCO,01D20D
216598,"OIL, LINE GROUP-TURBO USED FOR FIRE PUMP DIESEL ENGINE MODEL 3406B","زيت، مجموعة خطوط التوربو، يُستخدم لمحرك ديزل مضخة حريق طراز 3406B",MM,0,4N4073,EACH,CATERPILLAR,,MIN_MAX,RS-GUPCO,04K10
216599,"COOLER,OIL  P/N : 7W2164 , USED FOR FIRE PUMP DIESEL ENGINE MODEL 3406B","مبرد زيت، رقم القطعة: 7W2164، يُستخدم لمحرك ديزل مضخة حريق طراز 3406B",MM,0,7W2164,EACH,CATERPILLAR,,INSURANCE_SPARE,RS-GUPCO,04 K 10 G
216600,"PUMP,WATER GROUP , P/N : 6057479 , USED FOR FIRE PUMP DIESEL ENGINE MODEL 3406B","مضخة مياه، رقم القطعة: 6057479، تُستخدم لمضخة حريق تعمل بمحرك ديزل طراز 3406B",MM,0,6057479,EACH,CATERPILLAR,,MIN_MAX,RS-GUPCO,01D08C
216601,"LINES,FUEL INJECTION USED FOR FIRE PUMP DIESEL ENGINE MODEL 3406B",خطوط حقن الوقود المستخدمة في محرك ديزل لمضخة حريق طراز 3406B,MM,0,4W8293,EACH,CATERPILLAR,,INSURANCE_SPARE,RS-GUPCO,04M02C
137456,"BEARING, SLEEVE ITEM NO. 15","محمل، جلبة، رقم الصنف 15",PU,7918104,98623196,EACH,PUMP MISC,,INSURANCE_SPARE,RS-GUPCO,02/S31A
216499,"V-BELT,C-154 MULTIPLE TYPE HI-POWER ,OC:158:200 IN,IC:154.000 IN,TW:0.875 IN T:0.563 IN","حزام على شكل حرف V، من النوع C-154 متعدد الأنواع عالي القدرة، OC: 158:200 بوصة، IC: 154.000 بوصة، TW: 0.875 بوصة، T: 0.563 بوصة",MM,0,C154,EACH,BELT/TRANSMIT,,INSURANCE_SPARE,RS-GUPCO,03/R39A
137421,"SHAFT, IMPELLER","عمود، دافع",PU,7918104,460213605588-083,EACH,PUMP MISC,,INSURANCE_SPARE,RS-GUPCO,01/N-06E
133707,"GASKET, BEARING CAP",حشية غطاء المحمل,PU,7320102,NOI 601478191,EACH,PUMP CENTRIFUG,,SURPLUS,RS-GUPCO,02Q23E
218949,V-BELT C 156.,V-BELT C 156.,MM,0,C 156,EACH,BELT/TRANSMIT,,INSURANCE_SPARE,RS-GUPCO,03/R39A
137189,"COLUMN, INTERMEDIATE ASSY. ITEM NO. 642","عمود، مجموعة وسيطة. رقم الصنف 642",PU,7907130,C24130F030 8510,EACH,PUMP MISC,,INSURANCE_SPARE,RS-GUPCO,07YARD
274471,Seal Grease - Coupling End (item no. 332),شحم مانع للتسرب - طرف التوصيل (رقم الصنف 332),PU,7907120,8690-62043,EACH,PUMP MISC,,MIN_MAX,RS-GUPCO,02T11G
221882,"HIGH SPEED PREMIUM COBALT STEEL, M-42, SQUARE TOOL BIT SIZE 3/8"" X 3"", EDP no. 28304, STD package=10 EA, (Morse cutting","فولاذ كوبالت عالي السرعة ممتاز، M-42، لقمة مربعة الشكل مقاس 3/8 بوصة × 3 بوصات، رقم EDP 28304، عبوة قياسية = 10 قطع، (قطع مورس)",MM,0,28304,PACKAGE,METERS & GAUGE,,MIN_MAX,RS-GUPCO,
221883,"60 included angle threading bit tool, premium carbide tipped, style E-8 , grade C-5, 1/2X1/2X3.5Lg, EDP no. 70714, ST","أداة قطع لولبية بزاوية 60 درجة، برأس من الكربيد عالي الجودة، طراز E-8، درجة C-5، 1/2 × 1/2 × 3.5 بوصة، رقم EDP 70714، ST",MM,0,70714,PACKAGE,METERS & GAUGE,,MIN_MAX,RS-GUPCO,
273928,"JOINT,EXPANSION RUBBER STYLE SFRT 150 TUBE NR MEDIA FLOW 1458 GPM TEMPERATURE RATING 90 DEG F MAX PRESS RATING 150 PSI N","وصلة مطاطية للتمدد، أنبوب SFRT 150، معدل تدفق الوسائط 1458 جالونًا في الدقيقة، درجة حرارة التشغيل 90 درجة فهرنهايت، أقصى ضغط تشغيل 150 رطلًا لكل بوصة مربعة.",PU,0,,EACH,COOLERS,,INSURANCE_SPARE,RS-GUPCO,02 RTV
119634,"FAN, NOT ASSEMBLED, 156"" DIA, 8 BLADES, LEFT HAND, MOORE MAKE, 11 ANGLE AT CLEVIS, 2.15/16"" BORE WITH 3/4"" KEYWAY SERIES","مروحة، غير مُجمّعة، قطرها 156 بوصة، 8 شفرات، يسارية، من صنع شركة مور، زاوية 11 درجة عند الوصلة، فتحة 2.15/16 بوصة مع مجرى مفتاح 3/4 بوصة",MM,8025200,156DIAFAN,EACH,COMPRESSOR USA,,INSURANCE_SPARE,RS-GUPCO,01E19D
219663,"AIR END,REPAIR KIT FOR AIR COMPRESSOR MODEL SSR EP 100  (INGERSOLL RAND GENUINE PARTS , MADE IN USA AND PROVIDE ORGINE C","مجموعة إصلاح وحدة ضغط الهواء لضاغط الهواء طراز SSR EP 100 (قطع غيار أصلية من إنجرسول راند، صنع في الولايات المتحدة الأمريكية، وتوفر ضمان المنشأ).",MM,0,39632096,EACH,COMPRESSOR USA,,INSURANCE_SPARE,RS-GUPCO,02U28D
219662,"AIR END,REPAIR KIT FOR AIR COMPRESSOR MODEL SSR EP 60  (INGERSOLL RAND GENUINE PARTS , MADE IN USA AND PROVIDE ORGINE CE","مجموعة إصلاح وحدة ضغط الهواء لضاغط الهواء طراز SSR EP 60 (قطع غيار أصلية من إنجرسول راند، صنع في الولايات المتحدة الأمريكية، حاصلة على شهادة المطابقة الأوروبية CE).",MM,0,42595298,EACH,COMPRESSOR USA,,INSURANCE_SPARE,RS-GUPCO,
220481,"ELBOW,DRESSER PARTS FOR WAUKESHA TYPE VHP MODEL 3521G ,  (SET=2 EA)","قطع غيار الكوع والتسريحة لماكينة واكيشا من النوع VHP موديل 3521G، (مجموعة من قطعتين)",MM,0,161592E,SET,ENGINE USA,,INSURANCE_SPARE,RS-GUPCO,
221877,"POWER HOCK SAW BLADES 18"" X 1 1/4"" X .062 (P/NO. 4041A44 ) (MCMASTER CATALOG 93 PAGE 1637).",شفرات منشار باور هوك 18 بوصة × 1 1/4 بوصة × 0.062 (رقم القطعة 4041A44) (كتالوج ماكماستر 93 صفحة 1637).,MM,0,4041A44,EACH,TOOLS,,MIN_MAX,RS-GUPCO,
221878,"HIGH SPEED PREMIUM COBALT STEEL, M-42, SQUARE TOOL BIT SIZE 5/16"" X 2 1/2"", EDP no. 28303, STD package=10 EA, Morse cutt","فولاذ كوبالت عالي السرعة ممتاز، M-42، لقمة مربعة الشكل، مقاس 5/16 بوصة × 2 1/2 بوصة، رقم EDP 28303، عبوة قياسية = 10 قطع، قطع مورس",MM,0,28303,PACKAGE,METERS & GAUGE,,MIN_MAX,RS-GUPCO,
221881,"60 included angle threading bit tool, premium carbide tipped, style E-6, Grade C-5, 3/8X3/8X2.5Lg, EDP no. 70710, STD","أداة لقمة لولبية بزاوية 60 درجة، ذات رأس من الكربيد الممتاز، طراز E-6، درجة C-5، 3/8 × 3/8 × 2.5 بوصة، رقم EDP 70710، قياسي",MM,0,70710,PACKAGE,METERS & GAUGE,,MIN_MAX,RS-GUPCO,
221754,valve mechanism gp used for diesel engine model 3406.,آلية الصمامات المستخدمة في محرك الديزل طراز 3406.,MM,0,4N2271,EACH,CATERPILLAR,,INSURANCE_SPARE,RS-GUPCO,04M02D
221757,"plate (cam shaft thrust) P/N: 4N0342 , used for diesel engine model 3406.","لوحة (دفع عمود الكامات) رقم القطعة: 4N0342، تستخدم لمحرك الديزل طراز 3406.",MM,0,1CA4N0342,EACH,CATERPILLAR,,PLANNED_WO,RS-GUPCO,04K12
221759,oil lines group used for diesel engine model 3406.,مجموعة أنابيب الزيت المستخدمة لمحرك الديزل طراز 3406.,MM,0,4N1128,PACKAGE,CATERPILLAR,,INSURANCE_SPARE,RS-GUPCO,04S08C
218747,"Adjustable Beam trolley, Geared Travel, SWL 3 Ton, to suit Beam Flange width range from 100 to 250 mm, Hand chain length","عربة رافعة قابلة للتعديل، مزودة بنظام تروس للحركة، حمولة آمنة 3 أطنان، لتناسب نطاق عرض شفة الرافعة من 100 إلى 250 مم، طول سلسلة اليد",MM,0,,EACH,CRANES,,MIN_MAX,RS-GUPCO,
218745,"Single Leg wire Rope Sling SWL 13.1ton, 1.6 m Length x 32 mm diameter, IWRC, 6x36, RHOL, Galvanized, 1960 Grade,terminat","حبل رفع سلكي أحادي الساق، حمولة آمنة 13.1 طن، طول 1.6 متر × قطر 32 مم، IWRC، 6x36، RHOL، مجلفن، درجة 1960، طرفي",MM,0,,EACH,CRANES,,PLANNED_WO,RS-GUPCO,
144795,"CLAMP, FLEX EXHAUST                                @ REF. M/T. 50-99-82/84","مشبك، عادم مرن @ مرجع M/T. 50-99-82/84",MM,6923025,168420A,EACH,ENGINE USA,,MIN_MAX,RS-GUPCO,02Q24
274150,"Bottom Case, Item no. 79, P/No. 267960-JX, pattern no. 26125-4A1, used for B.J Pump model VLT, Size 1300, 12 Stages, S/N","الغطاء السفلي، رقم الصنف 79، رقم القطعة 267960-JX، رقم النمط 26125-4A1، يُستخدم مع مضخة BJ طراز VLT، الحجم 1300، 12 مرحلة، الرقم التسلسلي",PU,7902232,AX267960-JX100,EACH,PUMP MISC,,INSURANCE_SPARE,RS-GUPCO,02E31B
274465,Deflector (item no.123),عاكس (رقم الصنف 123),PU,7907120,R68270 1618,EACH,PUMP MISC,,MIN_MAX,RS-GUPCO,02T11D
125815,"SPARK PLUG, (CHAMPION)",شمعة الإشعال (تشامبيون),MM,6923126,RTM77N,EACH,ENGINE USA,,MIN_MAX,RS-GUPCO,02CAB
222390,ROUND SLING / POLYESTER / COLOUR GREEN / F.O.S 7:1 / MANUFACTURED TO BSEN 1492:2 / CE MARK / S.W.L 2TONNE / E.W.L 6 MTR,حمالة دائرية / بوليستر / اللون أخضر / نسبة الشد 7:1 / مصنعة وفقًا للمواصفة BSEN 1492:2 / علامة CE / حمولة آمنة 2 طن / طول الحمولة القصوى 6 أمتار,MM,0,~,EACH,CORDG & CHAIN,,MIN_MAX,RS-GUPCO,
274399,"Repair Kit for J.C., DOUBLE MECH. SEAL, SIZE ¦1.375, TYPE T-5620-P BIG BORE VERSION, DWG NO. HSP-38060, PARENT 7907106","طقم إصلاح لـ JC، مانع تسرب ميكانيكي مزدوج، مقاس 1.375 بوصة، نوع T-5620-P إصدار ذو تجويف كبير، رقم الرسم HSP-38060، رقم المنتج الأصلي 7907106",PU,0,89292777,EACH,PUMP MISC,,INSURANCE_SPARE,RS-GUPCO,02V11F
155448,"SLEEVE, BEARING , P.No. B-0770","جلبة، محمل، رقم القطعة B-0770",MM,8001200,B-0770,EACH,COMPRESSOR USA,,INSURANCE_SPARE,RS-GUPCO,02U24C
274457,"Bronze tube 2"" IDX 3.5"" ODX 1 ft LG, Copper alloy No. Copper alloy No. C937, conform to ASTM B-505 and fed. Spec. QQ-C-3","أنبوب برونزي بقطر داخلي 2 بوصة وقطر خارجي 3.5 بوصة وطول 1 قدم، مصنوع من سبيكة نحاسية رقم C937، مطابق للمواصفات ASTM B-505 و QQ-C-3.",PU,0,C937,EACH,PUMP MISC,,MIN_MAX,RS-GUPCO,
222673,Pulley and damper group part no: 6N7379 for Cat 3406 TDI Diesel Engine S/No: 90U6000 Arrang No: 4N2238,"مجموعة بكرة ومخمد، رقم القطعة: 6N7379 لمحرك ديزل كات 3406 TDI، الرقم التسلسلي: 90U6000، رقم الترتيب: 4N2238",MM,0,6N7379,EACH,CATERPILLAR,,INSURANCE_SPARE,RS-GUPCO,01D08
137235,"BUSHING - SEAL CHAMBER,       ITEM NO. 125","جلبة - حجرة مانعة للتسرب، رقم الصنف 125",PU,7907178,B02079A01 1001,EACH,PUMP MISC,,INSURANCE_SPARE,RS-GUPCO,02S35H
137236,LOCK NUT BEARING,محمل صامولة القفل,PU,7907178,8601-0012,EACH,PUMP MISC,,INSURANCE_SPARE,RS-GUPCO,02/U24C
164703,LOCK WASHER IMPELLER       ITEM NO. 199 A,"حلقة قفل المروحة، رقم الصنف 199 أ",PU,7907178,B10585 3 3211,EACH,PUMP MISC,,INSURANCE_SPARE,RS-GUPCO,02/U43A
164655,LOCK WASHER BEAING       ITEM NO. 382,"حلقة قفل محملة، رقم الصنف 382",PU,7907178,8910-0012,EACH,PUMP MISC,,INSURANCE_SPARE,RS-GUPCO,02U51B
164696,"DEFLECTOR THRUST, P/N.0B02052A01-1101 ITEM NO.123 A","قوة دفع العاكس، رقم القطعة 0B02052A01-1101، رقم الصنف 123 أ",PU,7907178,0B02052A011619,EACH,PUMP MISC,,INSURANCE_SPARE,RS-GUPCO,02U45D
164702,WASHER IMPELLER             ITEM NO. 199,مروحة غسالة رقم 199,PU,7907178,B00130A01 2210,EACH,PUMP MISC,,INSURANCE_SPARE,RS-GUPCO,02/U43A
271239,"Shim. 0.005 IN Thick, CAT. NO. K-21805, PARTS  FOR Glycol Pumps","حشوة بسمك 0.005 بوصة، رقم الصنف K-21805، قطع غيار لمضخات الجليكول",PU,7321122,96111000112,EACH,PUMP CENTRIFUG,,PLANNED_WO,RS-GUPCO,
226677,"Adjustable Beam trolley, Geared Travel, SWL 10 Ton, to suit Beam Flange width range from 100 to 250 mm, Hand chain lengt","عربة رافعة قابلة للتعديل، مزودة بنظام تروس للحركة، حمولة آمنة 10 أطنان، لتناسب نطاق عرض شفة الرافعة من 100 إلى 250 مم، طول سلسلة اليد",MM,0,,EACH,TURBINE USA,,PLANNED_WO,RS-GUPCO,
274468,"BEARING, DEEP GROOVE BALL, INBOARD , ITEM NO. 168 ( SKF 6209-Z","محمل كروي ذو أخدود عميق، داخلي، رقم الصنف 168 (SKF 6209-Z)",PU,7907120,6209-Z,EACH,PUMP MISC,,MIN_MAX,RS-GUPCO,
226958,"GEAR CASE 404/405 FRAME, P/NO. 42575456 , (OLD P/NO. 39791751) FOR AIR COMPRESSOR MODEL SSR EP 100","هيكل علبة التروس 404/405، رقم القطعة 42575456 (رقم القطعة القديم 39791751) لضاغط الهواء طراز SSR EP 100",MM,0,42575456,EACH,COMPRESSOR USA,,INSURANCE_SPARE,RS-GUPCO,01E21D
226959,"PIN, DOWEL 1.5DIAX1.25 .For AIR COMPRESSOR MODEL SSR EP 100 (INGERSOLL RAND GENUINE PARTS ,","دبوس، وتد بقطر 1.5 بوصة وطول 1.25 بوصة. لضاغط هواء طراز SSR EP 100 (قطع غيار أصلية من إنجرسول راند).",MM,0,95239919,EACH,COMPRESSOR USA,,PLANNED_WO,RS-GUPCO,
226960,"PIN,DOWL FOR AIR COMPRESSOR MODEL SSR EP 100 (INGERSOLL RAND GENUINE PARTS , MADE IN USA AND PROVIDE ORGINE CERTIFICATE","دبوس تثبيت لضاغط هواء طراز SSR EP 100 (قطع غيار أصلية من إنجرسول راند، صنع في الولايات المتحدة الأمريكية، مع شهادة منشأ مرفقة)",MM,0,39194915,EACH,COMPRESSOR USA,,PLANNED_WO,RS-GUPCO,
274401,"Cast gland plate (P/No. H-1375-952) used for J.C., DOUBLE MECH. SEAL, SIZE ¦1.375, TYPE T-5620-P BIG BORE VERSION, DWG N","صفيحة غدة مصبوبة (رقم القطعة H-1375-952) تُستخدم لـ JC، مانع تسرب ميكانيكي مزدوج، مقاس 1.375 بوصة، نوع T-5620-P إصدار ذو تجويف كبير، الرسم N",PU,0,81037483,EACH,PUMP MISC,,INSURANCE_SPARE,RS-GUPCO,02V11G
133704,"PLATE, WEAR","لوحة، تآكل",PU,7320102,3779-13,EACH,PUMP CENTRIFUG,,INSURANCE_SPARE,RS-GUPCO,02/R05B
227621,"PILOT, FOR MOONEY FUEL REGULATOR, USED FOR WAUKESHA ENGINE MODEL F3521GSI.","دليل تشغيل منظم الوقود من نوع MOONEY، المستخدم لمحرك WAUKESHA طراز F3521GSI.",MM,0,214172,EACH,ENGINE USA,,PLANNED_WO,RS-GUPCO,02Q38B
227622,"CARTRIDGE, FOR MOONEY FUEL REGULATOR, USED FOR WAUKESHA ENGINE MODEL F3521GSI.","خرطوشة، لمنظم وقود موني، تستخدم لمحرك واكيشا طراز F3521GSI.",MM,0,489668,EACH,ENGINE USA,,PLANNED_WO,RS-GUPCO,
227623,"FILTER, FOR MOONEY FUEL REGULATOR, USED FOR WAUKESHA ENGINE MODEL F3521GSI.","فلتر، لمنظم الوقود من نوع موني، يستخدم لمحرك واكيشا طراز F3521GSI.",MM,0,214174,EACH,ENGINE USA,,PLANNED_WO,RS-GUPCO,
227624,"MAIN VALVE, FOR MOONEY FUEL REGULATOR, USED FOR WAUKESHA ENGINE MODEL F3521GSI.","صمام رئيسي، لمنظم وقود موني، يستخدم لمحرك واكيشا طراز F3521GSI.",MM,0,G-962-1143,EACH,ENGINE USA,,MIN_MAX,RS-GUPCO,01C5D
227625,"FIXED RESTRICTOR ORIFICE, FOR MOONEY FUEL REGULATOR, USED FOR WAUKESHA ENGINE MODEL F3521GSI.","فتحة تقييد ثابتة، لمنظم وقود موني، يستخدم لمحرك واكيشا طراز F3521GSI.",MM,0,214175,EACH,ENGINE USA,,INSURANCE_SPARE,RS-GUPCO,02Q38
271231,"Valve, Suction and Discharge, CAT. NO. 320B7922, PARTS FOR Glycol Pumps","صمام، سحب وتفريغ، رقم الصنف 320B7922، قطع غيار لمضخات الجليكول",PU,7321122,320B0792200F11505,EACH,PUMP CENTRIFUG,,INSURANCE_SPARE,RS-GUPCO,02Q01D
271240,"Shim. 0.007 IN Thick, CAT. NO. K-21807, PARTS  FOR Glycol Pumps","حشوة بسمك 0.007 بوصة، رقم الصنف K-21807، قطع غيار لمضخات الجليكول",PU,7321122,96111000145,EACH,PUMP CENTRIFUG,,SURPLUS,RS-GUPCO,02S22D
227782,"R. Kit Coupling Kop-Flex size 254 consists of (2) disc packs (p/no. 254 KD HSDP), (2) disc pack fastener set (p/no. 254","تتكون مجموعة وصلات R. Kit Coupling Kop-Flex مقاس 254 من (2) مجموعة أقراص (رقم القطعة 254 KD HSDP)، و(2) مجموعة مثبتات مجموعة الأقراص (رقم القطعة 254).",PU,7909106,PP-254KDHSDP,SET,PUMP MISC,,MIN_MAX,RS-GUPCO,02T39
227781,"COUPLING COMPLETE, KOPFLEX size 254 P/N 254KD10SSFB 2.375 x 2.125, with 2 std. hubs 254 KD 10 SHUB FB  with finished b","وصلة كاملة، من نوع KOPFLEX، مقاس 254، رقم القطعة 254KD10SSFB، أبعادها 2.375 × 2.125، مزودة بمحورين قياسيين 254 KD 10 SHUB FB مع طرف نهائي.",PU,7909106,PP-254KD10SSFB,EACH,BELT/TRANSMIT,,MIN_MAX,RS-GUPCO,
137521,SCREW CAP SOCKET/HD. 25-20 UNC X .50 X .50 4RQD    316 SS,رأس لولبي سداسي/رأس. 25-20 UNC × 0.50 × 0.50 4RQD 316 SS,PU,7909131,809630-00,EACH,PUMP MISC,,PLANNED_WO,RS-GUPCO,
137522,"RING, WEAR IMP. 6JK C954","خاتم، قابل للارتداء، رقم القطعة 6JK C954",PU,7909131,82120726,EACH,PUMP MISC,,PLANNED_WO,RS-GUPCO,
137523,BRG SLV. 1.01 ID X 1.38 OD X 3.00 LG-CC 40,BRG SLV. 1.01 ID X 1.38 OD X 3.00 LG-CC 40,PU,7909131,82258757,EACH,PUMP MISC,,INSURANCE_SPARE,RS-GUPCO,02S31
137529,TOP SHAFT 1.00 94 LG 57.50 316 SS,عمود علوي 1.00 94 LG 57.50 316 SS,PU,7909131,82463456,EACH,PUMP MISC,,PLANNED_WO,RS-GUPCO,
165400,CPLG SHAFT THD 1.00 LH 2.00 316 SS,عمود CPLG ملولب 1.00 يسار 2.00 فولاذ مقاوم للصدأ 316,PU,7909131,82003807,EACH,PUMP MISC,,INSURANCE_SPARE,RS-GUPCO,02T24
165401,BRG SLV. 1.01 ID X 1.38 OD X 1.25LG CC40,BRG SLV. 1.01 ID X 1.38 OD X 1.25LG CC40,PU,7909131,82079732,EACH,PUMP MISC,,MIN_MAX,RS-GUPCO,02T24
137520,RING THRUST SPLIT IMP. STD F/1.00 SHF 316 SS,حلقة دفع منقسمة مقاومة قياسية F/1.00 SHF 316 SS,PU,7909131,82079369,EACH,PUMP MISC,,PLANNED_WO,RS-GUPCO,
137454,"COLUMN, FLANGED SIZE 4"" DIAMETER, 5' 8-9/16"" LONG, COATING TNEMEC 61, P/N 2734855-056","عمود ذو حافة، قطر 4 بوصات، طول 5 أقدام و8-9/16 بوصة، طلاء TNEMEC 61، رقم القطعة 2734855-056",PU,7918104,2734855-056,EACH,PUMP MISC,,INSURANCE_SPARE,RS-GUPCO,07/YARD
137285,"RETAINER, BEARING                                  ITEM NO 652 DRAWING NO A6862","حامل، رقم الصنف 652، رقم الرسم A6862",PU,7907174,A68620F000 1123,EACH,PUMP MISC,,INSURANCE_SPARE,RS-GUPCO,
227626,"Plat Heat Exchanger, S/N: 184877-01, Part No.: %SY549300006600, Manufacture: Standard X-change, Certified by Xylem","مبادل حراري مسطح، الرقم التسلسلي: 184877-01، رقم القطعة: %SY549300006600، الشركة المصنعة: ستاندرد إكس-تشينج، معتمد من قبل زايلِم",MM,0,SY549300006600,EACH,ENGINE USA,,INSURANCE_SPARE,RS-GUPCO,01/C17C
227627,"REPAIR KIT, Plats Gasket Seal, Part Number: 1014-5110-0000 used for ""ITT INDUSTRIES"" HEAT EXCHANGER P/N %SY544300002800,","طقم إصلاح، حشية مانعة للتسرب، رقم القطعة: 1014-5110-0000، يستخدم لمبادل حراري من شركة ""ITT INDUSTRIES"" رقم القطعة %SY544300002800،",MM,0,1014-5110-0000,EACH,COOLERS,,PLANNED_WO,RS-GUPCO,03G3E
271371,"Outer Column , used for BYRON JACKSON pump type VLT, size 5.5 G, 4-stg, S/No. 691-H-0062","عمود خارجي، يُستخدم لمضخة بايرون جاكسون من النوع VLT، حجم 5.5 G، 4 مراحل، الرقم التسلسلي 691-H-0062",PU,7902214,AX169421-GQ000,EACH,PUMP MISC,,PLANNED_WO,RS-GUPCO,
137288,"BEARING, SUCTION                                   ITEM NO 690","محمل شفط، رقم الصنف 690",PU,7907174,B71500F002 5402,EACH,PUMP MISC,,PLANNED_WO,RS-GUPCO,
137289,"BEARING, BOWL.                                     ITEM NO 672","محمل، وعاء. رقم الصنف 672",PU,7907174,B71350F002 5402,EACH,PUMP MISC,,INSURANCE_SPARE,RS-GUPCO,02S23A
137292,"O-RING, HD/SLHSG                                   ITEM NO 743K DRAWING NO C6000-254","حلقة دائرية، HD/SLHSG، رقم الصنف 743K، رقم الرسم C6000-254",PU,7907174,C60000F254 5304,EACH,PUMP MISC,,SURPLUS,RS-GUPCO,03B12A
137293,HEAD ASSY                                          ITEM NO 600 DRAWING NO D5931,"مجموعة رأسية، رقم الصنف 600، رقم الرسم D5931",PU,7907174,D59310F000 8510,EACH,PUMP MISC,,INSURANCE_SPARE,RS-GUPCO,01E26C
137296,"NUT, COL/COL BLT (8)                               ITEM NO 735 A DRAWING NO 49507-110","صامولة، COL/COL BLT (8) رقم الصنف 735 أ، رقم الرسم 49507-110",PU,7907174,A49507F110 2229,EACH,PUMP MISC,,INSURANCE_SPARE,RS-GUPCO,02U22F(1)
164874,"BEARING, OLS     ITEM NO 653                       NEW P/N. B71340F002 5402","محمل، رقم الصنف 653، جديد، رقم القطعة B71340F002 5402",PU,7907174,B71340F0025402,EACH,PUMP MISC,,INSURANCE_SPARE,RS-GUPCO,02T02H
137424,"RING, SPLIT MOTOR SHAFT REF.NO. 327","حلقة، عمود محرك منقسم، رقم المرجع 327",PU,7918102,96672391,EACH,PUMP MISC,,INSURANCE_SPARE,RS-GUPCO,02/S33G
164872,"BEARING, SLHSG UPPER                               ITEM NO 791D","محمل، SLHSG علوي، رقم الصنف 791D",PU,7907174,A93350F000 1618,EACH,PUMP MISC,,PLANNED_WO,RS-GUPCO,
164873,"HOLD TILL 1/12/2026,  H SHAFT, PUMP (1.68 X 181.12LG) ITEM NO 660 DRAWING NO B7342TBC1 NEW P/N. C07469FXBC2403","يُحفظ حتى 1/12/2026، عمود H، مضخة (1.68 × 181.12 طول) رقم الصنف 660، رقم الرسم B7342TBC1، رقم القطعة الجديد C07469FXBC2403",PU,7907174,C07469FXBC 2403,EACH,PUMP MISC,,INSURANCE_SPARE,RS-GUPCO,
164876,"BEARING, SLHSG LOWER ITEM NO. 791E","محمل، SLHSG سفلي، رقم الصنف 791E",PU,7907174,H00277F000 1618,EACH,PUMP MISC,,INSURANCE_SPARE,RS-GUPCO,02T02H
175991,"GUIDE, FOR  7N857 CYL. HEAD GROUP , PARTS FOR CATERPILLER DIESEL ENGINE , MODEL:3406DI , ARRANGEMENT NO: 4N2248 , SERIAL","دليل مجموعة رأس الأسطوانة 7N857، قطع غيار لمحرك ديزل كاتربيلر، الموديل: 3406DI، رقم الترتيب: 4N2248، الرقم التسلسلي",MM,7103142,5CA1737188,EACH,CATERPILLAR,,PLANNED_WO,RS-GUPCO,
228492,"Adjustable Beam trolley, Geared Travel, SWL 5 Ton, to suit Beam Flange width range from 100 to 250 mm, Hand chain length","عربة رافعة قابلة للتعديل، مزودة بنظام تروس للحركة، حمولة آمنة 5 أطنان، لتناسب نطاق عرض شفة الرافعة من 100 إلى 250 مم، طول سلسلة اليد",MM,7719307,,EACH,TURBINE OTHER,,PLANNED_WO,RS-GUPCO,
271327,"ELBOW FOR SEPERATOR TANK (.75 TUBE X .75 SAE), USED FOR I.R ROTARY AIR COMPRESSOR","كوع لخزان الفصل (أنبوب 0.75 × 0.75 SAE)، يُستخدم لضاغط الهواء الدوار بالأشعة تحت الحمراء",MM,0,39171517,EACH,COMPRESSOR USA,,INSURANCE_SPARE,RS-GUPCO,02/U39E
271368,"Column shaft 3/4""X 3' LG, P/No. 166144, Used for BYRON JACKSON pump type VLT, size 5.5 GL, 2-stg, S/No. 841-H-0117","عمود 3/4 بوصة × 3 أقدام، رقم القطعة 166144، يُستخدم لمضخة بايرون جاكسون من النوع VLT، حجم 5.5 جالون، مرحلتين، الرقم التسلسلي 841-H-0117",PU,7902238,88451684,EACH,PUMP MISC,,SURPLUS,RS-GUPCO,02V11D
271369,"Stuffing box, size 1-1/2, P/No. 268583-ZA, FAB, Used for BYRON JACKSON pump type VLT, size 5.5 GL, 2-stg, S/No. 841-H-01","صندوق حشو، مقاس 1-1/2، رقم القطعة 268583-ZA، من إنتاج شركة FAB، يُستخدم لمضخة بايرون جاكسون من نوع VLT، مقاس 5.5 GL، ذات مرحلتين، رقم التسلسل 841-H-01",PU,7902238,268583ZA,EACH,PUMP MISC,,INSURANCE_SPARE,RS-GUPCO,02V11E
271372,"Pump Half Coupling, size 1"" shaft, Part No. AX116004-UP000  , Material 1213-1215 Cf, Used for BYRON JACKSON pump type VL","وصلة نصفية للمضخة، مقاس عمود 1 بوصة، رقم القطعة AX116004-UP000، المادة 1213-1215 Cf، تُستخدم لمضخة بايرون جاكسون من النوع VL",PU,7902238,AX116004-UP000,EACH,PUMP MISC,,INSURANCE_SPARE,RS-GUPCO,02T13B
165403,BRG. SLV 1.01 X 1.38 OD X 3.19 LG CC 40,BRG. SLV 1.01 × 1.38 OD × 3.19 LG CC 40,PU,7909131,82093642,EACH,PUMP MISC,,INSURANCE_SPARE,RS-GUPCO,02T24D
165411,"Nut Adjusting , 0.94 LH threads X 1.63 shaft recess, P/No. 82238171","صامولة ضبط، 0.94 لولبي يساري × 1.63 تجويف عمود، رقم القطعة 82238171",PU,7909131,82238171,EACH,PUMP MISC,,INSURANCE_SPARE,RS-GUPCO,02/V58B
165412,"""O"" RING BARREL, 12  VITON","حلقة ""O""، 12 فيتون",PU,7909131,20A11EM457,EACH,PUMP MISC,,PLANNED_WO,RS-GUPCO,
165415,PIN IMP WR (SCREW SET 6-32UNF X .17) 3RQD 316 SS,مسمار تثبيت مقاوم للصدمات (مجموعة براغي 6-32UNF × 0.17) 3RQD 316 SS,PU,7909131,115A2T660-379,EACH,PUMP MISC,,PLANNED_WO,RS-GUPCO,
229706,"ELEMENT, AIR FILTER, USED FOR ATLAS COPCO ROTARY COMPRESSOR MODEL GA-37 (SUPPL REF: 522 C 062 307 49, PO-7593-420-133-04","عنصر فلتر هواء، يُستخدم لضاغط الهواء الدوار من طراز أطلس كوبكو GA-37 (رقم المرجع: 522 C 062 307 49، PO-7593-420-133-04)",MM,0,~,EACH,COMPRESSOR OTHR,,MIN_MAX,RS-GUPCO,
229708,"Unloader Kit, Part no. 2901 1622 00, used for Air Compressor, Model: Atlas Copco GA45+ , S/N: APIS45798401&S/N: APIS4575","طقم تفريغ، رقم القطعة 2901 1622 00، يُستخدم لضاغط هواء، طراز: أطلس كوبكو GA45+، الرقم التسلسلي: APIS45798401 والرقم التسلسلي: APIS4575",MM,0,2901 1622 00,EACH,COMPRESSOR OTHR,,INSURANCE_SPARE,RS-GUPCO,
137202,"BEARING, BOWL ITEM NO. 672","محمل، وعاء، رقم الصنف 672",PU,7907158,A91110F000 1618,EACH,PUMP MISC,,INSURANCE_SPARE,RS-GUPCO,02S35B
164514,"NUT, ADJUSTMENT ITEM NO. 604A","صامولة، قطعة ضبط رقم 604A",PU,7907158,H00460F000 2130,EACH,PUMP MISC,,INSURANCE_SPARE,RS-GUPCO,02S17
164617,"HEADSHAFT, ITEM NO. 608                            P/N. B00020F JDA-2216","عمود رأس المحرك، رقم الصنف 608، رقم القطعة B00020F، JDA-2216",PU,7907158,B00020FJDA2216,EACH,PUMP MISC,,SURPLUS,RS-GUPCO,01M02(C)
164623,"COLUMN, INTERMEDIATE","عمود، وسيط",PU,7907158,C24170F120 8510,EACH,PUMP MISC,,INSURANCE_SPARE,RS-GUPCO,07YARD
177555,"SHAFT, PUMP ITEM NO. 660","عمود المضخة، رقم الصنف 660",PU,7907158,B52170F4022216,EACH,PUMP MISC,,INSURANCE_SPARE,RS-GUPCO,01L05F
230378,"MOTOR,STARTING ELECTRIC GROUP,24 VOLT , P/N : 3383454","محرك، مجموعة بدء التشغيل الكهربائية، 24 فولت، رقم القطعة: 3383454",MM,7103116,3383454,EACH,CATERPILLAR,,INSURANCE_SPARE,RS-GUPCO,01D08C
227506,"ELEMENT, FUEL FILTER P/N. 1R0756 USED FOR R#6 NEW DIESEL ENGINE MODEL CAT. 3512  Manu. CATERPILLAR","عنصر فلتر الوقود، رقم القطعة 1R0756، يُستخدم لمحرك ديزل جديد رقم 6، طراز CAT 3512، من إنتاج شركة كاتربيلر.",MM,0,1R0756,EACH,CATERPILLAR,,MIN_MAX,RS-GUPCO,
116492,"DAMPER VIBRATION 24"" TURBOCHARGED",مخمد اهتزازات 24 بوصة مزود بشاحن توربيني,MM,6923126,,EACH,ENGINE USA,,INSURANCE_SPARE,RS-GUPCO,01C15B
231204,WEBBING SLING / POLYESTER / COLOUR BROWN / DUPLEX / BECKET EYE / F.O.S 7:1 / MANUFACTURED TO BSEN 1492:1 / CE MARK / S.W,حزام منسوج / بوليستر / لون بني / مزدوج / حلقة بيكت / FOS 7:1 / مصنّع وفقًا للمواصفة BSEN 1492:1 / علامة CE / SW,MM,0,~,EACH,CORDG & CHAIN,,MIN_MAX,RS-GUPCO,02B03B
231205,WEBBING SLING / POLYESTER / COLOUR BROWN / DUPLEX / BECKET EYE / F.O.S 7:1 / MANUFACTURED TO BSEN 1492:1 / CE MARK / S.W,حزام منسوج / بوليستر / لون بني / مزدوج / حلقة بيكت / FOS 7:1 / مصنّع وفقًا للمواصفة BSEN 1492:1 / علامة CE / SW,MM,0,~,EACH,CORDG & CHAIN,,PLANNED_WO,RS-GUPCO,02B03C
173767,"ELEMENT, AIR CLEANER","عنصر، منقي هواء",MM,7103140,2CA4N0015,EACH,BR/SL/S.PLG/FLT,,MIN_MAX,RS-GUPCO,05D05
272886,6 nb kaptech 316 stainless steel corrugated flexible tube with external 316 stainless steel braid  End 1 : 6 ASA/ANSI,"أنبوب مرن مموج من الفولاذ المقاوم للصدأ 316 من كابتك، مقاس 6 بوصات، مزود بضفيرة خارجية من الفولاذ المقاوم للصدأ 316، الطرف 1: 6 ASA/ANSI",MM,0,~,EACH,ENGINE USA,,INSURANCE_SPARE,RS-GUPCO,
271366,"Bottom flanged column 4""X3' LG, P/No. 998501-ZA, HYDRO:200#, Used for BYRON JACKSON pump type VLT, size 5.5 GL, 2-stg, S","عمود ذو حافة سفلية 4 بوصات × 3 أقدام، رقم القطعة 998501-ZA، ضغط هيدروليكي: 200 رطل، يُستخدم مع مضخة بايرون جاكسون من نوع VLT، حجم 5.5 جالون، مرحلتين، S",PU,7902238,998501ZA,EACH,PUMP MISC,,INSURANCE_SPARE,RS-GUPCO,07 YARD
161520,"ADAPTER,","محول،",MM,7103145,7W5435,EACH,CATERPILLAR,,INSURANCE_SPARE,RS-GUPCO,04L04E
164581,"IMPELLER, 9-7/16 IN. D 1/8 X 1-7/8 UF ITEM NO.673  P/N. A1886-1007B854-06M","مروحة، قطر 9-7/16 بوصة، 1/8 × 1-7/8 بوصة، رقم الصنف 673، رقم القطعة A1886-1007B854-06M",PU,7907156,A18860F0001296,EACH,PUMP MISC,,INSURANCE_SPARE,RS-GUPCO,02S15
271227,"Gland, Follower Cast Iron, CAT. NO. 339B7548/1, PARTS FOR Glycol Pumps","حشوة، تابع من الحديد الزهر، رقم الصنف 339B7548/1، قطع غيار لمضخات الجليكول",PU,7321122,339B0754801A11100,EACH,PUMP CENTRIFUG,,INSURANCE_SPARE,RS-GUPCO,02/ Q 01 D
271229,"Bearing Connecting Rod, CAT. NO. 58025C-90-178, PARTS FOR Glycol Pumps","ذراع توصيل محمل، رقم الصنف 58025C-90-178، قطع غيار لمضخات الجليكول",PU,7321122,116B0829900R15300,EACH,PUMP CENTRIFUG,,INSURANCE_SPARE,RS-GUPCO,02/ Q 01 D
137311,"O-RING,","حلقة دائرية،",PU,7902104,1056182,EACH,PUMP MISC,,MIN_MAX,RS-GUPCO,03B12
137312,"O-RING, END COVER.","حلقة دائرية، غطاء طرفي.",PU,7902104,412-336,EACH,PUMP MISC,,SURPLUS,RS-GUPCO,03/B12A (1)
137257,"HEAD, DISCHARGE.","الرأس، إفرازات.",PU,7907159,D5017F011 8510,EACH,PUMP MISC,,INSURANCE_SPARE,RS-GUPCO,07YARD
137313,"O-RING,","حلقة دائرية،",PU,7902104,1060104,EACH,PUMP MISC,,MIN_MAX,RS-GUPCO,03B12
137314,"RING, SEAL","حلقة، ختم",PU,7902104,1114565,EACH,PUMP MISC,,MIN_MAX,RS-GUPCO,
137317,"KEY,","مفتاح،",PU,7902104,1335790,EACH,PUMP MISC,,MIN_MAX,RS-GUPCO,02S33
137318,"SHIM,","شيم،",PU,7902104,1351966,EACH,PUMP MISC,,MIN_MAX,RS-GUPCO,02S33
137320,"BUSHING, THROAT, ITEM NO. 207 P/N 62XX B35996-06","جلبة، الحلق، رقم الصنف 207، رقم القطعة 62XX B35996-06",PU,7902104,1453386,EACH,PUMP MISC,,MIN_MAX,RS-GUPCO,
164987,"DEFLECTOR, DISC","عاكس، قرص",PU,7902104,1411586,EACH,PUMP MISC,,MIN_MAX,RS-GUPCO,
231486,OIL PAN GROUP  .VENDOR NAME : MANTRIC . MANUFACTURER : CATERPILLAR .,مجموعة أحواض الزيت. اسم المورد: مانتريك. الشركة المصنعة: كاتربيلر.,MM,0,4N0756,EACH,CATERPILLAR,,INSURANCE_SPARE,RS-GUPCO,01D22H
231497,OIL LEVEL GAUGE GROUP .VENDOR NAME : MANTRIC . MANUFACTURER : CATERPILLAR .,مجموعة مقياس مستوى الزيت. اسم المورد: مانتريك. الشركة المصنعة: كاتربيلر.,MM,0,4n748,PACKAGE,CATERPILLAR,,PLANNED_WO,RS-GUPCO,
231499,MOUNTING GROUP -JACKET WATER HEATER-TYPE 1. .VENDOR NAME : MANTRIC . MANUFACTURER : CATERPILLAR.,مجموعة التركيب - سخان مياه ذو غلاف - النوع 1. اسم المورد: مانتريك. الشركة المصنعة: كاتربيلر.,MM,0,4N6540,EACH,CATERPILLAR,,PLANNED_WO,RS-GUPCO,
231483,WATER AFTERCOOLER GROUP .VENDOR NAME :MANTRAC . MANUFACTURER : CATERPILLAR .,مجموعة مبرد الماء اللاحق. اسم المورد: مانتراك. الشركة المصنعة: كاتربيلر.,MM,0,4N4077,EACH,CATERPILLAR,,INSURANCE_SPARE,RS-GUPCO,01d18h
235853,"Tube, Radiator G. P/No: 4N2985 for Cat 3406 TDI Diesel Engine S/No: 90U16450 Arrang No: 4N2238","أنبوب، مشعاع، رقم القطعة: 4N2985 لمحرك ديزل كات 3406 TDI، الرقم التسلسلي: 90U16450، رقم الترتيب: 4N2238",MM,0,4N2985,EACH,CATERPILLAR,,MIN_MAX,RS-GUPCO,04K16C
235854,"Hose, radiator G. Part No: 2S6661 for Cat 3406 TDI Diesel Engine S/No: 90U16450 Arrang No: 4N2238 , Minimum Qty. 762 Ea.","خرطوم، رادياتير G. رقم القطعة: 2S6661 لمحرك ديزل Cat 3406 TDI رقم التسلسل: 90U16450 رقم الترتيب: 4N2238، الحد الأدنى للكمية 762 قطعة.",MM,0,5P1265,EACH,CATERPILLAR,,MIN_MAX,RS-GUPCO,
235855,Water Lines group Part No: 4N9777 for Cat 3406 TDI Diesel Engine S/No: 90U16450 Arrang No: 4N2238,"مجموعة خطوط المياه، رقم القطعة: 4N9777 لمحرك الديزل Cat 3406 TDI، الرقم التسلسلي: 90U16450، رقم الترتيب: 4N2238",MM,0,4N9777,EACH,CATERPILLAR,,MIN_MAX,RS-GUPCO,03P05B
235858,Water Lines Part No: 4N2474 for Cat 3406 TDI Diesel Engine S/No: 90U16450 Arrang No: 4N2238,"خطوط المياه، رقم القطعة: 4N2474 لمحرك الديزل كات 3406 TDI، الرقم التسلسلي: 90U16450، رقم الطلب: 4N2238",MM,0,4N2474,EACH,CATERPILLAR,,INSURANCE_SPARE,RS-GUPCO,01D16H
235104,"Adjustable Beam trolley, Push Travel, SWL 3 Ton, to suit Beam Flange width range from 100 to 250 mm. The trolley wheels","عربة نقل ذات عارضة قابلة للتعديل، تعمل بالدفع، حمولة آمنة 3 أطنان، تناسب نطاق عرض شفة العارضة من 100 إلى 250 مم. عجلات العربة",MM,0,,EACH,CORDG & CHAIN,,PLANNED_WO,RS-GUPCO,
271367,"Column Bearing, 3/4"" ID, P/No. 753636-FJ, BRZ, Used for BYRON JACKSON pump type VLT, size 5.5 GL, 2-stg, S/No. 841-H-011","محمل عمود، قطر داخلي 3/4 بوصة، رقم القطعة 753636-FJ، BRZ، يُستخدم لمضخة بايرون جاكسون من النوع VLT، حجم 5.5 GL، مرحلتين، رقم التسلسل 841-H-011",PU,7902238,AX753636-FJ000,EACH,PUMP MISC,,PLANNED_WO,RS-GUPCO,
161073,"BASE ASSY, P/N : 1N3789 , FOR FUEL FILTER.","مجموعة القاعدة، رقم القطعة: 1N3789، لفلتر الوقود.",MM,7103141,1N3789,EACH,CATERPILLAR,,INSURANCE_SPARE,RS-GUPCO,04 H 13 D
137315,"NUT, SHAFT SLEEVE R.H.","صامولة، جلبة عمود يمين",PU,7902104,921-216,EACH,PUMP MISC,,MIN_MAX,RS-GUPCO,
137316,"KEY, (FINAL IMP)","مفتاح، (التنفيذ النهائي)",PU,7902104,1156284,EACH,PUMP MISC,,MIN_MAX,RS-GUPCO,02S33
137319,"KEY, STG.1","مفتاح، المرحلة 1",PU,7902104,1408046,EACH,PUMP MISC,,MIN_MAX,RS-GUPCO,02S33
137321,"NUT, SHAFT SLEEVE L.H.","صامولة، جلبة عمود يسار",PU,7902104,921-217,EACH,PUMP MISC,,MIN_MAX,RS-GUPCO,
164990,STAGE PIECE,قطعة مسرحية,PU,7902104,541-204-1453351,EACH,PUMP MISC,,MIN_MAX,RS-GUPCO,
176150,GASKET (7W5978),حشية (7W5978),MM,7103167,1299452,EACH,CATERPILLAR,,PLANNED_WO,RS-GUPCO,04/R15D
193979,PRECLEANER AS - ( 6 IN.) DIAMETER AIR INLET  P/N.  2S5651 FOR CAT ENGINE -3406   S/N. 6TB16495  ARR. NO. 7C-6843,"مُنظِّف أولي AS - مدخل هواء بقطر 6 بوصات، رقم القطعة 2S5651 لمحرك كاتربيلر -3406، الرقم التسلسلي 6TB16495، رقم التجميع 7C-6843",MM,0,1501713,EACH,CATERPILLAR,,INSURANCE_SPARE,RS-GUPCO,04S02H
161495,"TUBE, ASSY","أنبوب، مجموعة",MM,7103139,2W2927,EACH,CATERPILLAR,,MIN_MAX,RS-GUPCO,04J05C
161501,"TUBE, ASSY","أنبوب، مجموعة",MM,7103139,2W6458,EACH,CATERPILLAR,,MIN_MAX,RS-GUPCO,04J05C
132446,"GEAR, FOR GOVERNOR DRIVE","تروس، لمحرك منظم السرعة",MM,7103138,4N0629,EACH,CATERPILLAR,,INSURANCE_SPARE,RS-GUPCO,04L24E
161464,FUEL ING.LINE NO 1,خط وقود رقم 1,MM,7103139,4P9661,EACH,CATERPILLAR,,PLANNED_WO,RS-GUPCO,
177557,"LOCK, TAPER IMPELLER ITEM NO. 677","قفل، مروحة مخروطية، رقم الصنف 677",PU,7907158,H00445F000 2229,EACH,PUMP MISC,,PLANNED_WO,RS-GUPCO,
237905,"WORM SHAFT WHEEL ASSY 1/30 ( INCLUDE GEAR & WORM ) , PART NO. 2720076003R","مجموعة عجلة عمود دودي 1/30 (تتضمن الترس والدودة)، رقم القطعة 2720076003R",PU,0,2520076003R,EACH,PUMP CENTRIFUG,,PLANNED_WO,RS-GUPCO,
237908,"COMPLETE COUPLING BETWEEN PUMP AND MOTOR (0.5 INCH X 0.75 INCH X 0.25 INCH KEYWAY) (SEE ATTACHED PICTURES) , USED FOR CH","وصلة كاملة بين المضخة والمحرك (مجرى مفتاح 0.5 بوصة × 0.75 بوصة × 0.25 بوصة) (انظر الصور المرفقة)، تُستخدم لـ CH",PU,0,3050915010F,SET,PUMP CENTRIFUG,,MIN_MAX,RS-GUPCO,
237902,"VALVE ASSEMBLY (SUCTION),USED FOR PUMP CODE: MD46(55)G3,2N350/9.VV2.ITEM:QUADRUPLEX ,AFFAIR NO:C052417606, MANUAL REFERA","مجموعة صمامات (شفط)، تُستخدم مع مضخة برمز: MD46(55)G3، 2N350/9.VV2. رقم الصنف: رباعي، رقم الملف: C052417606، راجع الدليل.",PU,0,0210716028N,EACH,PUMP CENTRIFUG,,PLANNED_WO,RS-GUPCO,
237910,PLUNGER ASSY ( INCLUDE 1 PLUNGER # 0120319094N &  PACKING RING # 4380140030N ),مجموعة المكبس (تتضمن مكبس واحد رقم 0120319094N وحلقة التعبئة رقم 4380140030N),PU,0,,EACH,PUMP CENTRIFUG,,INSURANCE_SPARE,RS-GUPCO,02S41A
237909,"COMPLETE MULTIPLEXING COUPLING BETWEEN M1&Mi,USED FOR PUMP CODE: MD46(55)G3,2N350/9.VV2.ITEM:QUADRUPLEX ,AFFAIR NO:C0524","وصلة تعدد إرسال كاملة بين M1 وMi، تُستخدم لمضخة برمز: MD46(55)G3، 2N350/9.VV2. رقم الصنف: رباعي، رقم الملف: C0524",PU,0,3050915020F,SET,PUMP CENTRIFUG,,INSURANCE_SPARE,RS-GUPCO,02Q05C
237248,"MECHANICAL ASSEMBLY,USED FOR DOSING MULTIPLEX MILTON ROY PUMP,MILROYAL D,TYPES MD46(55)R3,2N350QX/ & MD46(55)G3,2N350QX/","مجموعة ميكانيكية، تُستخدم لضخ جرعات متعددة من مضخة ميلتون روي، ميلرويال دي، من النوعين MD46(55)R3،2N350QX/ وMD46(55)G3،2N350QX/",PU,0,3050052050F,EACH,PUMP CENTRIFUG,,INSURANCE_SPARE,RS-GUPCO,01/D26B
137182,"BOWL, TOP ITEM NO. 669","وعاء، رقم الصنف العلوي 669",PU,7907156,A20460F000 1007,EACH,PUMP MISC,,INSURANCE_SPARE,RS-GUPCO,
177613,"PACKING SET ITEM 620A,  (6 EA PER SET)  P/N. A11338-5-BM-5017","مجموعة التعبئة رقم 620A، (6 قطع لكل مجموعة) رقم القطعة A11338-5-BM-5017",PU,7907161,A11338FEBM5017,SET,PUMP MISC,,INSURANCE_SPARE,RS-GUPCO,02T43G
177614,"IMPELLER, ITEM 673","المروحة، رقم الصنف 673",PU,7907161,B75420F000 1123,EACH,PUMP MISC,,INSURANCE_SPARE,RS-GUPCO,02V29H(1)
237903,"VALVE ASSEMBLY (DISCHARGE),USED FOR PUMP CODE: MD46(55)G3,2N350/9.VV2.ITEM:QUADRUPLEX ,AFFAIR NO:C052417606, MANUAL REFE","مجموعة صمام (تفريغ)، تُستخدم لمضخة برمز: MD46(55)G3، 2N350/9.VV2. رقم الصنف: رباعي، رقم الملف: C052417606، مرجع الدليل",PU,0,0210717028N,EACH,PUMP CENTRIFUG,,PLANNED_WO,RS-GUPCO,
237904,"CONNECTING ROD,USED FOR PUMP CODE: MD46(55)G3,2N350/9.VV2.ITEM:QUADRUPLEX ,AFFAIR NO:C052417606, MANUAL REFERANCE :0801-","ذراع توصيل، يُستخدم لمضخة برمز: MD46(55)G3، 2N350/9.VV2. رقم الصنف: رباعي، رقم الملف: C052417606، مرجع الدليل: 0801-",PU,0,3050052070F,EACH,PUMP CENTRIFUG,,PLANNED_WO,RS-GUPCO,
196665,WEBBING SLING / POLYESTER / COLOUR VIOLET  / DUPLEX / BECKET EYE / F.O.S 7:1 / MANUFACTURED TO BSEN 1492:1 / CE MARK /,حمالة من نسيج / بوليستر / لون بنفسجي / مزدوج / حلقة بيكت / FOS 7:1 / مصنعة وفقًا للمواصفة BSEN 1492:1 / علامة CE /,MM,0,~,EACH,CORDG & CHAIN,,MIN_MAX,RS-GUPCO,
137673,"O-RING, (STUFFING BOX/HEAD)",حلقة دائرية (صندوق الحشو/الرأس),PU,7902238,20A11CM243,EACH,PUMP MISC,,INSURANCE_SPARE,RS-GUPCO,03B37B
116189,"MANFIOLD, WATER P/NO. E204677 SUPERSEDED TO THE BELOW 17 ITEMS TO REPLACE THE OLD MANIFOLD CONSIST OF :",تم استبدال مشعب الماء رقم E204677 بالعناصر الـ 17 التالية التي تحل محل المشعب القديم:,MM,6923117,E204677,EACH,ENGINE USA,,MIN_MAX,RS-GUPCO,01C21B
167533,"SEAL, WATER ( OLD P/N 4W7983 ) OLD P/NO.4W1055",مانع تسرب الماء (رقم القطعة القديم 4W7983) رقم القطعة القديم 4W1055,MM,7103370,10CA3E6772,EACH,CATERPILLAR,,PLANNED_WO,RS-GUPCO,
131840,"STUD, 3/8"" NC THRD. BOTH ENDS X 2"" TAPERLOCK       HIGH TEMP.","مسمار ملولب، 3/8 بوصة NC THRD. كلا الطرفين × 2 بوصة TAPERLOCK HIRT.",MM,7103144,10CA7L0520,EACH,CATERPILLAR,,INSURANCE_SPARE,RS-GUPCO,04H02
137425,"BOWL, STANDARD REF.NO. 10","وعاء، رقم المرجع القياسي 10",PU,7918102,4604684-041,EACH,PUMP MISC,,PLANNED_WO,RS-GUPCO,
271228,"Plunger , P-626 4-STY, CAT. NO. 59516, PARTSFOR Glycol Pumps","مكبس، P-626 رباعي الطبقات، رقم الصنف 59516، قطع غيار لمضخات الجليكول",PU,7321122,353B0837902R53100,EACH,PUMP CENTRIFUG,,INSURANCE_SPARE,RS-GUPCO,
271230,"Oil Seal Crankshaft CRWI or Equal, CAT. NO. 21098, PARTS","مانع تسرب زيت عمود المرفق CRWI أو ما يعادله، رقم الصنف 21098، قطع غيار",PU,7321122,94111000127,EACH,PUMP CENTRIFUG,,INSURANCE_SPARE,RS-GUPCO,02/ Q 01 D
176206,"PLUNGER, ASSY.  @ M.T 50-99-447/83","مكبس، مجموعة. @ MT 50-99-447/83",PU,7313104,2120062070,EACH,PUMP CENTRIFUG,,PLANNED_WO,RS-GUPCO,
271576,"Sleeve shaft, Item no. 29, Drawing no. 8511-C03B, Material 304SS, for FWP PUMP MOD 18RKMC3 S/N. 87979-80","عمود جلبة، رقم الصنف 29، رقم الرسم 8511-C03B، المادة 304SS، لمضخة FWP موديل 18RKMC3، الرقم التسلسلي 87979-80",PU,7912102,~,EACH,PUMP MISC,,INSURANCE_SPARE,RS-GUPCO,02T13D
271577,"Set Screw, impeller, Item no. 626, drawing no. 8511-B05B, STN STL Material, used for Layne& Bowler, Memphis tenn. 381/08","برغي تثبيت، دافع، رقم الصنف 626، رقم الرسم 8511-B05B، مادة STN STL، يستخدم في Layne & Bowler، ممفيس، تينيسي. 381/08",PU,7912102,~,EACH,PUMP MISC,,PLANNED_WO,RS-GUPCO,
271578,"Randolph Gear Box Complete Model 350G, 350 HP, Ratio: 1/1, S/No. G070-A1890240-41, Input RPM 1750, Output RPM 1750, Bore","علبة تروس راندولف كاملة، طراز 350G، 350 حصان، نسبة التروس: 1/1، الرقم التسلسلي: G070-A1890240-41، سرعة دوران الإدخال: 1750 دورة في الدقيقة، سرعة دوران الإخراج: 1750 دورة في الدقيقة، قطر الأسطوانة",PU,3123104,~,EACH,BR/SL/S.PLG/FLT,,MIN_MAX,RS-GUPCO,01B06H
271236,"Gasket, PAC, CAT. NO. 624-BVE20/1, PARTS  FOR Glycol Pumps","حشية، مجموعة قطع غيار، رقم الصنف 624-BVE20/1، قطع غيار لمضخات الجليكول",PU,7321122,624B0823400U51100,EACH,PUMP CENTRIFUG,,INSURANCE_SPARE,RS-GUPCO,02Q01E
165650,"STUFFING, BOX BEARING","حشو، محمل صندوقي",PU,7902238,AX169973-FJ000,EACH,PUMP MISC,,INSURANCE_SPARE,RS-GUPCO,02T38B
101772,"INSERT, EXHAUST  ( 9S9699 ) FOR  7N857  CYLN. HEAD GROUP",قطعة إدخال العادم (9S9699) لمجموعة رأس الأسطوانة 7N857,MM,7113408,1CA1W5283,EACH,CATERPILLAR,,PLANNED_WO,RS-GUPCO,
244658,WEBBING SLING / POLYESTER / COLOUR BROWN / DUPLEX / BECKET EYE / F.O.S 7:1 / MANUFACTURED TO BSEN 1492:1 / CE MARK / S.W,حزام منسوج / بوليستر / لون بني / مزدوج / حلقة بيكت / FOS 7:1 / مصنّع وفقًا للمواصفة BSEN 1492:1 / علامة CE / SW,MM,0,~,EACH,CORDG & CHAIN,,PLANNED_WO,RS-GUPCO,
110421,"GEAR AND PINION, RATIO","التروس والتروس الصغيرة، النسبة",PU,3123104,~,SET,BR/SL/S.PLG/FLT,,INSURANCE_SPARE,RS-GUPCO,
161122,"Valve, air starter Part No 3N578 of Caterpillar Gas Engine Model : G399 ,  S/NO:49C643","صمام، بادئ تشغيل هوائي، رقم القطعة 3N578 لمحرك غاز كاتربيلر، طراز: G399، الرقم التسلسلي: 49C643",MM,7103128,5N8862,EACH,CATERPILLAR,,INSURANCE_SPARE,RS-GUPCO,04/H05C (1)
243813,"HIGH SPEED PREMIUM COBALT STEEL, M-42, SQUARE TOOL BIT SIZE 1/4"" X 2.5"", EDP no. 28302, STD package=10 EA, (Morse cuttin","فولاذ كوبالت عالي السرعة ممتاز، M-42، لقمة مربعة الشكل مقاس 1/4 بوصة × 2.5 بوصة، رقم EDP 28302، عبوة قياسية = 10 قطع، (قطع مورس)",PU,0,28302,PACKAGE,TOOLS,,MIN_MAX,RS-GUPCO,
245058,"OIL, GEAR SYNTHETIC, ISO VISCOSITY GRADE 220 & AGMA LUBRICANT NO. 5 , LUBRICATION OIL FOR RIGHT ANGLE BEVEL GEARBOXES (C","زيت تروس اصطناعي، لزوجة ISO رقم 220 ومادة تشحيم AGMA رقم 5، زيت تشحيم لعلب تروس مخروطية بزاوية قائمة (C",PU,0,SHC 630,CAN,LUBR & GREASE,,MIN_MAX,RS-GUPCO,yard
110418,"RING, HOLD DOWN","اضغط على الزر، ثم استمر بالضغط",PU,3123104,R113,EACH,BR/SL/S.PLG/FLT,,SURPLUS,RS-GUPCO,02F15B
250248,"BALL VALVE USED FOR ATLAS COPCO ROTARY COMPRESSOR MODEL GA-37 , PART NO. 0852  0010  19","صمام كروي يُستخدم في ضاغط أطلس كوبكو الدوار طراز GA-37، رقم القطعة 0852 0010 19",MM,0,0852  0010  19,EACH,COMPRESSOR USA,,INSURANCE_SPARE,RS-GUPCO,02W29B(1)
250235,"PIPE USED FOR ATLAS COPCO ROTARY COMPRESSOR MODEL GA-37 , PART NO. 1622 3155 00","أنبوب يُستخدم لضاغط أطلس كوبكو الدوار طراز GA-37، رقم القطعة 1622 3155 00",MM,0,1622 3155 00,EACH,COMPRESSOR USA,,INSURANCE_SPARE,RS-GUPCO,02W31G(1)
250238,"HOSE ASSEMBLY USED FOR ATLAS COPCO ROTARY COMPRESSOR MODEL GA-37 ,","مجموعة خراطيم تستخدم لضاغط أطلس كوبكو الدوار طراز GA-37،",MM,0,0574  9918  18,EACH,COMPRESSOR USA,,INSURANCE_SPARE,RS-GUPCO,
250242,"NIPPLE USED FOR ATLAS COPCO ROTARY COMPRESSOR MODEL GA-37 , PART NO. 1079  5840  19","حلمة مستخدمة لضاغط أطلس كوبكو الدوار طراز GA-37، رقم القطعة 1079 5840 19",MM,0,1079  5840  19,EACH,COMPRESSOR USA,,INSURANCE_SPARE,RS-GUPCO,02U32C
250243,"FLAT GASKET USED FOR ATLAS COPCO ROTARY COMPRESSOR MODEL GA-37 , PART NO. 0653  1062  00","حشية مسطحة تُستخدم لضاغط أطلس كوبكو الدوار طراز GA-37، رقم القطعة 0653 1062 00",MM,0,0653  1062  00,EACH,COMPRESSOR USA,,INSURANCE_SPARE,RS-GUPCO,02W29A(1)
250244,"OIL FILTER ELEMENT USED FOR ATLAS COPCO ROTARY COMPRESSOR MODEL GA-37 , PART NO. 1622  5072  80","عنصر فلتر الزيت المستخدم في ضاغط أطلس كوبكو الدوار طراز GA-37، رقم القطعة 1622 5072 80",MM,0,1630840180,EACH,COMPRESSOR USA,,MIN_MAX,RS-GUPCO,
250246,"THERMOSTATIC VALVE USED FOR ATLAS COPCO ROTARY COMPRESSOR MODEL GA-37 , PART NO. 1622  7064  01","صمام حراري يُستخدم مع ضاغط دوار من طراز أطلس كوبكو GA-37، رقم القطعة 1622 7064 01",MM,0,1622  7064  01,EACH,COMPRESSOR USA,,INSURANCE_SPARE,RS-GUPCO,02U32C
137297,"IMOELLER, (H) 5.56"" CLASS 1126 (these materials should be made in USA and don't substitute)","IMOELLER، (H) 5.56"" الفئة 1126 (يجب أن تكون هذه المواد مصنوعة في الولايات المتحدة الأمريكية ولا يمكن استبدالها)",PU,7907176,B51450F0001123,EACH,PUMP MISC,,PLANNED_WO,RS-GUPCO,
187506,"CPLG, FLEXMAS, 4.0 TUBE","CPLG، FLEXMAS، أنبوب 4.0",MM,0,208706,EACH,ENGINE USA,,MIN_MAX,RS-GUPCO,
250254,"CHECK VALVE KIT  USED FOR ATLAS COPCO ROTARY COMPRESSOR MODEL GA-37 , PART NO. 2901  0503  01","طقم صمام عدم الرجوع المستخدم في ضاغط أطلس كوبكو الدوار طراز GA-37، رقم القطعة 2901 0503 01",MM,0,2901  0503  01,EACH,COMPRESSOR USA,,INSURANCE_SPARE,RS-GUPCO,03/B33E
250255,"OIL STOP VALVE KIT USED FOR ATLAS COPCO ROTARY COMPRESSOR MODEL GA-37 , PART NO. 2901 0217 01","طقم صمام إيقاف الزيت المستخدم في ضاغط أطلس كوبكو الدوار طراز GA-37، رقم القطعة 2901 0217 01",MM,0,2901  0217  01,EACH,COMPRESSOR USA,,INSURANCE_SPARE,RS-GUPCO,02U32
250208,"PIN USED FOR ATLAS COPCO ROTARY COMPRESSOR MODEL GA-37 , PART NO. 0101  1951  40","دبوس مستخدم لضاغط أطلس كوبكو الدوار طراز GA-37، رقم القطعة 0101 1951 40",MM,0,0101  1951  40,EACH,COMPRESSOR USA,,INSURANCE_SPARE,RS-GUPCO,02U30C
250209,"O RING USED FOR ATLAS COPCO ROTARY COMPRESSOR MODEL GA-37 , PART NO. 0663  2103  22","حلقة مانعة للتسرب تُستخدم لضاغط أطلس كوبكو الدوار طراز GA-37، رقم القطعة 0663 2103 22",MM,0,0663  2103  22,EACH,COMPRESSOR USA,,INSURANCE_SPARE,RS-GUPCO,03B35E
250211,"BEARING USED FOR ATLAS COPCO ROTARY COMPRESSOR MODEL GA-37 , PART NO. 0508  1100  34","محمل يستخدم لضاغط أطلس كوبكو الدوار طراز GA-37، رقم القطعة 0508 1100 34",MM,0,508110034,EACH,COMPRESSOR USA,,INSURANCE_SPARE,RS-GUPCO,02W31A(1)
244354,"U-joint complete Model SC series 2390 X 24.06"" W/SF180-10 ROUGH BORE COMPANION FLANGE C/W ADAPTOR,","وصلة مفصلية كاملة من طراز SC سلسلة 2390 × 24.06 بوصة مع شفة مصاحبة ذات تجويف خشن SF180-10 مع محول،",MM,0,,EACH,ENGINE USA,,INSURANCE_SPARE,RS-GUPCO,01/C23H
244659,WEBBING SLING / POLYESTER / COLOUR GRAY / DUPLEX / BECKET EYE / F.O.S 7:1 / MANUFACTURED TO BSEN 1492:1 / CE MARK / S.W.,حزام منسوج / بوليستر / اللون رمادي / مزدوج / حلقة بيكت / نسبة شد 7:1 / مصنّع وفقًا للمواصفة القياسية البريطانية BSEN 1492:1 / علامة CE / SW,MM,0,~,EACH,CORDG & CHAIN,,MIN_MAX,RS-GUPCO,
244660,WEBBING SLING / POLYESTER / COLOUR YELLOW / DUPLEX / BECKET EYE / F.O.S 7:1 / MANUFACTURED TO BSEN 1492:1 / CE MARK / S.,حزام منسوج / بوليستر / اللون أصفر / مزدوج / حلقة بيكت / FOS 7:1 / مصنعة وفقًا للمواصفة BSEN 1492:1 / علامة CE / S.,MM,0,,EACH,CORDG & CHAIN,,PLANNED_WO,RS-GUPCO,
244661,WEBBING SLING / POLYESTER / COLOUR GREEN / DUPLEX / BECKET EYE / F.O.S 7:1 / MANUFACTURED TO BSEN 1492:1 / CE MARK / S.W,حزام منسوج / بوليستر / اللون أخضر / مزدوج / حلقة بيكت / نسبة شد 7:1 / مصنّع وفقًا للمواصفة البريطانية BSEN 1492:1 / علامة CE / SW,MM,0,~,EACH,CORDG & CHAIN,,MIN_MAX,RS-GUPCO,02 B01 G
250210,"CIRCLIP USED FOR ATLAS COPCO ROTARY COMPRESSOR MODEL GA-37 , PART NO. 0335  2173  00","مشبك دائري يُستخدم مع ضاغط أطلس كوبكو الدوار طراز GA-37، رقم القطعة 0335 2173 00",MM,0,335217300,EACH,COMPRESSOR USA,,INSURANCE_SPARE,RS-GUPCO,02W31A(1)
250219,"GEAR DRIVEN USED FOR ATLAS COPCO ROTARY COMPRESSOR MODEL GA-37 , PART NO. 1622  3110  70","محرك تروس يُستخدم في ضاغط أطلس كوبكو الدوار طراز GA-37، رقم القطعة 1622 3110 70",MM,0,1622311070,EACH,COMPRESSOR USA,,INSURANCE_SPARE,RS-GUPCO,02U30E
250222,"GASKET USED FOR ATLAS COPCO ROTARY COMPRESSOR MODEL GA-37 , PART NO. 1622  4664  00","حشية تستخدم لضاغط أطلس كوبكو الدوار طراز GA-37، رقم القطعة 1622 4664 00",MM,0,1622  4664  00,EACH,COMPRESSOR USA,,INSURANCE_SPARE,RS-GUPCO,02W31C(1)
250225,"AIR HOSE ASSEMBLY USED FOR ATLAS COPCO ROTARY COMPRESSOR MODEL GA-37 ,","مجموعة خرطوم الهواء المستخدمة في ضاغط الهواء الدوار من طراز أطلس كوبكو GA-37،",MM,0,1622  3129  81,EACH,COMPRESSOR USA,,INSURANCE_SPARE,RS-GUPCO,
250229,"O-RING USED FOR ATLAS COPCO ROTARY COMPRESSOR MODEL GA-37 , PART NO. 0663  7150  00","حلقة دائرية تستخدم لضاغط أطلس كوبكو الدوار طراز GA-37، رقم القطعة 0663 7150 00",MM,0,0663  7150  00,EACH,COMPRESSOR USA,,INSURANCE_SPARE,RS-GUPCO,03b35g
250252,"O-RING USED FOR ATLAS COPCO ROTARY COMPRESSOR MODEL GA-37 , PART NO. 0663  2102  15","حلقة مانعة للتسرب تُستخدم لضاغط الهواء الدوار من طراز أطلس كوبكو GA-37، رقم القطعة 0663 2102 15",MM,0,0663  2102  15,EACH,COMPRESSOR USA,,INSURANCE_SPARE,RS-GUPCO,
155689,"SOLENOID, START / RUN","ملف لولبي، بدء/تشغيل",MM,8009105,36840841,EACH,COMPRESSOR USA,,OBSOLETE,RS-GUPCO,02U24C
137298,"GASKET, HD/SLHSG CLASS 5105 (these materials should be made in USA and don't substitute)","حشية، فئة HD/SLHSG 5105 (يجب أن تكون هذه المواد مصنوعة في الولايات المتحدة الأمريكية ولا يمكن استبدالها)",PU,7907176,B27490F004 5105,EACH,PUMP MISC,,PLANNED_WO,RS-GUPCO,
132734,ELEMENT OIL FILTER P/N 1R0726 USED FOR R#6 NEW DIESEL ENGINE MODEL CAT 3512,"فلتر زيت المحرك رقم 1R0726، يُستخدم لمحرك ديزل جديد من طراز CAT 3512 R#6",MM,7103114,6CA1R0726,EACH,CATERPILLAR,,MIN_MAX,RS-GUPCO,05c01a
250221,"SPRING USED FOR ATLAS COPCO ROTARY COMPRESSOR MODEL GA-37 , PART NO. 1622  0796 00","زنبرك يُستخدم لضاغط الهواء الدوار من طراز أطلس كوبكو GA-37، رقم القطعة 1622 0796 00",MM,0,1622  0796 00,EACH,COMPRESSOR USA,,INSURANCE_SPARE,RS-GUPCO,02W31C(1)
250223,"TEMP. SENSOR USED FOR ATLAS COPCO ROTARY COMPRESSOR MODEL GA-37 , PART NO. 1089  0574  55","مستشعر درجة الحرارة المستخدم في ضاغط أطلس كوبكو الدوار طراز GA-37، رقم القطعة 1089 0574 55",MM,0,1089057470,EACH,COMPRESSOR USA,,INSURANCE_SPARE,RS-GUPCO,02u30e
250224,"HOSE ASSEMBLY USED FOR ATLAS COPCO ROTARY COMPRESSOR MODEL GA-37 ,","مجموعة خراطيم تستخدم لضاغط أطلس كوبكو الدوار طراز GA-37،",MM,0,0574  9914  18,EACH,COMPRESSOR USA,,INSURANCE_SPARE,RS-GUPCO,03/B35F
250226,"O-Ring, Part no. 0663 7136 00, used for Air Compressor, Model: Atlas Copco GA45+, S/N: APIS45798401&S/N: APIS45755901","حلقة دائرية، رقم القطعة 0663 7136 00، تُستخدم لضاغط هواء، طراز: أطلس كوبكو GA45+، الرقم التسلسلي: APIS45798401 والرقم التسلسلي: APIS45755901",MM,0,0663  7136  00,EACH,COMPRESSOR USA,,PLANNED_WO,RS-GUPCO,
250228,"PIPE USED FOR ATLAS COPCO ROTARY COMPRESSOR MODEL GA-37 , PART NO. 1622  3154  00","أنبوب يُستخدم لضاغط أطلس كوبكو الدوار طراز GA-37، رقم القطعة 1622 3154 00",MM,0,1622  3154  00,EACH,COMPRESSOR USA,,INSURANCE_SPARE,RS-GUPCO,02W31E(1)
250230,"MINIMUM PRSS. VALVE KIT USED FOR ATLAS COPCO ROTARY COMPRESSOR MODEL GA-37 , PART NO. 2901  1453  00","طقم صمام ضغط أدنى يُستخدم مع ضاغط أطلس كوبكو الدوار طراز GA-37، رقم القطعة 2901 1453 00",MM,0,29011453 00,EACH,COMPRESSOR USA,,INSURANCE_SPARE,RS-GUPCO,03B35G
250232,"O-RING USED FOR ATLAS COPCO ROTARY COMPRESSOR MODEL GA-37 , PART NO. 0663 7139  00","حلقة دائرية تستخدم لضاغط أطلس كوبكو الدوار طراز GA-37، رقم القطعة 0663 7139 00",MM,0,0663 7139  00,EACH,COMPRESSOR USA,,INSURANCE_SPARE,RS-GUPCO,03/ B35 G
250233,"O-RING USED FOR ATLAS COPCO ROTARY COMPRESSOR MODEL GA-37 , PART NO. 0663  2113  20","حلقة مانعة للتسرب تُستخدم لضاغط الهواء الدوار من طراز أطلس كوبكو GA-37، رقم القطعة 0663 2113 20",MM,0,0663  2113  20,EACH,COMPRESSOR USA,,INSURANCE_SPARE,RS-GUPCO,
137299,"BOWL, INT. (these materials should be made in USA and don't substitute)","وعاء، داخلي. (يجب أن تكون هذه المواد مصنوعة في الولايات المتحدة الأمريكية ولا يمكن استبدالها)",PU,7907176,C40130F0041123,EACH,PUMP MISC,,PLANNED_WO,RS-GUPCO,
243647,"""ACTUATOR ASSEMBLY EG-3P , GOVERNOR - WOODWARD  ELECTRIC PART NO 7N9870.","""مجموعة المشغل EG-3P ، منظم السرعة - وودوارد إلكتريك رقم الجزء 7N9870.",MM,0,1CA7W6652,EACH,CATERPILLAR,,MIN_MAX,RS-GUPCO,04K16D
250207,"SPACER USED FOR ATLAS COPCO ROTARY COMPRESSOR MODEL GA-37 , PART NO. 1622  5593  00","فاصل يستخدم لضاغط أطلس كوبكو الدوار طراز GA-37، رقم القطعة 1622 5593 00",MM,0,1622559300,EACH,COMPRESSOR USA,,INSURANCE_SPARE,RS-GUPCO,02U30B
250217,"PIN USED FOR ATLAS COPCO ROTARY COMPRESSOR MODEL GA-37 , PART NO. 0101  2313  00","دبوس مستخدم لضاغط أطلس كوبكو الدوار طراز GA-37، رقم القطعة 0101 2313 00",MM,0,101231300,EACH,COMPRESSOR USA,,INSURANCE_SPARE,RS-GUPCO,02U30D
250218,"GEAR DRIVE USED FOR ATLAS COPCO ROTARY COMPRESSOR MODEL GA-37 , PART NO. 1622  3110  69","محرك تروس يُستخدم في ضاغط أطلس كوبكو الدوار طراز GA-37، رقم القطعة 1622 3110 69",MM,0,1622311069,EACH,COMPRESSOR USA,,INSURANCE_SPARE,RS-GUPCO,02U30D
250231,"OIL SEPARATOR USED FOR ATLAS COPCO ROTARY COMPRESSOR MODEL GA-37 , PART NO. 1622  3140  00","فاصل زيت يُستخدم مع ضاغط أطلس كوبكو الدوار طراز GA-37، رقم القطعة 1622 3140 00",MM,0,2901162600,EACH,COMPRESSOR USA,,MIN_MAX,RS-GUPCO,02U32
250239,"HOSE ASSEMBLY USED FOR ATLAS COPCO ROTARY COMPRESSOR MODEL GA-37 , PART NO. 0574  9918  19","مجموعة خراطيم تُستخدم مع ضاغط أطلس كوبكو الدوار طراز GA-37، رقم القطعة 0574 9918 19",MM,0,0574  9918  19,EACH,COMPRESSOR USA,,INSURANCE_SPARE,RS-GUPCO,
250205,"SPACER USED FOR ATLAS COPCO ROTARY COMPRESSOR MODEL GA-37 , PART NO. 1622  5541  00","فاصل يستخدم لضاغط أطلس كوبكو الدوار طراز GA-37، رقم القطعة 1622 5541 00",MM,0,1622  5541  00,EACH,COMPRESSOR USA,,INSURANCE_SPARE,RS-GUPCO,02U30B
250206,"PARALLELN KEY USED FOR ATLAS COPCO ROTARY COMPRESSOR MODEL GA-37 , PART NO. 0337  6051  00","مفتاح متوازي يُستخدم لضاغط أطلس كوبكو الدوار طراز GA-37، رقم القطعة 0337 6051 00",MM,0,337605100,EACH,COMPRESSOR USA,,INSURANCE_SPARE,RS-GUPCO,
250212,"SEAL USED FOR ATLAS COPCO ROTARY COMPRESSOR MODEL GA-37 , PART NO. 1622  4628  00","مانع تسرب يستخدم لضاغط أطلس كوبكو الدوار طراز GA-37، رقم القطعة 1622 4628 00",MM,0,1622462800,EACH,COMPRESSOR USA,,INSURANCE_SPARE,RS-GUPCO,02W31A(1)
250213,"BUSHING USED FOR ATLAS COPCO ROTARY COMPRESSOR MODEL GA-37 , PART NO. 1622  3106  00","جلبة تستخدم لضاغط أطلس كوبكو الدوار طراز GA-37، رقم القطعة 1622 3106 00",MM,0,1622310600,EACH,COMPRESSOR USA,,INSURANCE_SPARE,RS-GUPCO,02W31B(1)
250240,"HOSE ASSEMBLY  USED FOR ATLAS COPCO ROTARY COMPRESSOR MODEL GA-37 ,","مجموعة خراطيم تستخدم لضاغط أطلس كوبكو الدوار طراز GA-37،",MM,0,0574  9914  19,EACH,COMPRESSOR USA,,INSURANCE_SPARE,RS-GUPCO,
250241,"HOSE ASSEMBLY USED FOR ATLAS COPCO ROTARY COMPRESSOR MODEL GA-37 ,","مجموعة خراطيم تستخدم لضاغط أطلس كوبكو الدوار طراز GA-37،",MM,0,0574  8002 79,EACH,COMPRESSOR USA,,INSURANCE_SPARE,RS-GUPCO,03b33d
250250,"HOSE CLIP USED FOR ATLAS COPCO ROTARY COMPRESSOR MODEL GA-37 ,","مشبك خرطوم يستخدم لضاغط أطلس كوبكو الدوار طراز GA-37،",MM,0,0347  6115  00,EACH,COMPRESSOR USA,,INSURANCE_SPARE,RS-GUPCO,02W29B(1)
250256,"hold till 1/11/2026 , COMBI COOLER USED FOR ATLAS COPCO ROTARY COMPRESSOR MODEL GA-37 , PART NO. 1622 3188 00","يُحفظ حتى 1/11/2026، مبرد كومبي يُستخدم مع ضاغط دوار من طراز أطلس كوبكو GA-37، رقم القطعة 1622 3188 00",MM,0,1622  3188 00,EACH,COMPRESSOR USA,,INSURANCE_SPARE,RS-GUPCO,
250247,"PRESS. TRANSDUCER USED FOR ATLAS COPCO ROTARY COMPRESSOR MODEL GA-37 , PART NO. 1089  0575  54","محول ضغط يُستخدم مع ضاغط دوار من طراز أطلس كوبكو GA-37، رقم القطعة 1089 0575 54",MM,0,1089  0575  54,EACH,COMPRESSOR USA,,INSURANCE_SPARE,RS-GUPCO,02/U32B
250249,"OIL NOZZLE USED FOR ATLAS COPCO ROTARY COMPRESSOR MODEL GA-37 , PART NO. 1622  5542  00","فوهة زيت تُستخدم لضاغط الهواء الدوار من طراز أطلس كوبكو GA-37، رقم القطعة 1622 5542 00",MM,0,1622  5542  00,EACH,COMPRESSOR USA,,INSURANCE_SPARE,RS-GUPCO,02W29B(1)
250251,"OIL LEVEL GAGE  USED FOR ATLAS COPCO ROTARY COMPRESSOR MODEL GA-37 , PART NO. 1622  3659  00","مقياس مستوى الزيت المستخدم في ضاغط أطلس كوبكو الدوار طراز GA-37، رقم القطعة 1622 3659 00",MM,0,1622365900,EACH,COMPRESSOR USA,,INSURANCE_SPARE,RS-GUPCO,
224537,Radiator assembly for caterpiller diesel engine model 3406 P/N : CA 5737677,"مجموعة رادياتير لمحرك ديزل كاتربيلر طراز 3406، رقم القطعة: CA 5737677",MM,0,CA 5737677,EACH,CATERPILLAR,,INSURANCE_SPARE,RS-GUPCO,
250214,"KEY USED FOR ATLAS COPCO ROTARY COMPRESSOR MODEL GA-37 , PART NO. 0337  0009  69","مفتاح يُستخدم لضاغط أطلس كوبكو الدوار طراز GA-37، رقم القطعة 0337 0009 69",MM,0,337000969,EACH,COMPRESSOR USA,,INSURANCE_SPARE,RS-GUPCO,02U30C
250215,"SPACER USED FOR ATLAS COPCO ROTARY COMPRESSOR MODEL GA-37 , PART NO. 1622  3108  00","فاصل يستخدم لضاغط أطلس كوبكو الدوار طراز GA-37، رقم القطعة 1622 3108 00",MM,0,1622310800,EACH,COMPRESSOR USA,,INSURANCE_SPARE,RS-GUPCO,02U30D
250216,"SPACER USED FOR ATLAS COPCO ROTARY COMPRESSOR MODEL GA-37 , PART NO. 1622  3105  00","فاصل يستخدم لضاغط أطلس كوبكو الدوار طراز GA-37، رقم القطعة 1622 3105 00",MM,0,1622310500,EACH,COMPRESSOR USA,,INSURANCE_SPARE,RS-GUPCO,02U30D
250220,"VALVE USED FOR ATLAS COPCO ROTARY COMPRESSOR MODEL GA-37 , PART NO. 1622  9639  00","صمام يُستخدم لضاغط أطلس كوبكو الدوار طراز GA-37، رقم القطعة 1622 9639 00",MM,0,1622  9639  00,EACH,COMPRESSOR USA,,SURPLUS,RS-GUPCO,02W31C(1)
224619,"UNLOADER, VALVE SOLENOID P/N.: 36881944 FOR HP PORTABLE AIR COMPRESSOR MODEL: HP675WCU,","صمام تفريغ، رقم القطعة: 36881944 لضاغط هواء محمول من HP طراز: HP675WCU،",MM,0,36881944,EACH,PASSENGER CAR,,INSURANCE_SPARE,RS-GUPCO,02/M24A
252063,Element Air filter secondary P/N 8N2556 Used for R#6 New Diesel Gen. 3512 S/N LY700385 Manu. CATERPILLAR,"فلتر هواء ثانوي من نوع Element، رقم القطعة 8N2556، يُستخدم مع محرك الديزل الجديد رقم 6، الجيل 3512، الرقم التسلسلي LY700385، من إنتاج شركة كاتربيلر.",MM,0,8N2556,EACH,BR/SL/S.PLG/FLT,,MIN_MAX,RS-GUPCO,05c04h
228170,"ELEMENT, AIR FILTER PRIMARY, P/N: 8N6309, USED FOR R#6 NEW DIESEL ENGINE MODEL: CAT. 3512  Manu. CATERPILLAR","عنصر فلتر الهواء الأساسي، رقم القطعة: 8N6309، يُستخدم لمحرك ديزل جديد رقم 6، طراز: CAT. 3512، من إنتاج شركة كاتربيلر.",MM,0,8N6309,EACH,CATERPILLAR,,MIN_MAX,RS-GUPCO,
252053,"Priming Fuel Pump GP P/N 1623906 used for Caterpillar engine model 3512 , Genset S/N:LY700385","مضخة وقود تحضيرية GP P/N 1623906 تُستخدم لمحرك كاتربيلر طراز 3512، مولد كهربائي S/N:LY700385",MM,0,1623906,EACH,CATERPILLAR,,MIN_MAX,RS-GUPCO,
201298,"GAUGE, TEMPRETURE , P/NO.: 60907","مقياس درجة الحرارة، رقم القطعة: 60907",MM,6923145,60907,EACH,ENGINE USA,,MIN_MAX,RS-GUPCO,02Q36E
265518,"COLUMN BOTTOM FOR VTP VIT-FF, SIZE 10 X 18 BHC , SERIAL NO. T310535-1","قاعدة عمود لـ VTP VIT-FF، مقاس 10 × 18 BHC، الرقم التسلسلي T310535-1",PU,7907161,D00508F001 8510,EACH,PUMP MISC,,INSURANCE_SPARE,RS-GUPCO,07YARD
175985,"BEARING, P/N: 4N0685","محمل، رقم القطعة: 4N0685",MM,7103138,4N0685,EACH,CATERPILLAR,,PLANNED_WO,RS-GUPCO,
161267,"BEARING, CRANKSHAFT MAIN , P/N : 3178766","محمل عمود المرفق الرئيسي، رقم القطعة: 3178766",MM,7103140,1CA3178766,EACH,CATERPILLAR,,PLANNED_WO,RS-GUPCO,04J14
265939,"GOULDS PUMP COMPLETE WITHOUT ELECTRIC MOTOR, PUMP MODEL 3996 ST, SIZE 1.1/2 X 2-8, ONE STAGE IMPELLER DWG 76779 , IMPELL","مضخة غولدز كاملة بدون محرك كهربائي، موديل المضخة 3996 ST، مقاس 1.5 × 2-8، مروحة أحادية المرحلة DWG 76779، مروحة",PU,7907116,model 3996,EACH,PUMP MISC,,INSURANCE_SPARE,RS-GUPCO,
161679,"SHAFT, STUFFING BOX 316-SS","عمود، صندوق حشو 316-SS",PU,7303104,,EACH,PUMP CENTRIFUG,,INSURANCE_SPARE,RS-GUPCO,01M04H
273036,THE LABTECTA ( BEARING ISOLATOR) part no. L1-219-PD-001-P127,رقم قطعة LABTECTA (عازل المحامل) هو L1-219-PD-001-P127,PU,0,L1-219-PD-001-P127,EACH,PUMP MISC,,MIN_MAX,RS-GUPCO,
264927,DRIVE GROUP - GOVERNOR - WOODWARD - ELECTRIC-( PART NO: 3N4190) INCLUDES 68 ITEMS ON PAGES (134E-1&134E-2)   {THESE PART,مجموعة القيادة - منظم السرعة - وودوارد - كهربائي - (رقم القطعة: 3N4190) تتضمن 68 عنصرًا في الصفحتين (134E-1 و134E-2) {هذه الأجزاء,MM,0,3N4190,EACH,CATERPILLAR,,INSURANCE_SPARE,RS-GUPCO,
268938,"Discharge Head, item no 600 used for pump size 10 x 16 BHC VIT-FF Serial no. 305420.","رأس التفريغ، رقم الصنف 600 المستخدم لحجم المضخة 10 × 16 BHC VIT-FF الرقم التسلسلي 305420.",PU,7907158,D2984 21 8510,EACH,PUMP MISC,,INSURANCE_SPARE,RS-GUPCO,07/YARD
267949,"PUMP COMPLETE, WATEROUS CSUC10C MIDSHIP SINGLE STAGE FIRE PUMP,  RATED CAPACITY: 1750 GPM, NET PRESSURE: 150 PSI, MODEL:","مضخة كاملة، مضخة حريق أحادية المرحلة متوسطة الحجم من طراز WATEROUS CSUC10C، السعة المقدرة: 1750 جالونًا في الدقيقة، الضغط الصافي: 150 رطلًا لكل بوصة مربعة، الموديل:",PU,0,,EACH,PUMP MISC,,INSURANCE_SPARE,RS-GUPCO,
267950,"PRIMER Subassembly 12V VPO, Item No. 9319, SEQ. No. K 12, Used for WATEROUS single stage fire pump Model CSUC10C, Refere","مجموعة فرعية للتشغيل الأولي 12 فولت VPO، رقم الصنف 9319، الرقم التسلسلي K 12، تُستخدم لمضخة حريق أحادية المرحلة من طراز WATEROUS CSUC10C، راجع",PU,0,,EACH,PUMP MISC,,INSURANCE_SPARE,RS-GUPCO,02V15B
124109,"SWITCH, GAUGE LEVEL COOLANT MODEL EL-150-EX        ""MURPHY""","مفتاح، مقياس مستوى سائل التبريد طراز EL-150-EX ""MURPHY""",MM,6923106,EL-150-EX,EACH,METERS & GAUGE,,INSURANCE_SPARE,RS-GUPCO,02E77B
269229,"Head shaft 1'' DiamX152.75"" LG, item no. 608, used for pump size 3X6 ALC, 2-Stg, S/No. 308852","عمود رأس بقطر 1 بوصة × طول 152.75 بوصة، رقم الصنف 608، يُستخدم لمضخة بحجم 3×6 ALC، ثنائية المراحل، الرقم التسلسلي 308852",PU,7907167,B00017FTCN 2403,EACH,PUMP MISC,,INSURANCE_SPARE,RS-GUPCO,
177549,"COUPLING, UPPER HALF ITEM NO. 610","وصلة، الجزء العلوي، رقم الصنف 610",PU,7907128,C03032F1125940,EACH,PUMP MISC,,INSURANCE_SPARE,RS-GUPCO,02V31A
177551,"COUPLING, LOWER HALF ITEM NO. 614","وصلة، النصف السفلي، رقم الصنف 614",PU,7907128,C03032F1005940,EACH,PUMP MISC,,PLANNED_WO,RS-GUPCO,
268937,"Shaft Coupling, item no 649 used for pump size 12 x 18 BLC VIT-FF S/N T308707","وصلة عمود، رقم الصنف 649، تُستخدم لمضخة بحجم 12 × 18 BLC VIT-FF S/N T308707",PU,7907159,A00970F169 5939,EACH,PUMP MISC,,PLANNED_WO,RS-GUPCO,
269033,"Bell suction item no. 689 used for pump size 3X6 AHC, 6-STG, 3550 RPM, Model VIC-L, S/No. 305489","وصلة شفط جرسية رقم 689، تُستخدم لمضخة بحجم 3X6 AHC، 6 مراحل، 3550 دورة في الدقيقة، طراز VIC-L، الرقم التسلسلي 305489",PU,7907130,B55880F0031123,EACH,PUMP MISC,,INSURANCE_SPARE,RS-GUPCO,02/V15C
269035,"Column top assy. Item no. 641, used for pump size 3X6 AHC, 6-STG, 3550 RPM, Model VIC-L, S/No. 305489","مجموعة رأس العمود. رقم الصنف 641، تُستخدم لمضخة بحجم 3X6 AHC، 6 مراحل، 3550 دورة في الدقيقة، طراز VIC-L، الرقم التسلسلي 305489",PU,7907130,C24190F024 8510,EACH,PUMP MISC,,INSURANCE_SPARE,RS-GUPCO,O7 YARD
269036,"Column bottom assy. Item no. 644, used for pump size 3X6 AHC, 6-STG, 3550 RPM, Model VIC-L, S/No. 305489","مجموعة قاعدة العمود. رقم الصنف 644، تُستخدم لمضخة بحجم 3X6 AHC، 6 مراحل، 3550 دورة في الدقيقة، طراز VIC-L، الرقم التسلسلي 305489",PU,7907130,C24010F230 8510,EACH,PUMP MISC,,INSURANCE_SPARE,RS-GUPCO,O7 YARD
269037,"Head shaft 152.75 inch LG. Item no. 608, used for pump size 3X6 AHC, 6-STG, 3550 RPM, Model VIC-L, S/No. 305489","عمود رأس بطول 152.75 بوصة. رقم الصنف 608، يُستخدم لمضخة بحجم 3X6 AHC، 6 مراحل، 3550 دورة في الدقيقة، موديل VIC-L، الرقم التسلسلي 305489",PU,7907130,B00017FTCN2216,EACH,PUMP MISC,,INSURANCE_SPARE,RS-GUPCO,
177550,"PLATE, ADJUSTING ITEM NO. 613","لوحة، عنصر الضبط رقم 613",PU,7907128,A01031F0005940,EACH,PUMP MISC,,SURPLUS,RS-GUPCO,02/V31A
269034,"Bowl INTMDL Item No. 670 used for pump size 3X6 AHC, 6-STG, 3550 RPM, Model VIC-L, S/No. 305489","وعاء INTMDL رقم 670 يُستخدم لمضخة بحجم 3X6 AHC، 6 مراحل، 3550 دورة في الدقيقة، موديل VIC-L، الرقم التسلسلي 305489",PU,7907130,B55890F003 1123,EACH,PUMP MISC,,INSURANCE_SPARE,RS-GUPCO,02/V15D
269096,"Head shaft 80.75 inch LG. Item no. 608, used for pump size 3X6 AHC, 6-STG, MOD VIT, S/No. 303916","عمود رأس بطول 80.75 بوصة. رقم الصنف 608، يُستخدم لمضخة بحجم 3X6 AHC، 6 مراحل، MOD VIT، الرقم التسلسلي 303916",PU,7907128,B00017FJAN 2216,EACH,PUMP MISC,,INSURANCE_SPARE,RS-GUPCO,
164599,"SHAFT, PUMP ITEM NO. 660","عمود المضخة، رقم الصنف 660",PU,7907128,B42830F106 2216,EACH,PUMP MISC,,INSURANCE_SPARE,RS-GUPCO,02/U59G
164600,"BOWL, INTERMEDIATE ITEM NO. 670","وعاء، متوسط، رقم الصنف 670",PU,7907128,B42860F001 1022,EACH,PUMP MISC,,INSURANCE_SPARE,RS-GUPCO,02/U59H
177548,"HEAD, DISCHARGE ITEM NO. 600","رأس، مخرج، رقم الصنف 600",PU,7907128,d15530f011 9616,EACH,PUMP MISC,,INSURANCE_SPARE,RS-GUPCO,07YARD
164816,"CLOUMN, TOP ITEM NO. 641 LINE NO. 8510","العمود، البند العلوي رقم 641، السطر رقم 8510",PU,7907171,C33560F018 8510,EACH,PUMP MISC,,INSURANCE_SPARE,RS-GUPCO,07YARD
269032,"SKT HD Cap screw item no. 759F used for pump size 3X6 AHC, 6-STG, 3550 RPM, Model VIC-L, S/No. 305489","برغي غطاء SKT HD رقم الصنف 759F يُستخدم لمضخة بحجم 3X6 AHC، 6 مراحل، 3550 دورة في الدقيقة، موديل VIC-L، الرقم التسلسلي 305489",PU,7907130,A49585F451 2229,EACH,PUMP MISC,,PLANNED_WO,RS-GUPCO,
269233,"Head shaft, Item no. 608, used for pump size 3X6 ALC, MOD VIT-FF, 5-STG, S/No. T308722","عمود رأس، رقم الصنف 608، يُستخدم لمضخة بحجم 3X6 ALC، موديل VIT-FF، 5 مراحل، الرقم التسلسلي T308722",PU,7907167,B00017FPEN 2216,EACH,PUMP MISC,,INSURANCE_SPARE,RS-GUPCO,
165652,"O-RING,","حلقة دائرية،",PU,7902238,H7032974-GS000,EACH,PUMP MISC,,INSURANCE_SPARE,RS-GUPCO,03B16D(1)
137676,"COLUMN, ADAPTER","عمود، محول",PU,7902238,998502EH,EACH,PUMP MISC,,INSURANCE_SPARE,RS-GUPCO,02U26C
165488,"IMPELLER, SECOND STAGE REF. NO. 176","المروحة، المرحلة الثانية، رقم المرجع 176",PU,7902206,165597JX,EACH,PUMP MISC,,INSURANCE_SPARE,RS-GUPCO,02/V59B
177522,"GASKET, MECHANICAL SEAL ITEM NO.360Q  (OLD P/N. 70782-25_5128 (70782-25)","حشية، مانع تسرب ميكانيكي، رقم الصنف 360Q (رقم القطعة القديم 70782-25_5128 (70782-25))",PU,7907114,70782 25 5127,EACH,PUMP MISC,,PLANNED_WO,RS-GUPCO,
272203,"O-RING, P/NO. 95656294 , INGERSOLLRAND ROTARY AIR COMPRESSOR MODEL EP-60","حلقة مانعة للتسرب، رقم القطعة 95656294، ضاغط هواء دوار من إنجرسولراند، طراز EP-60",MM,0,95656294,EACH,COMPRESSOR USA,,MIN_MAX,RS-GUPCO,
272204,"SLEEVE, SHAFT , P/NO. 54396114 , INGERSOLLRAND ROTARY AIR COMPRESSOR MODEL EP-60  (INGERSOLL RAND GENUINE PARTS , MADE I","جلبة، عمود، رقم القطعة 54396114، ضاغط هواء دوار من إنجرسول راند، طراز EP-60 (قطع غيار أصلية من إنجرسول راند، صنع في",MM,0,54396114,EACH,COMPRESSOR USA,,MIN_MAX,RS-GUPCO,
272205,"O-RING, STANDARD-032  , P/NO. 95061024 , INGERSOLLRAND ROTARY AIR COMPRESSOR MODEL EP-60","حلقة مانعة للتسرب، قياسية-032، رقم القطعة 95061024، ضاغط هواء دوار من إنجرسولراند، طراز EP-60",MM,0,95061024,EACH,COMPRESSOR USA,,MIN_MAX,RS-GUPCO,03B33F
272271,"COL PIPE FLG/REG 4.5   .237    48.00, MATERIAL A53/GRB, , P/NO. : 82137183 , used for pump IR, 6JKH/YH, 6-Stg, S/No. 069","أنبوب عمودي ذو حافة/قياس 4.5 .237 48.00، مصنوع من مادة A53/GRB، رقم القطعة: 82137183، يُستخدم لمضخة IR، 6JKH/YH، 6 مراحل، الرقم التسلسلي 069",PU,7909131,82137183,EACH,PUMP MISC,,INSURANCE_SPARE,RS-GUPCO,07/YARD
272273,"TOP SHAFT 1.00   0.94LH  49.5, MATERIAL 316SS, , P/NO. : 82463928 , used for pump IR, 6JKH/YH, 6-Stg, S/No. 0693-9010","عمود علوي 1.00 0.94LH 49.5، مصنوع من الفولاذ المقاوم للصدأ 316، رقم القطعة: 82463928، يُستخدم لمضخة IR، 6JKH/YH، 6 مراحل، الرقم التسلسلي: 0693-9010",PU,7909131,82463928,EACH,PUMP MISC,,PLANNED_WO,RS-GUPCO,
164579,"BUSHING , P/N : B69680F0026132 ,BOWL ITEM NO.672","جلبة، رقم القطعة: B69680F0026132، رقم صنف الوعاء: 672",PU,7907156,B69680F0026132,EACH,PUMP MISC,,PLANNED_WO,RS-GUPCO,
109649,"KIT, REPAIR TYPE 8B1-O SIZE 3"" MAT.CODE XO581O151 (Mating faces are silcon carbide Vs Tungisten carbide), DWG NO. CF-SP-","طقم إصلاح من النوع 8B1-O، مقاس 3 بوصات، رمز المادة XO581O151 (أسطح التلامس من كربيد السيليكون مقابل كربيد التنجستن)، رقم الرسم CF-SP-",PU,3010118,~,EACH,BELT/TRANSMIT,,MIN_MAX,RS-GUPCO,02G38B
164701,COVE SEAL CHAMBER P/N.0D06534A02-1132 ITEM NO.184,"حجرة مانعة للتسرب، رقم القطعة 0D06534A02-1132، رقم الصنف 184",PU,7907178,0D06534A02-1132,EACH,PUMP MISC,,INSURANCE_SPARE,RS-GUPCO,01E21A
165498,"IMPELLER, SERIES 5 VANES REF. NO. 176 Flowserve Part Num: AX165595-JX000  (CCN: 81923084)","مروحة، سلسلة 5 ريش، رقم المرجع 176، رقم قطعة فلو سيرف: AX165595-JX000 (CCN: 81923084)",PU,7902222,AX165595-JX000,EACH,PUMP MISC,,PLANNED_WO,RS-GUPCO,
165497,"IMPELLER, 1 ST. STAGE REF. NO. 176-1 Flowserve Part Num: AX165580-JX000(CCN: 81923083)","دافع، المرحلة الأولى رقم المرجع 176-1 رقم قطعة فلو سيرف: AX165580-JX000 (CCN: 81923083)",PU,7902222,AX165580-JX000,EACH,PUMP MISC,,INSURANCE_SPARE,RS-GUPCO,02T28F
164487,"IMPELLER, S.S. 6-3/4"" REF. NO. 101","مروحة، ستانلس ستيل 6-3/4 بوصة، رقم المرجع 101",PU,7907116,076793 1203,EACH,PUMP MISC,,INSURANCE_SPARE,RS-GUPCO,02U56E
272206,"GASKET, MOTOR , P/NO. 39457411 , INGERSOLLRAND ROTARY AIR COMPRESSOR MODEL EP-60 (INGERSOLL RAND GENUINE PARTS , MADE IN","حشية للمحرك، رقم القطعة 39457411، ضاغط هواء دوار من إنجرسول راند، طراز EP-60 (قطع غيار أصلية من إنجرسول راند، صنع في",MM,0,39457411,EACH,COMPRESSOR USA,,MIN_MAX,RS-GUPCO,
252308,"O-ring P/N. 95023107 MFG Ingersoll-rand model M90AC S/N. 0002360847 , INGERSOLLRAND ROTARY AIR COMPRESSOR MODEL EP-60","حلقة مانعة للتسرب، رقم القطعة 95023107، من إنتاج شركة إنجرسول راند، طراز M90AC، الرقم التسلسلي 0002360847، ضاغط هواء دوار من إنجرسول راند، طراز EP-60",MM,0,95023107,EACH,COMPRESSOR USA,,MIN_MAX,RS-GUPCO,03B33E
272276,"HOLD TILL 1/1/2027, BOWL 6JK UNLIND FLG F/CAR  F/WR OR JCKSCR, MATERIAL C958, , P/NO. : 82463431 , used for pump IR, 6JK","يُحفظ حتى 1/1/2027، وعاء 6JK غير مقفل، علامة F/CAR F/WR أو JCKSCR، المادة C958، رقم القطعة: 82463431، يُستخدم لمضخة الأشعة تحت الحمراء، 6JK",PU,7909131,82463431,EACH,PUMP MISC,,INSURANCE_SPARE,RS-GUPCO,
137666,"Stariner used for Layne& Bowler, Memphis Vertical pump model 18 RKMC, 3-STG W/Zincless bronze gland, stuffing box& graph","ستارينر مستخدم لمضخة لاين آند بولر، ممفيس العمودية طراز 18 RKMC، ثلاثية المراحل مع حشوة برونزية بدون زنك، صندوق حشو ورسم بياني",PU,7912102,,EACH,PUMP MISC,,SURPLUS,RS-GUPCO,
271431,"PUMP HALF COUPLING REF. NO. 530, PART NO. 116003-IC","نصف وصلة المضخة، رقم المرجع 530، رقم القطعة 116003-IC",PU,7902222,AX116003-UP000,EACH,PUMP MISC,,SURPLUS,RS-GUPCO,02T13C
137604,"CASE, BOTTOM","الغطاء، الجزء السفلي",PU,7902304,AX209794-JX000,EACH,PUMP MISC,,INSURANCE_SPARE,RS-GUPCO,02/U24E
137128,"GASKET, NECH. SEAL (CRANE PART)  REF.NO.360 Q","حشية، مانع تسرب NECH (جزء رافعة) رقم المرجع 360 Q",PU,7907116,90890 0201,EACH,PUMP MISC,,PLANNED_WO,RS-GUPCO,
272277,"COL PIPE FLG/REG 4.5 .237 29.00, MATERIAL A53/GRB, , P/NO. : 82130774 , used for pump IR, 6JKH/YH, 6","أنبوب عمودي ذو حافة/قياس 4.5 .237 29.00، المادة A53/GRB، رقم القطعة: 82130774، يُستخدم لمضخة IR، 6JKH/YH، 6",PU,7909131,82130774,EACH,PUMP MISC,,INSURANCE_SPARE,RS-GUPCO,07/YARD
271233,"Seat, Suction and Discharge Valve, CAT. NO. 322-B8249, PARTS FOR Glycol Pumps","مقعد وصمام سحب وتفريغ، رقم الصنف 322-B8249، قطع غيار لمضخات الجليكول",PU,7321122,322B0824900F21501,EACH,PUMP CENTRIFUG,,INSURANCE_SPARE,RS-GUPCO,02Q01D
272448,"Bar bronze, 5""IDX7""ODX 8"" LG","قضيب برونزي، 5 بوصات عرض × 7 بوصات عمق × 8 بوصات طول",PU,0,,EACH,METALS& PLASTIC,,SURPLUS,RS-GUPCO,01/A20G
272278,"BELL SUCT 6JK FLG 8.00 C-R F/WR OR JCKSCR, MATERIAL C958, , P/NO. : 82463993 , used for pump IR, 6JKH/YH, 6-Stg, S/No. 0","مضخة بيل 6JK FLG 8.00 CR F/WR أو JCKSCR، مصنوعة من مادة C958، رقم القطعة: 82463993، تُستخدم لمضخة IR، 6JKH/YH، 6 مراحل، رقم التسلسل 0",PU,7909131,82463993,EACH,PUMP MISC,,PLANNED_WO,RS-GUPCO,
272449,"Bar bronze, 6""IDX8""ODX 8"" LG","قضيب برونزي، 6 بوصات عرض × 8 بوصات عمق × 8 بوصات طول",PU,0,,EACH,METALS& PLASTIC,,SURPLUS,RS-GUPCO,01/A20G
137187,"SEAL, HOUSING ITEM NO. 794","ختم، غلاف، رقم الصنف 794",PU,7907156,B32160F000 1007,EACH,PUMP MISC,,PLANNED_WO,RS-GUPCO,
272272,"COL ADPT FLG/REG 4.5   .237  48.00 F/6BWL, MATERIAL A53/GRB, , P/NO. : 82463936 , used for pump IR, 6JKH/YH, 6-Stg, S/No","محول عمود ذو حافة/قياس 4.5 .237 48.00 F/6BWL، المادة A53/GRB، رقم القطعة: 82463936، يُستخدم لمضخة IR، 6JKH/YH، 6 مراحل، رقم تسلسلي",PU,7909131,82463936,EACH,PUMP MISC,,INSURANCE_SPARE,RS-GUPCO,07 YARD
272274,"SHF LINE 1.00   1.00LH   48.00, MATERIAL 316SS, , P/NO. : 82269887 , used for pump IR, 6JKH/YH, 6-Stg, S/No. 0693-9010","خط SHF 1.00 1.00LH 48.00، مصنوع من الفولاذ المقاوم للصدأ 316، رقم القطعة: 82269887، يُستخدم لمضخة IR، 6JKH/YH، 6 مراحل، الرقم التسلسلي: 0693-9010",PU,7909131,82269887,EACH,PUMP MISC,,PLANNED_WO,RS-GUPCO,
272275,"BOWL 6JK UNLIND FLG F/CAR OR JCKSCR, MATERIAL C958, , P/NO. : 82463423 , used for pump IR, 6JKH/YH, 6-Stg, S/No. 0693-90","وعاء 6JK UNLIND FLG F/CAR أو JCKSCR، المادة C958، رقم القطعة: 82463423، يُستخدم لمضخة IR، 6JKH/YH، 6 مراحل، الرقم التسلسلي 0693-90",PU,7909131,82463423,EACH,PUMP MISC,,INSURANCE_SPARE,RS-GUPCO,
137199,"hold till 01/01/2027 , BOX, STUFFING","يُحفظ حتى 01/01/2027، صندوق، حشو",PU,7907164,C19230F0001003,EACH,PUMP MISC,,MIN_MAX,RS-GUPCO,02S35A
116167,"CRANKCASE ASSY.,REPLACED BY 1-EA BLOCK P/NO.A200320S 1-EA WASHER P/NO.153751A 1-EA WASHER P/NO.169052  1-EA SPINDLER 153","مجموعة علبة المرافق، تم استبدالها بـ: كتلة واحدة رقم القطعة A200320S، غسالة واحدة رقم القطعة 153751A، غسالة واحدة رقم القطعة 169052، محور واحد 153",MM,6923116,A200520B,EACH,ENGINE USA,,INSURANCE_SPARE,RS-GUPCO,
175968,"CARBRATOR ASSY, L.H. Replacement P/N:  9Y5307","مجموعة المكربن، الجانب الأيسر، رقم القطعة البديلة: 9Y5307",MM,7103128,2N3980,EACH,CATERPILLAR,,MIN_MAX,RS-GUPCO,04U17
201291,"VALVE , THREE WAY, P/NO.:209223A","صمام ثلاثي الاتجاهات، رقم القطعة: 209223A",MM,6923145,209223A,EACH,ENGINE USA,,MIN_MAX,RS-GUPCO,
217589,CARBURETOR-LB   P/NO.: 59019A,المكربن - LB رقم القطعة: 59019A,MM,0,59019A,EACH,ENGINE USA,,INSURANCE_SPARE,RS-GUPCO,02Q47H
217590,CARBURETOR-RB   P/NO.: 59019,المكربن - RB رقم القطعة: 59019,MM,0,59019,EACH,ENGINE USA,,INSURANCE_SPARE,RS-GUPCO,02Q36TOP
116311,VALVE BUTTERFLY ASSEM (A257472),مجموعة صمام الفراشة (A257472),MM,6923128,C257472,EACH,ENGINE USA,,INSURANCE_SPARE,RS-GUPCO,
281098,Fuel/Water Separator  P/N 133-5673  For Engine Model Cat D-3412   Ser. No. 1EZ13610   Arrangement No.,فاصل الوقود/الماء رقم القطعة 133-5673 لمحرك طراز Cat D-3412 رقم التسلسل 1EZ13610 رقم الترتيب.,MM,0,12CA5134490,EACH,CATERPILLAR,,MIN_MAX,RS-GUPCO,04K24D
282786,Vertical oil pump kit consists of:,تتكون مجموعة مضخة الزيت العمودية من:,PU,3118211,~,SET,BR/SL/S.PLG/FLT,,INSURANCE_SPARE,RS-GUPCO,
283099,"Water pump installation gasket kit, P/NO. 1ca1282922","طقم حشيات تركيب مضخة الماء، رقم القطعة: 1ca1282922",MM,0,1CA1282922,EACH,CATERPILLAR,,PLANNED_WO,RS-GUPCO,
282120,"Single Leg wire Rope Sling SWL 6.2 ton,1.4 m Length x 22 mm diameter, IWRC, 6x36, RHOL, Galvanized, 1960 Grade, terminat","حبل رفع سلكي أحادي الساق، حمولة آمنة 6.2 طن، طول 1.4 متر × قطر 22 مم، IWRC، 6x36، RHOL، مجلفن، درجة 1960، طرفي",MM,0,,EACH,CORDG & CHAIN,,PLANNED_WO,RS-GUPCO,
282121,"Single Leg  wire Rope Sling SWL 6.2 ton, 1.2m Length x 22mm diameter, IWRC,terminating in Soft eyes each end,1960 Grade.","حبل سلكي أحادي الساق SWL 6.2 طن، طول 1.2 متر × قطر 22 مم، IWRC، ينتهي بحلقات ناعمة في كل طرف، درجة 1960.",MM,0,,EACH,CORDG & CHAIN,,PLANNED_WO,RS-GUPCO,
282122,"Four Leg  wire Rope Sling SWL 4.5 ton @ 0-45  Degrees, 3m Length x 13mm diameter, IWRC, 1960 Grade, terminating in Hard","حبل رفع سلكي رباعي الأرجل، حمولة آمنة 4.5 طن عند زاوية 0-45 درجة، طول 3 أمتار × قطر 13 مم، معتمد من IWRC، درجة 1960، ينتهي بسلك صلب",MM,0,~,EACH,CORDG & CHAIN,,MIN_MAX,RS-GUPCO,
282123,"Four Leg  wire Rope Sling SWL 6.9 ton @ 0-45  Degrees, 3m Length x 16mm diameter, IWRC, 1960 Grade, terminating in Hard","حبل رفع سلكي رباعي الأرجل، حمولة آمنة 6.9 طن عند زاوية 0-45 درجة، طول 3 أمتار × قطر 16 مم، معتمد من IWRC، درجة 1960، ينتهي بسلك صلب",MM,0,,EACH,CORDG & CHAIN,,PLANNED_WO,RS-GUPCO,
137228,"RING, WEARING IMPELLER ITEM NO 203 MAT 1000","حلقة، دافعة للارتداء، رقم الصنف 203، مادة 1000",PU,7907140,C00297A69 1001,EACH,PUMP MISC,,INSURANCE_SPARE,RS-GUPCO,02S35H
134026,"BUSHING, THROTTLE  (OLD PT.NO.847A2119)",جلبة الخانق (رقم القطعة القديم 847A2119),PU,7321112,421,EACH,PUMP CENTRIFUG,,INSURANCE_SPARE,RS-GUPCO,
280250,Applikator Kemet Diam. Comp. 1-KD-C2.  unit: 5Gr .Referance: KEMET INTERNATIONAL LTD.,أداة تطبيق كيميت ديام. كومب. 1-KD-C2. الوحدة: 5 غرام. المرجع: شركة كيميت الدولية المحدودة.,PU,0,1KDC2,UNIT,PUMP MISC,,PLANNED_WO,RS-GUPCO,
277864,"Fuel Sender PART NO. 22155451, Used for IR Portable Diesel Air Compressor Model: 9/235 HA   S.N: UN59235FXBY811277","جهاز إرسال الوقود، رقم القطعة 22155451، يُستخدم مع ضاغط هواء ديزل محمول من نوع IR، طراز: 9/235 HA، الرقم التسلسلي: UN59235FXBY811277",MM,0,22155451,EACH,COMPRESSOR USA,,PLANNED_WO,RS-GUPCO,
278340,"VERTICAL SHAFT ITEM NO. 93 USED FOR JOHNSON GEAR BOX MODEL S350, RATIO 1:1 P/NO. C17990","عمود رأسي، رقم القطعة 93، يُستخدم في علبة تروس جونسون طراز S350، نسبة التروس 1:1، رقم القطعة C17990",PU,3110102,C17990,EACH,BR/SL/S.PLG/FLT,,INSURANCE_SPARE,RS-GUPCO,01A01E (1)
134050,ROTATING ASSY. (OLD PT.NO.94211502122),مجموعة دوارة (رقم القطعة القديم 94211502122),PU,7321108,9421150E3AA,EACH,PUMP CENTRIFUG,,INSURANCE_SPARE,RS-GUPCO,
278638,"COL PIPE FLG/REG 4.5 0.237 11.00 LG, MATERIAL A53/GRB. PART NO. 82132333 , REF NO. 101 USED FOR T/G CLOSED DRAIN PUMP, S","أنبوب COL FLG/REG 4.5 0.237 11.00 LG، المادة A53/GRB. رقم القطعة 82132333، رقم المرجع 101، يُستخدم لمضخة تصريف مغلقة T/G، S",PU,7909131,82132333,EACH,PUMP MISC,,INSURANCE_SPARE,RS-GUPCO,
278085,"LAPMASTER DIAMOND SLURRY 3 MICRON (WATER BASE), LAP5-DIAS-S1G-w003 (GALLON CONTAINER SIZE) , ( safety and technical data","معجون تلميع الماس من لاب ماستر، 3 ميكرون (قاعدة مائية)، LAP5-DIAS-S1G-w003 (حجم العبوة جالون)، (بيانات السلامة والبيانات الفنية)",PU,0,LAP5-DIAS-S1G-W0003,EACH,PUMP MISC,,MIN_MAX,RS-GUPCO,
271696,WEBBING SLING / POLYESTER / COLOUR BLUE / DUPLEX / BECKET EYE / F.O.S 7:1 / MANUFACTURED TO BSEN 1492:1 / CE MARK / S.W.,حزام منسوج / بوليستر / اللون أزرق / مزدوج / حلقة بيكت / نسبة شد 7:1 / مصنّع وفقًا للمواصفة البريطانية BSEN 1492:1 / علامة CE / SW,MM,0,~,EACH,CORDG & CHAIN,,MIN_MAX,RS-GUPCO,01A32E
282618,"SCREW , CAP HEX HEAD  .63 X  3 LONG, P/NO. 95934170, FOR  IR  Ingersoll Rand model EP-100","برغي، رأس سداسي، 0.63 × 3 بوصة، رقم القطعة 95934170، لجهاز IR Ingersoll Rand موديل EP-100",MM,0,95934170,EACH,COMPRESSOR USA,,PLANNED_WO,RS-GUPCO,
282620,"SCREW , HEX HEAD M16 X 40 LONG  , P/NO. 96702337, FOR  IR  Ingersoll Rand model EP-100","برغي، رأس سداسي M16 × 40 طول، رقم القطعة 96702337، لجهاز IR Ingersoll Rand موديل EP-100",MM,0,96702337,EACH,COMPRESSOR USA,,PLANNED_WO,RS-GUPCO,
137269,"O-RING, GLN/ SLHSH.","حلقة دائرية، GLN/SLHSH.",PU,7907173,,EACH,PUMP MISC,,INSURANCE_SPARE,RS-GUPCO,03/B12A
283015,"hold till 01/01/2027 , Column Bottom item 644, Used for Goulds Pump Type VIT-FF, Size 6x12 JMO, 3 Stage, SN: T309533","يُحفظ حتى 01/01/2027، العنصر رقم 644 في أسفل العمود، يُستخدم لمضخة غولدز من النوع VIT-FF، مقاس 6x12 JMO، 3 مراحل، الرقم التسلسلي: T309533",PU,7907173,D44950F118 8510,EACH,PUMP MISC,,INSURANCE_SPARE,RS-GUPCO,
282150,"Bearing Suction, item 690 used for goulds pump model 4x9 AHC, 12 STG., Ref. S/N. 314064 (these materials should be made","محمل شفط، رقم الصنف 690، يُستخدم لمضخة غولدز طراز 4x9 AHC، 12 مجموعة، الرقم المرجعي 314064 (يجب تصنيع هذه المواد",PU,7907177,B02585FEAC6132,EACH,PUMP MISC,,INSURANCE_SPARE,RS-GUPCO,02T07A
278788,"Shaft no. 820 used for union pump 3X4X9 VCM, S/No. 880081X10","العمود رقم 820 المستخدم في مضخة وصلة 3X4X9 VCM، الرقم التسلسلي 880081X10",PU,7321115,820A0201600D21400,EACH,PUMP CENTRIFUG,,INSURANCE_SPARE,RS-GUPCO,02Q01G
109868,"V-BELT, RADIATOR FAN ""WAUKESHA""(SET=3EA)           P/N. A177457                                       MNFG. WAUKESHA","سير على شكل حرف V، مروحة رادياتير ""واكيشا"" (مجموعة من 3 قطع) رقم القطعة A177457، من إنتاج شركة واكيشا",MM,0,A177457,SET,BELT/TRANSMIT,,INSURANCE_SPARE,RS-GUPCO,
225491,"Bit tool premium carbide tipped, style TSC-6, grade C-5, 3/8X3/8X1.750 LG, EDP no. 72106, STD package = 10 each (Mors","أداة حفر ذات رأس كربيد ممتاز، طراز TSC-6، درجة C-5، 3/8 × 3/8 × 1.750 بوصة، رقم EDP 72106، العبوة القياسية = 10 قطع (مورس)",MM,0,72106,PACKAGE,TOOLS,,MIN_MAX,RS-GUPCO,
271695,WEBBING SLING / POLYESTER / COLOUR BLUE / DUPLEX / BECKET EYE / F.O.S 7:1 / MANUFACTURED TO BSEN 1492:1 / CE MARK / S.W.,حزام منسوج / بوليستر / اللون أزرق / مزدوج / حلقة بيكت / نسبة شد 7:1 / مصنّع وفقًا للمواصفة البريطانية BSEN 1492:1 / علامة CE / SW,MM,0,,EACH,CORDG & CHAIN,,PLANNED_WO,RS-GUPCO,
133427,"KIT, GASKET FRONT STRUCURE","طقم، حشية الهيكل الأمامي",MM,7103140,1CA4195116,EACH,CATERPILLAR,,INSURANCE_SPARE,RS-GUPCO,03P03
282196,"V-Belt , P/No. C-167 Used For Trans Gulf Gas Generator ( USA & EUROPE DO NOT SUBSTITUTE )","حزام على شكل حرف V، رقم القطعة C-167، يُستخدم لمولد غاز ترانس غلف (الولايات المتحدة الأمريكية وأوروبا، لا تستخدم بديلاً عنه).",MM,0,C-167,EACH,BELT/TRANSMIT,,MIN_MAX,RS-GUPCO,03R35A
282125,"Four Leg  wire Rope Sling SWL 10.8 ton @ 0-45  Degrees, 3.5m Length x 20mm diameter, IWRC, 1960 Grade, terminating in Ha","حبل رفع سلكي رباعي الأرجل، حمولة آمنة 10.8 طن عند زاوية 0-45 درجة، طول 3.5 متر × قطر 20 مم، معتمد من IWRC، درجة 1960، ينتهي بـ Ha",MM,0,,EACH,CORDG & CHAIN,,PLANNED_WO,RS-GUPCO,
282126,"Four Leg  wire Rope Sling SWL 10.8 ton @ 0-45  Degrees, 4.5m Length x 20mm diameter, IWRC, 1960 Grade, terminating in Ha","حبل رفع سلكي رباعي الأرجل، حمولة آمنة 10.8 طن عند زاوية 0-45 درجة، طول 4.5 متر × قطر 20 مم، معتمد من IWRC، درجة 1960، ينتهي بـ Ha",MM,0,,EACH,CORDG & CHAIN,,PLANNED_WO,RS-GUPCO,
282127,"Four Leg  wire Rope Sling SWL 13.1 ton @ 0-45  Degrees, 3.5m Length x 22mm diameter, IWRC, 1960 Grade, terminating in Ha","حبل رفع سلكي رباعي الأرجل، حمولة آمنة 13.1 طن عند زاوية 0-45 درجة، طول 3.5 متر × قطر 22 مم، معتمد من IWRC، درجة 1960، ينتهي بـ Ha",MM,0,~,EACH,CORDG & CHAIN,,MIN_MAX,RS-GUPCO,
282128,"Four Leg  wire Rope Sling SWL 13.1 ton @ 0-45  Degrees, 4.5m Length x 22mm diameter, IWRC, 1960 Grade, terminating in Ha","حبل رفع سلكي رباعي الأرجل، حمولة آمنة 13.1 طن عند زاوية 0-45 درجة، طول 4.5 متر × قطر 22 مم، معتمد من IWRC، درجة 1960، ينتهي بـ Ha",MM,0,,EACH,CORDG & CHAIN,,PLANNED_WO,RS-GUPCO,
282129,"Four Leg  wire Rope Sling SWL 10.8 ton @ 0-45  Degrees, 1.2m Length x 20mm diameter, IWRC, 1960 Grade, terminating in Ha","حبل رفع سلكي رباعي الأرجل، حمولة آمنة 10.8 طن عند زاوية 0-45 درجة، طول 1.2 متر × قطر 20 مم، معتمد من IWRC، درجة 1960، ينتهي بـ Ha",MM,0,,EACH,CORDG & CHAIN,,PLANNED_WO,RS-GUPCO,
282130,"Shackles SWL 3.25 ton, Crosby Bolt type anchor shackle G-2130 stock no.1019490 in accordance with BS EN13889:2003+A1:200","أغلال SWL 3.25 طن، أغلال تثبيت من نوع Crosby Bolt G-2130 رقم المخزون 1019490 وفقًا للمواصفة القياسية البريطانية BS EN13889:2003+A1:200",MM,0,~,EACH,CORDG & CHAIN,,MIN_MAX,RS-GUPCO,
282611,"MOUNT, P/NO. 35318229, FOR  IR  Ingersoll Rand model EP-100","حامل، رقم القطعة 35318229، لجهاز الأشعة تحت الحمراء من طراز Ingersoll Rand EP-100",MM,0,35318229,EACH,COMPRESSOR USA,,PLANNED_WO,RS-GUPCO,
282623,"STRAP , GROUND, P/NO. 39479860, FOR  IR  Ingersoll Rand","حزام أرضي، رقم القطعة 39479860، لشركة إنجرسول راند",MM,0,39479860,EACH,COMPRESSOR USA,,PLANNED_WO,RS-GUPCO,02w23d
283167,"V-BELT,B-108 MULTIPLE TYPE HI-POWER,OC:110.800 IN ,IC:108.000 IN,TW:0.656 IN,T:0.438 IN.","حزام V، B-108 متعدد الأنواع عالي الطاقة، OC:110.800 بوصة، IC:108.000 بوصة، TW:0.656 بوصة، T:0.438 بوصة.",MM,0,B-108,EACH,BELT/TRANSMIT,,MIN_MAX,RS-GUPCO,
282131,"HOLD TILL 1/7/2027, Shackles SWL 4.75 ton, Crosby Bolt type anchor shackle G-2130 stock no.1019515 in accordance with BS","يُحفظ حتى 1/7/2027، أغلال حمولة آمنة 4.75 طن، أغلال تثبيت من نوع كروسبي بولت G-2130 رقم المخزون 1019515 وفقًا للمواصفة البريطانية BS",MM,0,1019515,EACH,CORDG & CHAIN,,MIN_MAX,RS-GUPCO,
282132,"Shackles SWL 6.5 ton, Crosby Bolt type anchor shackle G-2130 stock no.1019533 in accordance with BS EN13889:2003+A1:2008","أغلال SWL 6.5 طن، أغلال تثبيت من نوع Crosby Bolt G-2130 رقم المخزون 1019533 وفقًا للمواصفة القياسية البريطانية BS EN13889:2003+A1:2008",MM,0,1019533,EACH,CORDG & CHAIN,,PLANNED_WO,RS-GUPCO,
282133,"Shackles SWL 8.5 ton, Crosby Bolt type anchor shackle G-2130 stock no.1019551 in accordance with BS EN13889:2003+A1:2008","أغلال SWL 8.5 طن، أغلال تثبيت من نوع Crosby Bolt G-2130 رقم المخزون 1019551 وفقًا للمواصفة القياسية البريطانية BS EN13889:2003+A1:2008",MM,0,1019551,EACH,CORDG & CHAIN,,PLANNED_WO,RS-GUPCO,
282134,"Shackles SWL 9.5 ton, Crosby Bolt type anchor shackle G-2130 stock no.1019579 in accordance with BS EN13889:2003+A1:2008","أغلال SWL 9.5 طن، أغلال تثبيت من نوع Crosby Bolt G-2130 رقم المخزون 1019579 وفقًا للمواصفة القياسية البريطانية BS EN13889:2003+A1:2008",MM,0,1019579,EACH,CORDG & CHAIN,,PLANNED_WO,RS-GUPCO,
282135,"Shackles SWL 12 ton, Crosby Bolt type anchor shackle G-2130 stock no.1019597 in accordance with BS EN13889:2003+A1:2008,","أغلال SWL 12 طن، أغلال تثبيت من نوع Crosby Bolt G-2130 رقم المخزون 1019597 وفقًا للمواصفة BS EN13889:2003+A1:2008،",MM,0,1019597,EACH,CORDG & CHAIN,,PLANNED_WO,RS-GUPCO,
282136,"Shackles SWL 13.5 ton, Crosby Bolt type anchor shackle G-2130 stock no.1019613 in accordance with BS EN13889:2003+A1:200","أغلال SWL 13.5 طن، أغلال تثبيت من نوع كروسبي بولت G-2130 رقم المخزون 1019613 وفقًا للمواصفة البريطانية BS EN13889:2003+A1:200",MM,0,1019613,EACH,CORDG & CHAIN,,PLANNED_WO,RS-GUPCO,
282137,"Shackles SWL 17 ton, Crosby Bolt type anchor shackle G-2130 stock no.1019631 in accordance with BS EN13889:2003+A1:2008,","أغلال SWL 17 طن، أغلال تثبيت من نوع Crosby Bolt G-2130 رقم المخزون 1019631 وفقًا للمواصفة BS EN13889:2003+A1:2008،",MM,0,1019631,EACH,CORDG & CHAIN,,SURPLUS,RS-GUPCO,
282140,"Shackles SWL 25 ton, Crosby Bolt type anchor shackle G-2130 stock no.1019659 in accordance with BS EN13889:2003+A1:2008,","أغلال SWL 25 طن، أغلال تثبيت من نوع Crosby Bolt G-2130 رقم المخزون 1019659 وفقًا للمعيار BS EN13889:2003+A1:2008،",MM,0,1019659,EACH,CORDG & CHAIN,,SURPLUS,RS-GUPCO,
282785,Oil Slinger kit conistis of:,تتكون مجموعة أدوات رش الزيت من:,PU,3118211,,SET,BR/SL/S.PLG/FLT,,SURPLUS,RS-GUPCO,
282787,O- Ring kit consists of:,تتكون مجموعة حلقات منع التسرب من:,PU,3118211,~,SET,BR/SL/S.PLG/FLT,,PLANNED_WO,RS-GUPCO,
282840,"cap,   .38  Tub   , Used For Ing. Rand Compressor   ,Air  End, Model:EP100","غطاء، أنبوب 0.38، يستخدم لضاغط هواء إنج. راند، وحدة ضغط الهواء، الموديل: EP100",MM,0,39232566,EACH,COMPRESSOR USA,,INSURANCE_SPARE,RS-GUPCO,02W21B
125168,"BEARING, SPHERICAL ROLLER DOUBLE ROW SERIES 223    SELF ALIGNING TYPE WITH CIRCULAR GROOVE AND THREE  LUBRICATING HOLES","محمل كروي مزدوج الصفوف من السلسلة 223، من النوع ذاتي المحاذاة، مزود بأخدود دائري وثلاث فتحات تشحيم.",PU,0,22315C,EACH,BR/SL/S.PLG/FLT,,INSURANCE_SPARE,RS-GUPCO,
278639,"COL PIPE FLG/REG 4.5 0.237 24.00 LG, 6BWL, MATERIAL A53/GRB. PART NO. 82429465 , REF NO. 101 USED","أنبوب عمودي ذو حافة/قياس 4.5 0.237 24.00 LG، 6BWL، المادة A53/GRB. رقم القطعة 82429465، رقم المرجع 101 مستعمل",PU,7909131,82429465,EACH,PUMP MISC,,INSURANCE_SPARE,RS-GUPCO,07YARD
280249,Applikator Kemet Diam. Comp. 25-KD-C3.  unit: 5Gr .Referance: KEMET INTERNATIONAL LTD.,أداة تطبيق كيميت ديام. كومب. 25-KD-C3. الوحدة: 5 غرام. المرجع: شركة كيميت الدولية المحدودة.,PU,0,25KDC3,UNIT,PUMP MISC,,PLANNED_WO,RS-GUPCO,
234012,WEBBING SLING / POLYESTER / COLOUR GRAY / DUPLEX / BECKET EYE / F.O.S 7:1 / MANUFACTURED TO BSEN 1492:1 / CE MARK / S.W.,حزام منسوج / بوليستر / اللون رمادي / مزدوج / حلقة بيكت / نسبة شد 7:1 / مصنّع وفقًا للمواصفة القياسية البريطانية BSEN 1492:1 / علامة CE / SW,MM,0,04EE2x10-IV,EACH,CORDG & CHAIN,,MIN_MAX,RS-GUPCO,02B01B
271700,WEBBING SLING / POLYESTER / COLOUR ORANGE / DUPLEX / BECKET EYE / F.O.S 7:1 / MANUFACTURED TO BSEN 1492:1 / CE MARK / S.,حزام منسوج / بوليستر / اللون برتقالي / مزدوج / حلقة بيكيت / FOS 7:1 / مصنعة وفقًا للمواصفة BSEN 1492:1 / علامة CE / S.,MM,0,~,EACH,CORDG & CHAIN,,MIN_MAX,RS-GUPCO,01A32A
234013,ROUND SLING / POLYESTER / COLOUR BROWN / F.O.S 7:1 / MANUFACTURED TO BSEN 1492:2 / CE MARK / S.W.L 6 TONNE / E.W.L 6 MTR,حمالة دائرية / بوليستر / اللون بني / نسبة الشد 7:1 / مصنعة وفقًا للمواصفة BSEN 1492:2 / علامة CE / حمولة آمنة 6 أطنان / طول الحمولة القصوى 6 أمتار,MM,0,04EE2x20-IV,EACH,CORDG & CHAIN,,PLANNED_WO,RS-GUPCO,
204080,ROUND SLING / POLYESTER / COLOUR ORANGE / F.O.S 7:1 / MANUFACTURED TO BSEN 1492:2 / CE MARK / S.W.L 10 TONNE / E.W.L 6 M,حمالة دائرية / بوليستر / اللون برتقالي / نسبة الشد 7:1 / مصنعة وفقًا للمواصفة BSEN 1492:2 / علامة CE / حمولة التشغيل الآمنة 10 أطنان / حمولة التشغيل القصوى 6 أمتار,MM,0,,EACH,CORDG & CHAIN,,MIN_MAX,RS-GUPCO,
204081,ROUND SLING / POLYESTER / COLOUR BROWN / F.O.S 7:1 / MANUFACTURED TO BSEN 1492:2 / CE MARK / S.W.L 6 TONNE / E.W.L 3 MTR,حمالة دائرية / بوليستر / اللون بني / نسبة الشد 7:1 / مصنعة وفقًا للمواصفة BSEN 1492:2 / علامة CE / حمولة آمنة 6 أطنان / طول الحمولة القصوى 3 أمتار,MM,0,~,EACH,CORDG & CHAIN,,MIN_MAX,RS-GUPCO,02 b 05 f
282408,"Pump complete vacuum, air cooled 12000 liters/ min free air flow& 95% max. vacuum (28 Hg), 1100 RPM, Hose size 3 inches","مضخة تفريغ كامل، مبردة بالهواء، تدفق هواء حر 12000 لتر/دقيقة، وتفريغ أقصى 95% (28 بوصة زئبقية)، 1100 دورة في الدقيقة، مقاس الخرطوم 3 بوصات",PU,0,PM80AP-CCW,EACH,PUMP MISC,,INSURANCE_SPARE,RS-GUPCO,01E31H
282777,"Lock Nut P/No. AN20, Lock washer P/No.  W20","صامولة قفل رقم القطعة AN20، حلقة قفل رقم القطعة W20",PU,3118211,,EACH,BR/SL/S.PLG/FLT,,SURPLUS,RS-GUPCO,02/ F 17 E
282152,"Pump Shaft, item 660 used for goulds pump model 4x9 AHC, 12 STG., Ref. S/N. 314064 (these materials should be made in US","عمود المضخة، رقم الصنف 660، يُستخدم لمضخة غولدز طراز 4x9 AHC، 12 مجموعة، الرقم المرجعي 314064 (يجب أن تكون هذه المواد مصنعة في الولايات المتحدة الأمريكية).",PU,7907177,B44110F2122216,EACH,PUMP MISC,,MIN_MAX,RS-GUPCO,
271699,WEBBING SLING / POLYESTER / COLOUR ORANGE / DUPLEX / BECKET EYE / F.O.S 7:1 / MANUFACTURED TO BSEN 1492:1 / CE MARK / S.,حزام منسوج / بوليستر / اللون برتقالي / مزدوج / حلقة بيكيت / FOS 7:1 / مصنعة وفقًا للمواصفة BSEN 1492:1 / علامة CE / S.,MM,0,,EACH,CORDG & CHAIN,,PLANNED_WO,RS-GUPCO,
245126,"Gauge, Tachometer, P/N: 22055883, P/F CUMMINS ENGINE , ENGINE  S/N :46397027 ,  ENGINE CONFIG#:D413052CC05 , CPL8185, MO","مقياس سرعة الدوران، رقم القطعة: 22055883، محرك كمنز، الرقم التسلسلي للمحرك: 46397027، رقم تكوين المحرك: D413052CC05، CPL8185، MO",MM,0,22055883,EACH,ENGINE USA,,SURPLUS,RS-GUPCO,02 / R 55 C
278319,"LAPMASTER WATER BASE DIAMOND LUBRICANT 2.5 LITER BOTTLE (LAP5-LUBW-2.5-0001), the equivalent of original manufacturer ke","عبوة زيت التشحيم لاب ماستر دايموند ذو الأساس المائي سعة 2.5 لتر (LAP5-LUBW-2.5-0001)، وهو ما يعادل المنتج الأصلي من الشركة المصنعة.",PU,0,LAP5-LUBW-2.5-0001,EACH,PUMP MISC,,MIN_MAX,RS-GUPCO,
177533,"GASKET, SUCTION PIECE TO CASING ITEM NO.360V","حشية، قطعة شفط للغلاف، رقم الصنف 360 فولت",PU,7907148,70038 12 5127,EACH,PUMP MISC,,INSURANCE_SPARE,RS-GUPCO,
137135,"HOLD TILL 1/12/2026, BUSHING, STUFFING BOX ITEM NO. 125","يُحفظ حتى 1/12/2026، جلبة، صندوق حشو، رقم الصنف 125",PU,7907148,75762 1203,EACH,PUMP MISC,,INSURANCE_SPARE,RS-GUPCO,
281031,Bowel for Fuel/water separator filter P/N 1290375,"وعاء لفلتر فاصل الوقود/الماء، رقم القطعة 1290375",MM,0,1290375,EACH,CATERPILLAR,,MIN_MAX,RS-GUPCO,04K24
173702,"SEAL, CAP HS.","ختم، غطاء HS.",PU,3112100,,EACH,BR/SL/S.PLG/FLT,,INSURANCE_SPARE,RS-GUPCO,02/F-31B
281422,"COUPLING, HALF, PUMP, 1-15/16"", P/NO. 167133-MF , Flowserve Part Num: AX167133-UP000 (CCN: 81923126)","وصلة نصفية للمضخة، 1-15/16 بوصة، رقم القطعة 167133-MF، رقم قطعة Flowserve: AX167133-UP000 (CCN: 81923126)",PU,7902224,AX167133-UP000,EACH,PUMP MISC,,PLANNED_WO,RS-GUPCO,
283016,"Bearing Housing item 791A, Used for Goulds Pump Type VIT-FF, Size 6x12 JMO, 3 Stage, SN: T309533","علبة محمل، رقم الصنف 791A، تُستخدم لمضخة غولدز من النوع VIT-FF، مقاس 6x12 JMO، ثلاثية المراحل، الرقم التسلسلي: T309533",PU,7907173,A93360F000 1618,EACH,PUMP MISC,,INSURANCE_SPARE,RS-GUPCO,
283098,"Turbo installation gasket kit, P/NO. 1ca6V0233","طقم حشيات تركيب التوربو، رقم القطعة: 1ca6V0233",MM,0,1CA6V0233,EACH,CATERPILLAR,,PLANNED_WO,RS-GUPCO,03/A08C
280798,"ICP Sensor  P.No. 1830669C92  , for Perkins Engine Series 1300,  Engine Model : GCB 330 ,  Engine Serial No.   WS4418N14","مستشعر ضغط الزيت (ICP) رقم القطعة 1830669C92، لمحرك بيركنز من السلسلة 1300، طراز المحرك: GCB 330، الرقم التسلسلي للمحرك: WS4418N14",MM,0,1830669C92,EACH,ENGINE USA,,INSURANCE_SPARE,RS-GUPCO,02/ R 53 G
280799,"EOT & ECT Sensor  P.No. 1814320C1 , for Perkins Engine Series 1300, Engine Model : GCB 330 ,  Engine Serial No.   WS4418","مستشعر درجة حرارة زيت المحرك (EOT) ودرجة حرارة سائل التبريد (ECT)، رقم القطعة 1814320C1، لمحركات بيركنز من السلسلة 1300، طراز المحرك: GCB 330، الرقم التسلسلي للمحرك: WS4418",MM,0,1814320C1,EACH,ENGINE OTHER,,INSURANCE_SPARE,RS-GUPCO,02/Q27B
280800,"CMP Sensor  P.No. 1807339C93 ,for Perkins Engine Series 1300, Engine Model : GCB 330 ,  Engine Serial No.   WS4418N14159","حساس موضع عمود الكامات (CMP) رقم القطعة 1807339C93، لمحرك بيركنز من السلسلة 1300، طراز المحرك: GCB 330، الرقم التسلسلي للمحرك: WS4418N14159",MM,0,1807339C93,EACH,ENGINE USA,,INSURANCE_SPARE,RS-GUPCO,02/ R 53 G
280801,"MAP Sensor  P.No. 1840078C1 , for Perkins Engine Series 1300, Engine Model : GCB 330 ,  Engine Serial No.   WS4418N14159","حساس ضغط الهواء المطلق (MAP) رقم القطعة 1840078C1، لمحركات بيركنز من السلسلة 1300، طراز المحرك: GCB 330، الرقم التسلسلي للمحرك: WS4418N14159",MM,0,1840078C1,EACH,ENGINE USA,,INSURANCE_SPARE,RS-GUPCO,02/ R 53 G
280802,"Oil Pressure Sensor (EOP Sensor), P.No. 1807369C2, for Perkins Engine Series 1300, Engine Model : GCB 330 ,  Engine Seri","حساس ضغط الزيت (EOP Sensor)، رقم القطعة 1807369C2، لمحركات بيركنز من السلسلة 1300، طراز المحرك: GCB 330، سلسلة المحرك",MM,0,1807369C2,EACH,ENGINE USA,,INSURANCE_SPARE,RS-GUPCO,02/ R 53 G
282708,"Connector, P/NO. 39156435, FOR  IR  Ingersoll Rand","موصل، رقم القطعة 39156435، لشركة إنجرسول راند للأجهزة الإلكترونية",MM,0,39156435,EACH,COMPRESSOR USA,,PLANNED_WO,RS-GUPCO,
282711,"Pin, Dowel Hardened Ground Machine, P/NO. 95481859, FOR  IR  Ingersoll Rand","دبوس، وتد خشبي مقوى مصقول آلياً، رقم القطعة 95481859، لشركة إنجرسول راند",MM,0,95481859,EACH,COMPRESSOR USA,,PLANNED_WO,RS-GUPCO,
282788,"American-CK-1012-TP Shell& Tube Cooler, uses M3067 Mounting Flange","مبرد American-CK-1012-TP ذو الأنبوب والصدفة، يستخدم شفة تثبيت M3067",PU,3118211,~,EACH,BR/SL/S.PLG/FLT,,INSURANCE_SPARE,RS-GUPCO,
282314,"Line As. Fuel Injection (Cylinder No.2)  P.No.191-7942  for Caterpillar diesel  Engine,  Engine Model : 3406C  ,  Engine","خط حقن الوقود (الأسطوانة رقم 2) رقم القطعة 191-7942 لمحرك ديزل كاتربيلر، طراز المحرك: 3406C، محرك",MM,0,191-7942,EACH,CATERPILLAR,,INSURANCE_SPARE,RS-GUPCO,
282315,"Line As. Fuel Injection (Cylinder No.1)  P.No.191-7941  for Caterpillar diesel  Engine,  Engine Model : 3406C  ,  Engine","خط حقن الوقود (الأسطوانة رقم 1) رقم القطعة 191-7941 لمحرك ديزل كاتربيلر، طراز المحرك: 3406C، محرك",MM,0,191-7941,EACH,CATERPILLAR,,INSURANCE_SPARE,RS-GUPCO,
153962,"PIN, PISTON","دبوس، مكبس",MM,7103370,1CA5245564,EACH,CATERPILLAR,,PLANNED_WO,RS-GUPCO,
279523,"Case discharge, item no. 309, P/No. 82299173","تفريغ القضية، البند رقم 309، رقم العملية 82299173",PU,7909128,82299173,EACH,PUMP MISC,,INSURANCE_SPARE,RS-GUPCO,02T09E
134003,"PUMP, UNION TYPE & SIZE 1-1/2X2X9 VCM","مضخة، نوع وصلة ومقاس 1-1/2 × 2 × 9 بوصة",PU,7321112,1-1/2X2X9 VCM,EACH,PUMP CENTRIFUG,,PLANNED_WO,RS-GUPCO,
282621,"SCREW SOCKET HEAD CAP .63 X 1.5 LONG, P/NO. 95013785, FOR  IR  Ingersoll Rand","غطاء رأس سداسي 0.63 × 1.5 بوصة، رقم القطعة 95013785، لشركة إنجرسول راند.",MM,0,95013785,EACH,COMPRESSOR USA,,PLANNED_WO,RS-GUPCO,
282717,"Standoff, Motor Adaptor, P/NO. 54420385, FOR  IR  Ingersoll Rand","فاصل، محول محرك، رقم القطعة 54420385، لشركة إنجرسول راند",MM,0,54420385,EACH,COMPRESSOR USA,,PLANNED_WO,RS-GUPCO,
278084,"LAPMASTER DIAMOND SLURRY 15 MICRON (WATER BASE), LAP5-DIAS-S1G-w015 (GALLON CONTAINER SIZE)","معجون الماس لاب ماستر 15 ميكرون (قاعدة مائية)، LAP5-DIAS-S1G-w015 (حجم العبوة جالون)",PU,0,LAP5-DIAS-S1G-W015,EACH,PUMP MISC,,MIN_MAX,RS-GUPCO,09C07B
165058,"RING, IMPELLER STAGE 1 ITEM NO. 210","حلقة، مروحة المرحلة 1، رقم الصنف 210",PU,7902106,503-210,EACH,PUMP MISC,,PLANNED_WO,RS-GUPCO,
165082,"DISC, DEFLECTOR ITEM NO. 333                       OLD P/N. 1580B30190-21","قرص عاكس، رقم الصنف 333، رقم القطعة القديم 1580B30190-21",PU,7902106,270-233,EACH,PUMP MISC,,PLANNED_WO,RS-GUPCO,
279220,"Gland Split PN.: B2247-1107 used for Goulds Pump Size 4x8, Type AHC, 2 STG., SN: T308533","وصلة مانعة للتسرب، رقم القطعة: B2247-1107، تُستخدم لمضخة غولدز، مقاس 4x8، نوع AHC، 2 STG، الرقم التسلسلي: T308533",PU,0,B22470F000 1117,EACH,PUMP MISC,,INSURANCE_SPARE,RS-GUPCO,02V05A
177553,"BEARING, BOWEL","محمل، وعاء",PU,7907164,A14070F0001618,EACH,PUMP MISC,,INSURANCE_SPARE,RS-GUPCO,02T43
137141,"SEAL, OIL INBOARD ITEM NO. 333","مانع تسرب الزيت الداخلي، رقم الصنف 333",PU,7907148,8690-09683,EACH,PUMP MISC,,INSURANCE_SPARE,RS-GUPCO,02S37
234007,WEBBING SLING / POLYESTER / COLOUR YELLOW / DUPLEX / BECKET EYE / F.O.S 7:1 / MANUFACTURED TO BSEN 1492:1 / CE MARK / S.,حزام منسوج / بوليستر / اللون أصفر / مزدوج / حلقة بيكت / FOS 7:1 / مصنعة وفقًا للمواصفة BSEN 1492:1 / علامة CE / S.,MM,0,03EE2x06-IV,EACH,CORDG & CHAIN,,MIN_MAX,RS-GUPCO,
282614,"NUT , HEX LIGHT SELF LOCKING 0.75 - 10UNC, P/NO. 95923363, FOR  IR Ingersoll Rand model EP-100","صامولة سداسية ذاتية القفل، مقاس 0.75 - 10UNC، رقم القطعة 95923363، لجهاز IR Ingersoll Rand موديل EP-100",MM,0,95923363,EACH,COMPRESSOR USA,,PLANNED_WO,RS-GUPCO,02w23c
278796,"VALVE SEAT DISCH/SUCT PART NO :322B0808700F21501 USED FOR UNION PUMP TYPE TD-60 SIZE 1-3/4 X 3   SN.: RH1350A-1,2","مقعد صمام التفريغ/الشفط، رقم القطعة: 322B0808700F21501، يُستخدم لمضخة وصلة من النوع TD-60، المقاس: 1-3/4 × 3، الرقم التسلسلي: RH1350A-1,2",PU,0,322B0808700F21501,EACH,PUMP CENTRIFUG,,INSURANCE_SPARE,RS-GUPCO,02Q01F
282815,"Elbow,  .25 NPT  X   .25 Tube,  P/N 39155478 Is used on separator tank of Ingersoll Rand rotary air compressor model EP-","كوع، 0.25 NPT × 0.25 أنبوب، رقم القطعة 39155478، يُستخدم في خزان الفصل لضاغط الهواء الدوار من طراز EP- من شركة إنجرسول راند.",MM,0,39155478,EACH,COMPRESSOR USA,,PLANNED_WO,RS-GUPCO,02/W23G
282831,"Connector,  . 50 NPT  X  .75 Female Tube","موصل، أنبوب أنثوي 0.50 NPT × 0.75",MM,0,95961538,EACH,COMPRESSOR USA,,PLANNED_WO,RS-GUPCO,
282834,"Tube , Scavenge  75-100HP,","أنبوب، كاسحة 75-100 حصان،",MM,0,22131171,EACH,COMPRESSOR USA,,MIN_MAX,RS-GUPCO,02U38G
282836,"Connector ,  1.50  Tube  X  1.88  SAE,","موصل، أنبوب 1.50 × 1.88 SAE،",MM,0,39128624,EACH,COMPRESSOR USA,,PLANNED_WO,RS-GUPCO,02W21B
153934,"Bridge AS. , Caterpillar, Part number: 1CA1011816 , used for Badri Diesel Generator","شركة بريدج إيه إس، كاتربيلر، رقم القطعة: 1CA1011816، تُستخدم لمولد ديزل بدري",MM,7103370,1CA1011816,EACH,CATERPILLAR,,PLANNED_WO,RS-GUPCO,04H16A
282119,"Single Leg  wire Rope Sling SWL 8.6 ton, 1m Length x 26mm diameter, IWRC,terminating in Soft eyes each end,1960 Grade. i","حبل رفع سلكي أحادي الساق، حمولة آمنة 8.6 طن، طول 1 متر × قطر 26 مم، معتمد من IWRC، ينتهي بحلقات ناعمة في كل طرف، من الدرجة 1960.",MM,0,,EACH,CORDG & CHAIN,,PLANNED_WO,RS-GUPCO,
278341,"MECHANICAL SEAL ITEM NO. 94 , JOHN CRANE 2.5/8 BORE USED FOR JOHNSON GEAR BOX MODEL S350, RATIO 1:1 , P/NO. CFSP19730","مانع تسرب ميكانيكي رقم 94، من إنتاج شركة جون كرين، بقطر 2.5/8 بوصة، يُستخدم مع علبة تروس جونسون طراز S350، بنسبة تروس 1:1، رقم القطعة CFSP19730",PU,3110102,89717363,EACH,BR/SL/S.PLG/FLT,,PLANNED_WO,RS-GUPCO,
201230,"EXHAUST, MANIFOLD, DOUBLE, SECTION, P/NO.: A204742A","عادم، مشعب، مزدوج، قسم، رقم القطعة: A204742A",MM,6923145,A204742F,EACH,ENGINE USA,,INSURANCE_SPARE,RS-GUPCO,01C13
201231,"EXHAUST, MANIFOLD, SINGLE, SECTION, RB P/NO.: A204442G","عادم، مشعب، قسم واحد، RB، رقم القطعة: A204442G",MM,6923145,A204442G,EACH,ENGINE USA,,INSURANCE_SPARE,RS-GUPCO,01c13b
133940,"Centrifugal pump, close-coupled, electric motor with extended shaft directly to the pump, the pump casing& impeller mate","مضخة طرد مركزي، ذات اقتران مباشر، ومحرك كهربائي ذو عمود ممتد متصل مباشرة بالمضخة، وغلاف المضخة والمروحة متطابقان.",PU,0,97568450,EACH,PUMP CENTRIFUG,,MIN_MAX,RS-GUPCO,
161716,"SEAL, OIL PACKING","مانع تسرب، حشوة زيتية",PU,7301102,712-1004-764,EACH,PUMP CENTRIFUG,,INSURANCE_SPARE,RS-GUPCO,02S08C
234006,WEBBING SLING / POLYESTER / COLOUR GRAY / DUPLEX / BECKET EYE / F.O.S 7:1 / MANUFACTURED TO BSEN 1492:1 / CE MARK / S.W.,حزام منسوج / بوليستر / اللون رمادي / مزدوج / حلقة بيكت / نسبة شد 7:1 / مصنّع وفقًا للمواصفة القياسية البريطانية BSEN 1492:1 / علامة CE / SW,MM,0,03EE2x03-IV,EACH,CORDG & CHAIN,,PLANNED_WO,RS-GUPCO,
281100,Secandary Air Filter   P/N 142-1404  For Engine Model Cat D-3412   Ser. No. 1EZ13610    Arrangement No. 148-3588  ( New,"فلتر هواء ثانوي رقم القطعة 142-1404 لمحرك طراز كاتربيلر D-3412، الرقم التسلسلي 1EZ13610، رقم الترتيب 148-3588 (جديد)",MM,0,1CA1421404,EACH,CATERPILLAR,,PLANNED_WO,RS-GUPCO,
234009,WEBBING SLING / POLYESTER / COLOUR GRAY / DUPLEX / BECKET EYE / F.O.S 7:1 / MANUFACTURED TO BSEN 1492:1 / CE MARK / S.W.,حزام منسوج / بوليستر / اللون رمادي / مزدوج / حلقة بيكت / نسبة شد 7:1 / مصنّع وفقًا للمواصفة القياسية البريطانية BSEN 1492:1 / علامة CE / SW,MM,0,03EE2x20-IV,EACH,CORDG & CHAIN,,PLANNED_WO,RS-GUPCO,
271697,WEBBING SLING / POLYESTER / COLOUR BLUE / DUPLEX / BECKET EYE / F.O.S 7:1 / MANUFACTURED TO BSEN 1492:1 / CE MARK /  S.W,حزام منسوج / بوليستر / اللون أزرق / مزدوج / حلقة بيكت / نسبة شد 7:1 / مصنّع وفقًا للمواصفة البريطانية BSEN 1492:1 / علامة CE / SW,MM,0,~,EACH,CORDG & CHAIN,,MIN_MAX,RS-GUPCO,02A32
234010,WEBBING SLING / POLYESTER / COLOUR ORANGE / DUPLEX / BECKET EYE / F.O.S 7:1 / MANUFACTURED TO BSEN 1492:1 / CE MARK / S.,حزام منسوج / بوليستر / اللون برتقالي / مزدوج / حلقة بيكيت / FOS 7:1 / مصنعة وفقًا للمواصفة BSEN 1492:1 / علامة CE / S.,MM,0,04EE2x03-IV,EACH,CORDG & CHAIN,,PLANNED_WO,RS-GUPCO,
137260,"BEARING TOP, BOWL.","محمل علوي، وعاء.",PU,7907173,A12056F000 1618,EACH,PUMP MISC,,PLANNED_WO,RS-GUPCO,
137261,"BEARING, OLS.","محمل، OLS.",PU,7907173,A93360F0001618,EACH,PUMP MISC,,MIN_MAX,RS-GUPCO,
137262,IMP. (M) 7 IN.D.,IMP. (M) 7 IN.D.,PU,7907173,A78340F000 1123,EACH,PUMP MISC,,INSURANCE_SPARE,RS-GUPCO,
137266,"BOWL, INT. WITH MATERIAL CERTIFICATION",وعاء داخلي مع شهادة جودة المواد,PU,7907173,B11603F002 1123,EACH,PUMP MISC,,INSURANCE_SPARE,RS-GUPCO,01/E30E
137267,"SUCTION BELL,  WITH MATERIAL CERTIFICATION","جرس شفط، مع شهادة جودة المواد",PU,7907173,B11615F002 1123,EACH,PUMP MISC,,INSURANCE_SPARE,RS-GUPCO,01/E32D
137268,"hold till 01/01/2027 , BOWL, TOP. WITH MATERIAL CERTIFICATION","يُحفظ حتى 01/01/2027، وعاء، غطاء. مع شهادة جودة المواد",PU,7907173,B11687F012 1123,EACH,PUMP MISC,,INSURANCE_SPARE,RS-GUPCO,
279681,"Service Pak 500 Hr, used for Atlas Copco Portable Diesel Air Compressor (Model: XAMS 407 Cd ) used for Maradive #55 Boat","وحدة خدمة 500 ساعة، تُستخدم مع ضاغط هواء ديزل محمول من أطلس كوبكو (طراز: XAMS 407 Cd) المستخدم في قارب ماراديف رقم 55",MM,0,2912448205,EACH,COMPRESSOR USA,,PLANNED_WO,RS-GUPCO,
279682,"Circuit Breaker, used for Atlas Copco Portable Diesel Air Compressor (Model: XAMS 407 Cd ) used for Maradive #55 Boat, p","قاطع الدائرة الكهربائية، المستخدم في ضاغط الهواء المحمول الذي يعمل بالديزل من شركة أطلس كوبكو (طراز: XAMS 407 Cd) المستخدم في قارب ماراديف رقم 55، ص",MM,0,1089920620,EACH,COMPRESSOR USA,,INSURANCE_SPARE,RS-GUPCO,02W27F
279683,"Thermostatic Valve, used for Atlas Copco Portable Diesel Air Compressor (Model: XAMS 407 Cd ) used for Maradive #55 Boat","صمام حراري، يُستخدم مع ضاغط هواء ديزل محمول من أطلس كوبكو (طراز: XAMS 407 Cd) المستخدم في قارب ماراديف رقم 55",MM,0,1626299300,EACH,COMPRESSOR USA,,INSURANCE_SPARE,RS-GUPCO,02W27F
164506,"GASKET, SIDE PLATE TO CASING ITEM NO.360C","حشية، لوحة جانبية للهيكل، رقم الصنف 360C",PU,7907148,70782 61 5127,EACH,PUMP MISC,,INSURANCE_SPARE,RS-GUPCO,
279612,"Filter, Water     P.No. PK26550001, for Perkins Engine Series 1300, Engine Model : GCB 330 ,  Engine Serial No.   WS4418","فلتر مياه، رقم القطعة PK26550001، لمحركات بيركنز من السلسلة 1300، طراز المحرك: GCB 330، الرقم التسلسلي للمحرك: WS4418",MM,0,PK26550001,EACH,BR/SL/S.PLG/FLT,,MIN_MAX,RS-GUPCO,02G71G
279613,"Filter, Fuel      P.No. PK26560137 , for Perkins Engine Series 1300, Engine Model : GCB 330 ,    Engine Serial No.   WS4","فلتر وقود، رقم القطعة PK26560137، لمحركات بيركنز من السلسلة 1300، طراز المحرك: GCB 330، الرقم التسلسلي للمحرك: WS4",MM,0,PK26560137,EACH,BR/SL/S.PLG/FLT,,MIN_MAX,RS-GUPCO,
281332,"COLUMN, API5L GR- B Carbon Steel MATERIAL AS PER ATTACHED DWG, USED FOR PUMP TYPE PLB SIZE 16 GM 6 STG S/N 681-H-0720/21","عمود، مصنوع من فولاذ كربوني API5L GR-B، وفقًا للرسم المرفق، يُستخدم لمضخة من نوع PLB، مقاس 16 GM، 6 مراحل، الرقم التسلسلي 681-H-0720/21",PU,7902224,7902224,EACH,PUMP MISC,,PLANNED_WO,RS-GUPCO,
282616,"SCREW , CAP HEX HEAD .75 X  2.75 LONG, P/NO. 95929097, FOR  IR  Ingersoll Rand model EP-100","برغي، رأس سداسي، 0.75 × 2.75 بوصة، رقم القطعة 95929097، لجهاز IR Ingersoll Rand موديل EP-100",MM,0,95929097,EACH,COMPRESSOR USA,,PLANNED_WO,RS-GUPCO,
282778,"Bearing kit consists of: Outboard bearing Timken P/No. 854/861, Inboard bearing Timken P/No. HH224335/H224310 for 4"" Gea","تتكون مجموعة المحامل من: محمل خارجي من شركة تيمكين، رقم القطعة 854/861، ومحمل داخلي من شركة تيمكين، رقم القطعة HH224335/H224310، لمحرك 4 بوصة.",PU,3118211,~,SET,BR/SL/S.PLG/FLT,,SURPLUS,RS-GUPCO,
282784,Sprag non Reverse kit consitis of:,تتكون مجموعة Sprag غير العكسية من:,PU,3118211,~,EACH,BR/SL/S.PLG/FLT,,MIN_MAX,RS-GUPCO,
282340,"V-BELT, 22X4250 SPC HEAVY DUTY , MANF.Strong Belt GERMANY (USED FOR OCT.P/F  GAS GEN)","حزام على شكل حرف V، 22X4250 SPC شديد التحمل، من إنتاج شركة سترونج بيلت الألمانية (يستخدم لمولدات الغاز OCT.P/F)",MM,0,22X4250 SPC,EACH,BELT/TRANSMIT,,MIN_MAX,RS-GUPCO,03R35B
282709,"KEY , SQUARE Both Ends, P/NO. 95410734, FOR  IR  Ingersoll Rand model EP-100","مفتاح مربع من كلا الطرفين، رقم القطعة 95410734، لجهاز IR Ingersoll Rand موديل EP-100",MM,0,95410734,EACH,COMPRESSOR USA,,PLANNED_WO,RS-GUPCO,
282712,"Pin, Parallel (Dowel),Hardened, P/NO. 95239927, FOR  IR  Ingersoll Rand","دبوس، متوازي (وتد)، مُقسّى، رقم القطعة 95239927، لشركة إنجرسول راند",MM,0,95239927,EACH,COMPRESSOR USA,,PLANNED_WO,RS-GUPCO,
276507,"COUPLING ASSEMBLY FOR FUEL TRANSFER PUMP GROUP , PART NO. 5N5621 , PARTS FOR CATERPILLAR","مجموعة وصلة لمضخة نقل الوقود، رقم القطعة 5N5621، قطع غيار لشركة كاتربيلر",MM,0,1CA5N5621,EACH,CATERPILLAR,,INSURANCE_SPARE,RS-GUPCO,04 K22 F
278343,"O-RING ITEM NO. 96, USED FOR JOHNSON GEAR BOX MODEL S350 , RATIO 1:1, PART NO. AS245","حلقة دائرية رقم 96، تُستخدم لعلبة تروس جونسون طراز S350، نسبة التروس 1:1، رقم القطعة AS245",PU,0,AS245,EACH,BR/SL/S.PLG/FLT,,SURPLUS,RS-GUPCO,03/G31A
175550,"GASKET, LIFTER DOOR",حشية باب الرافعة,MM,6923114,168108A,EACH,ENGINE USA,,PLANNED_WO,RS-GUPCO,03/H25A
278086,LATCH. Door Standred Enclosure Used For Rotary Air Compressor Ingersoll Rand P/N:39133954,"مزلاج. غطاء باب قياسي يُستخدم لضاغط هواء دوار من إنجرسول راند، رقم القطعة: 39133954",MM,0,39133954,EACH,COMPRESSOR USA,,MIN_MAX,RS-GUPCO,
282153,"Bell Suction, item 689 used for goulds pump model 4x9 AHC, 12 STG., Ref. S/N. 314064 (these materials should be made in","مضخة بيل، رقم الصنف 689، تُستخدم لمضخة غولدز طراز 4x9 AHC، 12 STG.، رقم المرجع التسلسلي 314064 (يجب تصنيع هذه المواد في",PU,7907177,B00427F002 1123,EACH,PUMP MISC,,PLANNED_WO,RS-GUPCO,
282305,"Filter element air (secondary)  P.No. 6i-2508 ,for Caterpillar diesel  Engine Engine Model : 3406C  ,  Engine Serial No.","عنصر فلتر الهواء (الثانوي) رقم القطعة 6i-2508، لمحرك ديزل كاتربيلر، طراز المحرك: 3406C، الرقم التسلسلي للمحرك.",MM,0,1C6i2508,EACH,BR/SL/S.PLG/FLT,,MIN_MAX,RS-GUPCO,5.00E+03
282304,"Filter element air (primary)  P.No. 6i-2507, for Caterpillar diesel  Engine , Engine Model : 3406C  ,  Engine Serial No.","عنصر فلتر الهواء (الأساسي) رقم القطعة 6i-2507، لمحرك ديزل كاتربيلر، طراز المحرك: 3406C، الرقم التسلسلي للمحرك.",MM,0,1CA6I2507,EACH,CATERPILLAR,,MIN_MAX,RS-GUPCO,05L08
281097,Oil Filter P/N 1R-1808  For Engine Model Cat D-3412   Ser. No. 1EZ13610   Arrangement No. 148-3588   ( New D. Gen. Packa,"فلتر زيت رقم القطعة 1R-1808 لمحرك طراز Cat D-3412، الرقم التسلسلي 1EZ13610، رقم الترتيب 148-3588 (عبوة جديدة من D. Gen. Packa)",MM,0,12CA1R1808,EACH,CATERPILLAR,,MIN_MAX,RS-GUPCO,05D10A
282827,"Adapter , Used For Ing. Rand  Compressor   , Air  End ,  Model:EP100","محول، يُستخدم لضاغط هواء من نوع إنج. راند، وحدة ضغط الهواء، الموديل: EP100",MM,0,39417118,EACH,COMPRESSOR USA,,PLANNED_WO,RS-GUPCO,
282839,"Connector ,  2.00  Tube  X 2.50 SAE,","موصل، أنبوب 2.00 × 2.50 SAE،",MM,0,39128632,EACH,COMPRESSOR USA,,PLANNED_WO,RS-GUPCO,
276531,"Fuel Filter (Cummins Gen. Set: QST 30 G4 - DIESEL ENGINE MODEL :800DFHD , S/NO H09KBAR260 )","فلتر الوقود (مجموعة مولدات كمنز: QST 30 G4 - محرك ديزل طراز: 800DFHD، الرقم التسلسلي H09KBAR260)",MM,0,FF2203,EACH,ENGINE USA,,INSURANCE_SPARE,RS-GUPCO,05/D12A
177530,"HOLD TILL 1/12/2026 , SIDEPLATE,SUCTION ITEM NO.176","يُحفظ حتى 1/12/2026، لوحة جانبية، قطعة شفط رقم 176",PU,7907148,104-441 1216,EACH,PUMP MISC,,INSURANCE_SPARE,RS-GUPCO,
281212,Secondary filter (3 Micron Water Block spin on filter cartridge P.No. # WBS-3 ) used for Automated Fuel Filtration Syste,"فلتر ثانوي (خرطوشة فلتر دوارة 3 ميكرون بتقنية Water Block، رقم القطعة WBS-3) يستخدم لنظام ترشيح الوقود الآلي",MM,0,WBS-3,EACH,BR/SL/S.PLG/FLT,,MIN_MAX,RS-GUPCO,
281213,Lid Gasket P.No. # 30421 used for Automated Fuel Filtration System Model : STS 6000-4GPM-S  Serial No. : K-10-0113-6040,"حشية غطاء رقم القطعة 30421 تُستخدم لنظام ترشيح الوقود الآلي، طراز: STS 6000-4GPM-S، الرقم التسلسلي: K-10-0113-6040",MM,0,30421,EACH,BR/SL/S.PLG/FLT,,PLANNED_WO,RS-GUPCO,
271698,WEBBING SLING / POLYESTER / COLOUR BLUE / DUPLEX / BECKET EYE / F.O.S 7:1 / MANUFACTURED TO BSEN 1492:1 / CE MARK / S.W.,حزام منسوج / بوليستر / اللون أزرق / مزدوج / حلقة بيكت / نسبة شد 7:1 / مصنّع وفقًا للمواصفة البريطانية BSEN 1492:1 / علامة CE / SW,MM,0,~,EACH,CORDG & CHAIN,,PLANNED_WO,RS-GUPCO,01A32G
282716,"Screw, Socket Head Cap, P/NO. 95929170, FOR  IR  Ingersoll Rand","برغي، غطاء رأس سداسي، رقم القطعة 95929170، لـ IR Ingersoll Rand",MM,0,95929170,EACH,COMPRESSOR USA,,PLANNED_WO,RS-GUPCO,
282776,"Gear Set, Increasing Ratio 2:3, P/No. M345R30/M330L45","مجموعة تروس، نسبة زيادة 2:3، رقم القطعة M345R30/M330L45",PU,3118211,,SET,BR/SL/S.PLG/FLT,,PLANNED_WO,RS-GUPCO,
133415,"KIT, GASKET WATER LINES.","طقم، حشية لخطوط المياه.",MM,7103140,1CA5P9852,EACH,CATERPILLAR,,PLANNED_WO,RS-GUPCO,03/A06A
282610,"KEY , SQUARE .38 X .38 X 1.88 NONE, P/NO. 95381109, FOR IR Ingersoll Rand model EP-100 ,","مفتاح مربع 0.38 × 0.38 × 1.88 بدون، رقم القطعة 95381109، لجهاز IR Ingersoll Rand موديل EP-100،",MM,0,95381109,EACH,COMPRESSOR USA,,PLANNED_WO,RS-GUPCO,
282615,"O-RING, STANDARD -034  2.125 ID  X 2.062 WIDTH, P/NO. 95070611, FOR IR  Ingersoll Rand model EP-100","حلقة دائرية، قياسية -034، قطر داخلي 2.125 × عرض 2.062، رقم القطعة 95070611، لطراز IR Ingersoll Rand EP-100",MM,0,95070611,EACH,COMPRESSOR USA,,INSURANCE_SPARE,RS-GUPCO,03/B33G
282622,"SCREW SOCKET HEAD CAP .50 X 1.5 LONG, P/NO. 95929162, FOR  IR  Ingersoll Rand model EP-100","غطاء رأس سداسي 0.50 × 1.5 بوصة، رقم القطعة 95929162، لطراز IR Ingersoll Rand EP-100",MM,0,95929162,EACH,COMPRESSOR USA,,PLANNED_WO,RS-GUPCO,
165057,"RING, IMPELLER STAGE 1 ITEM NO. 209","حلقة، مروحة المرحلة 1، رقم الصنف 209",PU,7902106,503-209-1122339,EACH,PUMP MISC,,PLANNED_WO,RS-GUPCO,
165062,"SLEEVE, SHAFT THROTTLE ITEM NO. 215                MATERIAL 440A 450/525 B                            P/N 6660B36003-12","جلبة، عمود خانق، رقم الصنف 215، المادة 440A 450/525 B، رقم القطعة 6660B36003-12",PU,7902106,522-215,EACH,PUMP MISC,,PLANNED_WO,RS-GUPCO,
165073,"KEY, THROTTLE SLEEVE ITEM NO. 255","مفتاح، غلاف الخانق، رقم الصنف 255",PU,7902106,940-225,EACH,PUMP MISC,,PLANNED_WO,RS-GUPCO,
278342,"SEAL CAGE ITEM NO. 95 , USED FOR JOHNSON GEAR BOX MODEL S350 , RATIO 1:1 , P/NO. A14646","قفص مانع للتسرب، رقم الصنف 95، يُستخدم لعلبة تروس جونسون طراز S350، نسبة التروس 1:1، رقم القطعة A14646",PU,3110102,A14646,EACH,BR/SL/S.PLG/FLT,,INSURANCE_SPARE,RS-GUPCO,02F19F
278680,O-Ring  P/NO 168922L used for oil filter housing  waukesha engine model F-2895-G,حلقة مانعة للتسرب (O-Ring) رقم القطعة 168922L تُستخدم لعلبة فلتر الزيت في محرك واكيشا طراز F-2895-G,MM,0,168922L,EACH,ENGINE USA,,MIN_MAX,RS-GUPCO,
134067,"STUD, ADJUSTING                                    P/NO. 824 A 0194000D12600","مسمار ضبط، رقم القطعة 824 أ 0194000د12600",PU,7321115,824A0194000D12600,EACH,PUMP CENTRIFUG,,INSURANCE_SPARE,RS-GUPCO,
134068,"RING ,LOCATING ,SPLIT P/N 825A0197503B25500","حلقة، تحديد الموقع، تقسيم رقم القطعة 825A0197503B25500",PU,7321115,825A0197503B25500,EACH,PUMP CENTRIFUG,,INSURANCE_SPARE,RS-GUPCO,02/ Q 21 B
176267,"IMPELLER,","المكره،",PU,7321112,805B157900D12200,EACH,PUMP CENTRIFUG,,INSURANCE_SPARE,RS-GUPCO,
137134,"DEFLECTOR, ITEM NO. 123","عاكس، رقم الصنف 123",PU,7907148,075745 1001,EACH,PUMP MISC,,INSURANCE_SPARE,RS-GUPCO,
281211,Primary filter element (10 Micron replacement filter element P.No. # 01810 ) used for Automated Fuel Filtration System M,"عنصر الترشيح الأساسي (عنصر ترشيح بديل 10 ميكرون، رقم القطعة 01810) المستخدم في نظام ترشيح الوقود الآلي M",MM,0,1810,EACH,BR/SL/S.PLG/FLT,,MIN_MAX,RS-GUPCO,02G69
281096,Fuel Filter P/N 1R-0749 For Engine Model Cat D-3412   Ser. No. 1EZ13610   Arrangement No.,"فلتر وقود رقم القطعة 1R-0749 لمحرك طراز Cat D-3412، الرقم التسلسلي 1EZ13610، رقم الترتيب.",MM,0,12CA1R0749,EACH,CATERPILLAR,,MIN_MAX,RS-GUPCO,05D08C
184654,Primary Air Filter   P/N 142-1339  For Engine Model Cat D-3412  Ser. No. 1EZ13610   Arrangement No. 148-,"فلتر هواء أساسي رقم القطعة 142-1339 لمحرك طراز كاتربيلر D-3412، الرقم التسلسلي 1EZ13610، رقم الترتيب 148-",MM,0,1421339,EACH,CATERPILLAR,,MIN_MAX,RS-GUPCO,
164818,HEADSHAFT(1.5 INX71.31 LG),عمود رأس (1.5 بوصة × 71.31 بوصة طول),PU,7907173,B00019FHBF 2403,EACH,PUMP MISC,,INSURANCE_SPARE,RS-GUPCO,01N05D
137263,"TAPERLOCK, IMP.","قفل تابي، مستورد.",PU,7907173,H79100F000 2229,EACH,PUMP MISC,,PLANNED_WO,RS-GUPCO,02S35F
137264,"GASKET, HD SLHSG.     similar with items 164629 & 164540 reference to e-mail date 27/11/2015","حشية، HD SLHSG. مشابهة للعنصرين 164629 و164540، بالرجوع إلى تاريخ البريد الإلكتروني 27/11/2015",PU,7907173,B27490F004 5130,EACH,PUMP MISC,,INSURANCE_SPARE,RS-GUPCO,02/U20C
234008,WEBBING SLING / POLYESTER / COLOUR VIOLET / DUPLEX / BECKET EYE / F.O.S 7:1 / MANUFACTURED TO BSEN 1492:1 / CE MARK / S.,حزام منسوج / بوليستر / لون بنفسجي / مزدوج / حلقة بيكيت / FOS 7:1 / مصنعة وفقًا للمواصفة BSEN 1492:1 / علامة CE / S.,MM,0,03EE2x10-IV,EACH,CORDG & CHAIN,,PLANNED_WO,RS-GUPCO,
283013,"Bearing Bowl item 672, Used for Goulds Pump Type VIT-FF, Size 6x12 JMO, 3 Stage, SN: T309533","وعاء محمل، رقم الصنف 672، يُستخدم لمضخة غولدز من النوع VIT-FF، مقاس 6x12 JMO، ثلاث مراحل، الرقم التسلسلي: T309533",PU,7907173,A37760F0001618,EACH,PUMP MISC,,MIN_MAX,RS-GUPCO,02T07C
177571,"O-RING, ITEM NO.412  MAT 397","حلقة دائرية، رقم الصنف 412، رقم المادة 397",PU,7907140,C02495A2525302,EACH,PUMP MISC,,SURPLUS,RS-GUPCO,03/B16F
177569,"GASKET, SLEEVE  ITEM NO.211 MAT 5131","حشية، غلاف، رقم الصنف 211، رقم المادة 5131",PU,7907140,70782 133 5108,EACH,PUMP MISC,,SURPLUS,RS-GUPCO,02/V31F
283014,"Pump Shaft(1.86 x 50.12 LG) item 660, Used for Goulds Pump Type VIT-FF, Size 6x12 JMO, 3 Stage, SN: T309533","عمود مضخة (1.86 × 50.12 طول) رقم 660، يُستخدم لمضخة غولدز من النوع VIT-FF، مقاس 6 × 12 JMO، ثلاث مراحل، الرقم التسلسلي: T309533",PU,7907173,C4626ECC2 2403,EACH,PUMP MISC,,PLANNED_WO,RS-GUPCO,
133430,"KIT, GASKET REAR STRUCTURE","طقم، حشية الهيكل الخلفي",MM,7103140,1CA4545379,EACH,CATERPILLAR,,INSURANCE_SPARE,RS-GUPCO,04H04H
204288,"VALVE, SOLENOID ( LOAD ), P/NO.: 54774302 , PARTS FOR UP5 22 COMPRESSOR, MODEL UP5E-22-8.5,","صمام، ملف لولبي (حمل)، رقم القطعة: 54774302، قطع غيار لضاغط UP5 22، موديل UP5E-22-8.5،",MM,0,54774302,EACH,COMPRESSOR USA,,INSURANCE_SPARE,RS-GUPCO,02/w27d
204303,"HOSE, ASSEMBLY, P/NO.: 89295935 PARTS FOR UP5 22 COMPRESSOR, MODEL UP5E-22-8.5, S/NO: 2230936 BETWEEN AIR FILTER AND INL","خرطوم، مجموعة، رقم القطعة: 89295935، قطع غيار لضاغط UP5 22، موديل UP5E-22-8.5، رقم التسلسل: 2230936، بين فلتر الهواء و INL",MM,0,89295935,EACH,COMPRESSOR USA,,INSURANCE_SPARE,RS-GUPCO,03/b19a
155694,"SENDER, ENGINE OIL PRESSURE",جهاز إرسال ضغط زيت المحرك,MM,8009105,36870608,EACH,COMPRESSOR USA,,INSURANCE_SPARE,RS-GUPCO,02W27F
155680,"SENDER, ENGINE TEMPERATURE",جهاز إرسال درجة حرارة المحرك,MM,9105,35604180,EACH,COMPRESSOR USA,,UNDER_CLASSIFICATION,RS-GUPCO,02W27F
177799,"SWITCH, ENGINE OIL PRESSURE  PART NO. 36757581","مفتاح ضغط زيت المحرك، رقم القطعة 36757581",MM,8009108,36757581,EACH,COMPRESSOR USA,,PLANNED_WO,RS-GUPCO,02/W35A
155665,"SWITCH, ENGINE COOLANT TEMPERATURE , P/N : 35327691","مفتاح، درجة حرارة سائل تبريد المحرك، رقم القطعة: 35327691",MM,8009105,35327691,EACH,COMPRESSOR USA,,INSURANCE_SPARE,RS-GUPCO,02W27F
276975,"Rear Clutch Power Take-Off Group, Manufactured by Twin Disc,(Don't substitute) Model no. IBF-314-0P0 , BOM no. IB314P001","مجموعة نقل الحركة الخلفية للقابض، من إنتاج شركة توين ديسك (لا تستخدم بديلًا)، رقم الموديل: IBF-314-0P0، رقم قائمة المواد: IB314P001",MM,0,"IBF314OP0,BOMIB314P001",EACH,CATERPILLAR,,INSURANCE_SPARE,RS-GUPCO,
119082,"STUD, GRADE 5, 3/8"" X 1.3/4"" LONG","مسمار، درجة 5، 3/8 بوصة × 1.3/4 بوصة طولاً",MM,6923135,44944,EACH,ENGINE USA,,PLANNED_WO,RS-GUPCO,
119068,"NUT, HEX, 3/8""-24","صامولة سداسية، 3/8 بوصة - 24",MM,6923135,21193,EACH,ENGINE USA,,PLANNED_WO,RS-GUPCO,
119067,"WASHERLOCK, 3/8""","غسالة قفل، 3/8 بوصة",MM,6923120,21052,EACH,ENGINE USA,,PLANNED_WO,RS-GUPCO,
234011,WEBBING SLING / POLYESTER / COLOUR YELLOW / DUPLEX / BECKET EYE / F.O.S 7:1 / MANUFACTURED TO BSEN 1492:1 / CE MARK / S.,حزام منسوج / بوليستر / اللون أصفر / مزدوج / حلقة بيكت / FOS 7:1 / مصنعة وفقًا للمواصفة BSEN 1492:1 / علامة CE / S.,MM,0,04EE2x06-IV,EACH,CORDG & CHAIN,,PLANNED_WO,RS-GUPCO,
271694,WEBBING SLING / POLYESTER / COLOUR BROWN / DUPLEX / BECKET EYE / F.O.S 7:1 / MANUFACTURED TO BSEN 1492:1 / CE MARK / S.W,حزام منسوج / بوليستر / لون بني / مزدوج / حلقة بيكت / FOS 7:1 / مصنّع وفقًا للمواصفة BSEN 1492:1 / علامة CE / SW,MM,0,~,EACH,CORDG & CHAIN,,MIN_MAX,RS-GUPCO,01 a 34
271701,WEBBING SLING / POLYESTER / COLOUR ORANGE / DUPLEX / BECKET EYE / F.O.S 7:1 / MANUFACTURED TO BSEN 1492:1 / CE MARK / S.,حزام منسوج / بوليستر / اللون برتقالي / مزدوج / حلقة بيكيت / FOS 7:1 / مصنعة وفقًا للمواصفة BSEN 1492:1 / علامة CE / S.,MM,0,~,EACH,CORDG & CHAIN,,SURPLUS,RS-GUPCO,01A32E
282624,"WASHER PLAIN TYPE A FLAT  WIDE , .63, P/NO. 95947651, FOR  IR  Ingersoll Rand model EP-100","غسالة عادية من النوع A مسطحة عريضة، 0.63، رقم القطعة 95947651، لطراز IR Ingersoll Rand EP-100",MM,0,95947651,EACH,COMPRESSOR USA,,INSURANCE_SPARE,RS-GUPCO,02w23d
282306,"Seal -O-Ring P.No.8L-2779 (Lines GP-Fuel Injection) for Caterpillar diesel  Engine,  Engine Model : 3406C  ,  Engine Ser","حلقة مانعة للتسرب - حلقة دائرية رقم 8L-2779 (خطوط حقن الوقود) لمحرك ديزل كاتربيلر، طراز المحرك: 3406C، رقم تسلسل المحرك",MM,0,10CA8L2779,EACH,CATERPILLAR,,INSURANCE_SPARE,RS-GUPCO,
282307,"Gasket,exhust manifold(center)P.No. 102-8501 for Caterpillar diesel  Engine,  Engine Model : 3406C  ,  Engine Serial No.","حشية مشعب العادم (المركزي) رقم القطعة 102-8501 لمحرك ديزل كاتربيلر، طراز المحرك: 3406C، الرقم التسلسلي للمحرك.",MM,0,1299452,EACH,CATERPILLAR,,INSURANCE_SPARE,RS-GUPCO,04/ M 12 F
282308,"V-belts ,P/N: 6N-6656DF for Caterpillar diesel  Engine, Engine Model : 3406C , Engine Serial No. 6TB26272 Ar.no. : 109-1","أحزمة على شكل حرف V، رقم القطعة: 6N-6656DF لمحرك ديزل من نوع كاتربيلر، طراز المحرك: 3406C، الرقم التسلسلي للمحرك: 6TB26272، رقم القطعة: 109-1",MM,0,6N-6656,SET,BELT/TRANSMIT,,MIN_MAX,RS-GUPCO,03R35B
282309,"Seal-O-Ring P.No.117-1385 (Lines GP-Fuel Injection)  for Caterpillar diesel  Engine,  Engine Model : 3406C  ,  Engine Se","حلقة مانعة للتسرب رقم 117-1385 (خطوط حقن الوقود) لمحرك ديزل كاتربيلر، طراز المحرك: 3406C، محرك SE",MM,0,117-1385,EACH,CATERPILLAR,,PLANNED_WO,RS-GUPCO,04/ M 12 F
282310,"Line As. Fuel Injection (Cylinder No.6)  P.No.191-7946  for Caterpillar diesel  Engine,  Engine Model : 3406C  ,  Engine","خط حقن الوقود (الأسطوانة رقم 6) رقم القطعة 191-7946 لمحرك ديزل كاتربيلر، طراز المحرك: 3406C، محرك",MM,0,191-7946,EACH,CATERPILLAR,,INSURANCE_SPARE,RS-GUPCO,
282311,"Line As. Fuel Injection (Cylinder No.5)  P.No.191-7945  for Caterpillar diesel  Engine,  Engine Model : 3406C  ,  Engine","خط حقن الوقود (الأسطوانة رقم 5) رقم القطعة 191-7945 لمحرك ديزل كاتربيلر، طراز المحرك: 3406C، محرك",MM,0,191-7945,EACH,CATERPILLAR,,INSURANCE_SPARE,RS-GUPCO,04 K23 F
282312,"Line As. Fuel Injection (Cylinder No.4)  P.No.191-7944  for Caterpillar diesel  Engine,  Engine Model : 3406C  ,  Engine","خط حقن الوقود (الأسطوانة رقم 4) رقم القطعة 191-7944 لمحرك ديزل كاتربيلر، طراز المحرك: 3406C، محرك",MM,0,191-7944,EACH,CATERPILLAR,,INSURANCE_SPARE,RS-GUPCO,04 K23 F
282313,"Line As. Fuel Injection (Cylinder No.3)  P.No.191-7943  for Caterpillar diesel  Engine,  Engine Model : 3406C  ,  Engine","خط حقن الوقود (الأسطوانة رقم 3) رقم القطعة 191-7943 لمحرك ديزل كاتربيلر، طراز المحرك: 3406C، محرك",MM,0,191-7943,EACH,CATERPILLAR,,INSURANCE_SPARE,RS-GUPCO,
282160,"Head shaft item 608, used for goulds pump model 4x9 AHC, 12 STG., Ref. S/N. 314064 (these materials should be made in US","عمود رأسي، رقم القطعة 608، يُستخدم لمضخة غولدز طراز 4x9 AHC، 12 مجموعة، الرقم المرجعي 314064 (يجب أن تكون هذه المواد مصنعة في الولايات المتحدة الأمريكية).",PU,7907177,B00017FTCE 2216,EACH,PUMP MISC,,INSURANCE_SPARE,RS-GUPCO,
109631,MECHANICAL SEAL COMPLETE WITH GLAND AND SLEEVE J.C'' SIZE 1.34'' TYPE 8B1-0 MAT CODE XD1O81 DWG NO CF-SP-40273 (The stat,"مانع تسرب ميكانيكي كامل مع غدة وغطاء JC، مقاس 1.34 بوصة، نوع 8B1-0، رمز المادة XD1O81، رقم الرسم CF-SP-40273 (الحالة)",PU,7907176,89322766,EACH,BELT/TRANSMIT,,PLANNED_WO,RS-GUPCO,02G32B
271430,"MOTOR  HALF COUPLING REF. NO. 529 , PART NO. 170292-IC","نصف وصلة المحرك، رقم المرجع 529، رقم القطعة 170292-IC",PU,7902304,170292-IC,EACH,PUMP MISC,,PLANNED_WO,RS-GUPCO,
274793,FUEL TRANSFER PUMP P/N 313-7770 Used for R#6 New Diesel Gen. 3512 S/N LY700385  Manu. CATERPILLAR,"مضخة نقل الوقود، رقم القطعة 313-7770، تُستخدم مع محرك الديزل الجديد R#6، رقم الموديل 3512، الرقم التسلسلي LY700385، من إنتاج شركة كاتربيلر.",MM,0,313-7770,EACH,CATERPILLAR,,MIN_MAX,RS-GUPCO,
288202,"Pump Shaft, P/NO. D02057E0692216, P/F:  GOULDS Vertical Pumps Model CV 3171 Group M Size 3X4-13 in CD4MCUN With 316SS Co","عمود مضخة، رقم القطعة D02057E0692216، رقم القطعة: مضخات غولدز العمودية، طراز CV 3171، المجموعة M، المقاس 3X4-13 بوصة، CD4MCUN، مصنوع من الفولاذ المقاوم للصدأ 316",PU,7907024,D02057E0692216,EACH,PUMP MISC,,INSURANCE_SPARE,RS-GUPCO,
288203,"Deflector, P/NO. A00187B02M0D, P/F:  GOULDS Vertical Pumps Model CV 3171 Group M Size 3X4-13 in CD4MCUN With 316SS Colum","عاكس، رقم القطعة A00187B02M0D، نوع المنتج: مضخات عمودية من غولدز، طراز CV 3171، مجموعة M، مقاس 3×4-13 بوصة CD4MCUN، مع عمود من الفولاذ المقاوم للصدأ 316",PU,7907024,A00187B02 5121,EACH,PUMP MISC,,PLANNED_WO,RS-GUPCO,
288216,"Stdy. Brg. Hsg, P/NO. C00800B01, P/F:  GOULDS Vertical Pumps Model CV 3171 Group M Size 3X4-13 in CD4MCUN With 316SS Col","مخزن قياسي، رقم القطعة C00800B01، رقم الصنف: مضخات عمودية من غولدز، طراز CV 3171، مجموعة M، مقاس 3×4-13 بوصة، CD4MCUN، مع عمود من الفولاذ المقاوم للصدأ 316",PU,7907024,C00800B01,EACH,PUMP MISC,,PLANNED_WO,RS-GUPCO,
288221,"Column (Ext.), P/NO. B00318B02, P/F:  GOULDS Vertical Pumps Model CV 3171 Group M Size 3X4-13 in CD4MCUN With 316SS Colu","عمود (امتداد)، رقم القطعة B00318B02، نوع المنتج: مضخات غولدز العمودية، طراز CV 3171، المجموعة M، المقاس 3X4-13 بوصة CD4MCUN، مع عمود من الفولاذ المقاوم للصدأ 316",PU,7907024,B00318B02,EACH,PUMP MISC,,PLANNED_WO,RS-GUPCO,
288229,"Retg. Rng. Shaft, P/NO. A00173B, P/F:  GOULDS Vertical Pumps Model CV 3171 Group M Size 3X4-13 in CD4MCUN With 316SS Col","عمود حلقة التثبيت، رقم القطعة A00173B، رقم القطعة: مضخات غولدز العمودية، طراز CV 3171، المجموعة M، المقاس 3X4-13 بوصة CD4MCUN، مع عمود من الفولاذ المقاوم للصدأ 316",PU,7907024,A00173B,EACH,PUMP MISC,,PLANNED_WO,RS-GUPCO,
288230,"O-Ring Impeller, P/NO. C02495A028, P/F:  GOULDS Vertical Pumps Model CV 3171 Group M Size 3X4-13 in CD4MCUN With 316SS C","مروحة بحلقة مانعة للتسرب، رقم القطعة C02495A028، رقم الصنف: مضخات غولدز العمودية، طراز CV 3171، المجموعة M، المقاس 3X4-13 بوصة، CD4MCUN، مع فولاذ مقاوم للصدأ 316",PU,7907024,C02495A028,EACH,PUMP MISC,,PLANNED_WO,RS-GUPCO,
288231,"Jam Nut, P/NO. 49507-57, P/F:  GOULDS Vertical Pumps Model CV 3171 Group M Size 3X4-13 in CD4MCUN With 316SS Column used","صامولة تثبيت، رقم القطعة 49507-57، رقم القطعة: مضخات غولدز العمودية، طراز CV 3171، المجموعة M، المقاس 3X4-13 بوصة، CD4MCUN، مع عمود من الفولاذ المقاوم للصدأ 316.",PU,7907024,49507-57,EACH,PUMP MISC,,INSURANCE_SPARE,RS-GUPCO,02/V25B
288232,"O-Ring, P/NO. C02495A220, P/F:  GOULDS Vertical Pumps Model CV 3171 Group M Size 3X4-13 in CD4MCUN With 316SS Column use","حلقة مانعة للتسرب، رقم القطعة C02495A220، رقم الصنف: مضخات غولدز العمودية، طراز CV 3171، المجموعة M، المقاس 3X4-13 بوصة، CD4MCUN، مع عمود من الفولاذ المقاوم للصدأ 316.",PU,7907024,C02495A2206359,EACH,PUMP MISC,,INSURANCE_SPARE,RS-GUPCO,02/V25B
288467,"AIR STARTER STRAINER P/NO. 209942B, USED FOR WAUKESHA GAS ENGINES","مصفاة بادئ تشغيل الهواء، رقم القطعة 209942B، تُستخدم لمحركات الغاز من نوع واكيشا.",MM,0,209942B,EACH,ENGINE USA,,PLANNED_WO,RS-GUPCO,
276508,"SHAFT FOR FUEL TRANSFER PUMP GROUP , PART NO. 7L7576 , PARTS FOR CATERPILLAR","عمود مجموعة مضخة نقل الوقود، رقم القطعة 7L7576، قطع غيار لشركة كاتربيلر",MM,0,1CA7L7576,EACH,CATERPILLAR,,INSURANCE_SPARE,RS-GUPCO,04 K22 F
109996,"BEARING,BALL ANGULAR CONTACT SINGLE ROW MEDIUM (30 0)SERIES STRIB STEEL RETAINER ID:3.5433 IN OD:7.48 03 IN.W:1.6929 IN","محمل كروي ذو تلامس زاوي، صف واحد، متوسط (سلسلة 30 0)، حامل فولاذي شريطي، القطر الداخلي: 3.5433 بوصة، القطر الخارجي: 7.4803 بوصة، العرض: 1.6929 بوصة",PU,3110102,7318B,EACH,BR/SL/S.PLG/FLT,,PLANNED_WO,RS-GUPCO,
177616,"COUPLING, PUMP SHAFT (these materials should be made in USA and don't substitute)","وصلة، عمود المضخة (يجب أن تكون هذه المواد مصنوعة في الولايات المتحدة الأمريكية ولا يمكن استبدالها)",PU,7907176,A0090F119 5914,EACH,PUMP MISC,,PLANNED_WO,RS-GUPCO,
164868,"DISCHARGE HEAD, ITEM 600","رأس التفريغ، رقم الصنف 600",PU,7907134,D3126F021 8510,EACH,PUMP MISC,,PLANNED_WO,RS-GUPCO,
137203,"COUPLING, COLUMN FOR S/N.305488-1 & 2 ITEM NO.645","وصلة عمود للرقم التسلسلي 305488-1 و2، رقم الصنف 645",PU,7907134,B10461F003 6531,EACH,PUMP MISC,,INSURANCE_SPARE,RS-GUPCO,02U22A
271237,"Gasket, Discharge Valve Cover A. R. F. SYBTHANE, CAT. NO. 617-A6200/1, PARTS  FOR Glycol Pumps","حشية غطاء صمام التفريغ من شركة A. R. F. SYBTHANE، رقم الصنف 617-A6200/1، قطع غيار لمضخات الجليكول",PU,7321122,617A0620001T51000,EACH,PUMP CENTRIFUG,,INSURANCE_SPARE,RS-GUPCO,02Q01D
271238,"Stuffing Box, gasket Spiral Wound, CAT. NO. 622-B6475/1, PARTS FOR Glycol Pumps","صندوق حشو، حشية حلزونية، رقم الصنف 622-B6475/1، قطع غيار لمضخات الجليكول",PU,7321122,622B0647501R20501,EACH,PUMP CENTRIFUG,,INSURANCE_SPARE,RS-GUPCO,02/ Q 01 E
269625,"V-BELT, 5VX1030 WEDGE TYPE HEAVY DUTY FUGURE , MANF. ""GATES"" USA (USED FOR PH#4 GAS GEN. # A,B & DIESEL GEN. ) ,","حزام على شكل حرف V، 5VX1030 من النوع الوتدي شديد التحمل، من إنتاج شركة ""GATES"" الأمريكية (يستخدم لمولدات الغاز PH#4 رقم A وB ومولدات الديزل).",MM,0,5VX1030,EACH,BELT/TRANSMIT,,INSURANCE_SPARE,RS-GUPCO,03R37B
110024,"BEARING INNER HORIZONTAL,""TIMKEN""  P/N. HH224310.H H224346 ITEM NO. 603","محمل داخلي أفقي، ""تيمكين"" رقم القطعة HH224310.H H224346 رقم الصنف 603",PU,3101204,HH224346,EACH,BR/SL/S.PLG/FLT,,INSURANCE_SPARE,RS-GUPCO,02/f24h
278789,"Bushing throat no. 847-1 used for union pump 3X4X9 VCM, S/No. 880081X10","حلقة الوصل رقم 847-1 تُستخدم لمضخة وصلة 3X4X9 VCM، الرقم التسلسلي 880081X10",PU,7321115,847A0233000U21500,EACH,PUMP CENTRIFUG,,INSURANCE_SPARE,RS-GUPCO,02Q01G
109662,"KIT, REPAIR SEND COMPLETELY CONSIST OF:            -MATING RING         P/N. D-2250-864-9200          -O-RING",طقم إصلاح كامل يتكون من: - حلقة مطابقة رقم القطعة D-2250-864-9200 - حلقة مانعة للتسرب,PU,3003112,~,EACH,BELT/TRANSMIT,,PLANNED_WO,RS-GUPCO,02G38E
274768,"BEARING END COVER, (THRUST END), PART NO. (60166113)","غطاء طرف المحمل (طرف الدفع)، رقم القطعة (60166113)",PU,7909106,,EACH,PUMP MISC,,MIN_MAX,RS-GUPCO,02T11G
145354,"ADAPTER,","محول،",MM,7113408,3N3017,EACH,CATERPILLAR,,INSURANCE_SPARE,RS-GUPCO,
282713,"Ring, Gear Retainer, P/NO. 54396122, (INGERSOLL RAND GENUINE PARTS , MADE IN USA AND PROVIDE ORGINE CERTIFICATE , DO NOT","حلقة تثبيت التروس، رقم القطعة 54396122، (قطع غيار أصلية من إنجرسول راند، صنع في الولايات المتحدة الأمريكية، مع تقديم شهادة المنشأ، لا تقم باستبدالها).",MM,0,54396122,EACH,COMPRESSOR USA,,PLANNED_WO,RS-GUPCO,
282838,"Union,  1.88 SAE,","الاتحاد، 1.88 SAE،",MM,0,39479944,EACH,COMPRESSOR USA,,PLANNED_WO,RS-GUPCO,02w23g
283894,"""Manually operated Lever hoist in accordance with BSEN 13157:2004+A1:2009 SWL 6 te","رافعة يدوية التشغيل وفقًا للمعيار BSEN 13157:2004+A1:2009، حمولة التشغيل الآمنة 6 طن",MM,0,~,EACH,CORDG & CHAIN,,INSURANCE_SPARE,RS-GUPCO,
288197,"Casing, P/NO. D06934A, P/F:  GOULDS Vertical Pumps Model CV 3171 Group M Size 3X4-13 in CD4MCUN With 316SS Column used a","غلاف، رقم القطعة D06934A، رقم الصنف: مضخات غولدز العمودية، طراز CV 3171، المجموعة M، مقاس 3X4-13 بوصة CD4MCUN، مع عمود من الفولاذ المقاوم للصدأ 316.",PU,7907024,D06934A,EACH,PUMP MISC,,INSURANCE_SPARE,RS-GUPCO,01/E30H
288198,"Impeller, P/NO. D06909A, P/F:  GOULDS Vertical Pumps Model CV 3171 Group M Size 3X4-13 in CD4MCUN With 316SS Column used","مروحة، رقم القطعة D06909A، رقم الصنف: مضخات غولدز العمودية، طراز CV 3171، المجموعة M، مقاس 3X4-13 بوصة CD4MCUN، مع عمود من الفولاذ المقاوم للصدأ 316.",PU,7907024,D06909A,EACH,PUMP MISC,,INSURANCE_SPARE,RS-GUPCO,02/V27B
288201,"Relif Fitting, P/NO. 72416-0300, P/F:  GOULDS Vertical Pumps Model CV 3171 Group M Size 3X4-13 in CD4MCUN With 316SS Col","وصلة تخفيف الضغط، رقم القطعة 72416-0300، رقم الصنف: مضخات غولدز العمودية، طراز CV 3171، المجموعة M، المقاس 3X4-13 بوصة، CD4MCUN، مع لون 316SS",PU,7907024,724160300,EACH,PUMP MISC,,PLANNED_WO,RS-GUPCO,
288327,"ITT GOULDS Bowl assembly, Model VIT-FF, Size 18BLC, 2-Stg, S/No. 308707.","مجموعة وعاء ITT GOULDS، طراز VIT-FF، حجم 18BLC، 2-Stg، رقم التسلسل 308707.",PU,7907159,~,EACH,PUMP MISC,,INSURANCE_SPARE,RS-GUPCO,07YARD
282779,"Gasket, P/No. G455","حشية، رقم القطعة G455",PU,3118211,G455,EACH,BR/SL/S.PLG/FLT,,PLANNED_WO,RS-GUPCO,
282781,Shims kit consits of shims P/No. G2000& shims P/No. G304,تتكون مجموعة الحشوات من حشوات رقم G2000 وحشوات رقم G304,PU,3118211,~,SET,BR/SL/S.PLG/FLT,,PLANNED_WO,RS-GUPCO,
283017,"Bearing suction item 690, Used for Goulds Pump Type VIT-FF, Size 6x12 JMO, 3 Stage, SN: T309533","محمل شفط رقم 690، يُستخدم لمضخة غولدز من النوع VIT-FF، مقاس 6x12 JMO، 3 مراحل، الرقم التسلسلي: T309533",PU,7907173,H74400F000 1618,EACH,PUMP MISC,,PLANNED_WO,RS-GUPCO,
282608,"Clamp Gear, P/NO. 35255827, FOR IR Ingersoll Rand model EP-100 ,","ترس التثبيت، رقم القطعة 35255827، لطراز IR Ingersoll Rand EP-100،",MM,0,35255827,EACH,COMPRESSOR USA,,INSURANCE_SPARE,RS-GUPCO,02U38
198107,"ELEMENT, AIR SECONDARY P/N.142-1403 CAT ENGINE","عنصر، هواء ثانوي، رقم القطعة 142-1403، محرك كاتربيلر",MM,0,1CA142-1403,EACH,CATERPILLAR,,INSURANCE_SPARE,RS-GUPCO,05E07A
286224,"Gasket Kit for aftercooler & lines used for CAT Engine Model D-3412 S/N:38S21318, A/N:7W-8648","طقم حشيات للمبرد اللاحق والأنابيب المستخدمة لمحرك CAT طراز D-3412، الرقم التسلسلي: 38S21318، رقم التطبيق: 7W-8648",MM,0,1CA1247570,EACH,CATERPILLAR,,INSURANCE_SPARE,RS-GUPCO,04/M22 A
288585,Pressure Switch,مفتاح ضغط,MM,0,ZPRS22,EACH,AUTO SHOP EQUIP,,INSURANCE_SPARE,RS-GUPCO,02/L16D
290787,"Buna-N gasket , for Peco 110V-2C18-4 S13 diesel fuel filter at R#6 P/F P/N : 14695","حشية من مادة بونا-إن، لفلتر وقود الديزل بيكو 110V-2C18-4 S13 عند R#6 P/F P/N : 14695",MM,0,14695,EACH,BR/SL/S.PLG/FLT,,PLANNED_WO,RS-GUPCO,
289699,"Nut, Impeller, Item 821-1, P/N: 821A9008302F11513","صامولة، مروحة، رقم الصنف 821-1، رقم القطعة: 821A9008302F11513",PU,7321118,821A9008302F11513,EACH,PUMP CENTRIFUG,,INSURANCE_SPARE,RS-GUPCO,02/S24C
289693,"Gland, Seal Chamber,VLK, P/N.: 807B0361501B22100","غدة، حجرة ختم، VLK، رقم القطعة: 807B0361501B22100",PU,7321118,807B0361501B22100,EACH,PUMP CENTRIFUG,,INSURANCE_SPARE,RS-GUPCO,02/S24B
290506,"Turbocharger P. NO. 1830735C92 , for Perkins Engine Series 1300, Engine Model : GCB 330 ,  Engine Serial No. WS4418N1415","شاحن توربيني رقم القطعة 1830735C92، لمحرك بيركنز من السلسلة 1300، طراز المحرك: GCB 330، الرقم التسلسلي للمحرك: WS4418N1415",MM,0,4307240R91,EACH,ENGINE USA,,INSURANCE_SPARE,RS-GUPCO,02R49H
290505,"Water pump P. NO. 1830606C95 , for Perkins Engine Series 1300, Engine Model : GCB 330 ,  Engine Serial No. WS4418N14159","مضخة مياه رقم القطعة 1830606C95، لمحرك بيركنز من السلسلة 1300، طراز المحرك: GCB 330، الرقم التسلسلي للمحرك: WS4418N14159",MM,0,1830606C95,EACH,ENGINE USA,,INSURANCE_SPARE,RS-GUPCO,02R49A
289698,"Ring,Wear-Casing, Item 808-1,2, P/N.: 808A0196502A11100","حلقة، حافظة مقاومة للتآكل، رقم الصنف 808-1،2، رقم القطعة: 808A0196502A11100",PU,7321118,808A0196502A11100,EACH,PUMP CENTRIFUG,,INSURANCE_SPARE,RS-GUPCO,02/S24C
109886,V-belt P/N CX69,حزام V رقم القطعة CX69,MM,0,CX69,EACH,BELT/TRANSMIT,,MIN_MAX,RS-GUPCO,03C26C
289696,"Impeller, V/H, 6x6x10, Item 805, P/N.: 805C0193011B44500","مروحة، رأسية/أفقية، 6×6×10، رقم الصنف 805، رقم القطعة: 805C0193011B44500",PU,7321118,805C0193011B44500,EACH,PUMP CENTRIFUG,,INSURANCE_SPARE,RS-GUPCO,02/S24B
289701,"Shim, Assy., Shaft Spacer, Item 828, P/N.: 001225","حشوة، مجموعة، فاصل عمود، رقم الصنف 828، رقم القطعة: 001225",PU,7321118,1225,EACH,PUMP CENTRIFUG,,INSURANCE_SPARE,RS-GUPCO,02/S24C
290909,"TUBE,   FOR AIR END (EP60), P/N 93481570","أنبوب، لوحدة ضغط الهواء (EP60)، رقم القطعة 93481570",MM,0,93481570,EACH,COMPRESSOR USA,,INSURANCE_SPARE,RS-GUPCO,
290910,"HOSE PLASTIC ,  FOR AIR END (EP60), P/N 39497847 , CERTIFICATE ARE REQUIRED","خرطوم بلاستيكي، لوحدة ضغط الهواء (EP60)، رقم القطعة 39497847، يلزم وجود شهادة.",MM,0,39497847,METER,COMPRESSOR USA,,PLANNED_WO,RS-GUPCO,
291237,"SEAL- O-RING , P/N 5P-8211 , for C32 Diesel Gen.  S.No. JSJ02015 (Genuine Part Don't Substitute)","حلقة مانعة للتسرب، رقم القطعة 5P-8211، لمحرك الديزل C32، رقم التسلسل JSJ02015 (قطعة أصلية، لا تستخدم بديلاً)",MM,0,5CA5P8211,EACH,CATERPILLAR,,MIN_MAX,RS-GUPCO,03A04H
291260,"INJECTOR GP-FUEL , P/N 295-9085 , for C32 Diesel Gen.  S.No. JSJ02015 (Genuine Part Don't Substitute)","حاقن وقود GP، رقم القطعة 295-9085، لمحركات الديزل C32، الرقم التسلسلي العام JSJ02015 (قطعة أصلية، لا تستخدم بديلاً)",MM,0,295-9085,EACH,CATERPILLAR,,PLANNED_WO,RS-GUPCO,04M20B
291256,"SENSOR GP-LIQUID LEVEL (COOLANT) , P/N 204-2518 , for C32 Diesel Gen.  S.No. JSJ02015 (Genuine Part Don't Substitute)","مستشعر مستوى السائل (سائل التبريد)، رقم القطعة 204-2518، لمحركات الديزل C32، الرقم التسلسلي العام JSJ02015 (قطعة أصلية، لا تستخدم بديلاً)",MM,0,1CA5003087,EACH,CATERPILLAR,,INSURANCE_SPARE,RS-GUPCO,04/M20
291263,"SEAL-O-RING , P/N 230-3775, for C32 Diesel Gen. S.No. JSJ02015 (Genuine Part Don't Substitute)","حلقة مانعة للتسرب، رقم القطعة 230-3775، لمحركات الديزل C32، رقم التسلسل JSJ02015 (قطعة أصلية، لا تستخدم بديلاً)",MM,0,10CA2303775,EACH,CATERPILLAR,,MIN_MAX,RS-GUPCO,03/A04H
291234,"Element-Water Separator , P/N 326-1641 , for C32 Diesel Gen. S.No. JSJ02015  (Genuine Part Don't Substitute)","فاصل الماء عن العنصر، رقم القطعة 326-1641، لمولد الديزل C32، رقم التسلسل JSJ02015 (قطعة أصلية، لا تستخدم بديلاً)",MM,0,12CA3261641,EACH,CATERPILLAR,,MIN_MAX,RS-GUPCO,05D12A
291257,"STARTING MOTOR GP-ELECTRIC (24-VOLT) , P/N 6V-0885 , for C32 Diesel Gen.  S.No. JSJ02015 (Genuine Part Don't Substitute)","محرك بدء التشغيل GP-ELECTRIC (24 فولت)، رقم القطعة 6V-0885، لمولد الديزل C32، رقم التسلسل JSJ02015 (قطعة أصلية، لا تستخدم بديلاً)",MM,0,1CA3383454,EACH,CATERPILLAR,,INSURANCE_SPARE,RS-GUPCO,01AD14H
291231,"Filter Element As-Air (Primary) P/N 226-2779 , for C32 Diesel Gen.  S.No. JSJ02015 (Genuine Part Don't Substitute)","عنصر فلتر الهواء (الابتدائي) رقم القطعة 226-2779، لمولد الديزل C32 رقم التسلسل JSJ02015 (قطعة أصلية، لا تستخدم بديلاً)",MM,0,226-2779,EACH,CATERPILLAR,,MIN_MAX,RS-GUPCO,05D10H
291235,"V-Belt (Fan Drive) , P/N 9L-6649 , for C32 Diesel Gen.  S.No. JSJ02015 (Genuine Part Don't Substitute)","سير على شكل حرف V (محرك المروحة)، رقم القطعة 9L-6649، لمحركات الديزل C32، رقم التسلسل JSJ02015 (قطعة أصلية، لا تستخدم بديلاً)",MM,0,6N9158,SET,BELT/TRANSMIT,,INSURANCE_SPARE,RS-GUPCO,03/R45B
291252,"SEALO-RING , P/N 5P-8068 , for C32 Diesel Gen.  S.No. JSJ02015 (Genuine Part Don't Substitute)","حلقة مانعة للتسرب، رقم القطعة 5P-8068، لمحرك الديزل C32، رقم التسلسل العام JSJ02015 (قطعة أصلية، لا تستخدم بديلاً)",MM,0,5CA5P8068,EACH,CATERPILLAR,,MIN_MAX,RS-GUPCO,03/A04H
291253,"SENSOR ENGINE CAMSHAFT TIMING , P/N 201-6616 , for C32 Diesel Gen.  S.No. JSJ02015 (Genuine Part Don't Substitute)","مستشعر توقيت عمود الكامات للمحرك، رقم القطعة 201-6616، لمحركات الديزل C32، الرقم التسلسلي العام JSJ02015 (قطعة أصلية، لا تستخدم بديلاً)",MM,0,201-6616,EACH,CATERPILLAR,,INSURANCE_SPARE,RS-GUPCO,04M20A
291258,"PUMP GP-FUEL TRANSFER , P/N 286-2531 , for C32 Diesel Gen.  S.No. JSJ02015 (Genuine Part Don't Substitute)","مضخة نقل الوقود، رقم القطعة 286-2531، لمحرك الديزل C32، رقم التسلسل العام JSJ02015 (قطعة أصلية، لا تستخدم بديلاً)",MM,0,1CA3941397,EACH,CATERPILLAR,,INSURANCE_SPARE,RS-GUPCO,04/M20
291259,"SEAL-O-RING , P/N 8C-3089 , for C32 Diesel Gen.  S.No. JSJ02015 (Genuine Part Don't Substitute)","حلقة مانعة للتسرب، رقم القطعة 8C-3089، لمحركات الديزل C32، رقم التسلسل JSJ02015 (قطعة أصلية، لا تستخدم بديلاً)",MM,0,1CA8C3089,EACH,CATERPILLAR,,INSURANCE_SPARE,RS-GUPCO,03A04H
291305,"Elbow,0.13NPT*0.25tube for inlet valve assembly P/N:39155577","كوع، 0.13NPT*0.25 أنبوب لمجموعة صمام المدخل، رقم القطعة: 39155577",MM,0,39155577,EACH,COMPRESSOR USA,,INSURANCE_SPARE,RS-GUPCO,02U40
291233,"Filter Fuel , P/N 1R-0755 , for C32 Diesel Gen., S.No. JSJ02015 (Genuine Part Don't Substitute)","فلتر وقود، رقم القطعة 1R-0755، لمولد الديزل C32، الرقم التسلسلي JSJ02015 (قطعة أصلية، لا تستخدم بديلاً)",MM,0,6CA1R0755,EACH,CATERPILLAR,,MIN_MAX,RS-GUPCO,05D12H
291255,"SENSOR TEMP., P/N 264-4297 , for C32 Diesel Gen.  S.No. JSJ02015 (Genuine Part Don't Substitute)","مستشعر درجة الحرارة، رقم القطعة 264-4297، لمحركات الديزل C32، رقم التسلسل العام JSJ02015 (قطعة أصلية، لا تستخدم بديلاً)",MM,0,1CA2644297,EACH,CATERPILLAR,,MIN_MAX,RS-GUPCO,04K15C
291254,"SENSOR ENGINE OIL PRESSURE , P/N 274-6719 , for C32 Diesel Gen. S.No. JSJ02015 (Genuine Part Don't Substitute","حساس ضغط زيت المحرك، رقم القطعة 274-6719، لمحركات الديزل C32، الرقم التسلسلي العام JSJ02015 (قطعة أصلية، لا تستخدم بديلاً).",MM,0,1CA2746719,EACH,CATERPILLAR,,INSURANCE_SPARE,RS-GUPCO,04/M20
291236,"SEAL - Valve Cover ( Valve Mechanism) , P/N 224-7506 , for C32 Diesel Gen.  S.No. JSJ02015 (Genuine Part Don't Substitut","مانع تسرب - غطاء الصمام (آلية الصمام)، رقم القطعة 224-7506، لمحركات الديزل C32، الرقم التسلسلي العام JSJ02015 (قطعة أصلية، لا تستخدم بديلاً).",MM,0,1CA2247506,EACH,CATERPILLAR,,INSURANCE_SPARE,RS-GUPCO,03A08D
291262,"SEAL-O-RING , P/N 230-3728 , for C32 Diesel Gen.  S.No. JSJ02015 (Genuine Part Don't Substitute)","حلقة مانعة للتسرب، رقم القطعة 230-3728، لمحركات الديزل C32، رقم التسلسل JSJ02015 (قطعة أصلية، لا تستخدم بديلاً)",MM,0,230-3728,EACH,CATERPILLAR,,MIN_MAX,RS-GUPCO,03A04H
291261,"SEAL-O-RING , P/N 9X-7317 , for C32 Diesel Gen.  S.No. JSJ02015 (Genuine Part Don't Substitute)","حلقة مانعة للتسرب، رقم القطعة 9X-7317، لمحرك الديزل C32، رقم التسلسل JSJ02015 (قطعة أصلية، لا تستخدم بديلاً)",MM,0,9X-7317,EACH,CATERPILLAR,,MIN_MAX,RS-GUPCO,03A04H
291264,"PUMP GP-WATER (BASIC) , P/N 216-0657 , for C32 Diesel Gen.  S.No. JSJ02015 (Genuine Part Don't Substitute)","مضخة مياه عامة (أساسية)، رقم القطعة 216-0657، لمولد الديزل C32، رقم التسلسل JSJ02015 (قطعة أصلية، لا تستخدم بديلاً)",MM,0,1CA3520202,EACH,CATERPILLAR,,INSURANCE_SPARE,RS-GUPCO,04M20C
291407,"Radiator for engine model D3406 , S/N:2GG00925 , Arr/N:150-2981","مشعاع لمحرك طراز D3406، الرقم التسلسلي: 2GG00925، رقم التوريد: 150-2981",MM,0,1421928,EACH,CATERPILLAR,,PLANNED_WO,RS-GUPCO,
291232,"Filter Element As-Air (Secondary) P/N 208-9066 , for C32 Diesel Gen.  S.No. JSJ02015 (Genuine Part Don't Substitute)","عنصر فلتر الهواء (ثانوي) رقم القطعة 208-9066، لمحركات الديزل C32، رقم التسلسل العام JSJ02015 (قطعة أصلية، لا تستخدم بديلاً)",MM,0,208-9066,EACH,CATERPILLAR,,MIN_MAX,RS-GUPCO,05D12A
291304,Cartridge Assembly P/N 1CA1N3999 for turbocharger of engine caterpillar model D-3408,مجموعة خرطوشة رقم القطعة 1CA1N3999 لشاحن توربيني لمحرك كاتربيلر طراز D-3408,MM,0,1CA1N3999,EACH,CATERPILLAR,,INSURANCE_SPARE,RS-GUPCO,04/U17D
290908,"SUPPORT ,  FOR AIR END (EP60), P/N 54418553","دعامة لوحدة ضغط الهواء (EP60)، رقم القطعة 54418553",MM,0,85540888,EACH,COMPRESSOR USA,,INSURANCE_SPARE,RS-GUPCO,02 U40B
290907,"MOUNT ,CENTER BONDED FOR AIR END (EP60), P/N 39326210","حامل مركزي ملحوم لوحدة ضغط الهواء (EP60)، رقم القطعة 39326210",MM,0,39326210,EACH,COMPRESSOR USA,,INSURANCE_SPARE,RS-GUPCO,03/ B31B
297802,"Inboard Seal, 1.610"" OAL SPLIT TWO PIECE XXD WITH TANG,BUMPERS, DOUBLE D-GROOVE, DWG. No. T2200-A-68943-5 as drawing att","مانع تسرب داخلي، طول إجمالي 1.610 بوصة، قطعتان مقسمتان XXD مع لسان، مصدات، أخدود مزدوج على شكل حرف D، رقم الرسم T2200-A-68943-5 كما هو موضح في الرسم المرفق",PU,7902108,T2200-A-68921-5,EACH,BR/SL/S.PLG/FLT,,MIN_MAX,RS-GUPCO,02G61F
297798,"Outboard Seal, 1.610"" OAL SPLIT TWO PIECE XXD WITH TANG, BUMPERS, DOUBLE D-GROOVE, DWG NO. T2200-A-68921-5 as drawing at","مانع تسرب خارجي، طول إجمالي 1.610 بوصة، قطعتان مقسمتان XXD مع لسان، مصدات، أخدود مزدوج على شكل حرف D، رقم الرسم T2200-A-68921-5 كما هو موضح في الرسم رقم",PU,7902108,T2200-A-68921-5,EACH,BR/SL/S.PLG/FLT,,MIN_MAX,RS-GUPCO,02G61E
203480,"PULLY, CRANK SHAFT 10""  P/NO.200595F","بكرة عمود المرفق 10 بوصة، رقم القطعة 200595F",MM,6923015,200595G,EACH,ENGINE USA,,INSURANCE_SPARE,RS-GUPCO,01C13C
296321,"Gland, P/N 287028DB , Mat. 316SS for mech. Seal U-2250, bored for 1.5"" shaft, DWG. No. 2R0570, the gland is having 6 hol","حلقة مانعة للتسرب، رقم القطعة 287028DB، مصنوعة من الفولاذ المقاوم للصدأ 316، لمانع التسرب الميكانيكي U-2250، مثقوبة لعمود بقطر 1.5 بوصة، رقم الرسم 2R0570، تحتوي الحلقة على 6 ثقوب.",PU,3002124,287028DB,EACH,BR/SL/S.PLG/FLT,,INSURANCE_SPARE,RS-GUPCO,02/G63F
298684,"V-BELT, MULTIPLE TYPE HI-POWER II V-BELTS OC:168.200 IN IC:164.000 IN TW:0.875 IN T:0.531 IN ""GATES""","حزام على شكل حرف V، متعدد الأنواع عالي الطاقة II، أحزمة على شكل حرف V، OC: 168.200 بوصة، IC: 164.000 بوصة، TW: 0.875 بوصة، T: 0.531 بوصة ""GATES""",MM,0,C-164,EACH,BELT/TRANSMIT,,MIN_MAX,RS-GUPCO,03R45H
300731,"Cartridge with gland and sleeve mechanical seal, TYPE 8B1-0, SIZE 1-1/2 IN, DWG NO. CF-SP-47056 ""John Crane"", (The stati","خرطوشة مزودة بحلقة مانعة للتسرب ميكانيكية، من النوع 8B1-0، مقاس 1-1/2 بوصة، رقم الرسم CF-SP-47056 ""جون كرين""، (الحالة",PU,7907170,87042031,EACH,PUMP MISC,,INSURANCE_SPARE,RS-GUPCO,02t03b
330409,GADUS S2 V220 2 GREASE SOAP-LITHIUM  ( PAIL = 18 / KG ) Mfg.SHELL,صابون شحم GADUS S2 V220 2 - ليثيوم (العبوة = 18/كجم) من إنتاج شركة شل,MM,0,SHELL GADUS S2 V220 2,EACH,LUBR & GREASE,,MIN_MAX,RS-GUPCO,
165006,"IMPELLER, ITEM NO. 113-E   BORE I/D 3.400""","مروحة، رقم الصنف 113-E، القطر الداخلي 3.400 بوصة",PU,7902108,1511939,EACH,PUMP MISC,,NON_STOCK,RS-GUPCO-2,
